# Blender v2.76 (sub 0) OBJ File: ''
# www.blender.org
mtllib Naruto.mtl
o rdmobj01
v -0.077930 1.797128 -0.022826
v -0.102035 1.818085 -0.011147
v -0.096947 1.828762 -0.026987
v -0.093092 1.798496 -0.007955
v -0.083489 1.788346 -0.003413
v -0.059017 1.782126 -0.014751
v -0.042105 1.765714 0.012662
v 0.019178 1.754522 0.028531
v 0.020826 1.752567 0.087433
v 0.000000 1.751800 0.032636
v 0.054666 1.769554 0.063900
v 0.042105 1.765714 0.012662
v 0.093063 1.798496 -0.007955
v 0.077930 1.797128 -0.022826
v 0.101975 1.818085 -0.011147
v 0.096947 1.828762 -0.026987
v 0.045017 1.908736 0.107755
v 0.000000 1.909076 0.119669
v 0.000000 1.897192 0.118831
v -0.045017 1.908736 0.107755
v -0.025649 1.897338 0.111714
v -0.041032 1.897514 0.103213
v -0.087283 1.906897 0.088181
v -0.084591 1.897499 0.087683
v -0.108416 1.904340 0.069108
v -0.105949 1.895663 0.068767
v -0.118211 1.899338 0.028606
v -0.117096 1.892632 0.028266
v -0.110431 1.852485 -0.011058
v -0.108184 1.853308 0.025664
v 0.022370 1.842702 0.105814
v 0.009103 1.835528 0.131374
v 0.022853 1.824747 0.111007
v 0.008396 1.826893 0.129037
v 0.010766 1.815364 0.115699
v 0.019279 1.802982 0.111964
v -0.000015 1.803274 0.120110
v -0.000015 1.783804 0.110596
v -0.019324 1.802982 0.111964
v -0.010796 1.815364 0.115699
v -0.022882 1.824747 0.111007
v -0.008426 1.826893 0.129037
v 0.096565 1.856792 0.067754
v 0.108184 1.853308 0.025664
v 0.105904 1.895663 0.068767
v 0.094094 1.832586 0.070416
v 0.091829 1.798892 0.031503
v 0.081724 1.799659 0.071152
v 0.083448 1.788346 -0.003413
v 0.104169 1.828466 0.026105
v 0.110431 1.852485 -0.011058
v 0.117096 1.892632 0.028266
v 0.118211 1.899338 0.028606
v 0.108416 1.904340 0.069108
v 0.084591 1.897499 0.087683
v 0.087283 1.906897 0.088181
v 0.041032 1.897514 0.103213
v 0.052475 1.780040 0.085829
v 0.064988 1.803509 0.089078
v 0.074827 1.836631 0.089874
v 0.077679 1.859764 0.086476
v 0.038927 1.840881 0.104521
v 0.038486 1.862485 0.099463
v 0.035354 1.815453 0.104932
v 0.024266 1.785494 0.102155
v 0.021223 1.768271 0.098431
v -0.000015 1.750331 0.094166
v -0.000015 1.765980 0.105609
v -0.021253 1.768271 0.098431
v -0.020853 1.752567 0.087433
v -0.052501 1.780040 0.085829
v -0.054666 1.769554 0.063900
v -0.081724 1.799659 0.071152
v -0.065017 1.803509 0.089078
v -0.094094 1.832586 0.070416
v -0.074827 1.836631 0.089874
v -0.096565 1.856792 0.067754
v -0.077679 1.859764 0.086476
v -0.038486 1.862485 0.099463
v -0.022396 1.842702 0.105814
v -0.019163 1.864616 0.103403
v -0.008236 1.864145 0.112801
v -0.000015 1.835569 0.139478
v -0.000015 1.844381 0.130932
v -0.000015 1.826466 0.136230
v -0.000015 1.813453 0.120801
v -0.021223 1.880325 0.105272
v -0.011839 1.881207 0.110977
v 0.000000 1.881443 0.115979
v 0.019163 1.864616 0.103403
v 0.008236 1.864145 0.112801
v 0.009193 1.844571 0.123258
v 0.000000 1.865087 0.117052
v 0.025649 1.897338 0.111714
v 0.021223 1.880325 0.105272
v 0.011839 1.881207 0.110977
v -0.024266 1.785494 0.102155
v -0.035354 1.815453 0.104932
v -0.038927 1.840881 0.104521
v -0.104195 1.828466 0.026105
v -0.091859 1.798892 0.031503
v -0.019178 1.754522 0.028531
v 0.059017 1.782126 -0.014751
v -0.009133 1.835528 0.131374
v -0.009223 1.844571 0.123258
vt 0.011900 0.280300
vt 0.023500 0.422200
vt 0.004800 0.422200
vt 0.049900 0.294200
vt 0.174500 0.146200
vt 0.125500 0.140800
vt 0.259900 0.018100
vt 0.590100 0.008900
vt 0.578200 0.092900
vt 0.500800 0.006700
vt 0.717700 0.142200
vt 0.740200 0.018100
vt 0.949000 0.294200
vt 0.986700 0.280300
vt 0.975200 0.422200
vt 0.993800 0.422200
vt 0.678200 0.747400
vt 0.499600 0.748700
vt 0.499600 0.701900
vt 0.321000 0.747400
vt 0.398400 0.702500
vt 0.337800 0.703200
vt 0.155500 0.740100
vt 0.166100 0.703100
vt 0.060200 0.730200
vt 0.076700 0.696200
vt 0.024600 0.709700
vt 0.034400 0.678000
vt 0.019900 0.543700
vt 0.041700 0.529000
vt 0.586500 0.487100
vt 0.535000 0.458800
vt 0.588400 0.416300
vt 0.532300 0.424700
vt 0.541500 0.379300
vt 0.574600 0.330500
vt 0.499600 0.331700
vt 0.499600 0.254900
vt 0.424600 0.330500
vt 0.457700 0.379300
vt 0.410800 0.416300
vt 0.466900 0.424700
vt 0.891800 0.545700
vt 0.957100 0.529000
vt 0.922500 0.696200
vt 0.873200 0.450600
vt 0.896200 0.263600
vt 0.814100 0.306400
vt 0.825100 0.146200
vt 0.948800 0.422700
vt 0.978800 0.543700
vt 0.964400 0.678000
vt 0.974100 0.709700
vt 0.939000 0.730200
vt 0.833100 0.703100
vt 0.843700 0.740100
vt 0.661400 0.703200
vt 0.703400 0.243500
vt 0.752000 0.334000
vt 0.794700 0.461200
vt 0.805800 0.556700
vt 0.658500 0.480700
vt 0.651300 0.567400
vt 0.646400 0.379500
vt 0.593400 0.259700
vt 0.582100 0.193700
vt 0.500800 0.086700
vt 0.499600 0.184600
vt 0.417100 0.193700
vt 0.422900 0.092900
vt 0.295700 0.243500
vt 0.282600 0.142200
vt 0.185100 0.306400
vt 0.247100 0.334000
vt 0.125900 0.450600
vt 0.204500 0.461200
vt 0.107400 0.545700
vt 0.193400 0.556700
vt 0.347900 0.567400
vt 0.412600 0.487100
vt 0.424000 0.575800
vt 0.467100 0.574000
vt 0.499600 0.459000
vt 0.499600 0.493700
vt 0.499600 0.423100
vt 0.499600 0.371800
vt 0.415900 0.635400
vt 0.452900 0.638900
vt 0.499600 0.639800
vt 0.575200 0.575800
vt 0.532100 0.574000
vt 0.535300 0.494500
vt 0.499600 0.577700
vt 0.600700 0.702500
vt 0.583300 0.635400
vt 0.546300 0.638900
vt 0.405700 0.259700
vt 0.352800 0.379500
vt 0.340700 0.480700
vt 0.050100 0.422700
vt 0.103000 0.263600
vt 0.411000 0.008900
vt 0.873800 0.140800
vt 0.464100 0.458800
vt 0.463800 0.494500
vn -0.619900 -0.670900 -0.407000
vn -0.833300 -0.547200 -0.078800
vn -0.118300 -0.794500 -0.595600
vn -0.774600 -0.561800 -0.290500
vn -0.569800 -0.795100 -0.207500
vn -0.789300 -0.609300 -0.076100
vn -0.699700 -0.668600 0.251600
vn 0.479000 -0.738200 0.475000
vn 0.364200 -0.850300 0.379800
vn 0.596000 -0.796700 0.100700
vn 0.576700 -0.800700 0.162200
vn 0.699800 -0.668500 0.251700
vn 0.774800 -0.561600 -0.290300
vn 0.620200 -0.670900 -0.406500
vn 0.833400 -0.547000 -0.079100
vn 0.387500 -0.838200 -0.383800
vn 0.018600 -0.059900 0.998000
vn -0.404200 -0.054200 0.913100
vn 0.145100 -0.122700 0.981800
vn -0.265000 -0.706300 0.656500
vn -0.347900 -0.280100 0.894700
vn -0.364700 -0.319900 0.874400
vn -0.510300 -0.217200 0.832100
vn -0.493900 -0.152300 0.856100
vn -0.622500 -0.628100 0.466900
vn -0.829300 -0.238200 0.505500
vn -0.723900 -0.622900 0.296400
vn -0.970600 -0.191600 0.145900
vn -0.879100 -0.275500 0.388900
vn -0.969100 -0.195300 0.151000
vn 0.474200 0.262000 0.840500
vn 0.714600 0.170300 0.678500
vn 0.552300 -0.032500 0.833000
vn 0.648300 -0.402500 0.646300
vn 0.489200 -0.286400 0.823800
vn 0.429500 -0.217600 0.876400
vn 0.000100 -0.231700 0.972800
vn -0.000100 -0.352000 0.936000
vn -0.430100 -0.217800 0.876100
vn -0.489100 -0.286300 0.823900
vn -0.552600 -0.032400 0.832800
vn -0.648300 -0.402500 0.646300
vn 0.853000 -0.123700 0.507100
vn 0.969000 -0.195700 0.150900
vn 0.821000 -0.227300 0.523600
vn 0.853300 -0.170400 0.492800
vn 0.825900 -0.549200 0.127900
vn 0.768000 -0.464400 0.441000
vn 0.618900 -0.781000 -0.083900
vn 0.959800 -0.254400 0.118200
vn 0.878900 -0.276200 0.388800
vn 0.970500 -0.191600 0.146400
vn 0.723700 -0.623100 0.296600
vn 0.621800 -0.629400 0.466100
vn 0.494100 -0.152500 0.855900
vn 0.510300 -0.217200 0.832100
vn 0.364700 -0.319900 0.874400
vn 0.563700 -0.526500 0.636400
vn 0.542400 -0.279600 0.792200
vn 0.556300 -0.055400 0.829200
vn 0.531100 -0.034200 0.846600
vn 0.271900 0.127500 0.953900
vn 0.248000 0.041900 0.967900
vn 0.421300 -0.123300 0.898500
vn 0.401300 -0.291900 0.868200
vn 0.394000 -0.410200 0.822500
vn -0.000000 -0.866500 0.499200
vn 0.000000 -0.432200 0.901800
vn -0.394100 -0.410000 0.822600
vn -0.364300 -0.850300 0.379700
vn -0.563900 -0.526600 0.636200
vn -0.383600 -0.878000 0.286200
vn -0.768000 -0.464400 0.440900
vn -0.542600 -0.279500 0.792100
vn -0.853300 -0.170200 0.492900
vn -0.556200 -0.055200 0.829200
vn -0.852900 -0.124200 0.507100
vn -0.531000 -0.034300 0.846700
vn -0.248000 0.041900 0.967900
vn -0.531200 0.206600 0.821700
vn -0.437200 0.018200 0.899200
vn -0.580600 0.181000 0.793800
vn -0.000000 0.179500 0.983800
vn -0.000100 0.637400 0.770500
vn -0.000000 -0.511200 0.859400
vn 0.000000 -0.465100 0.885200
vn -0.381500 -0.252600 0.889200
vn -0.427400 -0.180200 0.885900
vn -0.000000 -0.076800 0.997100
vn 0.437100 0.017900 0.899200
vn 0.580700 0.180600 0.793800
vn 0.655200 0.452700 0.604800
vn 0.000100 0.300500 0.953800
vn 0.347900 -0.280100 0.894700
vn 0.381500 -0.252600 0.889200
vn 0.427400 -0.180200 0.885900
vn -0.401400 -0.291800 0.868200
vn -0.421600 -0.123200 0.898400
vn -0.272000 0.127500 0.953800
vn -0.959900 -0.253900 0.118700
vn -0.825800 -0.549100 0.128200
vn -0.479100 -0.738100 0.475000
vn 0.789400 -0.609200 -0.075900
vn -0.714600 0.170300 0.678400
vn -0.655200 0.453000 0.604500
usemtl face.png
s 1
f 1/1/1 2/2/2 3/3/3
f 2/2/2 1/1/1 4/4/4
f 4/4/4 1/1/1 5/5/5
f 6/6/6 5/5/5 1/1/1
f 7/7/7 5/5/5 6/6/6
f 8/8/8 9/9/9 10/10/10
f 9/9/9 8/8/8 11/11/11
f 12/12/12 11/11/11 8/8/8
f 13/13/13 14/14/14 15/15/15
f 16/16/16 15/15/15 14/14/14
f 17/17/17 18/18/18 19/19/19
f 20/20/20 19/19/19 18/18/18
f 19/19/19 20/20/20 21/21/21
f 21/21/21 20/20/20 22/22/22
f 23/23/23 22/22/22 20/20/20
f 22/22/22 23/23/23 24/24/24
f 25/25/25 24/24/24 23/23/23
f 24/24/24 25/25/25 26/26/26
f 27/27/27 26/26/26 25/25/25
f 26/26/26 27/27/27 28/28/28
f 29/29/29 28/28/28 27/27/27
f 2/2/2 30/30/30 29/29/29
f 28/28/28 29/29/29 30/30/30
f 30/30/30 26/26/26 28/28/28
f 31/31/31 32/32/32 33/33/33
f 34/34/34 33/33/33 32/32/32
f 35/35/35 33/33/33 34/34/34
f 33/33/33 35/35/35 36/36/36
f 37/37/37 36/36/36 35/35/35
f 36/36/36 37/37/37 38/38/38
f 38/38/38 37/37/37 39/39/39
f 40/40/40 39/39/39 37/37/37
f 39/39/39 40/40/40 41/41/41
f 42/42/42 41/41/41 40/40/40
f 43/43/43 44/44/44 45/45/45
f 46/46/46 44/44/44 43/43/43
f 11/11/11 47/47/47 48/48/48
f 47/47/47 46/46/46 48/48/48
f 13/13/13 47/47/47 49/49/49
f 47/47/47 11/11/11 49/49/49
f 49/49/49 14/14/14 13/13/13
f 11/11/11 12/12/12 49/49/49
f 47/47/47 13/13/13 50/50/50
f 15/15/15 50/50/50 13/13/13
f 50/50/50 15/15/15 44/44/44
f 44/44/44 46/46/46 50/50/50
f 50/50/50 46/46/46 47/47/47
f 51/51/51 44/44/44 15/15/15
f 52/52/52 45/45/45 44/44/44
f 44/44/44 51/51/51 52/52/52
f 52/52/52 53/53/53 45/45/45
f 53/53/53 52/52/52 51/51/51
f 54/54/54 45/45/45 53/53/53
f 45/45/45 54/54/54 55/55/55
f 56/56/56 55/55/55 54/54/54
f 55/55/55 56/56/56 57/57/57
f 17/17/17 57/57/57 56/56/56
f 48/48/48 58/58/58 11/11/11
f 9/9/9 11/11/11 58/58/58
f 46/46/46 59/59/59 48/48/48
f 58/58/58 48/48/48 59/59/59
f 59/59/59 46/46/46 60/60/60
f 43/43/43 60/60/60 46/46/46
f 45/45/45 61/61/61 43/43/43
f 61/61/61 45/45/45 55/55/55
f 55/55/55 57/57/57 61/61/61
f 60/60/60 43/43/43 61/61/61
f 33/33/33 62/62/62 31/31/31
f 61/61/61 62/62/62 60/60/60
f 62/62/62 61/61/61 63/63/63
f 63/63/63 61/61/61 57/57/57
f 63/63/63 31/31/31 62/62/62
f 62/62/62 33/33/33 64/64/64
f 64/64/64 60/60/60 62/62/62
f 36/36/36 64/64/64 33/33/33
f 60/60/60 64/64/64 59/59/59
f 59/59/59 65/65/65 58/58/58
f 65/65/65 59/59/59 64/64/64
f 38/38/38 65/65/65 36/36/36
f 64/64/64 36/36/36 65/65/65
f 66/66/66 58/58/58 65/65/65
f 58/58/58 66/66/66 9/9/9
f 65/65/65 38/38/38 66/66/66
f 67/67/67 10/10/10 9/9/9
f 9/9/9 66/66/66 67/67/67
f 68/68/68 67/67/67 66/66/66
f 68/68/68 66/66/66 38/38/38
f 69/69/69 67/67/67 68/68/68
f 69/69/69 68/68/68 38/38/38
f 70/70/70 10/10/10 67/67/67
f 67/67/67 69/69/69 70/70/70
f 71/71/71 70/70/70 69/69/69
f 5/5/5 7/7/7 72/72/72
f 70/70/70 71/71/71 72/72/72
f 72/72/72 71/71/71 73/73/73
f 74/74/74 73/73/73 71/71/71
f 73/73/73 74/74/74 75/75/75
f 76/76/76 75/75/75 74/74/74
f 77/77/77 30/30/30 75/75/75
f 26/26/26 30/30/30 77/77/77
f 75/75/75 76/76/76 77/77/77
f 24/24/24 26/26/26 78/78/78
f 24/24/24 78/78/78 22/22/22
f 78/78/78 77/77/77 76/76/76
f 77/77/77 78/78/78 26/26/26
f 79/79/79 22/22/22 78/78/78
f 80/80/80 81/81/81 79/79/79
f 22/22/22 79/79/79 81/81/81
f 81/81/81 80/80/80 82/82/82
f 32/32/32 83/83/83 34/34/34
f 83/83/83 32/32/32 84/84/84
f 40/40/40 85/85/85 42/42/42
f 34/34/34 85/85/85 35/35/35
f 83/83/83 42/42/42 85/85/85
f 85/85/85 34/34/34 83/83/83
f 85/85/85 40/40/40 86/86/86
f 37/37/37 86/86/86 40/40/40
f 86/86/86 35/35/35 85/85/85
f 35/35/35 86/86/86 37/37/37
f 81/81/81 87/87/87 22/22/22
f 22/22/22 87/87/87 21/21/21
f 21/21/21 88/88/88 19/19/19
f 21/21/21 87/87/87 88/88/88
f 82/82/82 88/88/88 81/81/81
f 87/87/87 81/81/81 88/88/88
f 88/88/88 82/82/82 89/89/89
f 89/89/89 19/19/19 88/88/88
f 57/57/57 90/90/90 63/63/63
f 31/31/31 63/63/63 90/90/90
f 90/90/90 91/91/91 31/31/31
f 92/92/92 31/31/31 91/91/91
f 92/92/92 84/84/84 32/32/32
f 32/32/32 31/31/31 92/92/92
f 89/89/89 93/93/93 91/91/91
f 84/84/84 92/92/92 93/93/93
f 91/91/91 93/93/93 92/92/92
f 93/93/93 89/89/89 82/82/82
f 57/57/57 17/17/17 94/94/94
f 19/19/19 94/94/94 17/17/17
f 57/57/57 94/94/94 95/95/95
f 95/95/95 90/90/90 57/57/57
f 96/96/96 94/94/94 19/19/19
f 90/90/90 95/95/95 96/96/96
f 94/94/94 96/96/96 95/95/95
f 19/19/19 89/89/89 96/96/96
f 96/96/96 91/91/91 90/90/90
f 91/91/91 96/96/96 89/89/89
f 39/39/39 97/97/97 38/38/38
f 97/97/97 71/71/71 69/69/69
f 71/71/71 97/97/97 74/74/74
f 97/97/97 69/69/69 38/38/38
f 98/98/98 74/74/74 97/97/97
f 74/74/74 98/98/98 76/76/76
f 97/97/97 39/39/39 98/98/98
f 41/41/41 98/98/98 39/39/39
f 98/98/98 41/41/41 99/99/99
f 79/79/79 78/78/78 99/99/99
f 99/99/99 80/80/80 79/79/79
f 76/76/76 99/99/99 78/78/78
f 99/99/99 76/76/76 98/98/98
f 80/80/80 99/99/99 41/41/41
f 4/4/4 100/100/100 2/2/2
f 100/100/100 75/75/75 30/30/30
f 30/30/30 2/2/2 100/100/100
f 100/100/100 101/101/101 75/75/75
f 101/101/101 5/5/5 72/72/72
f 5/5/5 101/101/101 4/4/4
f 100/100/100 4/4/4 101/101/101
f 73/73/73 101/101/101 72/72/72
f 101/101/101 73/73/73 75/75/75
f 10/10/10 70/70/70 102/102/102
f 72/72/72 102/102/102 70/70/70
f 102/102/102 72/72/72 7/7/7
f 14/14/14 49/49/49 103/103/103
f 103/103/103 49/49/49 12/12/12
f 104/104/104 41/41/41 42/42/42
f 42/42/42 83/83/83 104/104/104
f 84/84/84 104/104/104 83/83/83
f 41/41/41 104/104/104 80/80/80
f 93/93/93 105/105/105 84/84/84
f 82/82/82 105/105/105 93/93/93
f 105/105/105 82/82/82 80/80/80
f 105/105/105 80/80/80 104/104/104
f 104/104/104 84/84/84 105/105/105
o rdmobj00
v 0.467025 1.642031 -0.138270
v 0.423552 1.611044 -0.138786
v 0.482364 1.665310 -0.111728
v 0.332314 1.668828 -0.121122
v 0.479115 1.690532 -0.054105
v 0.346549 1.695444 -0.052591
v 0.442318 1.658341 0.009926
v 0.333682 1.669209 0.016296
v 0.279442 1.610487 0.044150
v 0.302781 1.686667 0.021724
v 0.313753 1.716095 -0.053357
v 0.304119 1.685415 -0.124846
v 0.279191 1.607825 -0.151007
v 0.246365 1.529379 -0.128461
v 0.483792 1.553260 -0.110625
v 0.257763 1.496699 -0.055238
v 0.479010 1.517996 -0.053458
v 0.517721 1.509274 -0.052782
v 0.551045 1.528658 -0.054942
v 0.533587 1.557350 -0.112506
v 0.605696 1.539320 -0.053178
v 0.610212 1.545275 -0.118962
v 0.605385 1.552938 -0.109167
v 0.735159 1.613676 -0.123227
v 0.706818 1.591971 -0.094360
v 0.735465 1.566512 -0.100535
v -0.097919 1.014305 -0.142095
v -0.195748 1.004230 -0.083167
v -0.193908 1.056631 -0.085432
v -0.227367 1.040982 0.019473
v -0.209011 1.167593 0.029443
v -0.182671 1.041543 0.117067
v -0.170966 1.167417 0.120214
v -0.097257 1.037277 0.163007
v -0.097814 1.150550 0.163217
v -0.052857 1.036014 0.122125
v -0.063930 1.118430 0.160319
v -0.019574 0.974581 0.113123
v -0.000325 0.529631 -0.078606
v 0.019428 0.529265 -0.010867
v 0.033473 0.517014 -0.011940
v 0.025413 0.546794 -0.005955
v -0.004822 0.757675 -0.078326
v -0.003750 0.727951 -0.077694
v -0.095373 0.757675 -0.124696
v -0.007574 0.600077 -0.074561
v 0.022767 0.612578 0.006942
v 0.010191 0.565677 -0.094360
v -0.095373 0.594959 -0.122595
v -0.095373 0.561060 -0.144641
v -0.095373 0.527601 -0.123302
v 0.010191 0.517616 -0.097197
v -0.003353 0.392419 -0.079373
v 0.015750 0.392419 -0.009058
v -0.016251 0.375006 -0.068326
v -0.095623 0.443316 -0.009925
v -0.002867 0.375006 -0.009940
v -0.095463 0.375006 -0.102771
v -0.160024 0.375006 -0.071343
v -0.204439 0.392419 -0.009574
v -0.176069 0.392419 -0.078666
v -0.193703 0.517631 -0.096872
v -0.095373 0.517381 -0.145553
v -0.095463 0.392419 -0.118360
v -0.099874 1.162430 -0.148977
v 0.000000 1.221993 -0.140581
v 0.000000 1.166034 -0.148977
v -0.100446 1.221993 -0.137553
v -0.176024 1.160299 -0.077679
v -0.160846 1.224554 -0.072049
v 0.000000 1.113723 0.160450
v 0.064711 1.876014 -0.202039
v 0.036236 1.889252 -0.164996
v 0.056636 1.861057 -0.180921
v 0.005955 1.868646 -0.169392
v 0.034471 1.852440 -0.181923
v 0.030415 1.890912 -0.173216
v 0.050090 1.862762 -0.185407
v 0.000000 1.875484 -0.162024
v 0.000000 1.872501 -0.154977
v -0.087724 1.874471 -0.126861
v 0.087724 1.874471 -0.126861
v 0.090255 1.880571 -0.131373
v 0.125403 1.884572 -0.060931
v 0.133508 1.890852 -0.064737
v 0.127448 1.893017 -0.010587
v 0.118211 1.899338 0.028606
v 0.134581 1.907073 0.030311
v 0.108416 1.904340 0.069108
v 0.122846 1.912221 0.071579
v 0.087829 1.906605 0.088902
v 0.102005 1.916400 0.098622
v 0.045017 1.908736 0.107755
v 0.055047 1.917548 0.124596
v 0.000000 1.909076 0.119669
v 0.000000 1.916677 0.134155
v -0.055047 1.917548 0.124596
v -0.045017 1.908736 0.107755
v -0.102005 1.916400 0.098622
v -0.087829 1.906605 0.088902
v -0.122846 1.912221 0.071579
v -0.108416 1.904340 0.069108
v -0.134581 1.907073 0.030311
v -0.090255 1.880571 -0.131373
v -0.125403 1.884572 -0.060931
v 0.002867 0.375006 -0.009940
v 0.016251 0.375006 -0.068326
v 0.095623 0.443316 -0.009925
v 0.160024 0.375006 -0.071343
v 0.187467 0.375006 -0.009428
v 0.204439 0.392419 -0.009574
v 0.169217 0.392419 0.077814
v 0.223688 0.518925 -0.011398
v 0.193703 0.517631 -0.096872
v 0.185938 0.530383 -0.077844
v 0.095373 0.527601 -0.123302
v -0.010191 0.517616 -0.097197
v 0.000325 0.529631 -0.078606
v -0.033473 0.517014 -0.011940
v -0.025413 0.546794 -0.005955
v -0.038165 0.583636 -0.002602
v -0.010191 0.565677 -0.094360
v 0.204555 0.567250 -0.095036
v 0.230896 0.584578 -0.002987
v 0.215688 0.546693 -0.006531
v 0.208686 0.531501 -0.009193
v 0.181288 0.518925 0.097328
v 0.607871 1.522643 -0.053899
v 0.610212 1.547335 0.024311
v 0.604458 1.553230 0.011604
v 0.605636 1.613134 0.033324
v 0.577781 1.546112 0.011264
v 0.191878 1.531877 -0.136506
v 0.265352 1.678562 -0.123433
v 0.265748 1.677885 0.017649
v 0.226791 1.624251 0.048737
v 0.232821 1.575084 0.051283
v 0.248073 1.528482 0.017840
v 0.442318 1.545776 0.010587
v 0.212540 1.330910 -0.085709
v 0.161994 1.271362 -0.072561
v 0.114610 1.320910 -0.161553
v 0.169628 1.623545 -0.165743
v 0.163273 1.681370 -0.128184
v 0.229307 1.625515 -0.157433
v 0.220496 1.681680 -0.125522
v 0.218952 1.682547 0.023503
v 0.275999 1.705445 -0.053398
v 0.217673 1.714977 -0.053122
v 0.164596 1.681871 0.027384
v -0.428965 1.611044 0.029944
v -0.442318 1.658341 0.009926
v -0.517059 1.657930 0.011926
v -0.279442 1.610487 0.044150
v -0.442318 1.545776 0.010587
v -0.248073 1.528482 0.017840
v -0.479010 1.517996 -0.053458
v -0.257763 1.496699 -0.055238
v -0.232821 1.575084 0.051283
v -0.734127 1.661855 -0.106270
v -0.706878 1.655725 -0.049884
v -0.733424 1.687400 -0.055312
v -0.706818 1.631661 -0.009103
v -0.735450 1.661915 0.011088
v 0.728673 1.562497 0.014797
v 0.727966 1.540437 -0.053914
v 0.728878 1.613676 0.040356
v 0.609756 1.613134 0.056034
v 0.609370 1.680547 0.029077
v 0.604077 1.662416 0.012868
v 0.609034 1.712536 -0.056281
v 0.604548 1.685314 -0.052972
v 0.609385 1.681209 -0.128756
v 0.604769 1.668813 -0.106270
v -0.006471 0.986701 0.015720
v 0.014150 0.961964 0.016341
v -0.010531 0.912125 0.114169
v -0.094887 0.912125 0.162405
v -0.188791 0.911859 0.115082
v -0.232320 0.916697 0.015058
v -0.192701 0.910757 -0.088431
v -0.094636 0.910536 -0.134921
v -0.095463 0.965819 -0.129919
v -0.003398 0.910536 -0.085062
v -0.006366 0.961553 -0.079653
v 0.026927 0.908256 0.015088
v 0.604828 1.613134 -0.130580
v 0.533646 1.611044 -0.135126
v 0.498158 1.578322 -0.136816
v 0.468864 1.578322 -0.138199
v 0.534398 1.665048 -0.112726
v 0.550413 1.691460 -0.053458
v 0.584413 1.611044 0.034060
v 0.578443 1.664046 0.009970
v 0.560663 1.611044 0.045313
v 0.552413 1.534497 0.025944
v 0.517059 1.549024 0.011264
v 0.428965 1.611044 0.029944
v 0.517059 1.657930 0.011926
v 0.552338 1.674899 0.024928
v 0.517205 1.710918 -0.052430
v 0.497235 1.642868 -0.137197
v 0.526117 1.611044 0.032913
v -0.095373 0.684362 0.133758
v -0.183658 0.755114 0.093388
v -0.177172 0.684362 0.091298
v -0.095504 0.757675 0.138566
v -0.014838 0.682758 0.091152
v -0.015795 0.757675 0.093874
v 0.023750 0.697319 0.010325
v 0.028868 0.756718 0.010796
v -0.095373 0.518999 0.129358
v -0.007163 0.518925 0.097519
v -0.095373 0.529471 0.108521
v -0.019810 0.392419 0.078461
v -0.100285 1.101076 -0.153022
v -0.011619 1.084826 -0.149418
v 0.000000 1.084426 -0.127638
v -0.028281 1.020731 -0.125182
v 0.000000 1.026881 -0.089077
v 0.020221 0.559706 0.070079
v 0.011765 0.624047 0.084356
v -0.022767 0.612578 0.006942
v 0.014838 0.682758 0.091152
v 0.095373 0.560443 0.111579
v 0.025929 0.530413 0.072150
v 0.095373 0.529471 0.108521
v 0.007163 0.518925 0.097519
v 0.167699 0.560162 0.069593
v 0.159273 0.530413 0.073018
v 0.172376 0.623034 0.084872
v 0.213116 0.616122 0.007720
v 0.177172 0.684362 0.091298
v 0.095373 0.684362 0.133758
v 0.183658 0.755114 0.093388
v 0.095504 0.757675 0.138566
v 0.015795 0.757675 0.093874
v 0.010531 0.912125 0.114169
v 0.095373 0.623741 0.129272
v -0.265748 1.677885 0.017649
v -0.302781 1.686667 0.021724
v -0.304119 1.685415 -0.124846
v -0.265352 1.678562 -0.123433
v -0.279191 1.607825 -0.151007
v -0.577781 1.546112 0.011264
v -0.605636 1.613134 0.033324
v -0.604458 1.553230 0.011604
v -0.610212 1.547335 0.024311
v -0.607871 1.522643 -0.053899
v -0.517059 1.549024 0.011264
v -0.552413 1.534497 0.025944
v -0.526117 1.611044 0.032913
v -0.560663 1.611044 0.045313
v -0.584413 1.611044 0.034060
v -0.552338 1.674899 0.024928
v 0.095463 0.375006 0.088992
v 0.031825 0.375006 0.065092
v 0.019810 0.392419 0.078461
v 0.095463 0.392419 0.104595
v 0.095373 0.518999 0.129358
v 0.185333 0.606473 -0.076782
v 0.095373 0.561060 -0.144641
v 0.095373 0.594959 -0.122595
v 0.007574 0.600077 -0.074561
v 0.097257 1.037277 0.163007
v 0.019574 0.974581 0.113123
v 0.052857 1.036014 0.122125
v -0.026927 0.908256 0.015088
v -0.014150 0.961964 0.016341
v 0.000000 1.032145 0.131553
v 0.000000 0.988025 0.015032
v 0.000000 1.221993 0.163759
v 0.063930 1.118430 0.160319
v 0.058195 1.221993 0.159553
v 0.097814 1.150550 0.163217
v 0.158936 1.221993 0.116491
v 0.170966 1.167417 0.120214
v 0.099874 1.162430 -0.148977
v 0.100446 1.221993 -0.137553
v 0.209011 1.167593 0.029443
v 0.193908 1.056631 -0.085432
v 0.176024 1.160299 -0.077679
v 0.227367 1.040982 0.019473
v 0.182671 1.041543 0.117067
v 0.188791 0.911859 0.115082
v 0.232320 0.916697 0.015058
v 0.220791 0.760351 0.008281
v 0.214395 0.702171 0.009002
v 0.186615 0.726672 -0.080165
v 0.095373 0.757675 -0.124696
v 0.003750 0.727951 -0.077694
v 0.004822 0.757675 -0.078326
v 0.094636 0.910536 -0.134921
v 0.003398 0.910536 -0.085062
v 0.095463 0.965819 -0.129919
v 0.006366 0.961553 -0.079653
v 0.028281 1.020731 -0.125182
v 0.011619 1.084826 -0.149418
v 0.100285 1.101076 -0.153022
v 0.097919 1.014305 -0.142095
v 0.195748 1.004230 -0.083167
v 0.192701 0.910757 -0.088431
v 0.186615 0.757364 -0.081694
v -0.015750 0.392419 -0.009058
v 0.003353 0.392419 -0.079373
v 0.095463 0.392419 -0.118360
v 0.095373 0.517381 -0.145553
v 0.176069 0.392419 -0.078666
v 0.095463 0.375006 -0.102771
v -0.097489 2.081086 -0.110375
v -0.040972 2.084850 -0.131773
v -0.065709 2.064760 -0.210394
v -0.068356 2.021979 -0.158891
v -0.145758 2.118409 -0.069017
v -0.113152 2.053011 -0.071372
v -0.133743 2.069157 -0.007824
v -0.101769 2.105908 -0.013633
v -0.161187 2.121232 0.049709
v -0.055343 2.112735 0.067960
v -0.108551 2.062641 0.070371
v -0.171187 1.999257 -0.111122
v -0.122020 2.015537 -0.119081
v -0.132656 1.977769 -0.099548
v 0.135347 2.022110 0.047575
v 0.133153 1.981713 0.025765
v 0.181142 1.983152 0.002972
v -0.158936 1.221993 0.116491
v -0.157568 1.271803 0.117714
v -0.190656 1.221993 0.035765
v 0.157568 1.271803 0.117714
v 0.190656 1.221993 0.035765
v 0.190656 1.271541 0.035765
v 0.160170 1.224554 -0.071694
v -0.221924 1.331116 0.042416
v -0.174746 1.330118 0.149037
v -0.210350 1.396754 0.034105
v -0.164245 1.398268 0.130420
v -0.204084 1.458122 0.036311
v -0.192084 1.550011 0.074401
v -0.148229 1.537144 0.104169
v -0.180275 1.607750 0.069373
v 0.728056 1.667519 0.018797
v 0.726848 1.696712 -0.055312
v 0.727319 1.668928 -0.114640
v 0.609756 1.613134 -0.151979
v 0.728392 1.559922 -0.108079
v 0.728056 1.613676 -0.133594
v 0.734127 1.661855 -0.106270
v 0.707024 1.632016 -0.094621
v 0.706878 1.655725 -0.049884
v 0.733424 1.687400 -0.055312
v 0.706818 1.631661 -0.009103
v 0.735450 1.661915 0.011088
v -0.734998 1.549335 -0.052782
v -0.727966 1.540437 -0.053914
v -0.735936 1.569219 0.007840
v -0.728673 1.562497 0.014797
v -0.736643 1.613676 0.030427
v -0.728878 1.613676 0.040356
v -0.728056 1.667519 0.018797
v -0.609756 1.613134 0.056034
v -0.609370 1.680547 0.029077
v -0.609034 1.712536 -0.056281
v -0.726848 1.696712 -0.055312
v -0.609385 1.681209 -0.128756
v -0.142977 1.966165 -0.014927
v -0.134656 1.961739 -0.068165
v -0.136065 1.955122 -0.069152
v -0.140095 1.900706 -0.011884
v -0.140611 1.973092 -0.015824
v -0.124801 1.981944 0.069298
v -0.133153 1.981713 0.025765
v -0.136670 1.974255 0.027283
v -0.102416 1.987963 0.097684
v 0.000000 1.994375 0.134271
v -0.052105 1.999728 0.118697
v -0.055930 1.992360 0.125022
v 0.000000 2.000947 0.125624
v -0.050090 1.952299 -0.226731
v -0.026311 1.935783 -0.198951
v -0.044651 1.907544 -0.198951
v -0.059619 1.930561 -0.228159
v -0.034236 1.943297 -0.193082
v -0.055017 1.955653 -0.226394
v -0.034546 1.963268 -0.229983
v -0.011574 1.956445 -0.204204
v -0.075418 1.961047 -0.271501
v 0.000000 1.919473 -0.166084
v -0.214395 0.702171 0.009002
v -0.213116 0.616122 0.007720
v -0.204555 0.567250 -0.095036
v -0.230896 0.584578 -0.002987
v -0.185938 0.530383 -0.077844
v -0.215688 0.546693 -0.006531
v -0.208686 0.531501 -0.009193
v -0.223688 0.518925 -0.011398
v -0.181288 0.518925 0.097328
v -0.169217 0.392419 0.077814
v -0.157979 0.375006 0.065178
v -0.095463 0.375006 0.088992
v -0.187467 0.375006 -0.009428
v -0.185333 0.606473 -0.076782
v -0.186615 0.726672 -0.080165
v -0.186615 0.757364 -0.081694
v -0.220791 0.760351 0.008281
v -0.095358 0.241793 0.074782
v -0.036856 0.241217 0.047649
v -0.095242 0.246350 0.045178
v -0.056797 0.246350 0.028662
v -0.046135 0.246350 -0.005869
v -0.021032 0.241793 -0.003103
v -0.036561 0.241793 -0.051604
v -0.056591 0.246350 -0.039002
v 0.062946 1.736637 0.127448
v 0.000000 1.663560 0.129347
v 0.063253 1.667369 0.126020
v 0.000000 1.733434 0.132170
v 0.057473 1.751288 0.103609
v 0.000000 1.749243 0.112431
v -0.062946 1.736637 0.127448
v -0.063253 1.667369 0.126020
v 0.000000 1.652839 0.116241
v 0.000000 1.600483 0.131288
v -0.062270 1.521936 0.143845
v 0.000000 1.520347 0.154802
v 0.000000 1.469270 0.159935
v -0.163273 1.681370 -0.128184
v -0.130420 1.721359 -0.105769
v -0.087578 1.720181 -0.139478
v 0.014707 1.587294 0.142465
v 0.010662 1.655239 0.119904
v 0.000000 1.588513 0.146962
v 0.000000 1.656371 0.124787
v -0.010662 1.655239 0.119904
v -0.014707 1.587294 0.142465
v 0.066531 2.116114 -0.046209
v 0.101769 2.105908 -0.013633
v 0.145758 2.118409 -0.069017
v 0.091242 1.926060 -0.170656
v 0.091653 1.946400 -0.135889
v 0.049283 1.943137 -0.149582
v 0.124801 1.981944 0.069298
v 0.136670 1.974255 0.027283
v 0.140095 1.900706 -0.011884
v 0.142977 1.966165 -0.014927
v 0.140611 1.973092 -0.015824
v 0.134656 1.961739 -0.068165
v 0.136065 1.955122 -0.069152
v 0.093608 1.938886 -0.138065
v 0.000000 1.933914 -0.170304
v -0.093608 1.938886 -0.138065
v 0.000000 1.939077 -0.169407
v -0.133508 1.890852 -0.064737
v 0.082401 1.815304 -0.218320
v 0.046236 1.910620 -0.193422
v -0.001985 1.918751 -0.166581
v 0.036841 0.158274 -0.052180
v 0.033664 0.145157 -0.002090
v 0.022501 0.158274 -0.003013
v 0.039473 0.145157 -0.041107
v -0.149407 0.145157 0.000781
v -0.150170 0.158274 -0.052180
v -0.136480 0.145157 -0.040486
v -0.169243 0.158274 -0.003133
v -0.150465 0.158274 0.048341
v -0.095358 0.158274 0.074782
v -0.150465 0.241793 0.047488
v -0.169243 0.241793 -0.003193
v -0.126476 0.246350 0.028662
v -0.137639 0.246350 -0.005910
v -0.150450 0.241057 -0.052180
v -0.126491 0.246350 -0.039002
v -0.727319 1.668928 -0.114640
v -0.728056 1.613676 -0.133594
v -0.735159 1.613676 -0.123227
v -0.609756 1.613134 -0.151979
v -0.610212 1.545275 -0.118962
v -0.728392 1.559922 -0.108079
v -0.735465 1.566512 -0.100535
v -0.706818 1.590072 -0.009103
v -0.707054 1.573735 -0.049413
v -0.604077 1.662416 0.012868
v -0.604548 1.685314 -0.052972
v -0.604769 1.668813 -0.106270
v -0.534398 1.665048 -0.112726
v -0.533646 1.611044 -0.135126
v -0.497235 1.642868 -0.137197
v -0.604828 1.613134 -0.130580
v -0.605385 1.552938 -0.109167
v -0.605696 1.539320 -0.053178
v -0.706818 1.591971 -0.094360
v -0.533587 1.557350 -0.112506
v -0.498158 1.578322 -0.136816
v -0.483792 1.553260 -0.110625
v -0.551045 1.528658 -0.054942
v -0.517721 1.509274 -0.052782
v -0.423552 1.611044 -0.138786
v -0.246365 1.529379 -0.128461
v -0.332314 1.668828 -0.121122
v -0.313753 1.716095 -0.053357
v -0.479115 1.690532 -0.054105
v -0.346549 1.695444 -0.052591
v -0.333682 1.669209 0.016296
v -0.482364 1.665310 -0.111728
v -0.517205 1.710918 -0.052430
v -0.467025 1.642031 -0.138270
v -0.468864 1.578322 -0.138199
v 0.097489 2.081086 -0.110375
v 0.065709 2.064760 -0.210394
v 0.040972 2.084850 -0.131773
v 0.068356 2.021979 -0.158891
v -0.046120 2.040540 0.123714
v 0.000000 2.051332 0.175729
v 0.000000 2.073994 0.110211
v 0.351974 1.723228 -0.081298
v 0.319622 1.723228 -0.114139
v 0.319622 1.739935 -0.114139
v 0.296149 1.723228 -0.058681
v 0.351622 1.723228 -0.035208
v 0.272691 1.723228 -0.003207
v 0.240335 1.723228 -0.036045
v -0.274190 0.700216 -0.018632
v -0.274190 0.700216 0.063193
v -0.274190 0.961318 0.063193
v -0.157773 1.465211 -0.133066
v -0.109990 1.532553 -0.173863
v -0.112139 1.466683 -0.155317
v 0.000000 1.531465 -0.174069
v 0.157979 0.375006 0.065178
v -0.578443 1.664046 0.009970
v -0.550413 1.691460 -0.053458
v 0.736643 1.613676 0.030427
v 0.735936 1.569219 0.007840
v 0.734998 1.549335 -0.052782
v 0.706818 1.590072 -0.009103
v 0.707054 1.573735 -0.049413
v -0.041384 1.830306 -0.129448
v -0.056311 1.799348 -0.117403
v -0.083003 1.830395 -0.115403
v -0.111683 1.834616 -0.055649
v -0.124080 1.886175 -0.061458
v -0.096386 1.832571 -0.086976
v -0.125844 1.886575 -0.011192
v -0.057358 1.823849 -0.100315
v -0.088535 1.824863 -0.062711
v -0.067193 1.803083 -0.087447
v -0.154745 1.464564 0.118962
v -0.062842 1.468096 0.150731
v -0.063754 1.399019 0.165673
v -0.065343 1.327572 0.192230
v -0.212540 1.330910 -0.085709
v -0.190656 1.271541 0.035765
v -0.101182 1.271541 -0.137889
v -0.114610 1.320910 -0.161553
v 0.000000 1.323953 -0.176716
v 0.000000 1.395636 -0.156304
v 0.111698 1.392208 -0.144861
v 0.202395 1.396133 -0.079518
v 0.221924 1.331116 0.042416
v 0.210350 1.396754 0.034105
v 0.195673 1.447711 -0.073107
v 0.204084 1.458122 0.036311
v 0.174746 1.330118 0.149037
v 0.164245 1.398268 0.130420
v 0.148229 1.537144 0.104169
v 0.062842 1.468096 0.150731
v 0.154745 1.464564 0.118962
v 0.062270 1.521936 0.143845
v 0.000000 1.765684 -0.149478
v 0.000000 1.827042 -0.109904
v -0.021413 1.797745 -0.126741
v -0.129388 1.895177 0.005870
v -0.110431 1.852485 -0.011058
v -0.118211 1.899338 0.028606
v -0.096947 1.828762 -0.026987
v -0.088005 1.809263 -0.060916
v -0.106255 1.782642 -0.059854
v -0.122861 1.923563 -0.145332
v -0.109990 1.954385 -0.103948
v -0.122756 1.957152 -0.140891
v -0.091653 1.946400 -0.135889
v 0.122756 1.957152 -0.140891
v 0.109990 1.954385 -0.103948
v 0.122861 1.923563 -0.145332
v -0.136977 1.978315 0.066270
v -0.159684 1.955664 0.058461
v -0.146921 1.979918 0.040517
v -0.151508 1.987948 0.051238
v 0.151508 1.987948 0.051238
v 0.136977 1.978315 0.066270
v 0.159684 1.955664 0.058461
v -0.159273 0.530413 0.073018
v -0.031825 0.375006 0.065092
v -0.095463 0.392419 0.104595
v -0.167699 0.560162 0.069593
v -0.172376 0.623034 0.084872
v -0.095373 0.623741 0.129272
v -0.011765 0.624047 0.084356
v 0.169243 0.158274 -0.003133
v 0.149407 0.145157 0.000781
v 0.150170 0.158274 -0.052180
v 0.136480 0.145157 -0.040486
v -0.036841 0.158274 -0.052180
v -0.039473 0.145157 -0.041107
v -0.095358 0.158274 -0.083433
v -0.033664 0.145157 -0.002090
v -0.022501 0.158274 -0.003013
v -0.040856 0.145157 0.038871
v -0.036972 0.158465 0.048180
v -0.095358 0.144581 0.066872
v 0.095358 0.241793 -0.082270
v 0.095358 0.158274 -0.083433
v 0.036561 0.241793 -0.051604
v 0.021032 0.241793 -0.003103
v 0.036856 0.241217 0.047649
v 0.036972 0.158465 0.048180
v 0.040856 0.145157 0.038871
v -0.039810 1.555380 -0.175643
v -0.068961 1.584423 -0.175347
v 0.000000 1.624016 -0.175672
v 0.000000 1.544763 -0.174715
v 0.039810 1.555380 -0.175643
v 0.068961 1.584423 -0.175347
v 0.079623 1.624016 -0.175672
v -0.079623 1.624016 -0.175672
v 0.157773 1.465211 -0.133066
v 0.000000 1.467682 -0.160420
v -0.111698 1.392208 -0.144861
v -0.202395 1.396133 -0.079518
v -0.195673 1.447711 -0.073107
v -0.210776 1.495009 0.022206
v -0.191878 1.531877 -0.136506
v 0.112139 1.466683 -0.155317
v 0.109990 1.532553 -0.173863
v -0.181142 1.983152 0.002972
v -0.137302 2.021171 -0.002310
v -0.140685 1.973021 -0.015693
v -0.135347 2.022110 0.047575
v 0.094887 0.912125 0.162405
v 0.006471 0.986701 0.015720
v -0.087608 1.876691 -0.127358
v 0.111683 1.834616 -0.055649
v 0.124095 1.886175 -0.061458
v 0.125844 1.886575 -0.011192
v 0.096947 1.828762 -0.026987
v 0.096386 1.832571 -0.086976
v 0.088005 1.809263 -0.060916
v 0.067193 1.803083 -0.087447
v 0.083003 1.830395 -0.115403
v 0.074416 1.765569 -0.120565
v 0.056311 1.799348 -0.117403
v 0.041384 1.830306 -0.129448
v 0.039238 1.771995 -0.134491
v 0.021413 1.797745 -0.126741
v 0.000000 1.829203 -0.142435
v 0.087608 1.876691 -0.127358
v -0.155112 1.717228 -0.051032
v -0.164596 1.681871 0.027384
v -0.118300 1.674723 0.060797
v -0.141654 1.603485 0.087594
v -0.061283 1.656281 0.102741
v -0.217673 1.714977 -0.053122
v -0.275999 1.705445 -0.053398
v -0.218952 1.682547 0.023503
v 0.046135 0.246350 -0.005869
v 0.056797 0.246350 0.028662
v 0.056591 0.246350 -0.039002
v 0.095242 0.246350 -0.056827
v 0.169243 0.241793 -0.003193
v 0.150450 0.241057 -0.052180
v 0.137639 0.246350 -0.005910
v 0.126491 0.246350 -0.039002
v 0.126476 0.246350 0.028662
v 0.150465 0.241793 0.047488
v 0.095242 0.246350 0.045178
v 0.095358 0.241793 0.074782
v 0.095358 0.158274 0.074782
v 0.150465 0.158274 0.048341
v 0.095358 0.144581 0.066872
v 0.140947 0.145157 0.039679
v 0.210776 1.495009 0.022206
v 0.217808 1.476683 -0.056120
v 0.087578 1.720181 -0.139478
v 0.000000 1.622677 -0.171231
v 0.000000 1.718402 -0.157803
v 0.000000 1.326925 0.202671
v 0.063754 1.399019 0.165673
v 0.000000 1.398840 0.175232
v 0.065343 1.327572 0.192230
v 0.351974 1.739935 -0.081298
v 0.318781 1.739935 -0.002867
v 0.273528 1.723228 -0.114491
v 0.351622 1.739935 -0.035208
v 0.318781 1.723228 -0.002867
v 0.240690 1.723228 -0.082135
v 0.240690 1.739935 -0.082135
v 0.240335 1.739935 -0.036045
v 0.272691 1.739935 -0.003207
v 0.273528 1.739935 -0.114491
v 0.133743 2.069157 -0.007824
v 0.161187 2.121232 0.049709
v 0.108551 2.062641 0.070371
v 0.607871 1.522643 -0.053899
v 0.727966 1.540437 -0.053914
v 0.734998 1.549335 -0.052782
v 0.707054 1.573735 -0.049413
v 0.707024 1.632016 -0.094621
v 0.038165 0.583636 -0.002602
v 0.023750 0.697319 0.010325
v 0.028868 0.756718 0.010796
v -0.190656 1.221993 0.035765
v -0.158936 1.221993 0.116491
v -0.058195 1.221993 0.159553
v 0.000000 1.221993 0.163759
v 0.000000 1.032145 0.131553
v 0.129388 1.895177 0.005870
v -0.118211 1.899338 0.028606
v -0.129388 1.895177 0.005870
v -0.127448 1.893017 -0.010587
v -0.019428 0.529265 -0.010867
v -0.022767 0.612578 0.006942
v 0.479010 1.517996 -0.053458
v 0.517721 1.509274 -0.052782
v 0.551045 1.528658 -0.054942
v 0.605696 1.539320 -0.053178
v 0.217808 1.476683 -0.056120
v 0.169628 1.623545 -0.165743
v 0.229307 1.625515 -0.157433
v 0.275999 1.705445 -0.053398
v 0.257763 1.496699 -0.055238
v 0.217808 1.476683 -0.056120
v 0.210776 1.495009 0.022206
v 0.192084 1.550011 0.074401
v 0.000000 1.271541 -0.142741
v 0.101182 1.271541 -0.137889
v 0.190656 1.271541 0.035765
v 0.157568 1.271803 0.117714
v 0.059518 1.271541 0.158039
v 0.065343 1.327572 0.192230
v 0.265352 1.678562 -0.123433
v 0.265748 1.677885 0.017649
v 0.226791 1.624251 0.048737
v 0.180275 1.607750 0.069373
v 0.155112 1.717228 -0.051032
v 0.000000 1.622677 -0.171231
v -0.109594 1.624102 -0.173803
v -0.217808 1.476683 -0.056120
v -0.210776 1.495009 0.022206
v -0.192084 1.550011 0.074401
v -0.226791 1.624251 0.048737
v -0.180275 1.607750 0.069373
v -0.707024 1.632016 -0.094621
v 0.026927 0.908256 0.015088
v 0.014150 0.961964 0.016341
v -0.006471 0.986701 0.015720
v 0.000000 0.988025 0.015032
v 0.022767 0.612578 0.006942
v -0.020221 0.559706 0.070079
v -0.095373 0.560443 0.111579
v -0.025929 0.530413 0.072150
v -0.028868 0.756718 0.010796
v -0.023750 0.697319 0.010325
v -0.275999 1.705445 -0.053398
v -0.229307 1.625515 -0.157433
v -0.169628 1.623545 -0.165743
v -0.191878 1.531877 -0.136506
v -0.257763 1.496699 -0.055238
v -0.217808 1.476683 -0.056120
v -0.605696 1.539320 -0.053178
v -0.551045 1.528658 -0.054942
v -0.517721 1.509274 -0.052782
v -0.023750 0.697319 0.010325
v -0.028868 0.756718 0.010796
v 0.006471 0.986701 0.015720
v 0.000000 1.113723 0.160450
v 0.190656 1.221993 0.035765
v 0.160846 1.224554 -0.072049
v 0.066531 2.116114 -0.046209
v 0.000000 2.204149 -0.057854
v 0.000000 2.143998 0.018928
v -0.066531 2.116114 -0.046209
v 0.000000 2.055803 -0.161728
v -0.046120 2.040540 0.123714
v -0.096255 1.994786 0.091874
v -0.052105 1.999728 0.118697
v -0.116199 2.045452 0.124787
v -0.108551 2.062641 0.070371
v -0.135347 2.022110 0.047575
v -0.120917 1.989272 0.067167
v -0.059137 1.971313 -0.161141
v -0.098636 1.970756 -0.145392
v -0.068356 2.021979 -0.158891
v -0.126932 1.992666 -0.179773
v -0.122020 2.015537 -0.119081
v -0.108551 2.062641 0.070371
v -0.046120 2.040540 0.123714
v -0.089754 2.097276 0.138301
v 0.000000 2.073994 0.110211
v -0.055343 2.112735 0.067960
v -0.087799 2.156604 -0.118461
v -0.040972 2.084850 -0.131773
v -0.097489 2.081086 -0.110375
v -0.097489 2.081086 -0.110375
v -0.133743 2.069157 -0.007824
v -0.134656 1.961739 -0.068165
v -0.137213 2.006375 -0.057413
v -0.132656 1.977769 -0.099548
v -0.113152 2.053011 -0.071372
v -0.137213 2.006375 -0.057413
v -0.134656 1.961739 -0.068165
v -0.132656 1.977769 -0.099548
v -0.141669 1.952871 -0.111302
v -0.109990 1.954385 -0.103948
v -0.152155 1.924239 -0.115152
v -0.167258 2.056831 0.050281
v -0.133743 2.069157 -0.007824
v -0.137302 2.021171 -0.002310
v -0.108551 2.062641 0.070371
v -0.135347 2.022110 0.047575
v 0.109990 1.954385 -0.103948
v 0.132656 1.977769 -0.099548
v 0.141669 1.952871 -0.111302
v 0.134656 1.961739 -0.068165
v 0.152155 1.924239 -0.115152
v 0.137302 2.021171 -0.002310
v 0.140685 1.973021 -0.015693
v 0.137213 2.006375 -0.057413
v 0.137302 2.021171 -0.002310
v 0.174084 1.955828 -0.057208
v 0.140685 1.973021 -0.015693
v 0.134656 1.961739 -0.068165
v 0.188054 2.052745 -0.037723
v 0.137213 2.006375 -0.057413
v 0.113152 2.053011 -0.071372
v 0.137302 2.021171 -0.002310
v 0.133743 2.069157 -0.007824
v 0.113152 2.053011 -0.071372
v 0.137213 2.006375 -0.057413
v 0.171187 1.999257 -0.111122
v 0.132656 1.977769 -0.099548
v 0.122020 2.015537 -0.119081
v -0.160170 1.224554 -0.071694
v -0.161994 1.271362 -0.072561
v -0.100446 1.221993 -0.137553
v -0.190656 1.271541 0.035765
v -0.059518 1.271541 0.158039
v -0.058195 1.221993 0.159553
v 0.000000 1.271541 0.162495
v 0.000000 1.221993 0.163759
v 0.058195 1.221993 0.159553
v 0.059518 1.271541 0.158039
v 0.158936 1.221993 0.116491
v 0.161994 1.271362 -0.072561
v 0.100446 1.221993 -0.137553
v 0.101182 1.271541 -0.137889
v 0.000000 1.221993 -0.140581
v 0.000000 1.271541 -0.142741
v -0.101182 1.271541 -0.137889
v -0.154745 1.464564 0.118962
v -0.141654 1.603485 0.087594
v -0.062460 1.602588 0.119022
v -0.091653 1.946400 -0.135889
v -0.120917 1.989272 0.067167
v -0.096255 1.994786 0.091874
v 0.052105 1.999728 0.118697
v 0.055930 1.992360 0.125022
v 0.096255 1.994786 0.091874
v 0.102416 1.987963 0.097684
v -0.095358 0.158274 0.074782
v -0.095358 0.241793 -0.082270
v -0.095242 0.246350 -0.056827
v 0.061283 1.656281 0.102741
v -0.057473 1.751288 0.103609
v -0.061283 1.656281 0.102741
v -0.062460 1.602588 0.119022
v -0.062842 1.468096 0.150731
v -0.063754 1.399019 0.165673
v -0.065343 1.327572 0.192230
v 0.000000 1.271541 0.162495
v -0.059518 1.271541 0.158039
v 0.101769 2.105908 -0.013633
v 0.055343 2.112735 0.067960
v 0.097489 2.081086 -0.110375
v 0.113152 2.053011 -0.071372
v 0.133743 2.069157 -0.007824
v 0.068356 2.021979 -0.158891
v 0.122020 2.015537 -0.119081
v 0.126932 1.992666 -0.179773
v 0.098636 1.970756 -0.145392
v 0.059137 1.971313 -0.161141
v 0.059137 1.971313 -0.161141
v 0.098636 1.970756 -0.145392
v 0.106977 2.172339 0.015515
v 0.066531 2.116114 -0.046209
v 0.000000 2.143998 0.018928
v 0.101769 2.105908 -0.013633
v 0.055343 2.112735 0.067960
v 0.000000 2.055803 -0.161728
v 0.000000 1.969959 -0.179467
v -0.030296 2.015818 -0.228746
v -0.059137 1.971313 -0.161141
v -0.068356 2.021979 -0.158891
v 0.000000 2.055803 -0.161728
v 0.049283 1.943137 -0.149582
v 0.046516 1.933002 -0.193818
v 0.059137 1.971313 -0.161141
v 0.000000 1.969959 -0.179467
v -0.046516 1.933002 -0.193818
v -0.059137 1.971313 -0.161141
v -0.049283 1.943137 -0.149582
v 0.000000 2.132279 -0.167437
v 0.000000 2.055803 -0.161728
v -0.040972 2.084850 -0.131773
v 0.040972 2.084850 -0.131773
v 0.000000 2.129602 -0.096255
v -0.055343 2.112735 0.067960
v 0.000000 2.073994 0.110211
v 0.000000 2.165176 0.092181
v 0.055343 2.112735 0.067960
v 0.000000 2.143998 0.018928
v 0.000000 2.129602 -0.096255
v 0.000000 1.939077 -0.169407
v 0.120917 1.989272 0.067167
v 0.133153 1.981713 0.025765
v 0.091653 1.946400 -0.135889
v 0.095358 0.145157 -0.066931
v -0.095358 0.158274 -0.083433
v -0.095358 0.145157 -0.066931
v -0.140947 0.145157 0.039679
v -0.095358 0.144581 0.066872
v -0.095358 0.241793 0.074782
v -0.095242 0.246350 0.045178
v -0.095242 0.246350 -0.056827
v -0.095358 0.241793 -0.082270
v -0.706818 1.631661 -0.009103
v -0.607871 1.522643 -0.053899
v -0.727966 1.540437 -0.053914
v -0.734998 1.549335 -0.052782
v -0.707054 1.573735 -0.049413
v -0.707024 1.632016 -0.094621
v -0.479010 1.517996 -0.053458
v 0.000000 2.129602 -0.096255
v -0.066531 2.116114 -0.046209
v -0.098636 1.970756 -0.145392
v -0.059137 1.971313 -0.161141
v -0.091242 1.926060 -0.170656
v -0.049283 1.943137 -0.149582
v -0.091653 1.946400 -0.135889
v -0.066531 2.116114 -0.046209
v -0.106977 2.172339 0.015515
v -0.101769 2.105908 -0.013633
v -0.055343 2.112735 0.067960
v -0.122020 2.015537 -0.119081
v -0.098636 1.970756 -0.145392
v -0.132656 1.977769 -0.099548
v -0.152801 2.066009 -0.154801
v -0.122020 2.015537 -0.119081
v -0.113152 2.053011 -0.071372
v -0.068356 2.021979 -0.158891
v -0.097489 2.081086 -0.110375
v -0.101769 2.105908 -0.013633
v -0.066531 2.116114 -0.046209
v 0.066531 2.116114 -0.046209
v 0.087799 2.156604 -0.118461
v 0.097489 2.081086 -0.110375
v 0.040972 2.084850 -0.131773
v 0.089754 2.097276 0.138301
v 0.055343 2.112735 0.067960
v 0.108551 2.062641 0.070371
v 0.046120 2.040540 0.123714
v 0.046120 2.040540 0.123714
v 0.000000 2.000947 0.125624
v 0.052105 1.999728 0.118697
v -0.052105 1.999728 0.118697
v 0.068356 2.021979 -0.158891
v 0.030296 2.015818 -0.228746
v 0.059137 1.971313 -0.161141
v -0.210189 0.698257 -0.019458
v -0.274190 0.700216 -0.018632
v -0.210189 0.963288 -0.019458
v -0.274190 0.961318 -0.018632
v -0.210189 0.698257 0.064019
v -0.210189 0.963288 0.064019
v -0.210189 0.698257 -0.019458
v -0.210189 0.698257 0.064019
v -0.169628 1.623545 -0.165743
v 0.109594 1.624102 -0.173803
v 0.169628 1.623545 -0.165743
v 0.191878 1.531877 -0.136506
v 0.130420 1.721359 -0.105769
v 0.163273 1.681370 -0.128184
v 0.155112 1.717228 -0.051032
v 0.118300 1.674723 0.060797
v 0.164596 1.681871 0.027384
v 0.180275 1.607750 0.069373
v 0.141654 1.603485 0.087594
v 0.061283 1.656281 0.102741
v 0.062460 1.602588 0.119022
v 0.706818 1.631661 -0.009103
v -0.039238 1.771995 -0.134491
v -0.074416 1.765569 -0.120565
v -0.067193 1.803083 -0.087447
v -0.091739 1.773875 -0.091488
v -0.088005 1.809263 -0.060916
v -0.106255 1.782642 -0.059854
v -0.096947 1.828762 -0.026987
v -0.127448 1.893017 -0.010587
v -0.091739 1.773875 -0.091488
v 0.129388 1.895177 0.005870
v 0.125844 1.886575 -0.011192
v 0.127448 1.893017 -0.010587
v 0.110431 1.852485 -0.011058
v 0.118211 1.899338 0.028606
v 0.106255 1.782642 -0.059854
v 0.096947 1.828762 -0.026987
v 0.088005 1.809263 -0.060916
v 0.088535 1.824863 -0.062711
v 0.067193 1.803083 -0.087447
v 0.091739 1.773875 -0.091488
v -0.062270 1.521936 0.143845
v -0.059518 1.271541 0.158039
v -0.157568 1.271803 0.117714
v -0.161994 1.271362 -0.072561
v 0.063754 1.399019 0.165673
v 0.062460 1.602588 0.119022
v 0.141654 1.603485 0.087594
v 0.180275 1.607750 0.069373
v 0.154745 1.464564 0.118962
v 0.056311 1.799348 -0.117403
v 0.074416 1.765569 -0.120565
v 0.057358 1.823849 -0.100315
v 0.021413 1.797745 -0.126741
v 0.039238 1.771995 -0.134491
v -0.056311 1.799348 -0.117403
v -0.039238 1.771995 -0.134491
v -0.074416 1.765569 -0.120565
v -0.127448 1.893017 -0.010587
v -0.125844 1.886575 -0.011192
v -0.133153 1.981713 0.025765
v -0.135347 2.022110 0.047575
v -0.120917 1.989272 0.067167
v 0.135347 2.022110 0.047575
v 0.146921 1.979918 0.040517
v 0.133153 1.981713 0.025765
v 0.120917 1.989272 0.067167
v -0.132656 1.977769 -0.099548
v -0.098636 1.970756 -0.145392
v 0.098636 1.970756 -0.145392
v 0.132656 1.977769 -0.099548
v 0.091653 1.946400 -0.135889
v 0.038165 0.583636 -0.002602
v 0.025413 0.546794 -0.005955
v 0.019428 0.529265 -0.010867
v 0.033473 0.517014 -0.011940
v 0.015750 0.392419 -0.009058
v -0.002867 0.375006 -0.009940
v 0.095358 0.158274 -0.083433
v 0.095358 0.145157 -0.066931
v -0.095358 0.145157 -0.066931
v 0.095358 0.158274 0.074782
v 0.095358 0.144581 0.066872
v -0.079623 1.624016 -0.175672
v 0.068961 1.663269 -0.169201
v 0.039810 1.692035 -0.164480
v 0.000000 1.702562 -0.162760
v -0.039810 1.692035 -0.164480
v -0.068961 1.663269 -0.169201
v -0.217808 1.476683 -0.056120
v -0.140685 1.973021 -0.015693
v -0.137302 2.021171 -0.002310
v -0.174084 1.955828 -0.057208
v -0.137213 2.006375 -0.057413
v -0.134656 1.961739 -0.068165
v -0.133153 1.981713 0.025765
v -0.137302 2.021171 -0.002310
v -0.133743 2.069157 -0.007824
v -0.188054 2.052745 -0.037723
v -0.113152 2.053011 -0.071372
v -0.137213 2.006375 -0.057413
v -0.026927 0.908256 0.015088
v -0.014150 0.961964 0.016341
v -0.038165 0.583636 -0.002602
v -0.025413 0.546794 -0.005955
v -0.019428 0.529265 -0.010867
v -0.033473 0.517014 -0.011940
v -0.015750 0.392419 -0.009058
v 0.002867 0.375006 -0.009940
v 0.000000 1.872501 -0.154977
v 0.127448 1.893017 -0.010587
v 0.106255 1.782642 -0.059854
v 0.091739 1.773875 -0.091488
v 0.000000 1.765684 -0.149478
v -0.021413 1.797745 -0.126741
v -0.180275 1.607750 0.069373
v -0.062460 1.602588 0.119022
v -0.169628 1.623545 -0.165743
v -0.229307 1.625515 -0.157433
v -0.163273 1.681370 -0.128184
v -0.220496 1.681680 -0.125522
v -0.155112 1.717228 -0.051032
v -0.164596 1.681871 0.027384
v -0.180275 1.607750 0.069373
v -0.226791 1.624251 0.048737
v -0.265748 1.677885 0.017649
v -0.265352 1.678562 -0.123433
v 0.095358 0.241793 0.074782
v 0.095242 0.246350 0.045178
v 0.095358 0.241793 -0.082270
v 0.095242 0.246350 -0.056827
v 0.192084 1.550011 0.074401
v 0.180275 1.607750 0.069373
v 0.109594 1.624102 -0.173803
v 0.169628 1.623545 -0.165743
v -0.109594 1.624102 -0.173803
v -0.169628 1.623545 -0.165743
v 0.057473 1.751288 0.103609
v 0.046707 1.633680 0.055077
v 0.000000 1.749243 0.112431
v 0.000000 1.653268 0.072491
v -0.046707 1.633680 0.055077
v -0.057473 1.751288 0.103609
v 0.059518 1.271541 0.158039
v 0.062842 1.468096 0.150731
v 0.062270 1.521936 0.143845
v 0.062460 1.602588 0.119022
v -0.210189 0.698257 -0.019458
v -0.210189 0.963288 -0.019458
v -0.210189 0.698257 0.064019
v -0.210189 0.963288 0.064019
v -0.210189 0.963288 0.064019
v -0.210189 0.963288 -0.019458
v -0.274190 0.961318 -0.018632
v 0.167258 2.056831 0.050281
v 0.133743 2.069157 -0.007824
v 0.108551 2.062641 0.070371
v 0.137302 2.021171 -0.002310
v 0.135347 2.022110 0.047575
v 0.132656 1.977769 -0.099548
v 0.137213 2.006375 -0.057413
v 0.134656 1.961739 -0.068165
v 0.135347 2.022110 0.047575
v 0.096255 1.994786 0.091874
v 0.120917 1.989272 0.067167
v 0.116199 2.045452 0.124787
v 0.108551 2.062641 0.070371
v 0.046120 2.040540 0.123714
v 0.052105 1.999728 0.118697
v 0.132656 1.977769 -0.099548
v 0.098636 1.970756 -0.145392
v 0.122020 2.015537 -0.119081
v 0.152801 2.066009 -0.154801
v 0.122020 2.015537 -0.119081
v 0.068356 2.021979 -0.158891
v 0.113152 2.053011 -0.071372
v 0.097489 2.081086 -0.110375
vt 0.651300 0.741300
vt 0.627100 0.705900
vt 0.681700 0.753800
vt 0.675800 0.624500
vt 0.731900 0.751200
vt 0.733500 0.636100
vt 0.796800 0.721200
vt 0.792000 0.625800
vt 0.852500 0.584300
vt 0.790800 0.600200
vt 0.733200 0.609900
vt 0.680200 0.600500
vt 0.622900 0.581000
vt 0.561100 0.554500
vt 0.565500 0.755000
vt 0.502700 0.562200
vt 0.502700 0.753100
vt 0.502700 0.782400
vt 0.502700 0.808100
vt 0.570200 0.795500
vt 0.502700 0.867500
vt 0.571000 0.882500
vt 0.574600 0.867500
vt 0.628000 0.963800
vt 0.573500 0.997300
vt 0.579200 0.963800
vt 0.375000 0.385300
vt 0.302900 0.377700
vt 0.303100 0.409100
vt 0.234700 0.399500
vt 0.221500 0.471400
vt 0.173900 0.399700
vt 0.163600 0.472200
vt 0.126000 0.390600
vt 0.126000 0.460000
vt 0.104300 0.405900
vt 0.119800 0.449200
vt 0.078100 0.364600
vt 0.429300 0.114800
vt 0.497700 0.114800
vt 0.497700 0.099600
vt 0.497700 0.128000
vt 0.436300 0.242700
vt 0.435700 0.228800
vt 0.375100 0.241000
vt 0.433700 0.166600
vt 0.497700 0.185500
vt 0.432300 0.141200
vt 0.375100 0.149500
vt 0.375000 0.130500
vt 0.375000 0.114800
vt 0.426600 0.099600
vt 0.425600 0.035900
vt 0.497700 0.035900
vt 0.424600 0.018800
vt 0.241500 0.004000
vt 0.497700 0.018800
vt 0.375000 0.018800
vt 0.322000 0.018800
vt 0.269100 0.035900
vt 0.317100 0.035900
vt 0.314000 0.099600
vt 0.375000 0.099600
vt 0.375000 0.035900
vt 0.374100 0.468500
vt 0.427300 0.501200
vt 0.425400 0.472300
vt 0.378500 0.501200
vt 0.307300 0.467500
vt 0.311400 0.501200
vt 0.083000 0.445300
vt 0.060600 0.865200
vt 0.067900 0.859700
vt 0.056500 0.861400
vt 0.069700 0.844600
vt 0.060000 0.853000
vt 0.070500 0.857700
vt 0.058200 0.860000
vt 0.116500 0.775800
vt 0.115100 0.751900
vt 0.111100 0.751900
vt 0.112700 0.775800
vt 0.093900 0.751900
vt 0.093900 0.775800
vt 0.082000 0.751900
vt 0.072400 0.751900
vt 0.072300 0.775800
vt 0.064900 0.751900
vt 0.063000 0.775800
vt 0.059800 0.751900
vt 0.057000 0.775800
vt 0.055700 0.751900
vt 0.051500 0.775800
vt 0.052900 0.751900
vt 0.050100 0.775800
vt 0.272200 0.018800
vt 0.182500 0.035900
vt 0.267800 0.099600
vt 0.310500 0.114800
vt 0.497700 0.154000
vt 0.304800 0.140400
vt 0.252500 0.155800
vt 0.264800 0.129300
vt 0.268100 0.114800
vt 0.183000 0.099600
vt 0.996700 0.882500
vt 0.908700 0.882500
vt 0.910900 0.867500
vt 0.847800 0.867500
vt 0.923000 0.828200
vt 0.568700 0.512000
vt 0.675700 0.566300
vt 0.794900 0.567200
vt 0.841700 0.536300
vt 0.882200 0.540200
vt 0.930100 0.552600
vt 0.923300 0.721200
vt 0.330800 0.535800
vt 0.319300 0.500300
vt 0.411200 0.534900
vt 0.106000 0.806100
vt 0.094600 0.804200
vt 0.104600 0.799600
vt 0.094800 0.796300
vt 0.072800 0.797400
vt 0.085300 0.788700
vt 0.085100 0.795900
vt 0.072800 0.804500
vt 0.849300 0.710300
vt 0.798400 0.782100
vt 0.996700 0.753100
vt 0.996700 0.562200
vt 0.677000 0.963800
vt 0.724100 0.997300
vt 0.731400 0.963800
vt 0.775500 0.997300
vt 0.791500 0.963800
vt 0.908400 0.954500
vt 0.996700 0.954500
vt 0.850400 0.954500
vt 0.847900 0.882500
vt 0.795500 0.882500
vt 0.796300 0.867500
vt 0.732500 0.882500
vt 0.732800 0.867500
vt 0.674400 0.882500
vt 0.687900 0.867500
vt 0.003600 0.372100
vt 0.003600 0.351900
vt 0.076600 0.329500
vt 0.125800 0.327800
vt 0.177500 0.328700
vt 0.238100 0.327800
vt 0.305600 0.327800
vt 0.375400 0.327800
vt 0.375000 0.358900
vt 0.436600 0.329500
vt 0.434000 0.358000
vt 0.497700 0.326500
vt 0.630900 0.867500
vt 0.627800 0.795800
vt 0.599000 0.766700
vt 0.599300 0.742800
vt 0.680900 0.796200
vt 0.732500 0.809200
vt 0.850000 0.836900
vt 0.793300 0.832100
vt 0.852700 0.818400
vt 0.921800 0.807600
vt 0.920800 0.778800
vt 0.796700 0.810800
vt 0.734400 0.782200
vt 0.652300 0.765900
vt 0.849200 0.790200
vt 0.126000 0.227100
vt 0.180400 0.241900
vt 0.180100 0.228000
vt 0.126000 0.241000
vt 0.074000 0.228800
vt 0.073900 0.242700
vt 0.003600 0.225800
vt 0.003600 0.239700
vt 0.125900 0.099600
vt 0.068900 0.099600
vt 0.125800 0.114800
vt 0.069600 0.035900
vt 0.375000 0.434000
vt 0.419800 0.426600
vt 0.431300 0.426400
vt 0.420100 0.390600
vt 0.443200 0.394100
vt 0.066300 0.158800
vt 0.068800 0.194900
vt 0.003600 0.185500
vt 0.125900 0.157500
vt 0.065700 0.114800
vt 0.185200 0.158200
vt 0.183300 0.114800
vt 0.180700 0.193500
vt 0.242800 0.187700
vt 0.126000 0.193000
vt 0.125800 0.018800
vt 0.068600 0.018800
vt 0.125900 0.035900
vt 0.307500 0.162100
vt 0.101300 0.406600
vt 0.003600 0.326500
vt 0.053500 0.397900
vt 0.004000 0.382300
vt 0.053100 0.501200
vt 0.116800 0.449200
vt 0.113300 0.501500
vt 0.161500 0.501200
vt 0.242500 0.241000
vt 0.241700 0.227100
vt 0.306700 0.227100
vt 0.306600 0.241000
vt 0.352000 0.829600
vt 0.353100 0.829600
vt 0.353300 0.891400
vt 0.354600 0.829600
vt 0.329800 0.892400
vt 0.331200 0.827100
vt 0.329700 0.827700
vt 0.321500 0.823100
vt 0.320900 0.876500
vt 0.319800 0.821600
vt 0.320300 0.821800
vt 0.345300 0.865400
vt 0.346300 0.820400
vt 0.345800 0.820400
vt 0.328200 0.811200
vt 0.329000 0.811200
vt 0.328600 0.851000
vt 0.096500 0.754600
vt 0.096400 0.871700
vt 0.103600 0.754600
vt 0.103600 0.871700
vt 0.113300 0.754600
vt 0.217200 0.530300
vt 0.121300 0.531200
vt 0.219100 0.591400
vt 0.131700 0.591100
vt 0.228800 0.629400
vt 0.158900 0.694100
vt 0.113100 0.683900
vt 0.152000 0.737100
vt 0.793500 0.954500
vt 0.732100 0.954500
vt 0.676600 0.954500
vt 0.625500 0.882500
vt 0.576900 0.954500
vt 0.626800 0.954500
vt 0.674000 0.997300
vt 0.996700 0.963800
vt 0.905400 0.963800
vt 0.848800 0.963800
vt 0.083400 0.867400
vt 0.093800 0.873500
vt 0.093700 0.867400
vt 0.082700 0.775800
vt 0.083600 0.873500
vt 0.063200 0.867400
vt 0.073500 0.873500
vt 0.072700 0.867400
vt 0.057100 0.867400
vt 0.050000 0.867400
vt 0.052100 0.873500
vt 0.051400 0.867400
vt 0.050700 0.873500
vt 0.105600 0.861900
vt 0.096900 0.857700
vt 0.102600 0.847000
vt 0.108600 0.854700
vt 0.100000 0.860000
vt 0.107700 0.863000
vt 0.098800 0.864000
vt 0.086500 0.865300
vt 0.114200 0.863400
vt 0.083000 0.851000
vt 0.183300 0.018800
vt 0.004300 0.861100
vt 0.060400 0.860500
vt 0.007300 0.871400
vt 0.055000 0.871400
vt 0.088100 0.871400
vt 0.085600 0.861100
vt 0.095700 0.861100
vt 0.094500 0.871400
vt 0.873300 0.497700
vt 0.754300 0.418500
vt 0.873300 0.418200
vt 0.754300 0.497700
vt 0.873300 0.457400
vt 0.754300 0.453900
vt 0.754300 0.408200
vt 0.754300 0.355600
vt 0.873300 0.244100
vt 0.754300 0.242400
vt 0.754300 0.189800
vt 0.080200 0.782600
vt 0.076900 0.768100
vt 0.082300 0.768100
vt 0.766500 0.458900
vt 0.751400 0.458900
vt 0.766500 0.442300
vt 0.751400 0.442400
vt 0.330700 0.827100
vt 0.328700 0.827700
vt 0.389600 0.853500
vt 0.386200 0.806500
vt 0.388900 0.807000
vt 0.114100 0.867400
vt 0.117400 0.867400
vt 0.117000 0.873500
vt 0.047800 0.863800
vt 0.074100 0.867000
vt 0.086400 0.851600
vt 0.095800 0.769000
vt 0.085000 0.754600
vt 0.085600 0.769000
vt 0.093500 0.754600
vt 0.117000 0.755000
vt 0.120700 0.769400
vt 0.119900 0.755000
vt 0.117300 0.769400
vt 0.113700 0.769400
vt 0.111700 0.769400
vt 0.113700 0.861100
vt 0.117300 0.861100
vt 0.114500 0.871300
vt 0.117500 0.871300
vt 0.120700 0.860300
vt 0.121000 0.871300
vt 0.895200 0.997300
vt 0.996700 0.997300
vt 0.313700 0.819500
vt 0.312900 0.868400
vt 0.315400 0.814700
vt 0.669500 0.014200
vt 0.734000 0.077800
vt 0.625000 0.123800
vt 0.579000 0.014800
vt 0.516000 0.169800
vt 0.580500 0.233400
vt 0.873800 0.085300
vt 0.943800 0.085300
vt 0.943800 0.410000
vt 0.361600 0.630800
vt 0.416000 0.681100
vt 0.413100 0.637100
vt 0.498200 0.680800
vt 0.378800 0.790900
vt 0.374700 0.783600
vt 0.373000 0.787900
vt 0.342900 0.779600
vt 0.336600 0.811200
vt 0.358800 0.785300
vt 0.313100 0.804500
vt 0.446500 0.801400
vt 0.428200 0.803900
vt 0.449700 0.794500
vt 0.123900 0.630100
vt 0.000500 0.628400
vt 0.000500 0.589900
vt 0.000500 0.534000
vt 0.210300 0.500300
vt 0.412200 0.500300
vt 0.498200 0.536800
vt 0.498200 0.590600
vt 0.411200 0.591400
vt 0.327900 0.591400
vt 0.319300 0.625700
vt 0.000500 0.668000
vt 0.475300 0.782700
vt 0.467300 0.802900
vt 0.467900 0.790000
vt 0.195000 0.994400
vt 0.217700 0.785300
vt 0.086900 0.998300
vt 0.404900 0.806900
vt 0.433400 0.789000
vt 0.427000 0.776300
vt 0.373300 0.848600
vt 0.376300 0.821900
vt 0.372800 0.839000
vt 0.370600 0.823200
vt 0.336300 0.814700
vt 0.336400 0.878900
vt 0.337300 0.814700
vt 0.336700 0.846600
vt 0.102500 0.769000
vt 0.059400 0.754600
vt 0.060500 0.769200
vt 0.005200 0.753900
vt 0.102300 0.861100
vt 0.688000 0.266900
vt 0.733900 0.312800
vt 0.625400 0.375500
vt 0.625400 0.250000
vt 0.562600 0.266900
vt 0.516800 0.312800
vt 0.500000 0.375500
vt 0.750700 0.375500
vt 0.498200 0.635800
vt 0.236300 0.659100
vt 0.341300 0.686400
vt 0.330100 0.810800
vt 0.329600 0.810800
vt 0.497700 0.372100
vt 0.372400 0.811600
vt 0.326600 0.774000
vt 0.351200 0.775300
vt 0.363700 0.784400
vt 0.375300 0.768700
vt 0.383000 0.769800
vt 0.379100 0.782200
vt 0.381900 0.793900
vt 0.071300 0.768100
vt 0.064900 0.775400
vt 0.060100 0.768100
vt 0.057100 0.795400
vt 0.048300 0.768100
vt 0.100400 0.871400
vt 0.113100 0.871300
vt 0.111700 0.861100
vt 0.112300 0.754300
vt 0.114300 0.755000
vt 0.945300 0.524800
vt 0.996700 0.521300
vt 0.085900 0.793800
vt 0.086000 0.768100
vt 0.754300 0.053800
vt 0.873300 0.134900
vt 0.754300 0.134800
vt 0.873300 0.054500
vt 0.515400 0.079300
vt 0.734600 0.168300
vt 0.671000 0.232800
vt 0.321000 0.822700
vt 0.502700 0.882500
vt 0.502700 0.954500
vt 0.502700 0.963800
vt 0.502700 0.997300
vt 0.629200 0.997300
vt 0.497700 0.225800
vt 0.497700 0.239700
vt 0.211300 0.501200
vt 0.117900 0.501200
vt 0.083300 0.500500
vt 0.078700 0.408600
vt 0.078100 0.751900
vt 0.996700 0.782400
vt 0.996700 0.808100
vt 0.996700 0.867500
vt 0.503800 0.521300
vt 0.636500 0.501600
vt 0.638000 0.537000
vt 0.734100 0.575800
vt 0.313400 0.649600
vt 0.498200 0.500300
vt 0.116500 0.500300
vt 0.000500 0.500300
vt 0.095500 0.789500
vt 0.072300 0.790000
vt 0.064200 0.799500
vt 0.062800 0.805800
vt 0.085100 0.803600
vt 0.498200 0.748900
vt 0.420800 0.748900
vt 0.899300 0.511100
vt 0.855500 0.502100
vt 0.498700 0.351900
vt 0.497700 0.382300
vt 0.053200 0.438300
vt 0.324700 0.822300
vt 0.324500 0.896900
vt 0.324200 0.822200
vt 0.354300 0.829600
vt 0.316600 0.818800
vt 0.317800 0.814700
vt 0.317100 0.814700
vt 0.317900 0.873700
vt 0.317800 0.818700
vt 0.319300 0.818300
vt 0.318800 0.814700
vt 0.371500 0.827400
vt 0.367900 0.827500
vt 0.372500 0.828000
vt 0.367300 0.863200
vt 0.365500 0.826900
vt 0.313700 0.815500
vt 0.314900 0.815500
vt 0.315000 0.870200
vt 0.316200 0.814700
vt 0.314900 0.815300
vt 0.333600 0.892900
vt 0.336000 0.826600
vt 0.334500 0.826600
vt 0.331700 0.827100
vt 0.348900 0.814700
vt 0.347500 0.814900
vt 0.351500 0.814200
vt 0.343900 0.820400
vt 0.344400 0.820400
vt 0.384000 0.813000
vt 0.396600 0.814100
vt 0.394900 0.812900
vt 0.389700 0.823900
vt 0.390000 0.846800
vt 0.326700 0.871500
vt 0.327600 0.818800
vt 0.327200 0.818800
vt 0.325900 0.818800
vt 0.326400 0.818800
vt 0.364600 0.810100
vt 0.360100 0.810100
vt 0.362100 0.867100
vt 0.361400 0.810100
vt 0.363700 0.810100
vt 0.341200 0.870100
vt 0.342400 0.817800
vt 0.343000 0.817800
vt 0.341000 0.817800
vt 0.339900 0.817800
vt 0.113300 0.871700
vt 0.118900 0.754600
vt 0.092800 0.871700
vt 0.092700 0.754600
vt 0.092400 0.871700
vt 0.092300 0.754600
vt 0.119000 0.871700
vt 0.119200 0.754600
vt 0.119400 0.871700
vt 0.143500 0.635500
vt 0.100200 0.737100
vt 0.000500 0.737100
vt 0.113500 0.873500
vt 0.065100 0.873500
vt 0.057900 0.873500
vt 0.004000 0.769000
vt 0.873300 0.408500
vt 0.873300 0.357800
vt 0.873300 0.188700
vt 0.754300 0.002100
vt 0.873300 0.002100
vt 0.390800 0.807100
vt 0.393100 0.806700
vt 0.323000 0.897400
vt 0.323800 0.823600
vt 0.321800 0.821200
vt 0.323100 0.811500
vt 0.322400 0.810900
vt 0.378700 0.830100
vt 0.377600 0.830000
vt 0.374500 0.878200
vt 0.376500 0.830000
vt 0.374700 0.830000
vt 0.372900 0.830000
vt 0.381400 0.813400
vt 0.380500 0.866600
vt 0.380400 0.813100
vt 0.379400 0.813800
vt 0.358100 0.882800
vt 0.358700 0.829100
vt 0.356900 0.830400
vt 0.355500 0.829500
vt 0.311500 0.821100
vt 0.311100 0.822300
vt 0.311900 0.889700
vt 0.312000 0.821000
vt 0.325100 0.822500
vt 0.382700 0.812800
vt 0.099000 0.754600
vt 0.122900 0.769400
vt 0.121700 0.755000
vt 0.121800 0.871300
vt 0.122800 0.861100
vt 0.829900 0.997300
vt 0.333800 0.826600
vt 0.332700 0.826600
vt 0.366100 0.819100
vt 0.374000 0.818100
vt 0.369300 0.819000
vt 0.347200 0.889600
vt 0.348000 0.828900
vt 0.346800 0.828900
vt 0.350800 0.828900
vt 0.348600 0.828900
vt 0.312200 0.814700
vt 0.313200 0.814700
vt 0.997700 0.085300
vt 0.997700 0.410000
vt 0.873800 0.010600
vt 0.943800 0.010600
vt 0.351100 0.748900
vt 0.060500 0.794500
vt 0.049200 0.797000
vt 0.363100 0.760800
vt 0.347800 0.759400
vt 0.311400 0.810200
vt 0.445600 0.774900
vt 0.278500 0.958200
vt 0.288500 0.993600
vt 0.462800 0.791900
vt 0.461400 0.779300
vt 0.470900 0.778900
vt 0.337500 0.814700
vt 0.336600 0.815400
vt 0.336100 0.814700
vt 0.376500 0.807500
vt 0.371000 0.806400
vt 0.003600 0.154000
vt 0.003600 0.128000
vt 0.003600 0.114800
vt 0.003600 0.099600
vt 0.003600 0.035900
vt 0.003600 0.018800
vt 0.516800 0.438100
vt 0.562600 0.484000
vt 0.625400 0.500800
vt 0.688000 0.484000
vt 0.733900 0.438100
vt 0.380700 0.811700
vt 0.386100 0.774900
vt 0.086200 0.793700
vt 0.086000 0.793700
vt 0.873700 0.481500
vt 0.873600 0.412800
vt 0.754600 0.481200
vt 0.754600 0.412900
vt 0.989600 0.030000
vt 0.989600 0.067000
vt 0.958800 0.030000
vt 0.958800 0.067000
vt 0.943800 0.492800
vt 0.873800 0.492800
vt 0.873800 0.410000
vn -0.234800 0.519500 -0.821600
vn 0.008000 0.023400 -0.999700
vn -0.061100 0.796200 -0.601900
vn 0.231700 0.617600 -0.751600
vn -0.208700 0.976100 0.060200
vn 0.299200 0.954100 0.009700
vn 0.033800 0.682900 0.729700
vn 0.263700 0.608700 0.748300
vn 0.141900 0.029500 0.989400
vn 0.104600 0.690100 0.716100
vn 0.160200 0.987000 -0.016600
vn 0.138800 0.694400 -0.706000
vn 0.101600 -0.002000 -0.994800
vn 0.087300 -0.672100 -0.735300
vn 0.021700 -0.767600 -0.640600
vn 0.182500 -0.801500 -0.569500
vn -0.532000 -0.845400 -0.048100
vn -0.391200 -0.898400 -0.199600
vn -0.065300 -0.976800 -0.204000
vn 0.097500 -0.717600 -0.689600
vn -0.947700 -0.316300 -0.041900
vn -0.446000 -0.670600 -0.592800
vn -0.296700 -0.686700 -0.663600
vn 0.999600 -0.007700 -0.026500
vn 0.997900 0.046500 0.045000
vn 0.999300 -0.021600 -0.030000
vn -0.176400 -0.210100 -0.961600
vn -0.773500 -0.000900 -0.633800
vn -0.802200 0.067000 -0.593300
vn -0.994800 0.084900 0.057100
vn -0.975000 0.215300 0.055300
vn -0.731600 0.038700 0.680700
vn -0.740400 0.131500 0.659200
vn 0.090000 0.035600 0.995300
vn -0.224800 0.032300 0.973900
vn 0.174200 0.026900 0.984300
vn -0.136800 -0.274700 0.951700
vn 0.813100 0.265000 0.518300
vn 0.770100 0.334300 -0.543300
vn 0.995300 -0.096800 0.005500
vn 0.876100 0.402700 -0.265100
vn 0.715800 -0.697900 0.022500
vn 0.790700 -0.005700 -0.612200
vn 0.753200 -0.018200 -0.657500
vn 0.013900 -0.046700 -0.998800
vn 0.689000 0.342600 -0.638700
vn 0.926100 -0.102200 -0.363200
vn 0.739800 0.056100 -0.670400
vn 0.014500 0.327900 -0.944600
vn 0.006900 -0.008300 -0.999900
vn -0.005600 0.368200 -0.929700
vn 0.688700 0.370500 -0.623300
vn 0.686900 -0.424300 -0.590000
vn 0.857700 -0.452100 -0.244800
vn 0.199500 -0.962800 -0.182100
vn 0.010600 -0.999800 0.017900
vn -0.062000 -0.997700 0.027200
vn -0.013300 -0.961900 -0.272900
vn -0.141200 -0.973700 -0.178600
vn -0.904700 -0.426000 0.001500
vn -0.665800 -0.442300 -0.600800
vn -0.677700 0.348500 -0.647500
vn -0.012500 0.389100 -0.921100
vn -0.021200 -0.425100 -0.904900
vn -0.365600 0.112900 -0.923900
vn -0.002900 0.158900 -0.987300
vn -0.000000 0.075800 -0.997100
vn -0.317400 0.082200 -0.944700
vn -0.828000 0.191600 -0.527000
vn -0.833600 0.254900 -0.490100
vn -0.048300 -0.220700 0.974100
vn -0.093200 0.992700 0.076700
vn 0.413700 0.129900 0.901100
vn 0.596900 -0.161800 0.785800
vn -0.829100 -0.552400 0.085700
vn -0.593700 -0.798600 -0.099200
vn -0.448400 -0.105500 -0.887600
vn -0.552600 0.076800 -0.829900
vn -0.000000 -0.916300 -0.400400
vn -0.000000 -0.701500 -0.712700
vn -0.434600 -0.783100 -0.444900
vn 0.543300 -0.640300 -0.543000
vn 0.594200 -0.388800 -0.704100
vn 0.602400 -0.796000 -0.059500
vn 0.853700 -0.468800 -0.227000
vn 0.741000 -0.591700 -0.317700
vn 0.706100 -0.697300 0.123400
vn 0.825600 -0.496700 0.267600
vn 0.621800 -0.629400 0.466100
vn 0.759900 -0.476400 0.442300
vn 0.256500 -0.834900 0.487000
vn 0.466500 -0.350000 0.812300
vn 0.265000 -0.706300 0.656500
vn 0.292100 -0.511400 0.808200
vn 0.086300 -0.724000 0.684400
vn 0.000000 -0.499600 0.866300
vn -0.392700 -0.550000 0.737100
vn 0.092100 -0.980700 0.172400
vn -0.551500 -0.456600 0.698100
vn -0.256500 -0.834900 0.487000
vn -0.759900 -0.476400 0.442300
vn -0.622600 -0.628000 0.466900
vn -0.825600 -0.496700 0.267600
vn -0.594200 -0.388800 -0.704100
vn -0.602400 -0.796000 -0.059500
vn -0.162600 -0.986000 -0.036400
vn -0.199500 -0.962800 -0.182100
vn -0.010600 -0.999800 0.017900
vn 0.141200 -0.973700 -0.178600
vn 0.236300 -0.971600 -0.007600
vn 0.904700 -0.426000 0.001500
vn 0.632700 -0.425500 0.647000
vn 0.946900 0.321500 0.007800
vn 0.677700 0.348500 -0.647500
vn 0.786900 0.227900 -0.573400
vn 0.005600 0.368200 -0.929700
vn -0.688700 0.370500 -0.623300
vn -0.770100 0.334300 -0.543300
vn -0.876100 0.402700 -0.265100
vn -0.980500 0.102600 0.167900
vn -0.970400 -0.129900 -0.203500
vn -0.739800 0.056100 -0.670400
vn 0.759000 -0.017200 -0.650800
vn 0.987900 0.078100 0.134400
vn 0.902500 -0.406200 0.143400
vn 0.952900 0.289500 0.089900
vn 0.616700 0.433800 0.656800
vn -0.559900 -0.788900 0.253100
vn -0.438500 -0.662400 0.607500
vn -0.576800 -0.609400 0.544000
vn -0.716000 0.022300 0.697800
vn 0.409500 -0.743700 0.528400
vn 0.163600 -0.469600 -0.867600
vn 0.129200 0.662200 -0.738100
vn -0.088000 0.794700 0.600500
vn 0.256100 0.132300 0.957500
vn 0.443000 -0.190500 0.876100
vn 0.367300 -0.637100 0.677700
vn 0.062700 -0.646600 0.760300
vn 0.858300 -0.204900 -0.470500
vn 0.832200 -0.503200 -0.232900
vn 0.395500 -0.150400 -0.906100
vn 0.143900 0.598000 -0.788500
vn 0.238700 0.799300 -0.551500
vn -0.212000 0.133700 -0.968100
vn 0.054600 0.741700 -0.668500
vn 0.112900 0.729900 0.674200
vn 0.120400 0.992700 0.009000
vn 0.087600 0.996100 -0.009800
vn 0.062600 0.753700 0.654300
vn -0.046300 0.053300 0.997500
vn -0.033800 0.682900 0.729700
vn 0.291300 0.549100 0.783400
vn -0.141900 0.029500 0.989400
vn -0.062700 -0.646600 0.760300
vn -0.367300 -0.637100 0.677700
vn 0.607800 -0.792800 -0.045400
vn -0.204600 -0.849700 0.486000
vn -0.443000 -0.190500 0.876100
vn -0.998600 0.028700 -0.044300
vn -0.994500 0.088300 -0.056200
vn -0.991500 0.128600 -0.017400
vn -0.996000 -0.056800 0.069000
vn -0.987500 0.132200 0.086100
vn 0.471900 -0.667700 0.575700
vn 0.494100 -0.822800 0.280900
vn 0.460500 -0.031100 0.887100
vn -0.517300 -0.030700 0.855200
vn -0.504500 0.616500 0.604500
vn -0.516800 0.839200 0.169100
vn -0.525100 0.850700 -0.024200
vn -0.691800 0.721900 -0.014300
vn -0.507300 0.581500 -0.636000
vn -0.726500 0.532300 -0.434500
vn 0.689800 -0.228500 0.687000
vn 0.780700 0.624100 0.031300
vn 0.767700 -0.006100 0.640700
vn 0.026100 -0.073900 0.996900
vn -0.722600 -0.050000 0.689400
vn -0.914100 -0.395400 0.090200
vn -0.728700 -0.022000 -0.684500
vn 0.032900 0.010300 -0.999400
vn -0.010200 -0.102500 -0.994700
vn 0.768500 0.041900 -0.638500
vn 0.858600 -0.009900 -0.512500
vn 0.989400 -0.137700 0.045300
vn -0.193100 0.057100 -0.979500
vn 0.152000 0.002500 -0.988400
vn 0.119500 -0.397700 -0.909700
vn -0.220400 -0.509400 -0.831800
vn 0.115500 0.685600 -0.718800
vn 0.334400 0.933100 -0.132600
vn 0.250700 0.013300 0.968000
vn 0.282700 0.745100 0.604100
vn 0.062700 0.013100 0.997900
vn 0.100600 -0.681600 0.724700
vn -0.289500 -0.523700 0.801200
vn 0.046300 0.053300 0.997500
vn -0.291300 0.549100 0.783400
vn 0.069800 0.680100 0.729800
vn -0.030900 0.999200 -0.024400
vn 0.097300 0.404700 -0.909200
vn -0.209100 0.039100 0.977100
vn -0.001600 -0.077300 0.997000
vn -0.749200 0.303900 0.588500
vn -0.500700 -0.099400 0.859900
vn -0.089700 -0.097300 0.991200
vn 0.721200 -0.035300 0.691800
vn 0.728700 -0.056600 0.682400
vn 0.884000 0.205200 0.420100
vn 0.947500 0.203400 0.246700
vn -0.015400 0.403500 0.914900
vn 0.627700 0.426800 0.651100
vn -0.032600 0.585000 0.810400
vn 0.629400 -0.435600 0.643500
vn -0.317500 -0.007300 -0.948200
vn 0.517100 -0.208400 -0.830200
vn 0.000000 -0.505300 -0.863000
vn 0.528700 -0.363400 -0.767000
vn -0.000000 -0.479100 -0.877800
vn -0.700200 -0.004200 0.713900
vn -0.727600 -0.131700 0.673200
vn -0.802100 -0.194600 0.564600
vn -0.721200 -0.035300 0.691800
vn 0.012800 -0.185600 0.982500
vn -0.309700 0.651600 0.692500
vn 0.032600 0.585000 0.810400
vn -0.627700 0.426800 0.651100
vn 0.703200 -0.170500 0.690300
vn 0.481100 0.737900 0.473300
vn 0.696000 -0.165500 0.698700
vn 0.975600 0.128700 0.178100
vn 0.714800 -0.094400 0.692900
vn 0.001600 -0.077300 0.997000
vn 0.735200 -0.100600 0.670300
vn -0.016800 -0.106200 0.994200
vn -0.728700 -0.056600 0.682400
vn -0.763700 -0.182300 0.619300
vn 0.015000 -0.168400 0.985600
vn -0.050000 0.584600 0.809800
vn -0.104600 0.690100 0.716100
vn -0.138800 0.694400 -0.706000
vn 0.039600 0.619400 -0.784100
vn -0.101600 -0.002000 -0.994800
vn -0.409500 -0.743700 0.528400
vn 0.716000 0.022300 0.697800
vn 0.576800 -0.609400 0.544000
vn 0.438500 -0.662400 0.607500
vn 0.593300 -0.767000 0.244300
vn 0.289500 -0.523700 0.801200
vn -0.100600 -0.681600 0.724700
vn 0.209100 0.039100 0.977100
vn -0.062700 0.013100 0.997900
vn -0.250700 0.013300 0.968000
vn -0.069800 0.680100 0.729800
vn -0.326400 -0.919600 0.218500
vn -0.177800 -0.970200 0.164700
vn -0.549300 -0.628100 0.551100
vn 0.344300 -0.445200 0.826600
vn -0.299300 -0.019000 0.954000
vn 0.700000 0.304200 -0.646100
vn 0.498200 0.245700 -0.831500
vn -0.014500 0.327900 -0.944600
vn -0.689000 0.342600 -0.638700
vn -0.090000 0.035600 0.995300
vn -0.813100 0.265000 0.518300
vn -0.452000 -0.194900 0.870500
vn -0.911000 0.265800 0.315200
vn -0.904400 0.425200 0.034800
vn 0.000000 -0.805700 0.592300
vn 0.208300 -0.862800 0.460600
vn 0.020500 -0.022100 0.999500
vn 0.136800 -0.274700 0.951700
vn 0.155000 0.048600 0.986700
vn 0.224800 0.032300 0.973900
vn 0.784400 0.117200 0.609100
vn 0.740400 0.131500 0.659200
vn 0.365600 0.112900 -0.923900
vn 0.317100 0.091200 -0.944000
vn 0.975000 0.215300 0.055300
vn 0.802200 0.067000 -0.593300
vn 0.828000 0.191600 -0.527000
vn 0.994800 0.084900 0.057100
vn 0.731600 0.038700 0.680700
vn 0.722600 -0.050100 0.689400
vn 0.999300 -0.023600 0.030200
vn 0.995700 -0.090800 0.016000
vn 0.997200 -0.056900 0.047900
vn 0.755000 -0.027600 -0.655100
vn -0.013900 -0.046800 -0.998800
vn -0.753200 -0.018200 -0.657500
vn -0.746200 -0.015000 -0.665600
vn -0.051900 -0.021300 -0.998400
vn -0.768500 0.041900 -0.638500
vn 0.010200 -0.102500 -0.994700
vn -0.858600 -0.009900 -0.512500
vn -0.528700 -0.363400 -0.767000
vn -0.517100 -0.208400 -0.830200
vn 0.317500 -0.007300 -0.948200
vn 0.176400 -0.210100 -0.961600
vn 0.773500 -0.000900 -0.633800
vn 0.728700 -0.022000 -0.684500
vn 0.738800 -0.053400 -0.671800
vn -0.811400 -0.544100 -0.213500
vn -0.686900 -0.424300 -0.590000
vn 0.021200 -0.425100 -0.904900
vn 0.012500 0.389100 -0.921100
vn 0.665800 -0.442300 -0.600800
vn -0.699200 -0.706800 0.107700
vn -0.702800 0.198100 -0.683200
vn -0.651700 0.379800 -0.656500
vn -0.227300 0.168500 -0.959100
vn -0.243300 -0.281300 -0.928300
vn -0.756600 0.589400 -0.283300
vn -0.713500 0.138800 -0.686800
vn -0.916700 0.232500 0.325000
vn -0.360700 0.832000 -0.421500
vn -0.818500 0.502500 0.278500
vn -0.049100 0.747400 0.662600
vn -0.807200 0.019700 0.590000
vn -0.904900 -0.131800 -0.404700
vn -0.786800 0.407900 -0.463200
vn -0.850000 0.459300 -0.258000
vn 0.983600 -0.179600 0.018800
vn 0.878400 -0.294200 -0.376600
vn 0.956400 -0.267800 -0.116200
vn -0.723300 0.016700 0.690300
vn -0.525900 -0.524100 0.669800
vn -0.994200 0.037600 0.100500
vn 0.544600 -0.165800 0.822200
vn 0.969800 0.119700 0.212400
vn 0.939800 -0.302700 -0.158600
vn 0.876900 -0.037300 -0.479200
vn -0.975000 -0.137500 0.174400
vn -0.671300 -0.110200 0.732900
vn -0.974800 0.150100 0.165100
vn -0.853400 0.264500 0.449100
vn -0.963700 -0.021000 0.266300
vn -0.622700 0.125700 0.772300
vn -0.443600 0.269600 0.854700
vn -0.393800 0.146100 0.907500
vn 0.458500 0.629100 0.627700
vn 0.476600 0.878700 -0.026300
vn 0.507800 0.576400 -0.640200
vn -0.319900 -0.174800 -0.931200
vn 0.489000 -0.642300 -0.590200
vn 0.496200 -0.042100 -0.867200
vn 0.998600 0.028700 -0.044300
vn 0.313200 -0.855900 0.411500
vn 0.994500 0.088300 -0.056200
vn 0.991500 0.128600 -0.017400
vn 0.996000 -0.056700 0.069000
vn 0.987500 0.132200 0.086100
vn -0.993700 -0.111900 0.002400
vn -0.536500 -0.799900 0.269000
vn -0.991800 -0.123500 0.034000
vn -0.471900 -0.667700 0.575700
vn -0.984700 0.009500 0.174100
vn -0.460500 -0.031100 0.887100
vn -0.458500 0.629100 0.627700
vn 0.517300 -0.030700 0.855200
vn 0.504500 0.616500 0.604500
vn 0.525100 0.850700 -0.024200
vn -0.476600 0.878700 -0.026300
vn 0.507300 0.581500 -0.636000
vn -0.990200 0.138800 -0.012600
vn -0.937000 -0.089500 -0.337800
vn -0.928800 0.095400 -0.358000
vn -0.882400 -0.467300 0.054100
vn -0.944900 0.324800 -0.041400
vn -0.879300 0.254300 0.402700
vn -0.893600 -0.292000 -0.340900
vn -0.961500 0.213500 0.173000
vn -0.620900 0.411700 0.667100
vn 0.000000 0.426100 0.904700
vn -0.165400 0.197600 0.966200
vn -0.274200 0.494800 0.824600
vn 0.521600 0.195500 0.830500
vn 0.588600 -0.557100 -0.585800
vn 0.549100 -0.475600 -0.687200
vn -0.406000 -0.913600 -0.023500
vn -0.465700 -0.829300 -0.308800
vn -0.501600 0.493300 0.710600
vn -0.649300 0.596000 0.472500
vn 0.500000 0.641200 -0.582100
vn 0.804600 -0.547900 0.228800
vn -0.464600 0.199500 -0.862800
vn 0.643800 -0.358200 0.676200
vn -0.997200 -0.056900 0.047900
vn -0.975600 0.128700 0.178100
vn -0.759000 -0.017200 -0.650800
vn -0.987900 0.078100 0.134400
vn -0.786900 0.227900 -0.573400
vn -0.902500 -0.406200 0.143400
vn -0.952900 0.289500 0.089900
vn -0.946900 0.321500 0.007800
vn -0.616700 0.433800 0.656800
vn -0.632700 -0.425500 0.647000
vn -0.182900 -0.966800 0.178700
vn -0.008700 -0.966400 0.257100
vn -0.236300 -0.971600 -0.007600
vn -0.700000 0.304200 -0.646100
vn -0.755000 -0.027600 -0.655100
vn -0.736900 -0.055200 -0.673700
vn -0.988100 0.088500 0.125900
vn 0.365300 0.611700 0.701700
vn 0.621200 0.566500 0.541500
vn 0.034700 0.896500 -0.441700
vn 0.515600 0.724100 0.458000
vn 0.258300 0.779200 0.571100
vn 0.812600 0.582800 0.004500
vn 0.630800 0.570400 -0.526000
vn 0.516500 0.721400 -0.461400
vn 0.309800 0.431500 0.847300
vn 0.000000 -0.448800 0.893600
vn 0.418300 -0.337300 0.843300
vn 0.000000 0.410500 0.911900
vn 0.755000 0.435400 -0.490400
vn 0.000000 0.399100 0.916900
vn -0.309800 0.431500 0.847300
vn -0.378000 -0.480900 0.791100
vn 0.000000 -0.335000 0.942200
vn 0.000000 0.286700 0.958000
vn -0.156900 0.193600 0.968500
vn 0.000000 0.188300 0.982100
vn -0.000000 0.163000 0.986600
vn -0.191500 0.544100 -0.816900
vn -0.783600 0.245700 -0.570600
vn 0.172400 0.220400 -0.960100
vn 0.301300 0.316600 0.899400
vn 0.408000 0.286400 0.866900
vn 0.000000 0.329900 0.944000
vn 0.000000 0.310600 0.950500
vn -0.408000 0.286400 0.866900
vn -0.301300 0.316600 0.899400
vn 0.723400 0.657100 0.211900
vn 0.520000 0.760400 0.389100
vn 0.756600 0.589400 -0.283300
vn 0.379500 -0.722700 -0.577700
vn 0.573500 -0.466700 -0.673300
vn -0.116000 -0.958200 0.261600
vn 0.879300 0.254300 0.402700
vn 0.961500 0.213500 0.173000
vn 0.882400 -0.467300 0.054100
vn 0.990200 0.138800 -0.012600
vn 0.944900 0.324800 -0.041400
vn 0.937000 -0.089500 -0.337800
vn 0.928800 0.095400 -0.358000
vn 0.609100 0.108600 -0.785600
vn -0.000000 0.011500 -0.999900
vn -0.609100 0.108600 -0.785600
vn 0.000000 0.180000 -0.983700
vn -0.892600 -0.367100 0.261700
vn 0.447300 -0.750900 -0.485800
vn 0.286300 0.767100 -0.574100
vn -0.725200 0.675400 0.134100
vn -0.724800 -0.299400 -0.620500
vn -0.950300 -0.310900 -0.014900
vn -0.946200 -0.323100 -0.016800
vn -0.848600 -0.138500 -0.510500
vn -0.885400 -0.462200 -0.050200
vn -0.689700 -0.423800 -0.587100
vn -0.739600 -0.318800 -0.592800
vn -0.903400 -0.427900 -0.027200
vn -0.704200 -0.337200 0.624800
vn -0.285900 0.148300 0.946700
vn -0.602500 0.586700 0.541000
vn -0.806800 0.590800 -0.008500
vn -0.525800 0.723100 0.448000
vn -0.708800 0.705200 -0.017100
vn -0.621100 0.574500 -0.533000
vn -0.545000 0.699600 -0.462100
vn -0.507800 0.576400 -0.640200
vn -0.495300 -0.043200 -0.867700
vn -0.950700 0.298800 0.082400
vn 0.492100 -0.048800 -0.869200
vn 0.445300 -0.670200 -0.593800
vn -0.488100 -0.642000 -0.591300
vn -0.999300 -0.021600 -0.030000
vn -0.994100 -0.045800 -0.098600
vn -0.921200 0.105800 0.374500
vn 0.976500 0.120800 0.178500
vn 0.691800 0.721900 -0.014300
vn 0.726500 0.532300 -0.434500
vn -0.115500 0.685600 -0.718800
vn -0.152000 0.002500 -0.988400
vn -0.195900 0.329300 -0.923700
vn 0.685100 0.018200 -0.728200
vn 0.659800 -0.595900 -0.457800
vn 0.628900 -0.703200 -0.331700
vn -0.621200 0.781700 0.054800
vn -0.097500 -0.717600 -0.689600
vn -0.119500 -0.397700 -0.909700
vn -0.021700 -0.767600 -0.640600
vn -0.221100 -0.757600 -0.614100
vn -0.605400 -0.762400 -0.228700
vn -0.008000 0.023400 -0.999700
vn -0.087300 -0.672100 -0.735300
vn -0.231700 0.617600 -0.751600
vn -0.160200 0.987000 -0.016600
vn 0.208700 0.976100 0.060200
vn -0.299200 0.954100 0.009700
vn -0.263700 0.608700 0.748300
vn 0.061100 0.796200 -0.601900
vn 0.030900 0.999200 -0.024400
vn 0.234800 0.519500 -0.821600
vn 0.220400 -0.509400 -0.831800
vn 0.178800 0.868100 -0.463000
vn 0.227300 0.168500 -0.959100
vn -0.216600 0.654600 -0.724300
vn 0.659500 -0.355400 -0.662400
vn -0.352900 -0.275800 0.894100
vn -0.000000 0.219900 0.975500
vn 0.272700 0.757400 0.593300
vn 0.719500 -0.630300 -0.291700
vn 0.302500 -0.630300 -0.715000
vn 0.302500 0.630300 -0.715000
vn 0.000000 -1.000000 0.000000
vn 0.715000 -0.630300 0.302600
vn -0.839600 -0.542600 0.027700
vn -0.373800 -0.915100 0.151400
vn -0.683900 -0.660100 0.310800
vn -0.588700 -0.568300 0.574900
vn -0.588800 0.568200 0.574900
vn -0.581100 -0.233600 -0.779500
vn -0.179500 -0.232900 -0.955800
vn -0.237600 -0.193300 -0.951900
vn 0.000000 -0.101500 -0.994800
vn 0.546200 -0.601700 0.582800
vn -0.282700 0.745100 0.604100
vn -0.334400 0.933100 -0.132600
vn 0.984700 0.009500 0.174100
vn 0.991800 -0.123500 0.034000
vn 0.997400 -0.042800 0.058800
vn 0.994100 -0.045800 -0.098600
vn 0.921100 0.105800 0.374600
vn -0.300400 -0.199900 -0.932600
vn 0.248200 -0.800200 -0.545900
vn -0.699400 -0.326600 -0.635800
vn -0.929400 -0.350200 -0.116400
vn -0.942900 -0.245400 -0.225100
vn -0.842500 -0.357700 -0.402700
vn -0.924600 -0.375100 0.065700
vn 0.329300 -0.933300 0.143300
vn 0.326900 -0.656900 0.679400
vn 0.060400 -0.828300 0.557000
vn -0.289900 0.189000 0.938200
vn -0.328300 0.241400 0.913200
vn -0.229600 0.368300 0.900900
vn -0.263300 0.124000 0.956700
vn -0.858300 -0.204900 -0.470500
vn -0.854600 -0.507600 0.110000
vn -0.377500 -0.491600 -0.784700
vn -0.395500 -0.150400 -0.906100
vn 0.000000 -0.121800 -0.992600
vn -0.000000 0.100100 -0.995000
vn 0.342700 0.036000 -0.938800
vn 0.889200 0.115800 -0.442700
vn 0.975000 -0.137500 0.174400
vn 0.974800 0.150100 0.165100
vn 0.930700 -0.133700 -0.340400
vn 0.963700 -0.021000 0.266300
vn 0.671300 -0.110200 0.732900
vn 0.649600 0.250600 0.717800
vn 0.422700 0.222900 0.878400
vn 0.353200 0.173600 0.919300
vn 0.538000 0.487400 0.687800
vn 0.274700 0.077400 0.958400
vn 0.000100 -0.910700 -0.413100
vn -0.129900 -0.989100 0.069000
vn -0.452300 -0.766200 0.456400
vn -0.754200 -0.532700 0.384000
vn -0.879100 -0.275500 0.388900
vn -0.706400 -0.696900 0.123800
vn 0.486700 0.608400 -0.626900
vn 0.064500 -0.989800 0.127000
vn 0.858600 0.297200 -0.417800
vn -0.389600 -0.814000 -0.430900
vn -0.695300 -0.707300 0.127600
vn -0.756900 0.132900 -0.639800
vn -0.573600 -0.466700 -0.673200
vn 0.756900 0.132900 -0.639800
vn 0.375200 -0.791900 -0.481800
vn 0.389600 -0.814000 -0.430900
vn 0.055100 -0.521400 0.851500
vn -0.481700 -0.856700 0.184400
vn -0.550400 -0.476500 -0.685600
vn -0.920300 0.370500 0.125800
vn 0.920300 0.370500 0.125800
vn -0.055100 -0.521400 0.851500
vn 0.481700 -0.856700 0.184400
vn -0.535500 0.578600 0.615200
vn 0.177800 -0.970200 0.164700
vn 0.260600 -0.446200 0.856200
vn -0.703200 -0.170500 0.690300
vn -0.696000 -0.165500 0.698700
vn -0.015000 -0.168400 0.985600
vn 0.727600 -0.131700 0.673200
vn 0.903400 -0.427900 -0.027200
vn 0.924100 -0.380400 -0.035500
vn 0.689700 -0.423800 -0.587100
vn 0.739600 -0.318800 -0.592800
vn 0.724800 -0.299400 -0.620500
vn 0.848600 -0.138500 -0.510500
vn 0.483500 -0.429900 -0.762500
vn 0.964500 -0.263900 -0.009900
vn 0.946200 -0.323100 -0.016800
vn 0.877100 0.005000 0.480300
vn 0.719800 -0.268500 0.640200
vn 0.022600 -0.995000 -0.097100
vn 0.011600 0.141000 -0.989900
vn -0.379700 -0.430300 -0.818900
vn -0.630800 0.570400 -0.526000
vn -0.812600 0.582800 0.004500
vn -0.621200 0.566500 0.541500
vn -0.719800 -0.268500 0.640200
vn -0.539900 -0.013800 0.841600
vn 0.006700 -0.004300 -1.000000
vn -0.003300 -0.002400 -1.000000
vn 0.000000 -0.005600 -1.000000
vn 0.000000 -0.012100 -0.999900
vn -0.006700 -0.004300 -1.000000
vn 0.003300 -0.002400 -1.000000
vn 0.000000 0.077600 -0.997000
vn 0.000000 -0.008200 -1.000000
vn 0.581100 -0.233600 -0.779500
vn -0.000000 -0.149600 -0.988700
vn -0.342700 0.036000 -0.938800
vn -0.889200 0.115800 -0.442700
vn -0.930700 -0.133700 -0.340400
vn -0.958100 -0.050800 0.281800
vn -0.231800 -0.593300 -0.770900
vn 0.237600 -0.193300 -0.951900
vn 0.176100 -0.156800 -0.971800
vn -0.956400 -0.267800 -0.116200
vn -0.864000 0.487100 0.127700
vn -0.969500 -0.240600 0.046600
vn -0.825200 -0.434000 0.361500
vn -0.026100 -0.073900 0.996900
vn -0.918500 0.023400 -0.394700
vn -0.637600 -0.260400 -0.725000
vn 0.929400 -0.350300 -0.116300
vn 0.942900 -0.245600 -0.225000
vn 0.917000 -0.398800 -0.009100
vn 0.915500 -0.280200 0.288800
vn 0.842500 -0.357700 -0.402700
vn -0.119700 -0.612300 0.781500
vn -0.106800 -0.634200 0.765800
vn 0.699400 -0.326600 -0.635800
vn 0.673200 0.630900 -0.385800
vn 0.716700 0.114200 -0.688000
vn 0.300400 -0.199900 -0.932600
vn 0.189800 0.793200 -0.578600
vn 0.010800 -0.999200 0.038500
vn -0.000000 -0.204300 -0.978900
vn 0.637500 -0.260500 -0.725100
vn 0.008800 0.711400 -0.702800
vn 0.008800 0.711300 -0.702800
vn -0.228500 0.829800 0.509200
vn -0.759400 -0.022200 0.650200
vn -0.307400 0.370800 0.876300
vn -0.672300 -0.002300 0.740200
vn -0.087600 0.996100 -0.009800
vn -0.058300 0.987100 -0.149300
vn -0.112900 0.729900 0.674200
vn -0.718200 0.695800 -0.003700
vn -0.463100 0.860600 0.212000
vn -0.519800 0.719200 -0.461000
vn -0.205900 0.911300 0.356700
vn 0.806800 0.590800 -0.008500
vn 0.621100 0.574500 -0.533000
vn 0.707900 0.706100 -0.016100
vn 0.545000 0.699600 -0.462100
vn 0.525800 0.724000 0.446600
vn 0.602500 0.586700 0.541000
vn -0.034700 0.896500 -0.441700
vn 0.378500 0.615000 0.691700
vn 0.285900 0.148300 0.946700
vn 0.704200 -0.337200 0.624800
vn -0.022500 -0.995000 -0.097100
vn 0.849600 -0.093500 0.519000
vn 0.705600 -0.566600 0.425400
vn 0.863400 -0.468900 0.186300
vn 0.353700 -0.040000 -0.934500
vn -0.000000 0.217700 -0.976000
vn 0.000000 -0.172300 -0.985000
vn -0.000000 -0.129500 0.991600
vn 0.129200 0.279400 0.951400
vn -0.000000 0.287500 0.957800
vn 0.256700 0.002800 0.966500
vn 0.340000 0.638600 -0.690400
vn 0.291700 0.630300 0.719500
vn -0.291700 -0.630200 -0.719500
vn 0.715000 0.630300 0.302600
vn 0.291700 -0.630300 0.719500
vn -0.715000 -0.630300 -0.302500
vn -0.715000 0.630300 -0.302500
vn -0.719500 0.630200 0.291700
vn -0.302400 0.630300 0.715100
vn -0.291700 0.630200 -0.719500
vn 0.949300 0.052400 0.310000
vn 0.818500 0.502500 0.278500
vn 0.404300 0.818800 0.407500
vn 0.997300 -0.042800 0.058800
vn 0.882600 -0.463300 0.079900
vn -0.152000 0.040300 0.987600
vn 0.828500 -0.552700 0.089600
vn -0.735000 -0.587900 -0.337900
vn -0.870900 0.332600 -0.361800
vn 0.863400 -0.468900 0.186200
vn 0.514300 -0.027200 0.857200
vn 0.246600 -0.296700 -0.922600
vn 0.607500 -0.234800 -0.758800
vn 0.452400 -0.272700 0.849100
vn 0.499600 0.367300 0.784500
vn 0.303600 0.649000 0.697600
vn 0.065900 0.210200 -0.975400
vn -0.887700 -0.433400 0.155600
vn -0.256100 0.132300 0.957500
vn -0.963000 0.204900 0.175100
vn 0.698500 -0.152500 0.699200
vn -0.012800 -0.185600 0.982500
vn 0.430100 0.843700 0.321300
vn -0.851800 -0.038600 0.522400
vn -0.884000 0.205200 0.420100
vn -0.441800 0.034900 -0.896400
vn -0.452300 -0.117600 -0.884100
vn 0.833600 0.254900 -0.490100
vn 0.000000 0.593000 0.805200
vn -0.213100 0.918400 0.333500
vn -0.062800 0.990000 0.126000
vn -0.425700 0.578100 -0.696100
vn -0.939700 0.192000 0.283000
vn -0.537300 0.276100 0.796900
vn -0.807100 0.019700 0.590000
vn -0.825200 -0.434000 0.361600
vn -0.917300 0.036900 0.396600
vn -0.494900 0.278600 -0.823100
vn -0.253500 -0.419200 -0.871800
vn -0.608300 -0.137900 -0.781600
vn -0.503400 0.417700 0.756400
vn -0.252700 0.472000 -0.844600
vn -0.930600 -0.251900 0.265400
vn -0.966800 0.065100 0.247000
vn -0.552000 0.387100 -0.738500
vn -0.695400 -0.707200 0.127600
vn -0.513000 -0.760800 -0.397600
vn -0.881900 0.258300 0.394400
vn 0.670100 -0.594000 -0.445100
vn 0.552000 0.387100 -0.738500
vn 0.969300 0.105000 -0.222400
vn 0.513000 -0.760800 -0.397600
vn 0.914000 0.075600 -0.398700
vn 0.969500 -0.240600 0.046600
vn 0.911900 -0.335600 -0.236400
vn 0.792000 -0.545400 -0.274500
vn 0.966600 0.240700 -0.088300
vn 0.670200 0.346700 -0.656200
vn 0.904900 -0.131800 -0.404700
vn 0.835700 -0.426000 -0.346700
vn -0.876900 -0.037300 -0.479200
vn -0.933800 -0.256300 -0.249500
vn -0.447100 -0.389700 0.805100
vn 0.270000 -0.265900 0.925400
vn -0.339500 0.284100 0.896700
vn -0.620900 -0.405600 -0.670800
vn 0.007200 0.172500 0.985000
vn 0.346600 0.371700 0.861200
vn 0.138800 0.277500 0.950600
vn 0.648500 0.342500 0.679800
vn 0.348800 0.725400 -0.593500
vn 0.203600 0.912600 0.354500
vn 0.291600 0.350300 0.890100
vn -0.755000 0.435400 -0.490300
vn -0.672300 -0.002300 0.740300
vn 0.021600 0.861500 0.507300
vn 0.835600 -0.426000 -0.346700
vn 0.608300 -0.137900 -0.781600
vn 0.707300 -0.419700 -0.568800
vn 0.747000 -0.190600 -0.636900
vn 0.645500 0.756300 0.106400
vn 0.107700 0.067300 -0.991900
vn 0.381400 0.823700 -0.419600
vn 0.407800 -0.537000 -0.738500
vn -0.407800 -0.537000 -0.738500
vn -0.449200 -0.662600 -0.599300
vn -0.000000 0.722000 -0.691900
vn -0.217100 0.948800 -0.229400
vn 0.000000 0.867300 0.497800
vn -0.000000 -0.762300 -0.647200
vn 0.584700 -0.172600 0.792700
vn 0.620900 -0.405600 -0.670800
vn -0.008500 -0.998200 0.059500
vn 0.008400 -0.998200 0.059500
vn -0.002600 -0.560000 0.828500
vn 0.022700 -0.995000 -0.097100
vn 0.348800 0.725300 -0.593500
vn -0.379500 -0.722700 -0.577700
vn -0.645500 0.756300 0.106400
vn -0.762400 0.340700 -0.550100
vn 0.487200 0.793200 -0.365400
vn 0.503400 0.417700 0.756400
vn 0.152000 0.109800 0.982300
vn 0.521500 0.195500 0.830500
vn 0.054700 0.147500 -0.987500
vn -0.716700 -0.485100 -0.501000
vn -0.683900 -0.660000 0.310800
vn 0.689700 -0.158100 -0.706600
vn -0.588800 0.568200 -0.574900
vn 0.508500 0.685600 0.521000
vn 0.336200 -0.656700 0.675100
vn 0.508400 0.685600 0.521000
vn 0.090400 -0.017900 -0.995700
vn 0.778900 0.237500 -0.580400
vn 0.238700 0.799300 -0.551600
vn 0.759400 -0.022200 0.650200
vn 0.443100 0.336200 0.831000
vn 0.359300 0.284400 0.888800
vn 0.549600 -0.680900 -0.484200
vn -0.173700 -0.939500 -0.295300
vn -0.656000 0.635500 -0.407200
vn 0.064600 -0.989800 0.127100
vn 0.858600 0.297300 -0.417700
vn 0.486600 0.608400 -0.626900
vn 0.684700 -0.725500 0.069700
vn 0.706100 -0.697200 0.123400
vn 0.228400 -0.947600 -0.223200
vn -0.831000 -0.005500 -0.556300
vn 0.251400 0.075800 0.964900
vn 0.716700 0.114100 -0.688000
vn -0.329300 -0.933300 0.143300
vn 0.010800 -0.999200 0.038400
vn 0.248200 -0.800200 -0.546000
vn 0.549600 -0.680800 -0.484200
vn 0.550400 -0.476500 -0.685600
vn -0.000200 0.162400 -0.986700
vn 0.000100 0.162400 -0.986700
vn 0.000200 0.162100 -0.986800
vn 0.000100 0.162100 -0.986800
vn -0.000400 0.162600 -0.986700
vn -0.001000 0.162900 -0.986600
vn -0.792000 -0.545400 -0.274500
vn -0.966600 0.240700 -0.088300
vn -0.980400 0.102600 0.167900
vn 0.740900 -0.591700 -0.317700
vn 0.228300 -0.947600 -0.223400
vn -0.000100 -0.910700 -0.413100
vn -0.054600 0.741700 -0.668500
vn 0.039600 0.619400 -0.784000
vn 0.378500 0.615100 0.691700
vn 0.754900 0.435400 -0.490400
vn -0.111100 0.985900 0.125200
vn -0.000000 0.399200 0.916900
vn 0.000000 0.384200 -0.923200
vn 0.111100 0.985900 0.125200
vn 0.508500 0.685600 0.520900
vn 0.336100 -0.656700 0.675100
vn 0.881900 0.258300 0.394400
vn 0.537300 0.276100 0.796900
vn 0.762400 0.340700 -0.550100
vn 0.659400 -0.355400 -0.662400
usemtl tex01.png
s 1
f 106/106/106 107/107/107 108/108/108
f 109/109/109 108/108/108 107/107/107
f 108/108/108 109/109/109 110/110/110
f 111/111/111 110/110/110 109/109/109
f 110/110/110 111/111/111 112/112/112
f 113/113/113 112/112/112 111/111/111
f 112/112/112 113/113/113 114/114/114
f 111/111/111 115/115/115 113/113/113
f 114/114/114 113/113/113 115/115/115
f 115/115/115 111/111/111 116/116/116
f 109/109/109 116/116/116 111/111/111
f 116/116/116 109/109/109 117/117/117
f 117/117/117 109/109/109 118/118/118
f 107/107/107 118/118/118 109/109/109
f 118/118/118 107/107/107 119/119/119
f 120/120/120 119/119/119 107/107/107
f 119/119/119 120/120/120 121/121/121
f 122/122/122 121/121/121 120/120/120
f 120/120/120 123/123/123 122/122/122
f 123/123/123 120/120/120 124/124/124
f 125/125/125 124/124/124 120/120/120
f 124/124/124 125/125/125 126/126/126
f 127/127/127 126/126/126 128/128/128
f 128/128/128 126/126/126 125/125/125
f 129/129/129 130/130/130 131/131/131
f 132/132/132 133/133/133 134/134/134
f 135/135/135 134/134/134 133/133/133
f 134/134/134 135/135/135 136/136/136
f 137/137/137 136/136/136 135/135/135
f 136/136/136 137/137/137 138/138/138
f 139/139/139 138/138/138 137/137/137
f 138/138/138 139/139/139 140/140/140
f 139/139/139 141/141/141 140/140/140
f 142/142/142 140/140/140 141/141/141
f 141/141/141 139/139/139 143/143/143
f 144/144/144 145/145/145 146/146/146
f 145/145/145 144/144/144 147/147/147
f 148/148/148 149/149/149 150/150/150
f 151/151/151 150/150/150 149/149/149
f 149/149/149 152/152/152 151/151/151
f 151/151/151 152/152/152 153/153/153
f 153/153/153 154/154/154 151/151/151
f 150/150/150 151/151/151 154/154/154
f 154/154/154 153/153/153 155/155/155
f 144/144/144 156/156/156 153/153/153
f 155/155/155 153/153/153 156/156/156
f 156/156/156 144/144/144 157/157/157
f 146/146/146 157/157/157 144/144/144
f 157/157/157 146/146/146 158/158/158
f 159/159/159 158/158/158 146/146/146
f 158/158/158 159/159/159 160/160/160
f 161/161/161 160/160/160 162/162/162
f 162/162/162 160/160/160 159/159/159
f 160/160/160 161/161/161 163/163/163
f 160/160/160 163/163/163 158/158/158
f 164/164/164 163/163/163 161/161/161
f 165/165/165 166/166/166 164/164/164
f 167/167/167 166/166/166 165/165/165
f 157/157/157 168/168/168 156/156/156
f 156/156/156 168/168/168 167/167/167
f 169/169/169 164/164/164 166/166/166
f 166/166/166 167/167/167 169/169/169
f 163/163/163 164/164/164 169/169/169
f 169/169/169 158/158/158 163/163/163
f 168/168/168 157/157/157 169/169/169
f 158/158/158 169/169/169 157/157/157
f 169/169/169 167/167/167 168/168/168
f 170/170/170 171/171/171 172/172/172
f 171/171/171 170/170/170 173/173/173
f 136/136/136 174/174/174 134/134/134
f 174/174/174 173/173/173 170/170/170
f 136/136/136 175/175/175 174/174/174
f 173/173/173 174/174/174 175/175/175
f 141/141/141 176/176/176 142/142/142
f 177/177/177 178/178/178 179/179/179
f 180/180/180 179/179/179 178/178/178
f 179/179/179 180/180/180 181/181/181
f 182/182/182 181/181/181 180/180/180
f 181/181/181 182/182/182 183/183/183
f 184/184/184 185/185/185 186/186/186
f 185/185/185 184/184/184 187/186/187
f 188/187/188 187/186/187 184/184/184
f 187/186/187 188/187/188 189/188/189
f 190/189/190 189/188/189 188/187/188
f 189/188/189 190/189/190 191/190/191
f 192/191/192 193/192/193 194/193/194
f 195/194/195 194/193/194 193/192/193
f 194/193/194 195/194/195 196/195/196
f 197/196/197 196/195/196 195/194/195
f 196/195/196 197/196/197 198/197/198
f 199/198/199 198/197/198 197/196/197
f 198/197/198 199/198/199 200/199/200
f 201/200/201 200/199/200 199/198/199
f 202/198/202 200/199/200 201/200/201
f 200/199/200 202/198/202 203/197/203
f 204/196/204 203/197/203 202/198/202
f 203/197/203 204/196/204 205/195/205
f 206/194/206 205/195/205 204/196/204
f 205/195/205 206/194/206 207/193/207
f 208/192/208 207/193/207 206/194/206
f 186/186/186 209/187/209 184/184/184
f 210/188/210 209/187/209 186/186/186
f 211/162/211 212/160/212 213/161/213
f 213/161/213 214/164/214 215/201/215
f 216/165/216 215/201/215 214/164/214
f 217/202/217 216/165/216 218/203/218
f 219/167/219 218/203/218 216/165/216
f 218/203/218 219/167/219 220/204/220
f 220/204/220 219/167/219 221/156/221
f 221/156/221 222/157/222 223/144/223
f 224/146/224 223/144/223 222/157/222
f 223/144/223 225/147/225 226/205/226
f 226/205/226 227/153/227 223/144/223
f 223/144/223 227/153/227 221/156/221
f 221/156/221 228/206/228 220/204/220
f 229/207/229 220/204/220 228/206/228
f 220/204/220 229/207/229 230/208/230
f 231/209/231 220/204/220 230/208/230
f 220/204/220 231/209/231 218/203/218
f 218/203/218 232/210/232 217/202/217
f 232/210/232 218/203/218 231/209/231
f 233/211/233 234/212/234 235/213/235
f 236/214/236 235/213/235 234/212/234
f 235/213/235 236/214/236 237/215/237
f 121/121/121 238/216/238 119/119/119
f 118/118/118 239/217/239 117/117/117
f 115/115/115 240/218/240 114/114/114
f 241/219/241 114/114/114 240/218/240
f 114/114/114 241/219/241 242/220/242
f 243/221/243 114/114/114 242/220/242
f 114/114/114 243/221/243 244/222/244
f 245/223/245 246/224/246 247/225/247
f 248/226/248 249/227/249 250/228/250
f 251/229/251 250/228/250 249/227/249
f 252/230/252 253/231/253 254/232/254
f 254/232/254 255/233/255 252/230/252
f 256/234/256 257/112/257 258/235/258
f 257/112/257 256/234/256 259/114/259
f 260/222/260 259/114/259 256/234/256
f 259/114/259 260/222/260 261/221/261
f 262/236/262 261/221/261 260/222/260
f 261/221/261 262/236/262 263/237/263
f 261/221/261 264/220/264 259/114/259
f 265/238/265 266/239/266 267/240/267
f 268/241/268 267/240/267 266/239/266
f 267/240/267 268/241/268 269/242/269
f 233/211/233 270/243/270 234/212/234
f 270/243/270 233/211/233 271/244/271
f 272/245/272 234/212/234 270/243/270
f 234/212/234 273/246/273 236/214/236
f 273/246/273 234/212/234 272/245/272
f 274/247/274 236/214/236 273/246/273
f 236/214/236 274/247/274 275/248/275
f 276/249/276 275/248/275 274/247/274
f 275/248/275 276/249/276 277/250/277
f 278/251/278 277/250/277 276/249/276
f 277/250/277 278/251/278 279/252/279
f 143/143/143 280/253/280 141/141/141
f 280/253/280 143/143/143 281/254/281
f 139/139/139 282/255/282 143/143/143
f 137/137/137 283/256/283 139/139/139
f 282/255/282 139/139/139 283/256/283
f 135/135/135 284/257/284 137/137/137
f 283/256/283 137/137/137 284/257/284
f 133/133/133 285/258/285 135/135/135
f 284/257/284 135/135/135 285/258/285
f 285/258/285 133/133/133 286/259/286
f 286/259/286 133/133/133 287/260/287
f 288/261/288 287/260/287 133/133/133
f 133/133/133 132/132/132 288/261/288
f 287/260/287 288/261/288 289/262/289
f 290/263/290 289/262/289 288/261/288
f 289/262/289 290/263/290 291/264/291
f 292/265/292 279/252/279 278/251/278
f 128/128/128 293/266/293 292/265/292
f 125/125/125 293/266/293 128/128/128
f 279/252/279 292/265/292 293/266/293
f 293/266/293 125/125/125 294/267/294
f 120/120/120 294/267/294 125/125/125
f 107/107/107 295/268/295 120/120/120
f 106/106/106 295/268/295 107/107/107
f 294/267/294 120/120/120 295/268/295
f 295/268/295 106/106/106 294/267/294
f 279/252/279 296/269/296 277/250/277
f 293/266/293 296/269/296 279/252/279
f 297/270/297 277/250/277 296/269/296
f 277/250/277 297/270/297 275/248/275
f 236/214/236 298/271/298 237/215/237
f 275/248/275 299/272/299 236/214/236
f 298/271/298 236/214/236 299/272/299
f 299/272/299 275/248/275 297/270/297
f 300/273/300 237/215/237 298/271/298
f 237/215/237 300/273/300 301/274/301
f 301/274/301 300/273/300 302/275/302
f 303/234/303 244/222/244 302/275/302
f 244/222/244 303/234/303 114/114/114
f 114/114/114 303/234/303 112/112/112
f 304/235/304 112/112/112 303/234/303
f 112/112/112 304/235/304 110/110/110
f 305/276/305 110/110/110 304/235/304
f 298/271/298 305/276/305 300/273/300
f 304/235/304 300/273/300 305/276/305
f 299/272/299 305/276/305 298/271/298
f 305/276/305 299/272/299 306/277/306
f 296/269/296 306/277/306 297/270/297
f 306/277/306 110/110/110 305/276/305
f 297/270/297 306/277/306 299/272/299
f 110/110/110 306/277/306 108/108/108
f 306/277/306 296/269/296 108/108/108
f 307/278/307 294/267/294 106/106/106
f 108/108/108 307/278/307 106/106/106
f 307/278/307 108/108/108 296/269/296
f 296/269/296 293/266/293 307/278/307
f 294/267/294 307/278/307 293/266/293
f 308/279/308 302/275/302 300/273/300
f 302/275/302 308/279/308 303/234/303
f 303/234/303 308/279/308 304/235/304
f 300/273/300 304/235/304 308/279/308
f 309/280/309 310/281/310 311/282/311
f 310/281/310 309/280/309 312/283/312
f 313/284/313 312/283/312 309/280/309
f 312/283/312 313/284/313 314/285/314
f 315/286/315 314/285/314 313/284/313
f 314/285/314 315/286/315 316/287/316
f 317/288/317 318/289/318 319/290/319
f 318/289/318 317/288/317 320/291/320
f 321/292/321 134/134/134 174/174/174
f 174/174/174 170/170/170 321/292/321
f 172/172/172 321/292/321 170/170/170
f 134/134/134 321/292/321 132/132/132
f 321/292/321 172/172/172 322/293/322
f 322/293/322 132/132/132 321/292/321
f 323/294/323 322/293/322 172/172/172
f 132/132/132 322/293/322 324/295/324
f 324/295/324 325/296/325 290/263/290
f 288/261/288 324/295/324 290/263/290
f 324/295/324 288/261/288 132/132/132
f 322/293/322 323/294/323 324/295/324
f 325/296/325 324/295/324 323/294/323
f 326/297/326 327/298/327 328/299/328
f 329/284/329 328/299/328 327/298/327
f 327/298/327 326/297/326 330/300/330
f 331/301/331 330/300/330 326/297/326
f 330/300/330 331/301/331 332/290/332
f 333/289/333 332/290/332 331/301/331
f 230/208/230 334/302/334 231/209/231
f 229/207/229 334/302/334 230/208/230
f 231/209/231 335/303/335 232/210/232
f 334/302/334 330/300/330 335/303/335
f 335/303/335 231/209/231 334/302/334
f 332/290/332 335/303/335 330/300/330
f 330/300/330 334/302/334 336/304/336
f 337/305/337 336/304/336 334/302/334
f 228/206/228 337/305/337 229/207/229
f 334/302/334 229/207/229 337/305/337
f 338/282/338 336/304/336 337/305/337
f 336/304/336 338/282/338 339/280/339
f 340/281/340 339/280/339 338/282/338
f 341/283/341 329/284/329 339/280/339
f 339/280/339 340/281/340 341/283/341
f 329/284/329 341/283/341 342/285/342
f 343/255/343 342/285/342 341/283/341
f 344/306/344 339/280/339 329/284/329
f 329/284/329 327/298/327 344/306/344
f 344/306/344 330/300/330 336/304/336
f 330/300/330 344/306/344 327/298/327
f 339/280/339 344/306/344 336/304/336
f 259/114/259 345/218/345 346/115/346
f 347/117/347 348/217/348 349/118/349
f 350/215/350 351/214/351 352/213/352
f 353/212/353 352/213/352 351/214/351
f 352/213/352 353/212/353 354/211/354
f 260/222/260 355/275/355 262/236/262
f 256/234/256 355/275/355 260/222/260
f 356/274/356 262/236/262 355/275/355
f 258/235/258 357/279/357 256/234/256
f 355/275/355 256/234/256 357/279/357
f 357/279/357 258/235/258 358/273/358
f 358/273/358 355/275/355 357/279/357
f 356/274/356 358/273/358 350/215/350
f 355/275/355 358/273/358 356/274/356
f 350/215/350 359/271/359 351/214/351
f 359/271/359 350/215/350 358/273/358
f 360/276/360 358/273/358 258/235/258
f 358/273/358 360/276/360 359/271/359
f 361/307/361 362/308/362 213/161/213
f 362/308/362 361/307/361 363/291/363
f 364/309/364 363/291/363 361/307/361
f 364/309/364 217/202/217 232/210/232
f 333/289/333 365/288/365 332/290/332
f 232/210/232 365/288/365 364/309/364
f 363/291/363 364/309/364 365/288/365
f 365/288/365 333/289/333 363/291/363
f 335/303/335 332/290/332 365/288/365
f 365/288/365 232/210/232 335/303/335
f 337/305/337 228/206/228 366/310/366
f 367/155/367 221/156/221 227/153/227
f 367/155/367 366/310/366 228/206/228
f 228/206/228 221/156/221 367/155/367
f 366/310/366 367/155/367 368/154/368
f 227/153/227 368/154/368 367/155/367
f 368/154/368 227/153/227 369/151/369
f 370/139/370 371/143/371 343/255/343
f 371/143/371 370/139/370 372/311/372
f 373/312/373 343/255/343 371/143/371
f 371/143/371 374/254/374 373/312/373
f 342/285/342 343/255/343 373/312/373
f 375/313/375 376/314/376 372/311/372
f 376/314/376 141/141/141 280/253/280
f 377/315/377 378/316/378 379/317/379
f 378/316/378 372/311/372 380/140/380
f 380/140/380 379/317/379 378/316/378
f 370/139/370 380/140/380 372/311/372
f 379/317/379 380/140/380 381/318/381
f 382/138/382 381/318/381 380/140/380
f 380/140/380 370/139/370 382/138/382
f 172/172/172 171/171/171 383/170/383
f 384/173/384 383/170/383 171/171/171
f 385/136/385 386/134/386 387/174/387
f 383/170/383 384/173/384 387/174/387
f 386/134/386 385/136/385 388/135/388
f 382/138/382 389/137/389 385/136/385
f 389/137/389 382/138/382 370/139/370
f 389/137/389 388/135/388 385/136/385
f 390/257/390 388/135/388 389/137/389
f 388/135/388 390/257/390 391/258/391
f 392/319/392 391/258/391 390/257/390
f 390/257/390 340/281/340 392/319/392
f 340/281/340 393/320/393 392/319/392
f 337/305/337 393/320/393 338/282/338
f 338/282/338 393/320/393 340/281/340
f 393/320/393 337/305/337 394/321/394
f 366/310/366 394/321/394 337/305/337
f 368/154/368 395/150/395 366/310/366
f 395/150/395 368/154/368 369/151/369
f 394/321/394 366/310/366 395/150/395
f 396/149/396 395/150/395 369/151/369
f 397/148/397 398/260/398 395/150/395
f 395/150/395 396/149/396 397/148/397
f 399/262/399 398/260/398 397/148/397
f 398/260/398 399/262/399 400/261/400
f 401/263/401 400/261/400 399/262/399
f 400/261/400 401/263/401 402/295/402
f 323/294/323 402/295/402 325/296/325
f 325/296/325 402/295/402 401/263/401
f 402/295/402 323/294/323 403/293/403
f 172/172/172 403/293/403 323/294/323
f 404/292/404 403/293/403 172/172/172
f 387/174/387 404/292/404 383/170/383
f 404/292/404 387/174/387 386/134/386
f 172/172/172 383/170/383 404/292/404
f 405/132/405 402/295/402 403/293/403
f 402/295/402 405/132/405 400/261/400
f 403/293/403 404/292/404 405/132/405
f 386/134/386 405/132/405 404/292/404
f 405/132/405 386/134/386 406/133/406
f 400/261/400 406/133/406 398/260/398
f 391/258/391 406/133/406 388/135/388
f 388/135/388 406/133/406 386/134/386
f 406/133/406 400/261/400 405/132/405
f 407/259/407 398/260/398 406/133/406
f 406/133/406 391/258/391 407/259/407
f 408/322/408 395/150/395 398/260/398
f 398/260/398 407/259/407 408/322/408
f 395/150/395 408/322/408 394/321/394
f 408/322/408 393/320/393 394/321/394
f 393/320/393 408/322/408 392/319/392
f 391/258/391 392/319/392 408/322/408
f 408/322/408 407/259/407 391/258/391
f 211/162/211 409/159/409 212/160/212
f 410/158/410 212/160/212 409/159/409
f 409/159/409 224/146/224 410/158/410
f 222/157/222 410/158/410 224/146/224
f 410/158/410 222/157/222 411/169/411
f 412/168/412 411/169/411 222/157/222
f 222/157/222 221/156/221 412/168/412
f 219/167/219 411/169/411 412/168/412
f 412/168/412 221/156/221 219/167/219
f 216/165/216 413/166/413 219/167/219
f 411/169/411 219/167/219 413/166/413
f 413/166/413 214/164/214 411/169/411
f 214/164/214 413/166/413 216/165/216
f 411/169/411 414/163/414 410/158/410
f 214/164/214 213/161/213 414/163/414
f 414/163/414 213/161/213 212/160/212
f 414/163/414 411/169/411 214/164/214
f 212/160/212 410/158/410 414/163/414
f 415/323/415 416/324/416 417/325/417
f 417/325/417 418/326/418 415/323/415
f 419/327/419 420/328/420 421/329/421
f 422/330/422 423/331/423 424/332/424
f 424/332/424 423/331/423 425/333/425
f 426/334/426 427/335/427 428/336/428
f 429/337/429 430/338/430 431/339/431
f 432/340/432 433/341/433 434/342/434
f 435/341/435 436/342/436 437/343/437
f 438/344/438 437/343/437 436/342/436
f 439/345/439 440/346/440 441/347/441
f 442/348/442 441/347/441 440/346/440
f 441/347/441 442/348/442 443/349/443
f 444/350/444 445/351/445 446/352/446
f 274/247/274 273/246/273 447/353/447
f 272/245/272 447/353/447 273/246/273
f 274/247/274 447/353/447 276/249/276
f 448/354/448 276/249/276 447/353/447
f 276/249/276 448/354/448 278/251/278
f 449/355/449 278/251/278 448/354/448
f 128/128/128 292/265/292 450/356/450
f 450/356/450 278/251/278 449/355/449
f 450/356/450 127/127/127 128/128/128
f 278/251/278 450/356/450 292/265/292
f 127/127/127 450/356/450 451/357/451
f 452/358/452 451/357/451 450/356/450
f 131/131/131 452/358/452 129/129/129
f 449/355/449 452/358/452 450/356/450
f 451/357/451 452/358/452 131/131/131
f 453/238/453 129/129/129 452/358/452
f 452/358/452 449/355/449 453/238/453
f 129/129/129 453/238/453 454/359/454
f 454/359/454 453/238/453 455/239/455
f 448/354/448 456/240/456 449/355/449
f 453/238/453 449/355/449 456/240/456
f 456/240/456 455/239/455 453/238/453
f 455/239/455 456/240/456 457/241/457
f 458/242/458 457/241/457 456/240/456
f 447/353/447 458/242/458 448/354/448
f 456/240/456 448/354/448 458/242/458
f 459/360/459 460/244/460 461/361/461
f 460/244/460 354/211/354 462/243/462
f 353/212/353 462/243/462 354/211/354
f 462/243/462 461/361/461 460/244/460
f 461/361/461 462/243/462 463/362/463
f 462/243/462 353/212/353 464/245/464
f 464/245/464 463/362/463 462/243/462
f 465/353/465 269/242/269 463/362/463
f 463/362/463 464/245/464 465/353/465
f 351/214/351 466/246/466 353/212/353
f 464/245/464 353/212/353 466/246/466
f 466/246/466 465/353/465 464/245/464
f 465/353/465 466/246/466 467/247/467
f 466/246/466 351/214/351 467/247/467
f 468/249/468 465/353/465 467/247/467
f 269/242/269 469/354/469 267/240/267
f 469/354/469 269/242/269 465/353/465
f 465/353/465 468/249/468 469/354/469
f 470/251/470 469/354/469 468/249/468
f 471/363/471 472/364/472 473/365/473
f 208/192/208 471/363/471 474/366/474
f 473/365/473 474/366/474 471/363/471
f 472/364/472 471/363/471 475/367/475
f 204/196/204 476/368/476 206/194/206
f 476/368/476 477/369/477 478/370/478
f 471/363/471 208/192/208 478/370/478
f 478/370/478 208/192/208 206/194/206
f 478/370/478 475/367/475 471/363/471
f 475/367/475 478/370/478 477/369/477
f 476/368/476 478/370/478 206/194/206
f 476/368/476 204/196/204 479/371/479
f 480/372/480 481/373/481 482/374/482
f 481/373/481 480/372/480 483/375/483
f 484/376/484 485/377/485 486/378/486
f 487/379/487 484/376/484 486/378/486
f 488/380/488 487/379/487 486/378/486
f 487/379/487 488/380/488 489/381/489
f 485/377/485 484/376/484 490/382/490
f 490/382/490 491/383/491 485/377/485
f 489/381/489 491/383/491 490/382/490
f 491/383/491 489/381/489 488/380/488
f 489/381/489 492/384/492 487/379/487
f 490/382/490 492/384/492 489/381/489
f 492/384/492 490/382/490 484/376/484
f 484/376/484 487/379/487 492/384/492
f 491/383/491 488/380/488 493/385/493
f 486/378/486 493/385/493 488/380/488
f 493/385/493 485/377/485 491/383/491
f 493/385/493 486/378/486 485/377/485
f 494/320/494 495/305/495 311/282/311
f 156/156/156 496/206/496 155/155/155
f 495/305/495 496/206/496 497/207/497
f 498/204/498 497/207/497 496/206/496
f 496/206/496 156/156/156 498/204/498
f 167/167/167 498/204/498 156/156/156
f 497/207/497 498/204/498 499/208/499
f 499/208/499 498/204/498 500/209/500
f 501/203/501 500/209/500 498/204/498
f 165/165/165 501/203/501 167/167/167
f 498/204/498 167/167/167 501/203/501
f 500/209/500 501/203/501 502/210/502
f 501/203/501 165/165/165 503/202/503
f 503/202/503 502/210/502 501/203/501
f 165/165/165 504/386/504 503/202/503
f 505/307/505 504/386/504 161/161/161
f 506/201/506 161/161/161 504/386/504
f 504/386/504 165/165/165 506/201/506
f 164/164/164 506/201/506 165/165/165
f 161/161/161 506/201/506 164/164/164
f 507/310/507 155/155/155 496/206/496
f 154/154/154 507/310/507 150/150/150
f 155/155/155 507/310/507 154/154/154
f 496/206/496 495/305/495 507/310/507
f 495/305/495 494/320/494 508/321/508
f 508/321/508 150/150/150 507/310/507
f 508/321/508 507/310/507 495/305/495
f 150/150/150 508/321/508 509/322/509
f 494/320/494 509/322/509 508/321/508
f 311/282/311 510/319/510 494/320/494
f 509/322/509 494/320/494 510/319/510
f 510/319/510 311/282/311 310/281/310
f 511/387/511 512/388/512 513/389/513
f 514/390/514 513/389/513 512/388/512
f 514/390/514 512/388/512 515/391/515
f 516/392/516 515/391/515 512/388/512
f 517/393/517 515/391/515 516/392/516
f 515/391/515 517/393/517 518/394/518
f 519/395/519 520/396/520 521/397/521
f 520/396/520 519/395/519 522/398/522
f 523/399/523 522/398/522 519/395/519
f 522/398/522 523/399/523 524/400/524
f 522/398/522 525/395/525 520/396/520
f 526/397/526 520/396/520 525/395/525
f 520/396/520 526/397/526 527/401/527
f 527/401/527 521/397/521 520/396/520
f 528/402/528 529/403/529 530/404/530
f 530/404/530 529/403/529 531/405/531
f 532/406/532 533/407/533 534/408/534
f 535/409/535 536/410/536 537/411/537
f 538/412/538 537/411/537 536/410/536
f 539/410/539 537/411/537 538/412/538
f 537/411/537 539/410/539 540/409/540
f 541/413/541 542/414/542 543/327/543
f 544/415/544 545/416/545 546/417/546
f 195/194/195 547/368/547 197/196/197
f 548/370/548 195/194/195 193/192/193
f 547/368/547 195/194/195 548/370/548
f 549/366/549 191/190/191 190/189/190
f 549/366/549 550/363/550 193/192/193
f 548/370/548 193/192/193 550/363/550
f 550/363/550 551/367/551 548/370/548
f 551/367/551 550/363/550 552/364/552
f 190/189/190 553/365/553 549/366/549
f 553/365/553 552/364/552 550/363/550
f 550/363/550 549/366/549 553/365/553
f 553/365/553 190/189/190 554/418/554
f 188/187/188 554/418/554 190/189/190
f 184/184/184 555/419/555 188/187/188
f 555/419/555 184/184/184 209/187/209
f 209/187/209 556/418/556 555/419/555
f 554/418/554 188/187/188 555/419/555
f 557/420/557 555/419/555 556/418/556
f 555/419/555 557/420/557 554/418/554
f 209/187/209 210/188/210 558/189/558
f 474/366/474 473/365/473 558/189/558
f 556/418/556 558/189/558 473/365/473
f 558/189/558 556/418/556 209/187/209
f 183/183/183 177/177/177 559/421/559
f 179/179/179 559/421/559 177/177/177
f 559/421/559 181/181/181 183/183/183
f 181/181/181 559/421/559 179/179/179
f 182/182/182 560/422/560 183/183/183
f 177/177/177 560/422/560 178/178/178
f 177/177/177 183/183/183 560/422/560
f 178/178/178 561/423/561 180/180/180
f 180/180/180 561/423/561 182/182/182
f 560/422/560 182/182/182 561/423/561
f 561/423/561 178/178/178 560/422/560
f 562/424/562 563/425/563 564/426/564
f 563/425/563 562/424/562 565/427/565
f 566/428/566 567/429/567 568/430/568
f 567/429/567 566/428/566 569/431/569
f 570/432/570 571/433/571 572/434/572
f 573/435/573 570/432/570 572/434/572
f 569/431/569 573/435/573 567/429/567
f 570/432/570 573/435/573 569/431/569
f 572/434/572 574/436/574 573/435/573
f 575/437/575 573/435/573 574/436/574
f 576/438/576 567/429/567 573/435/573
f 573/435/573 575/437/575 576/438/576
f 577/439/577 576/438/576 575/437/575
f 469/354/469 470/251/470 578/355/578
f 578/355/578 267/240/267 469/354/469
f 267/240/267 578/355/578 265/238/265
f 579/358/579 265/238/265 578/355/578
f 265/238/265 579/358/579 580/129/580
f 581/356/581 578/355/578 470/251/470
f 578/355/578 581/356/581 579/358/579
f 582/127/582 579/358/579 581/356/581
f 579/358/579 582/127/582 583/357/583
f 583/357/583 584/131/584 579/358/579
f 580/129/580 579/358/579 584/131/584
f 461/361/461 585/440/585 459/360/459
f 586/441/586 459/360/459 585/440/585
f 587/248/587 467/247/467 351/214/351
f 467/247/467 587/248/587 468/249/468
f 468/249/468 588/250/588 470/251/470
f 588/250/588 468/249/468 587/248/587
f 470/251/470 588/250/588 589/252/589
f 590/269/590 589/252/589 588/250/588
f 589/252/589 590/269/590 591/266/591
f 592/278/592 591/266/591 590/269/590
f 591/266/591 593/265/593 589/252/589
f 470/251/470 589/252/589 593/265/593
f 470/251/470 593/265/593 581/356/581
f 581/356/581 594/128/594 582/127/582
f 593/265/593 591/266/591 594/128/594
f 594/128/594 581/356/581 593/265/593
f 595/126/595 582/127/582 594/128/594
f 584/131/584 596/130/596 580/129/580
f 597/125/597 594/128/594 591/266/591
f 594/128/594 597/125/597 595/126/595
f 591/266/591 598/267/598 597/125/597
f 598/267/598 591/266/591 592/278/592
f 599/120/599 597/125/597 598/267/598
f 600/124/600 595/126/595 597/125/597
f 597/125/597 599/120/599 600/124/600
f 601/123/601 600/124/600 599/120/599
f 602/107/602 603/119/603 599/120/599
f 603/119/603 602/107/602 349/118/349
f 349/118/349 604/109/604 347/117/347
f 604/109/604 349/118/349 602/107/602
f 347/117/347 604/109/604 605/116/605
f 606/110/606 258/235/258 257/112/257
f 258/235/258 606/110/606 360/276/360
f 604/109/604 606/110/606 607/111/607
f 257/112/257 607/111/607 606/110/606
f 607/111/607 605/116/605 604/109/604
f 605/116/605 607/111/607 346/115/346
f 346/115/346 608/113/608 259/114/259
f 259/114/259 608/113/608 257/112/257
f 607/111/607 257/112/257 608/113/608
f 608/113/608 346/115/346 607/111/607
f 606/110/606 604/109/604 609/108/609
f 602/107/602 609/108/609 604/109/604
f 590/269/590 609/108/609 592/278/592
f 610/277/610 609/108/609 590/269/590
f 360/276/360 606/110/606 610/277/610
f 609/108/609 610/277/610 606/110/606
f 609/108/609 602/107/602 611/106/611
f 611/106/611 592/278/592 609/108/609
f 592/278/592 611/106/611 598/267/598
f 612/268/612 598/267/598 611/106/611
f 599/120/599 612/268/612 602/107/602
f 611/106/611 602/107/602 612/268/612
f 598/267/598 612/268/612 599/120/599
f 613/323/613 614/325/614 615/324/615
f 616/326/616 614/325/614 613/323/613
f 617/442/617 618/443/618 619/444/619
f 620/445/620 621/446/621 622/446/622
f 621/446/621 620/445/620 623/447/623
f 620/445/620 624/448/624 623/447/623
f 623/447/623 625/449/625 626/450/626
f 627/451/627 628/452/628 629/453/629
f 630/454/630 631/455/631 632/456/632
f 632/456/632 631/455/631 633/457/633
f 217/202/217 634/386/634 216/165/216
f 634/386/634 213/161/213 215/201/215
f 217/202/217 364/309/364 634/386/634
f 215/201/215 216/165/216 634/386/634
f 361/307/361 634/386/634 364/309/364
f 213/161/213 634/386/634 361/307/361
f 635/272/635 351/214/351 359/271/359
f 351/214/351 635/272/635 587/248/587
f 359/271/359 360/276/360 635/272/635
f 610/277/610 635/272/635 360/276/360
f 590/269/590 636/270/636 610/277/610
f 635/272/635 610/277/610 636/270/636
f 636/270/636 587/248/587 635/272/635
f 636/270/636 590/269/590 588/250/588
f 587/248/587 636/270/636 588/250/588
f 270/243/270 637/362/637 272/245/272
f 637/362/637 458/242/458 447/353/447
f 447/353/447 272/245/272 637/362/637
f 271/244/271 638/361/638 270/243/270
f 637/362/637 270/243/270 638/361/638
f 638/361/638 271/244/271 639/360/639
f 639/360/639 640/440/640 638/361/638
f 640/440/640 639/360/639 641/441/641
f 642/458/642 643/459/643 644/460/644
f 645/461/645 646/462/646 647/463/647
f 645/461/645 648/464/648 646/462/646
f 649/465/649 650/466/650 651/467/651
f 652/468/652 653/469/653 445/351/445
f 653/469/653 652/468/652 654/470/654
f 442/348/442 654/470/654 652/468/652
f 654/470/654 442/348/442 655/471/655
f 440/346/440 655/471/655 442/348/442
f 656/223/656 657/472/657 439/345/439
f 658/473/658 659/225/659 660/474/660
f 660/474/660 661/475/661 247/225/247
f 661/475/661 660/474/660 659/225/659
f 662/476/662 247/225/247 661/475/661
f 247/225/247 662/476/662 245/223/245
f 663/477/663 245/223/245 662/476/662
f 245/223/245 663/477/663 664/345/664
f 665/347/665 664/345/664 663/477/663
f 663/477/663 666/478/666 665/347/665
f 667/349/667 665/347/665 666/478/666
f 664/345/664 665/347/665 668/346/668
f 665/347/665 667/349/667 669/348/669
f 669/348/669 668/346/668 665/347/665
f 670/351/670 671/469/671 672/468/672
f 671/469/671 670/351/670 673/479/673
f 674/480/674 675/481/675 676/482/676
f 677/483/677 678/484/678 679/485/679
f 680/486/680 681/487/681 650/466/650
f 681/487/681 651/467/651 650/466/650
f 681/487/681 680/486/680 682/488/682
f 683/489/683 684/490/684 685/491/685
f 684/490/684 683/489/683 686/492/686
f 685/491/685 686/492/686 683/489/683
f 687/491/687 688/490/688 689/489/689
f 690/493/690 691/494/691 692/495/692
f 693/496/693 692/495/692 691/494/691
f 691/494/691 690/493/690 693/496/693
f 694/496/694 695/493/695 696/494/696
f 317/288/317 319/290/319 697/303/697
f 697/303/697 502/210/502 317/288/317
f 502/210/502 697/303/697 500/209/500
f 320/291/320 505/307/505 698/308/698
f 161/161/161 698/308/698 505/307/505
f 699/309/699 317/288/317 502/210/502
f 317/288/317 699/309/699 320/291/320
f 504/386/504 699/309/699 503/202/503
f 699/309/699 504/386/504 505/307/505
f 505/307/505 320/291/320 699/309/699
f 502/210/502 503/202/503 699/309/699
f 700/302/700 500/209/500 697/303/697
f 500/209/500 700/302/700 499/208/499
f 700/302/700 495/305/495 497/207/497
f 497/207/497 499/208/499 700/302/700
f 495/305/495 700/302/700 701/304/701
f 311/282/311 701/304/701 309/280/309
f 701/304/701 311/282/311 495/305/495
f 309/280/309 702/306/702 313/284/313
f 702/306/702 309/280/309 701/304/701
f 702/306/702 703/298/703 313/284/313
f 704/431/704 705/428/705 706/429/706
f 707/430/707 706/429/706 705/428/705
f 516/392/516 708/424/708 517/393/517
f 708/424/708 709/427/709 710/497/710
f 709/427/709 708/424/708 711/425/711
f 512/388/512 712/426/712 516/392/516
f 712/426/712 711/425/711 708/424/708
f 708/424/708 516/392/516 712/426/712
f 711/425/711 712/426/712 713/498/713
f 712/426/712 512/388/512 714/499/714
f 714/499/714 713/498/713 712/426/712
f 713/498/713 714/499/714 715/500/715
f 562/424/562 716/501/716 717/497/717
f 717/497/717 565/427/565 562/424/562
f 716/501/716 562/424/562 718/393/718
f 564/426/564 719/392/719 562/424/562
f 718/393/718 562/424/562 719/392/719
f 719/392/719 564/426/564 720/388/720
f 721/499/721 720/388/720 564/426/564
f 722/498/722 564/426/564 563/425/563
f 564/426/564 722/498/722 721/499/721
f 723/502/723 724/503/724 725/504/725
f 725/504/725 726/505/726 723/502/723
f 726/505/726 725/504/725 727/506/727
f 728/507/728 727/506/727 725/504/725
f 725/504/725 729/508/729 728/507/728
f 730/509/730 725/504/725 724/503/724
f 666/478/666 663/477/663 731/454/731
f 662/476/662 731/454/731 663/477/663
f 633/457/633 732/510/732 632/456/632
f 661/475/661 732/510/732 662/476/662
f 656/223/656 733/476/733 659/225/659
f 659/225/659 733/476/733 661/475/661
f 732/510/732 661/475/661 733/476/733
f 632/456/632 733/476/733 630/454/630
f 733/476/733 632/456/632 732/510/732
f 734/477/734 630/454/630 733/476/733
f 439/345/439 734/477/734 656/223/656
f 441/347/441 734/477/734 439/345/439
f 733/476/733 656/223/656 734/477/734
f 443/349/443 735/478/735 441/347/441
f 734/477/734 441/347/441 735/478/735
f 735/478/735 630/454/630 734/477/734
f 444/350/444 736/511/736 443/349/443
f 631/455/631 630/454/630 737/512/737
f 630/454/630 735/478/735 737/512/737
f 731/454/731 662/476/662 738/456/738
f 738/456/738 662/476/662 732/510/732
f 732/510/732 633/457/633 738/456/738
f 739/455/739 738/456/738 633/457/633
f 738/456/738 739/455/739 731/454/731
f 740/339/740 741/513/741 742/514/742
f 741/513/741 740/339/740 743/337/743
f 340/281/340 390/257/390 744/256/744
f 370/139/370 343/255/343 744/256/744
f 744/256/744 341/283/341 340/281/340
f 744/256/744 389/137/389 370/139/370
f 389/137/389 744/256/744 390/257/390
f 341/283/341 744/256/744 343/255/343
f 401/263/401 745/515/745 325/296/325
f 644/460/644 746/516/746 642/458/642
f 746/516/746 647/463/647 646/462/646
f 647/463/647 746/516/746 644/460/644
f 747/461/747 748/462/748 749/464/749
f 749/464/749 750/517/750 747/461/747
f 751/463/751 748/462/748 747/461/747
f 747/461/747 752/518/752 751/463/751
f 751/463/751 753/519/753 754/460/754
f 755/520/755 754/460/754 753/519/753
f 756/459/756 754/460/754 755/520/755
f 754/460/754 756/459/756 757/458/757
f 758/521/758 757/458/757 756/459/756
f 759/522/759 757/458/757 758/521/758
f 757/458/757 759/522/759 760/523/760
f 754/460/754 761/516/761 751/463/751
f 757/458/757 761/516/761 754/460/754
f 748/462/748 751/463/751 761/516/761
f 533/407/533 532/406/532 762/524/762
f 762/524/763 763/525/764 764/526/765
f 764/526/765 765/527/766 766/528/767
f 767/232/768 768/231/769 769/230/770
f 719/392/719 770/391/771 718/393/718
f 720/388/720 770/391/771 719/392/719
f 770/391/771 720/388/720 771/390/772
f 718/393/718 772/394/773 716/501/716
f 772/394/773 718/393/718 770/391/771
f 773/529/774 716/501/716 772/394/773
f 706/429/706 774/435/775 704/431/704
f 774/435/775 706/429/706 775/438/776
f 775/438/776 776/437/777 774/435/775
f 776/437/777 775/438/776 777/439/778
f 778/436/779 774/435/775 776/437/777
f 774/435/775 778/436/779 779/434/780
f 780/530/781 779/434/780 778/436/779
f 779/434/780 780/530/781 781/531/782
f 782/433/783 779/434/780 781/531/782
f 704/431/704 774/435/775 783/432/784
f 779/434/780 782/433/783 783/432/784
f 779/434/780 783/432/784 774/435/775
f 784/532/785 783/432/784 782/433/783
f 783/432/784 785/533/786 704/431/704
f 785/533/786 783/432/784 784/532/785
f 705/428/705 704/431/704 785/533/786
f 242/220/242 786/534/787 243/221/243
f 787/535/788 243/221/243 786/534/787
f 788/408/789 789/536/790 790/537/791
f 790/537/791 789/536/790 534/408/534
f 791/538/792 792/539/793 793/540/794
f 792/539/793 791/538/792 794/541/795
f 795/445/796 620/445/620 622/446/622
f 622/446/622 796/542/797 795/445/796
f 623/447/623 797/543/798 621/446/621
f 621/446/621 797/543/798 622/446/622
f 795/445/796 796/542/797 798/448/799
f 624/448/624 620/445/620 798/448/799
f 798/448/799 620/445/620 795/445/796
f 798/448/799 796/542/797 624/448/624
f 624/448/624 799/542/800 623/447/623
f 799/542/800 625/449/625 623/447/623
f 799/542/800 796/542/797 625/449/625
f 624/448/624 796/542/797 799/542/800
f 626/450/626 800/544/801 623/447/623
f 800/544/801 797/543/798 623/447/623
f 797/543/798 800/544/801 801/544/802
f 626/450/626 801/544/802 800/544/801
f 802/450/803 801/544/802 626/450/626
f 625/449/625 802/450/803 626/450/626
f 801/544/802 802/450/803 622/446/622
f 802/450/803 803/449/804 622/446/622
f 803/449/804 802/450/803 625/449/625
f 803/449/804 796/542/797 622/446/622
f 796/542/797 803/449/804 625/449/625
f 804/543/805 801/544/802 622/446/622
f 622/446/622 797/543/798 804/543/805
f 804/543/805 797/543/798 801/544/802
f 805/545/806 806/331/807 807/333/808
f 126/126/126 127/127/127 808/546/233
f 808/546/233 127/127/127 809/547/271
f 451/357/451 809/547/271 127/127/127
f 131/131/131 810/548/809 451/357/451
f 809/547/271 451/357/451 810/548/809
f 811/549/641 131/131/131 130/130/130
f 810/548/809 131/131/131 811/549/641
f 130/130/130 129/129/129 812/550/454
f 813/205/810 153/153/153 152/152/152
f 153/153/153 813/205/810 144/144/144
f 147/147/147 144/144/144 813/205/810
f 152/152/152 149/149/149 814/551/315
f 149/149/149 148/148/148 815/552/316
f 815/552/316 814/551/315 149/149/149
f 138/138/138 816/553/434 136/136/136
f 175/175/175 136/136/136 816/553/434
f 816/553/434 138/138/138 817/318/432
f 140/140/140 817/318/432 138/138/138
f 817/318/432 140/140/140 818/554/811
f 142/142/142 818/554/811 140/140/140
f 818/554/811 142/142/142 819/555/377
f 819/555/377 142/142/142 176/176/176
f 376/314/376 820/556/375 141/141/141
f 176/176/176 141/141/141 820/556/375
f 191/190/191 549/366/549 821/557/812
f 821/557/812 193/192/193 192/191/192
f 193/192/193 821/557/812 549/366/549
f 207/193/207 208/192/208 822/191/679
f 474/366/474 823/557/677 208/192/208
f 822/191/679 208/192/208 823/557/677
f 823/557/677 474/366/474 824/190/813
f 558/189/558 824/190/813 474/366/474
f 824/190/813 558/189/558 210/188/210
f 223/144/223 224/146/224 825/145/814
f 225/147/225 223/144/223 825/145/814
f 369/151/369 826/152/328 396/149/396
f 227/153/227 226/205/226 826/152/328
f 826/152/328 369/151/369 227/153/227
f 827/236/122 302/275/302 244/222/244
f 302/275/302 827/236/122 301/274/301
f 827/236/122 244/222/244 243/221/243
f 828/558/123 301/274/301 827/236/122
f 301/274/301 828/558/123 237/215/237
f 829/559/124 237/215/237 828/558/123
f 237/215/237 829/559/124 235/213/235
f 235/213/235 830/560/126 233/211/233
f 830/560/126 235/213/235 829/559/124
f 238/216/238 121/121/121 831/561/815
f 832/562/248 119/119/119 238/216/238
f 239/217/239 118/118/118 833/563/250
f 833/563/250 119/119/119 832/562/248
f 119/119/119 833/563/250 118/118/118
f 240/218/240 115/115/115 834/564/253
f 117/117/117 834/564/253 116/116/116
f 116/116/116 834/564/253 115/115/115
f 834/564/253 117/117/117 239/217/239
f 835/237/121 243/221/243 787/535/788
f 243/221/243 835/237/121 827/236/122
f 666/478/666 836/565/788 667/349/667
f 837/511/787 667/349/667 836/565/788
f 667/349/667 837/511/787 838/350/816
f 660/474/660 839/566/817 658/473/658
f 840/473/818 247/225/247 246/224/246
f 247/225/247 840/473/818 660/474/660
f 839/566/817 660/474/660 840/473/818
f 664/345/664 841/472/437 245/223/245
f 246/224/246 245/223/245 841/472/437
f 668/346/668 842/567/435 664/345/664
f 841/472/437 664/345/664 842/567/435
f 842/567/435 668/346/668 843/568/819
f 844/471/795 843/568/819 668/346/668
f 668/346/668 669/348/669 844/471/795
f 254/232/254 845/569/239 251/229/251
f 250/228/250 251/229/251 845/569/239
f 845/569/239 254/232/254 253/231/253
f 253/231/253 252/230/252 846/570/240
f 847/571/241 846/570/240 252/230/252
f 848/572/820 252/230/252 255/233/255
f 252/230/252 848/572/820 847/571/241
f 849/573/821 251/229/251 249/227/249
f 255/233/255 254/232/254 849/573/821
f 251/229/251 849/573/821 254/232/254
f 633/457/633 850/574/790 739/455/739
f 631/455/631 851/575/822 850/574/790
f 850/574/790 633/457/633 631/455/631
f 263/237/263 852/535/823 261/221/261
f 853/534/736 261/221/261 852/535/823
f 261/221/261 853/534/736 264/220/264
f 854/576/444 264/220/264 853/534/736
f 264/220/264 854/576/444 855/219/824
f 855/219/824 259/114/259 264/220/264
f 345/218/345 259/114/259 855/219/824
f 856/577/446 855/219/824 854/576/444
f 580/129/580 857/359/825 265/238/265
f 266/239/266 265/238/265 857/359/825
f 858/312/291 143/143/143 282/255/282
f 858/312/291 281/254/281 143/143/143
f 859/578/281 291/264/291 290/263/290
f 325/296/325 860/515/280 290/263/290
f 859/578/281 290/263/290 860/515/280
f 861/579/376 325/296/325 745/515/745
f 860/515/280 325/296/325 861/579/376
f 315/286/315 313/284/313 862/299/152
f 703/298/703 862/299/152 313/284/313
f 862/299/152 703/298/703 863/297/826
f 864/300/827 701/304/701 700/302/700
f 864/300/827 697/303/697 319/290/319
f 864/300/827 863/297/826 703/298/703
f 697/303/697 864/300/827 700/302/700
f 703/298/703 702/306/702 864/300/827
f 701/304/701 864/300/827 702/306/702
f 319/290/319 865/301/828 864/300/827
f 863/297/826 864/300/827 865/301/828
f 865/301/828 319/290/319 318/289/318
f 373/312/373 866/287/829 342/285/342
f 328/299/328 329/284/329 867/286/830
f 342/285/342 867/286/830 329/284/329
f 867/286/830 342/285/342 866/287/829
f 348/217/348 347/117/347 868/564/769
f 868/564/769 346/115/346 345/218/345
f 346/115/346 868/564/769 605/116/605
f 605/116/605 868/564/769 347/117/347
f 349/118/349 869/563/831 603/119/603
f 869/563/831 349/118/349 348/217/348
f 870/562/832 603/119/603 869/563/831
f 871/216/737 603/119/603 870/562/832
f 603/119/603 871/216/737 872/121/263
f 872/121/263 599/120/599 603/119/603
f 873/561/823 872/121/263 871/216/737
f 354/211/354 874/560/595 352/213/352
f 352/213/352 875/559/600 350/215/350
f 875/559/600 352/213/352 874/560/595
f 350/215/350 876/558/601 356/274/356
f 876/558/601 350/215/350 875/559/600
f 262/236/262 356/274/356 876/558/601
f 877/551/830 396/149/396 826/152/328
f 397/148/397 878/552/829 399/262/399
f 878/552/829 397/148/397 396/149/396
f 396/149/396 877/551/830 878/552/829
f 374/254/374 371/143/371 879/253/745
f 879/253/745 372/311/372 376/314/376
f 372/311/372 879/253/745 371/143/371
f 375/313/375 372/311/372 880/580/176
f 880/580/176 378/316/378 377/315/377
f 378/316/378 880/580/176 372/311/372
f 381/318/381 382/138/382 881/553/436
f 385/136/385 881/553/436 382/138/382
f 881/553/436 385/136/385 882/175/833
f 387/174/387 882/175/833 385/136/385
f 882/175/833 387/174/387 384/173/384
f 883/581/541 884/582/834 885/583/835
f 886/581/836 885/583/835 884/582/834
f 614/325/614 616/326/616 887/584/837
f 887/584/837 615/324/615 614/325/614
f 887/584/837 417/325/417 416/324/416
f 418/326/418 417/325/417 887/584/837
f 888/585/617 889/586/838 890/587/481
f 889/586/838 888/585/617 891/588/839
f 892/589/840 891/588/839 888/585/617
f 893/590/841 891/588/839 892/589/840
f 891/588/839 893/590/841 889/586/838
f 894/591/842 889/586/838 893/590/841
f 895/592/843 896/593/844 897/594/418
f 898/595/845 897/594/418 896/593/844
f 896/593/844 899/596/427 898/595/845
f 897/594/418 898/595/845 899/596/427
f 900/597/425 901/598/617 902/599/846
f 903/600/619 902/599/846 901/598/617
f 902/599/846 904/601/424 900/597/425
f 904/601/424 902/599/846 903/600/619
f 905/602/847 906/603/416 907/604/415
f 420/328/420 419/327/419 908/605/415
f 423/331/423 422/330/422 909/545/421
f 909/545/421 425/333/425 423/331/423
f 910/606/848 911/607/849 912/608/428
f 427/335/427 426/334/426 913/609/420
f 428/336/428 914/610/849 426/334/426
f 913/609/420 426/334/426 914/610/849
f 915/611/848 916/612/428 917/613/850
f 918/614/851 917/613/850 916/612/428
f 917/613/850 918/614/851 919/615/852
f 919/615/852 915/611/848 917/613/850
f 915/611/848 919/615/852 918/614/851
f 920/616/853 921/617/421 922/618/741
f 921/617/421 920/616/853 923/619/840
f 923/619/840 920/616/853 924/620/841
f 922/618/741 924/620/841 920/616/853
f 925/614/688 926/612/854 927/613/855
f 928/611/856 927/613/855 926/612/854
f 925/614/688 929/615/857 928/611/856
f 929/615/857 925/614/688 927/613/855
f 927/613/855 928/611/856 929/615/857
f 431/339/431 930/513/858 429/337/429
f 930/513/858 431/339/431 931/514/859
f 931/514/859 431/339/431 430/338/430
f 932/621/860 933/622/858 934/623/861
f 935/624/859 934/623/861 933/622/858
f 934/623/861 936/625/856 932/621/860
f 936/625/856 934/623/861 935/624/859
f 937/626/862 938/627/860 939/628/863
f 938/627/860 937/626/862 940/629/858
f 940/629/858 937/626/862 941/630/806
f 939/628/863 941/630/806 937/626/862
f 942/609/863 943/610/860 944/334/864
f 945/336/854 944/334/864 943/610/860
f 946/335/865 944/334/864 945/336/854
f 944/334/864 946/335/865 942/609/863
f 947/344/866 948/631/867 949/632/173
f 950/343/657 434/342/434 433/341/433
f 948/631/867 947/344/866 950/343/657
f 434/342/434 950/343/657 947/344/866
f 433/341/433 432/340/432 951/633/868
f 952/634/811 951/633/868 432/340/432
f 951/633/868 952/634/811 953/635/869
f 954/636/377 953/635/869 952/634/811
f 955/634/379 953/635/869 954/636/377
f 953/635/869 955/634/379 956/633/819
f 956/633/819 957/340/381 435/341/435
f 957/340/381 956/633/819 955/634/379
f 436/342/436 435/341/435 957/340/381
f 437/343/437 438/344/438 958/631/246
f 959/632/384 958/631/246 438/344/438
f 958/631/246 959/632/384 960/637/818
f 961/638/171 960/637/818 959/632/384
f 960/637/818 961/638/171 962/639/817
f 949/632/173 962/639/817 961/638/171
f 962/639/817 949/632/173 963/637/658
f 948/631/867 963/637/658 949/632/173
f 443/349/443 964/640/652 444/350/444
f 445/351/445 444/350/444 964/640/652
f 964/640/652 443/349/443 442/348/442
f 965/641/766 446/352/446 445/351/445
f 445/351/445 966/642/870 965/641/766
f 557/420/557 556/418/556 967/643/871
f 967/643/871 473/365/473 472/364/472
f 473/365/473 967/643/871 556/418/556
f 479/371/479 968/644/842 476/368/476
f 477/369/477 476/368/476 968/644/842
f 482/374/482 969/645/838 479/371/479
f 968/644/842 479/371/479 969/645/838
f 969/645/838 482/374/482 481/373/481
f 483/375/483 480/372/480 970/373/872
f 971/374/873 970/373/872 480/372/480
f 970/373/872 971/374/873 972/645/874
f 973/371/875 972/645/874 971/374/873
f 973/371/875 197/196/197 547/368/547
f 512/388/512 511/387/511 974/646/571
f 974/646/571 714/499/714 512/388/512
f 974/646/571 715/500/715 714/499/714
f 975/501/876 518/394/518 517/393/517
f 517/393/517 708/424/708 975/501/876
f 710/497/710 975/501/876 708/424/708
f 518/394/518 975/501/876 976/529/877
f 528/402/528 977/647/878 527/401/527
f 521/397/521 527/401/527 977/647/878
f 524/400/524 978/399/879 522/398/522
f 525/395/525 522/398/522 978/399/879
f 979/647/880 527/401/527 526/397/526
f 527/401/527 979/647/880 528/402/528
f 529/403/529 528/402/528 980/648/870
f 528/402/528 979/647/880 980/648/870
f 981/649/653 531/405/531 529/403/529
f 531/405/531 981/649/653 793/540/794
f 982/539/654 793/540/794 981/649/653
f 793/540/794 982/539/654 791/538/792
f 983/541/655 791/538/792 982/539/654
f 791/538/792 983/541/655 984/650/869
f 984/650/869 794/541/795 791/538/792
f 985/651/868 984/650/869 983/541/655
f 986/330/542 806/331/807 805/545/806
f 806/331/807 986/330/542 987/332/881
f 987/332/881 807/333/808 806/331/807
f 543/327/543 988/605/613 541/413/541
f 988/605/613 543/327/543 989/328/863
f 990/329/806 989/328/863 543/327/543
f 990/329/806 543/327/543 542/414/542
f 991/594/616 992/596/882 993/595/883
f 994/593/884 993/595/883 992/596/882
f 993/595/883 994/593/884 991/594/616
f 995/592/885 991/594/616 994/593/884
f 546/417/546 996/652/885 544/415/544
f 997/653/884 544/415/544 996/652/885
f 545/416/545 544/415/544 997/653/884
f 998/654/886 999/655/541 1000/656/835
f 999/655/541 998/654/886 1001/657/542
f 1001/657/542 998/654/886 1002/658/881
f 1000/656/835 1002/658/881 998/654/886
f 1003/659/837 1004/660/887 1005/661/888
f 1006/662/843 1005/661/888 1004/660/887
f 1007/663/418 1005/661/888 1006/662/843
f 1005/661/888 1007/663/418 1008/664/837
f 1009/665/546 1010/666/889 1011/667/885
f 1011/667/885 1010/666/889 1012/668/887
f 1013/666/890 1014/667/843 1012/668/887
f 1014/667/843 1013/666/890 1015/665/891
f 1016/669/892 1017/670/837 1018/671/416
f 1017/670/837 1016/669/892 1019/671/615
f 1018/671/416 1020/672/893 1016/669/892
f 1019/671/615 1016/669/892 1020/672/893
f 1021/673/424 1022/674/619 1023/675/894
f 1024/673/881 1023/675/894 1022/674/619
f 1023/675/894 1025/676/835 1021/673/424
f 1025/676/835 1023/675/894 1024/673/881
f 1026/677/893 884/582/834 883/581/541
f 884/582/834 1026/677/893 886/581/836
f 1015/665/891 1013/666/890 1027/678/895
f 1027/678/895 1012/668/887 1010/666/889
f 1010/666/889 1009/665/546 1027/678/895
f 1012/668/887 1027/678/895 1013/666/890
f 972/645/874 973/371/875 1028/644/896
f 547/368/547 1028/644/896 973/371/875
f 548/370/548 1029/369/430 547/368/547
f 1029/369/430 548/370/548 551/367/551
f 1028/644/896 547/368/547 1029/369/430
f 1030/643/897 554/418/554 557/420/557
f 552/364/552 553/365/553 1030/643/897
f 554/418/554 1030/643/897 553/365/553
f 565/427/565 717/497/717 1031/679/898
f 1032/680/710 568/430/568 567/429/567
f 567/429/567 576/438/576 1032/680/710
f 568/430/568 1032/680/710 1033/681/899
f 1034/533/900 569/431/569 566/428/566
f 569/431/569 1034/533/900 570/432/570
f 571/433/571 570/432/570 1035/532/901
f 1035/532/901 570/432/570 1034/533/900
f 1036/531/511 572/434/572 571/433/571
f 572/434/572 1036/531/511 1037/530/513
f 574/436/574 572/434/572 1037/530/513
f 576/438/576 577/439/577 1038/682/877
f 1032/680/710 576/438/576 1039/683/902
f 1038/682/877 1039/683/902 576/438/576
f 463/362/463 1040/684/268 461/361/461
f 585/440/585 461/361/461 1040/684/268
f 1040/684/268 463/362/463 269/242/269
f 582/127/582 595/126/595 1041/546/354
f 582/127/582 1042/547/460 583/357/583
f 1042/547/460 582/127/582 1041/546/354
f 1043/548/459 583/357/583 1042/547/460
f 583/357/583 1043/548/459 584/131/584
f 1044/549/586 584/131/584 1043/548/459
f 596/130/596 584/131/584 1044/549/586
f 1045/550/825 580/129/580 596/130/596
f 599/120/599 1046/122/262 601/123/601
f 1046/122/262 599/120/599 872/121/263
f 906/603/416 905/602/847 1047/685/893
f 907/604/415 1048/686/836 905/602/847
f 1047/685/893 905/602/847 1048/686/836
f 1049/653/844 1050/652/843 1051/415/903
f 1052/417/891 1051/415/903 1050/652/843
f 1053/416/686 1051/415/903 1052/417/891
f 1051/415/903 1053/416/686 1049/653/844
f 1054/655/836 1055/654/904 1000/656/835
f 1055/654/904 1054/655/836 1056/657/422
f 1056/657/422 1057/658/424 1055/654/904
f 1000/656/835 1055/654/904 1057/658/424
f 1058/687/427 1059/688/844 1060/689/428
f 1061/690/905 1062/691/427 1063/692/420
f 1062/691/427 1061/690/905 1064/693/418
f 1063/692/420 1065/694/415 1061/690/905
f 1064/693/418 1061/690/905 1065/694/415
f 421/329/421 1066/414/422 419/327/419
f 419/327/419 1067/413/836 908/605/415
f 1067/413/836 419/327/419 1066/414/422
f 1047/685/893 1068/686/541 1069/602/906
f 1070/604/613 1069/602/906 1068/686/541
f 1071/603/615 1069/602/906 1070/604/613
f 1069/602/906 1071/603/615 1047/685/893
f 1072/599/907 1073/601/881 903/600/619
f 1073/601/881 1072/599/907 1074/597/808
f 1074/597/808 1072/599/907 1075/598/908
f 903/600/619 1075/598/908 1072/599/907
f 619/444/619 618/443/618 1076/442/908
f 1077/695/909 1076/442/908 618/443/618
f 618/443/618 617/442/617 1077/695/909
f 1076/442/908 1077/695/909 1078/696/872
f 1079/696/481 1077/695/909 617/442/617
f 1008/664/837 1080/663/616 1081/661/910
f 1081/661/910 1004/660/887 1003/659/837
f 1004/660/887 1081/661/910 1082/662/885
f 1082/662/885 1081/661/910 1080/663/616
f 1083/697/911 1084/452/912 1085/698/913
f 1084/452/912 1086/453/914 1085/698/913
f 1087/697/915 1088/698/916 628/452/628
f 628/452/628 1088/698/916 629/453/629
f 628/452/628 627/451/627 1089/699/911
f 1090/700/917 628/452/628 1089/699/911
f 851/575/822 631/455/631 1091/701/832
f 737/512/737 1091/701/832 631/455/631
f 1092/575/918 739/455/739 850/574/790
f 1093/701/248 739/455/739 1092/575/918
f 731/454/731 1094/512/238 666/478/666
f 1094/512/238 731/454/731 739/455/739
f 739/455/739 1093/701/248 1094/512/238
f 836/565/788 666/478/666 1094/512/238
f 1095/407/919 1096/406/920 788/408/789
f 1096/406/920 1095/407/919 1097/524/821
f 1098/526/921 1099/525/255 1097/524/821
f 1099/525/255 1098/526/921 1100/702/820
f 1100/702/820 1098/526/921 1101/527/922
f 1102/528/878 1101/527/922 1098/526/921
f 1101/527/922 1102/528/878 1103/703/923
f 1104/684/457 638/361/638 640/440/640
f 458/242/458 637/362/637 1104/684/457
f 638/361/638 1104/684/457 637/362/637
f 643/459/643 642/458/642 1105/521/924
f 1106/520/925 644/460/644 643/459/643
f 1107/519/651 644/460/644 1106/520/925
f 644/460/644 1107/519/651 647/463/647
f 1108/704/926 647/463/647 1107/519/651
f 647/463/647 1109/518/927 645/461/645
f 1109/518/927 647/463/647 1108/704/926
f 1110/705/928 645/461/645 1109/518/927
f 648/464/648 645/461/645 1111/517/929
f 645/461/645 1110/705/928 1111/517/929
f 1112/706/813 646/462/646 648/464/648
f 651/467/651 681/487/681 1113/707/926
f 1114/483/812 1115/708/749 1116/709/191
f 1115/708/749 1114/483/812 1117/484/930
f 1118/485/931 1117/484/930 1114/483/812
f 1119/488/932 1120/486/750 1121/487/752
f 1122/466/933 1121/487/752 1120/486/750
f 1123/467/753 1121/487/752 1122/466/933
f 1121/487/752 1123/467/753 1124/707/934
f 966/642/870 445/351/445 1125/479/529
f 1125/479/529 445/351/445 653/469/653
f 655/471/655 440/346/440 1126/568/868
f 439/345/439 1127/567/433 440/346/440
f 1127/567/433 439/345/439 657/472/657
f 1126/568/868 440/346/440 1127/567/433
f 657/472/657 656/223/656 1128/224/867
f 1128/224/867 659/225/659 658/473/658
f 659/225/659 1128/224/867 656/223/656
f 672/468/672 1129/470/793 669/348/669
f 1129/470/793 672/468/672 671/469/671
f 844/471/795 669/348/669 1129/470/793
f 1130/642/923 673/479/673 670/351/670
f 670/351/670 1131/641/922 1130/642/923
f 1131/641/922 670/351/670 1132/352/820
f 1132/352/820 670/351/670 838/350/816
f 1133/640/672 838/350/816 670/351/670
f 838/350/816 1133/640/672 667/349/667
f 669/348/669 667/349/667 1133/640/672
f 1123/467/753 1134/710/935 1135/711/755
f 1122/466/933 1136/465/936 1123/467/753
f 1134/710/935 1123/467/753 1136/465/936
f 1136/465/936 675/481/675 1134/710/935
f 675/481/675 674/480/674 1137/482/937
f 1137/482/937 1134/710/935 675/481/675
f 1134/710/935 1137/482/937 1138/712/758
f 1139/710/938 676/482/676 675/481/675
f 651/467/651 1139/710/938 649/465/649
f 675/481/675 649/465/649 1139/710/938
f 676/482/676 1139/710/938 1140/712/939
f 1139/710/938 651/467/651 1141/711/925
f 1142/709/813 1143/708/648 677/483/677
f 678/484/678 677/483/677 1143/708/648
f 692/495/692 1144/713/477 690/493/690
f 693/496/693 1145/714/841 692/495/692
f 1144/713/477 692/495/692 1145/714/841
f 1145/714/841 693/496/693 690/493/690
f 690/493/690 1146/715/842 1145/714/841
f 1146/715/842 690/493/690 1144/713/477
f 695/493/695 694/496/694 1147/714/429
f 1148/495/940 696/494/696 695/493/695
f 1148/495/940 1147/714/429 694/496/694
f 696/494/696 1148/495/940 694/496/694
f 1147/714/429 1148/495/940 1149/713/430
f 695/493/695 1149/713/430 1148/495/940
f 1147/714/429 1150/715/896 695/493/695
f 1149/713/430 695/493/695 1150/715/896
f 1151/716/428 685/491/685 684/490/684
f 1151/716/428 1152/717/844 685/491/685
f 686/492/686 685/491/685 1152/717/844
f 1153/717/884 1154/716/854 687/491/687
f 688/490/688 687/491/687 1154/716/854
f 1153/717/884 687/491/687 1155/492/545
f 1155/492/545 689/489/689 688/490/688
f 689/489/689 1155/492/545 687/491/687
f 863/297/826 1156/718/810 862/299/152
f 865/301/828 1157/719/147 863/297/826
f 1156/718/810 863/297/826 1157/719/147
f 318/289/318 1158/720/145 865/301/828
f 1157/719/147 865/301/828 1158/720/145
f 1158/720/145 318/289/318 1159/721/146
f 320/291/320 1159/721/146 318/289/318
f 1159/721/146 320/291/320 1160/722/159
f 1161/723/162 698/308/698 161/161/161
f 1160/722/159 320/291/320 1161/723/162
f 698/308/698 1161/723/162 320/291/320
f 1162/680/717 775/438/776 706/429/706
f 706/429/706 707/430/707 1162/680/717
f 1163/681/898 1162/680/717 707/430/707
f 1164/679/899 710/497/710 709/427/709
f 720/388/720 721/499/721 1165/646/783
f 1166/500/785 1165/646/783 721/499/721
f 1166/500/785 721/499/721 722/498/722
f 729/508/729 1167/509/941 1168/724/942
f 1168/724/942 1167/509/941 1169/725/943
f 1169/725/943 1167/509/941 1170/726/944
f 1170/726/944 1167/509/941 1171/727/945
f 1171/727/945 1167/509/941 1172/728/946
f 1173/565/823 737/512/737 735/478/735
f 735/478/735 443/349/443 1173/565/823
f 1173/565/823 443/349/443 736/511/736
f 1174/624/742 1175/622/741 1176/623/947
f 1177/621/849 1176/623/947 1175/622/741
f 1176/623/947 1178/625/848 1174/624/742
f 1178/625/848 1176/623/947 1177/621/849
f 742/514/742 1179/338/477 740/339/740
f 743/337/743 740/339/740 1179/338/477
f 1180/629/741 1181/630/421 1182/626/948
f 1183/628/420 1182/626/948 1181/630/421
f 1184/627/849 1182/626/948 1183/628/420
f 1182/626/948 1184/627/849 1180/629/741
f 399/262/399 1185/264/373 401/263/401
f 1185/264/373 399/262/399 878/552/829
f 745/515/745 401/263/401 1186/578/374
f 1186/578/374 401/263/401 1185/264/373
f 328/299/328 1187/718/226 326/297/326
f 1188/719/949 326/297/326 1187/718/226
f 326/297/326 1188/719/949 331/301/331
f 331/301/331 1189/720/814 333/289/333
f 1189/720/814 331/301/331 1188/719/949
f 1190/721/224 333/289/333 1189/720/814
f 333/289/333 1190/721/224 363/291/363
f 1191/722/409 363/291/363 1190/721/224
f 213/161/213 362/308/362 1192/723/211
f 1192/723/211 363/291/363 1191/722/409
f 363/291/363 1192/723/211 362/308/362
f 760/523/760 1193/729/185 757/458/757
f 761/516/761 757/458/757 1193/729/185
f 1193/729/185 642/458/642 746/516/746
f 642/458/642 1193/729/185 760/523/760
f 748/462/748 1194/706/950 749/464/749
f 1195/705/951 747/461/747 750/517/750
f 752/518/752 747/461/747 1195/705/951
f 753/519/753 751/463/751 1196/704/934
f 1196/704/934 751/463/751 752/518/752
f 1197/730/952 760/523/760 759/522/759
f 1198/522/676 760/523/760 1197/730/952
f 1105/521/924 642/458/642 1198/522/676
f 760/523/760 1198/522/676 642/458/642
f 765/527/766 764/526/765 1199/702/446
f 1199/702/446 764/526/765 763/525/764
f 1200/703/870 766/528/767 765/527/766
f 1201/226/832 1202/228/831 1203/227/532
f 1204/229/953 1203/227/532 1202/228/831
f 1203/227/532 1204/229/953 1205/573/763
f 767/232/768 1205/573/763 1204/229/953
f 1205/573/763 767/232/768 1206/233/764
f 769/230/770 1206/233/764 767/232/768
f 1206/233/764 769/230/770 1207/572/446
f 1208/571/824 1207/572/446 769/230/770
f 769/230/770 1209/570/345 1208/571/824
f 1209/570/345 769/230/770 768/231/769
f 768/231/769 767/232/768 1210/569/954
f 1204/229/953 1210/569/954 767/232/768
f 1210/569/954 1204/229/953 1202/228/831
f 1165/646/783 1211/387/955 720/388/720
f 1212/389/781 720/388/720 1211/387/955
f 720/388/720 1212/389/781 771/390/772
f 775/438/776 1162/680/717 1213/683/716
f 1213/683/716 1214/682/774 775/438/776
f 777/439/778 775/438/776 1214/682/774
f 786/534/787 242/220/242 1215/576/816
f 241/219/241 1215/576/816 242/220/242
f 1215/576/816 241/219/241 1216/577/820
f 789/536/790 788/408/789 1217/731/918
f 1096/406/920 1217/731/918 788/408/789
f 1217/731/918 1096/406/920 1218/732/248
f 534/408/534 1219/731/822 532/406/532
f 1219/731/822 534/408/534 789/536/790
f 1220/732/832 532/406/532 1219/731/822
f 1221/733/956 1222/734/957 1223/735/958
f 1224/736/959 1223/735/958 1222/734/957
f 1225/734/960 1223/735/958 1224/736/959
f 1223/735/958 1225/734/960 1226/733/879
f 794/541/795 984/650/869 1227/651/819
f 793/540/794 1228/649/671 531/405/531
f 1228/649/671 793/540/794 792/539/793
f 1229/403/673 531/405/531 1228/649/671
f 530/404/530 1229/403/673 528/402/528
f 531/405/531 1229/403/673 530/404/530
f 528/402/528 1230/648/923 977/647/878
f 1229/403/673 1230/648/923 528/402/528
f 1231/737/911 1232/738/913 1233/739/961
f 1233/739/961 1232/738/913 1234/740/916
f 1235/741/962 1236/742/913 629/453/629
f 629/453/629 1237/743/914 627/451/627
f 629/453/629 1236/742/913 1237/743/914
f 1238/616/963 1239/617/806 1240/619/808
f 1239/617/806 1238/616/963 1241/618/858
f 1240/619/808 1242/620/429 1238/616/963
f 1241/618/858 1238/616/963 1242/620/429
f 1243/608/854 1244/607/860 1245/606/856
f 1246/590/429 1247/586/874 1248/591/896
f 1247/586/874 1246/590/429 1249/588/964
f 1250/589/808 1249/588/964 1246/590/429
f 1249/588/964 1251/585/908 1247/586/874
f 1251/585/908 1249/588/964 1250/589/808
f 1252/587/872 1247/586/874 1251/585/908
f 1253/689/854 1254/688/884 1255/687/865
f 1256/690/965 1257/691/865 1258/693/966
f 1257/691/865 1256/690/965 1259/692/863
f 1259/692/863 1256/690/965 1260/694/613
f 1258/693/966 1260/694/613 1256/690/965
o rdmobj03
v -0.817619 1.632162 -0.095623
v -0.796251 1.628352 -0.085473
v -0.796352 1.597118 -0.085473
v -0.817589 1.586984 -0.095889
v -0.867063 1.634046 -0.102580
v -0.875605 1.595485 -0.104476
v -0.902521 1.635855 -0.106801
v -0.904211 1.607646 -0.107739
v -0.950566 1.609836 -0.110390
v -0.941890 1.591705 -0.110020
v -0.979243 1.581264 -0.112887
v -0.960361 1.576617 -0.111227
v -0.989157 1.551821 -0.110491
v -0.972200 1.546423 -0.108726
v -0.983127 1.546849 -0.104375
v -0.991643 1.553320 -0.098726
v -0.976110 1.547615 -0.093518
v -0.965067 1.578352 -0.092591
v -0.982671 1.583189 -0.099889
v -0.945860 1.594352 -0.088535
v -0.953669 1.612808 -0.094520
v -0.916211 1.611616 -0.082916
v -0.908050 1.644753 -0.082371
v -0.957318 1.605309 -0.083974
v -0.958170 1.632973 -0.081844
v -0.999288 1.607044 -0.084019
v -1.007513 1.566337 -0.083784
v -0.986069 1.589791 -0.084490
v -1.017599 1.578984 -0.083829
v -1.016230 1.571084 -0.077017
v -1.000335 1.608999 -0.070901
v -0.988055 1.592161 -0.063548
v -1.009202 1.568307 -0.067062
v -0.959598 1.608031 -0.059869
v -0.959583 1.635470 -0.064987
v -0.922626 1.615986 -0.055238
v -0.913153 1.651680 -0.054797
v -0.969643 1.614984 -0.052737
v -0.968376 1.646723 -0.047017
v -0.967598 1.646868 -0.030722
v -1.015143 1.625634 -0.031649
v -0.968125 1.614647 -0.026647
v -0.999599 1.604251 -0.027604
v -1.033102 1.598999 -0.031237
v -1.023483 1.584528 -0.029413
v -1.032791 1.588176 -0.037854
v -1.033808 1.598984 -0.044090
v -1.024275 1.584573 -0.047122
v -1.000761 1.604191 -0.050752
v -1.015483 1.625634 -0.046030
v -1.030746 1.631444 -0.001398
v -1.023894 1.625235 0.006927
v -1.029158 1.638121 0.005324
v -0.960772 1.623515 0.005810
v -0.999759 1.649796 0.004045
v -0.992570 1.627896 0.006486
v -0.960376 1.646797 0.001443
v -0.912917 1.639530 0.001294
v -0.916772 1.616838 0.003514
v -0.914065 1.562468 0.035945
v -0.914843 1.571234 0.017103
v -0.934506 1.552748 0.028928
v -0.932611 1.562763 0.013899
v -0.935979 1.545645 0.016987
v -0.926491 1.536127 0.025208
v -0.922360 1.536938 0.009309
v -0.900506 1.542864 0.010752
v -0.903168 1.541465 0.028487
v -0.872446 1.551981 0.002486
v -0.866637 1.555851 0.029589
v -0.875033 1.584954 0.037503
v -0.838868 1.568041 0.017559
v -0.849178 1.599881 0.027032
v -0.816296 1.579735 0.002617
v -0.817208 1.627119 0.001795
v -0.868446 1.634147 0.003619
v -0.817294 1.640588 -0.021017
v -0.870136 1.644913 -0.023764
v -0.817414 1.648427 -0.048415
v -0.868106 1.650472 -0.051488
v -0.914596 1.647265 -0.024621
v -0.922491 1.616046 -0.025398
v 0.868446 1.634147 0.003619
v 0.888577 1.593735 0.005649
v 0.912917 1.639530 0.001294
v 0.916772 1.616838 0.003514
v 0.960772 1.623515 0.005810
v 0.960376 1.646797 0.001443
v 0.999759 1.649796 0.004045
v 0.992570 1.627896 0.006486
v 1.029158 1.638121 0.005324
v 1.023894 1.625235 0.006927
v 1.030746 1.631444 -0.001398
v 1.033102 1.598999 -0.031237
v 1.033808 1.598984 -0.044090
v 1.015143 1.625634 -0.031649
v 1.015483 1.625634 -0.046030
v 0.968376 1.646723 -0.047017
v 0.967598 1.646868 -0.030722
v 0.913153 1.651680 -0.054797
v 0.870136 1.644913 -0.023764
v 0.817294 1.640588 -0.021017
v 0.796236 1.646973 -0.050707
v 0.817414 1.648427 -0.048415
v 0.796191 1.628352 -0.015734
v 0.776176 1.643089 -0.049959
v 0.776191 1.626517 -0.020426
v 0.765099 1.613590 -0.050030
v 0.776101 1.599485 -0.020426
v 0.796292 1.597118 -0.015734
v 0.816296 1.579735 0.002617
v 0.817208 1.627119 0.001795
v 1.001759 1.651575 -0.010265
v 0.961819 1.650076 -0.016000
v 1.030395 1.639926 -0.007633
v 1.024836 1.624823 -0.010942
v 0.993894 1.627324 -0.015514
v 0.962951 1.623455 -0.019824
v -0.868371 1.642547 -0.079664
v -1.018601 1.580131 -0.072371
v -0.776146 1.626517 -0.080771
v -0.776056 1.599485 -0.080771
v -0.765099 1.613590 -0.050030
v -0.796191 1.628352 -0.015734
v -0.776191 1.626517 -0.020426
v -0.776101 1.599485 -0.020426
v -0.796292 1.597118 -0.015734
v -0.796236 1.646973 -0.050707
v -0.776176 1.643089 -0.049959
v 0.983127 1.546849 -0.104375
v 0.991643 1.553320 -0.098726
v 0.976110 1.547615 -0.093518
v 0.989157 1.551821 -0.110491
v 0.979243 1.581264 -0.112887
v 0.960361 1.576617 -0.111227
v 0.941890 1.591705 -0.110020
v 0.950566 1.609836 -0.110390
v 0.904211 1.607646 -0.107739
v 0.902521 1.635855 -0.106801
v 0.875605 1.595485 -0.104476
v 0.867063 1.634046 -0.102580
v 0.817619 1.632162 -0.095623
v 0.817589 1.586984 -0.095889
v 0.796352 1.597118 -0.085473
v 0.796251 1.628352 -0.085473
v 0.776146 1.626517 -0.080771
v 0.776056 1.599485 -0.080771
v 0.868371 1.642547 -0.079664
v 0.868106 1.650472 -0.051488
v 0.908050 1.644753 -0.082371
v 0.958170 1.632973 -0.081844
v 0.959583 1.635470 -0.064987
v 0.999288 1.607044 -0.084019
v 1.000335 1.608999 -0.070901
v 1.017599 1.578984 -0.083829
v 1.018601 1.580131 -0.072371
v 0.953669 1.612808 -0.094520
v 0.982671 1.583189 -0.099889
v 0.914065 1.562468 0.035945
v 0.914843 1.571234 0.017103
v 0.934506 1.552748 0.028928
v 0.932611 1.562763 0.013899
v 0.935979 1.545645 0.016987
v 0.926491 1.536127 0.025208
v 0.922360 1.536938 0.009309
v 0.900506 1.542864 0.010752
v 0.903168 1.541465 0.028487
v 0.872446 1.551981 0.002486
v 0.866637 1.555851 0.029589
v 0.838868 1.568041 0.017559
v 0.849178 1.599881 0.027032
v 0.875033 1.584954 0.037503
v 0.922491 1.616046 -0.025398
v 0.914596 1.647265 -0.024621
v 0.968125 1.614647 -0.026647
v 1.023483 1.584528 -0.029413
v 0.999599 1.604251 -0.027604
v 1.032791 1.588176 -0.037854
v 1.024275 1.584573 -0.047122
v 1.000761 1.604191 -0.050752
v 0.969643 1.614984 -0.052737
v 0.922626 1.615986 -0.055238
v 0.959598 1.608031 -0.059869
v 0.988055 1.592161 -0.063548
v 1.009202 1.568307 -0.067062
v 1.007513 1.566337 -0.083784
v 1.016230 1.571084 -0.077017
v 0.986069 1.589791 -0.084490
v 0.957318 1.605309 -0.083974
v 0.916211 1.611616 -0.082916
v 0.945860 1.594352 -0.088535
v 0.965067 1.578352 -0.092591
v -0.961819 1.650076 -0.016000
v -1.001759 1.651575 -0.010265
v -0.962951 1.623455 -0.019824
v -0.993894 1.627324 -0.015514
v -1.030395 1.639926 -0.007633
v -1.024836 1.624823 -0.010942
v -0.888577 1.593735 0.005649
v 0.972200 1.546423 -0.108726
vt 0.293900 0.840000
vt 0.240700 0.808000
vt 0.242100 0.969700
vt 0.282700 0.985000
vt 0.437900 0.880900
vt 0.453100 0.965500
vt 0.542800 0.886700
vt 0.574500 0.945700
vt 0.680900 0.873800
vt 0.701800 0.933700
vt 0.766700 0.865600
vt 0.776200 0.915900
vt 0.850000 0.852100
vt 0.852200 0.875300
vt 0.873600 0.834000
vt 0.848000 0.808800
vt 0.851500 0.767300
vt 0.770100 0.768800
vt 0.767600 0.800700
vt 0.697300 0.768100
vt 0.681100 0.792500
vt 0.668400 0.769300
vt 0.559300 0.765700
vt 0.735900 0.767400
vt 0.726600 0.740600
vt 0.832300 0.736500
vt 0.923600 0.768400
vt 0.831900 0.768000
vt 0.926800 0.730100
vt 0.952900 0.704700
vt 0.832300 0.671400
vt 0.831900 0.632200
vt 0.925200 0.641500
vt 0.743500 0.627200
vt 0.726500 0.664400
vt 0.694500 0.625300
vt 0.574500 0.624000
vt 0.738400 0.626200
vt 0.740000 0.595300
vt 0.739900 0.515000
vt 0.859500 0.521800
vt 0.751200 0.486000
vt 0.856700 0.484400
vt 0.963300 0.522900
vt 0.963400 0.486000
vt 0.989100 0.558000
vt 0.962000 0.590100
vt 0.960200 0.619200
vt 0.853700 0.628500
vt 0.860000 0.593000
vt 0.956400 0.412500
vt 0.938900 0.322400
vt 0.931400 0.349000
vt 0.714300 0.304400
vt 0.833000 0.351900
vt 0.835400 0.308900
vt 0.712600 0.352400
vt 0.574500 0.353100
vt 0.603300 0.297400
vt 0.540500 0.162700
vt 0.586600 0.234200
vt 0.634500 0.121000
vt 0.659800 0.157200
vt 0.636100 0.055700
vt 0.597800 0.049800
vt 0.584200 0.016400
vt 0.497100 0.024900
vt 0.506900 0.067700
vt 0.427000 0.061500
vt 0.441800 0.100300
vt 0.473800 0.186600
vt 0.324500 0.114000
vt 0.366400 0.231500
vt 0.265800 0.142400
vt 0.295400 0.346000
vt 0.444800 0.342500
vt 0.295400 0.465100
vt 0.445400 0.474500
vt 0.295400 0.600200
vt 0.444300 0.606200
vt 0.580600 0.480900
vt 0.688700 0.482700
vt 0.502600 0.291400
vt 0.243200 0.600300
vt 0.242300 0.402600
vt 0.178000 0.601900
vt 0.180100 0.426500
vt 0.063900 0.603900
vt 0.112000 0.324700
vt 0.212400 0.217400
vt 0.833200 0.450400
vt 0.713600 0.456400
vt 0.931700 0.452600
vt 0.938700 0.479100
vt 0.833000 0.481700
vt 0.729500 0.482700
vt 0.443700 0.772900
vt 0.927000 0.678900
vt 0.178000 0.794100
vt 0.171100 0.928700
vn 0.262000 0.543300 -0.797600
vn 0.122000 0.567400 -0.814300
vn 0.429800 -0.473600 -0.768800
vn 0.298800 -0.597600 -0.744000
vn 0.133100 0.572700 -0.808900
vn -0.103200 -0.590500 -0.800400
vn -0.058600 0.617600 -0.784300
vn -0.015200 -0.579800 -0.814600
vn -0.349400 0.517900 -0.780800
vn 0.446400 -0.620600 -0.644700
vn -0.522200 0.308100 -0.795200
vn 0.599400 -0.449200 -0.662500
vn -0.657900 -0.343900 -0.670000
vn 0.507000 -0.725400 -0.465500
vn -0.324900 -0.943800 -0.061200
vn -0.872500 -0.231000 0.430500
vn 0.216400 -0.629700 0.746100
vn 0.249300 -0.266500 0.931000
vn -0.807000 0.460100 0.370200
vn 0.146400 -0.465000 0.873100
vn -0.622900 0.647300 0.439400
vn -0.190700 -0.960800 0.201300
vn -0.150400 0.921900 -0.357100
vn 0.228200 -0.650700 -0.724300
vn -0.277300 0.648400 -0.709100
vn -0.487100 0.498600 -0.717000
vn -0.062300 -0.752000 -0.656200
vn 0.116400 -0.539700 -0.833800
vn -0.738000 0.037500 -0.673800
vn -0.792800 -0.609200 -0.018900
vn -0.644500 0.609400 0.461700
vn 0.196800 -0.417000 0.887300
vn -0.053200 -0.698000 0.714100
vn 0.050200 -0.512700 0.857100
vn -0.427000 0.742800 0.515700
vn -0.211500 -0.972600 0.097000
vn -0.274600 0.889100 -0.366100
vn 0.039700 -0.587200 -0.808500
vn -0.250800 0.774800 -0.580400
vn -0.221000 0.759900 0.611300
vn -0.509300 0.613400 0.603600
vn 0.054700 -0.629000 0.775500
vn 0.142200 -0.602100 0.785600
vn -0.765400 0.153700 0.624900
vn 0.004800 -0.767500 0.641100
vn -0.824800 -0.564400 0.035100
vn -0.826000 0.157100 -0.541300
vn -0.053100 -0.759700 -0.648100
vn 0.216700 -0.533100 -0.817800
vn -0.536000 0.607900 -0.585800
vn -0.946100 -0.318800 0.057100
vn -0.316100 -0.651600 0.689500
vn -0.639300 0.394900 0.659800
vn -0.074800 -0.627100 0.775400
vn -0.081700 0.730700 0.677800
vn 0.063800 -0.655200 0.752700
vn 0.093700 0.711600 0.696300
vn -0.406900 0.619100 0.671700
vn -0.200600 -0.577200 0.791600
vn -0.314200 0.285500 0.905400
vn -0.541500 0.740400 -0.398200
vn -0.749200 0.116200 0.652100
vn -0.616800 0.627100 -0.475800
vn -0.906000 -0.305400 -0.293100
vn -0.309900 -0.842000 0.441600
vn -0.126000 -0.663800 -0.737200
vn 0.100700 -0.680500 -0.725800
vn 0.188000 -0.795400 0.576200
vn -0.026100 -0.856800 -0.515000
vn 0.395800 -0.650500 0.648200
vn -0.059900 0.413900 0.908400
vn 0.569800 -0.586800 0.575400
vn 0.190400 0.304400 0.933300
vn 0.704800 -0.465500 0.535300
vn 0.426100 0.508600 0.748100
vn -0.032800 0.683800 0.728900
vn 0.198900 0.894400 0.400600
vn 0.055900 0.958700 0.279000
vn 0.067900 0.997600 -0.012600
vn 0.042200 0.998300 -0.041200
vn 0.021300 0.766400 0.642000
vn -0.445100 -0.578800 -0.683300
vn 0.032800 0.683800 0.728900
vn 0.966800 0.099000 0.235700
vn -0.069700 0.631100 0.772600
vn 0.200600 -0.577200 0.791600
vn 0.204200 -0.473400 0.856900
vn -0.093700 0.711600 0.696300
vn -0.099000 0.665600 0.739700
vn -0.000700 -0.622100 0.782900
vn 0.639300 0.394900 0.659800
vn 0.372700 -0.519100 0.769200
vn 0.946100 -0.318800 0.057100
vn 0.765400 0.153700 0.624900
vn 0.826000 0.157100 -0.541300
vn 0.509300 0.613400 0.603600
vn 0.536000 0.607900 -0.585800
vn 0.250800 0.774800 -0.580400
vn 0.221000 0.759900 0.611300
vn 0.106900 0.988900 -0.103200
vn -0.055900 0.958700 0.279000
vn -0.198900 0.894400 0.400600
vn -0.182300 0.983000 -0.020800
vn -0.067900 0.997600 -0.012600
vn -0.179800 0.590800 0.786500
vn -0.581900 0.813200 0.010300
vn -0.605900 0.406900 0.683600
vn -1.000000 -0.002400 0.005200
vn -0.607300 -0.434300 0.665300
vn -0.485200 -0.583800 0.651000
vn -0.745900 -0.442800 0.497600
vn -0.447500 0.617300 0.647000
vn 0.206300 0.822400 -0.530200
vn 0.481000 0.806600 -0.343600
vn 0.737600 0.488000 -0.466700
vn 0.413900 -0.654000 -0.633200
vn 0.123600 -0.622000 -0.773200
vn 0.208500 -0.633900 -0.744800
vn 0.072400 0.949700 -0.304700
vn -0.648600 0.580400 0.492400
vn 0.607400 0.412400 -0.678900
vn 0.502400 -0.434500 -0.747500
vn 1.000000 -0.002400 0.005200
vn 0.618700 0.504300 0.602400
vn 0.605900 0.406900 0.683600
vn 0.551400 -0.681300 0.481400
vn 0.485200 -0.583800 0.651000
vn 0.182300 0.983000 -0.020800
vn 0.581900 0.813200 0.010300
vn 0.296700 -0.951900 -0.076500
vn 0.872500 -0.231000 0.430500
vn -0.216400 -0.629700 0.746100
vn 0.657900 -0.343900 -0.670000
vn 0.522200 0.308100 -0.795300
vn -0.661800 -0.454800 -0.595900
vn -0.446400 -0.620600 -0.644700
vn 0.349400 0.517900 -0.780800
vn 0.015200 -0.579800 -0.814600
vn 0.058600 0.617600 -0.784300
vn -0.014700 -0.384800 -0.922900
vn -0.133100 0.572700 -0.808900
vn -0.262000 0.543300 -0.797600
vn -0.483500 -0.502000 -0.717100
vn -0.363500 -0.414900 -0.834100
vn -0.148500 0.632600 -0.760100
vn -0.607400 0.412400 -0.678900
vn -0.608700 -0.439200 -0.660700
vn -0.072400 0.949700 -0.304700
vn -0.042200 0.998300 -0.041200
vn 0.150400 0.921900 -0.357100
vn 0.277300 0.648400 -0.709100
vn 0.427000 0.742800 0.515700
vn 0.487100 0.498600 -0.717000
vn 0.644500 0.609400 0.461700
vn 0.738000 0.037500 -0.673800
vn 0.993500 0.106400 -0.039500
vn 0.622900 0.647300 0.439400
vn 0.807000 0.460100 0.370200
vn 0.314200 0.285500 0.905400
vn 0.541500 0.740400 -0.398200
vn 0.749200 0.116200 0.652100
vn 0.616800 0.627100 -0.475800
vn 0.906000 -0.305400 -0.293100
vn 0.309900 -0.842000 0.441600
vn 0.126000 -0.663800 -0.737200
vn -0.100700 -0.680500 -0.725800
vn -0.188000 -0.795400 0.576200
vn 0.129000 -0.774100 -0.619800
vn -0.395800 -0.650500 0.648200
vn -0.569800 -0.586800 0.575400
vn -0.190400 0.304400 0.933300
vn 0.059900 0.413900 0.908400
vn -0.044100 -0.085000 0.995400
vn -0.940600 0.325800 -0.095400
vn -0.055000 -0.535300 0.842800
vn -0.132500 -0.619800 0.773500
vn -0.021900 -0.460500 0.887400
vn 0.824800 -0.564400 0.035100
vn -0.063400 -0.607300 -0.791900
vn -0.289100 -0.519500 -0.804100
vn -0.035300 -0.591200 -0.805800
vn 0.211500 -0.972600 0.097000
vn -0.050200 -0.512700 0.857100
vn -0.196800 -0.417000 0.887300
vn 0.053200 -0.698000 0.714100
vn -0.106600 -0.823400 -0.557400
vn 0.792800 -0.609200 -0.018900
vn -0.431000 -0.557400 -0.709600
vn -0.228200 -0.650700 -0.724300
vn 0.190700 -0.960800 0.201300
vn -0.146400 -0.465000 0.873100
vn -0.249300 -0.266500 0.931000
vn -0.035500 0.813000 -0.581200
vn -0.206300 0.822400 -0.530200
vn -0.208500 -0.633900 -0.744800
vn -0.123600 -0.622000 -0.773200
vn -0.737600 0.488000 -0.466700
vn -0.413900 -0.654000 -0.633200
vn -0.950200 0.175500 0.257400
vn -0.507000 -0.725400 -0.465500
usemtl hands.png
s 1
f 1261/744/967 1262/745/968 1263/746/969
f 1264/747/970 1261/744/967 1263/746/969
f 1261/744/967 1264/747/970 1265/748/971
f 1266/749/972 1265/748/971 1264/747/970
f 1265/748/971 1266/749/972 1267/750/973
f 1268/751/974 1267/750/973 1266/749/972
f 1267/750/973 1268/751/974 1269/752/975
f 1270/753/976 1269/752/975 1268/751/974
f 1269/752/975 1270/753/976 1271/754/977
f 1272/755/978 1271/754/977 1270/753/976
f 1271/754/977 1272/755/978 1273/756/979
f 1274/757/980 1273/756/979 1272/755/978
f 1275/758/981 1273/756/979 1274/757/980
f 1273/756/979 1276/759/982 1271/754/977
f 1273/756/979 1275/758/981 1276/759/982
f 1277/760/983 1276/759/982 1275/758/981
f 1278/761/984 1276/759/982 1277/760/983
f 1279/762/985 1271/754/977 1276/759/982
f 1276/759/982 1278/761/984 1279/762/985
f 1280/763/986 1279/762/985 1278/761/984
f 1281/764/987 1271/754/977 1279/762/985
f 1271/754/977 1281/764/987 1269/752/975
f 1279/762/985 1280/763/986 1281/764/987
f 1282/765/988 1281/764/987 1280/763/986
f 1281/764/987 1282/765/988 1283/766/989
f 1269/752/975 1283/766/989 1267/750/973
f 1283/766/989 1269/752/975 1281/764/987
f 1284/767/990 1283/766/989 1282/765/988
f 1283/766/989 1284/767/990 1285/768/991
f 1285/768/991 1284/767/990 1286/769/992
f 1287/770/993 1286/769/992 1288/771/994
f 1288/771/994 1286/769/992 1284/767/990
f 1286/769/992 1287/770/993 1289/772/995
f 1290/773/996 1289/772/995 1287/770/993
f 1289/772/995 1291/774/997 1286/769/992
f 1292/775/998 1291/774/997 1293/776/999
f 1294/777/1000 1291/774/997 1292/775/998
f 1291/774/997 1294/777/1000 1295/778/1001
f 1295/778/1001 1286/769/992 1291/774/997
f 1286/769/992 1295/778/1001 1285/768/991
f 1296/779/1002 1295/778/1001 1294/777/1000
f 1295/778/1001 1296/779/1002 1297/780/1003
f 1285/768/991 1297/780/1003 1283/766/989
f 1297/780/1003 1285/768/991 1295/778/1001
f 1298/781/1004 1297/780/1003 1296/779/1002
f 1299/782/1005 1297/780/1003 1298/781/1004
f 1297/780/1003 1299/782/1005 1300/783/1006
f 1301/784/1007 1300/783/1006 1299/782/1005
f 1300/783/1006 1301/784/1007 1302/785/1008
f 1302/785/1008 1301/784/1007 1303/786/1009
f 1304/787/1010 1303/786/1009 1301/784/1007
f 1303/786/1009 1304/787/1010 1305/788/1011
f 1305/788/1011 1304/787/1010 1306/789/1012
f 1307/790/1013 1306/789/1012 1304/787/1010
f 1301/784/1007 1307/790/1013 1304/787/1010
f 1306/789/1012 1307/790/1013 1308/791/1014
f 1308/791/1014 1307/790/1013 1309/792/1015
f 1309/792/1015 1310/793/1016 1298/781/1004
f 1310/793/1016 1309/792/1015 1307/790/1013
f 1299/782/1005 1310/793/1016 1301/784/1007
f 1307/790/1013 1301/784/1007 1310/793/1016
f 1299/782/1005 1298/781/1004 1310/793/1016
f 1311/794/1017 1312/795/1018 1313/796/1019
f 1314/797/1020 1315/798/1021 1316/799/1022
f 1313/796/1019 1316/799/1022 1315/798/1021
f 1316/799/1022 1313/796/1019 1312/795/1018
f 1315/798/1021 1314/797/1020 1317/800/1023
f 1317/800/1023 1314/797/1020 1318/801/1024
f 1319/802/1025 1318/801/1024 1314/797/1020
f 1320/803/1026 1321/804/1027 1322/805/1028
f 1323/806/1029 1322/805/1028 1321/804/1027
f 1324/807/1030 1322/805/1028 1323/806/1029
f 1322/805/1028 1324/807/1030 1325/808/1031
f 1322/805/1028 1325/808/1031 1320/803/1026
f 1326/809/1032 1325/808/1031 1324/807/1030
f 1327/810/1033 1325/808/1031 1326/809/1032
f 1328/811/1034 1320/803/1026 1325/808/1031
f 1325/808/1031 1327/810/1033 1328/811/1034
f 1329/812/1035 1328/811/1034 1327/810/1033
f 1328/811/1034 1329/812/1035 1330/813/1036
f 1330/813/1036 1320/803/1026 1328/811/1034
f 1320/803/1026 1330/813/1036 1331/814/1037
f 1332/815/1038 1330/813/1036 1329/812/1035
f 1330/813/1036 1332/815/1038 1333/816/1039
f 1333/816/1039 1331/814/1037 1330/813/1036
f 1334/817/1040 1333/816/1039 1332/815/1038
f 1335/818/1041 1333/816/1039 1334/817/1040
f 1333/816/1039 1335/818/1041 1336/819/1042
f 1337/820/1043 1336/819/1042 1335/818/1041
f 1336/819/1042 1337/820/1043 1338/821/1044
f 1338/821/1044 1318/801/1024 1336/819/1042
f 1339/822/1045 1338/821/1044 1337/820/1043
f 1340/823/1046 1338/821/1044 1339/822/1045
f 1318/801/1024 1341/824/1047 1317/800/1023
f 1341/824/1047 1318/801/1024 1338/821/1044
f 1338/821/1044 1340/823/1046 1341/824/1047
f 1300/783/1006 1302/785/1008 1341/824/1047
f 1341/824/1047 1297/780/1003 1300/783/1006
f 1297/780/1003 1341/824/1047 1340/823/1046
f 1342/825/1048 1341/824/1047 1302/785/1008
f 1343/819/1049 1344/826/1050 1345/801/1051
f 1346/802/1052 1345/801/1051 1344/826/1050
f 1347/797/1053 1345/801/1051 1346/802/1052
f 1345/801/1051 1347/797/1053 1348/800/1054
f 1348/800/1054 1347/797/1053 1349/798/1055
f 1350/799/1056 1349/798/1055 1347/797/1053
f 1349/798/1055 1350/799/1056 1351/796/1057
f 1352/795/1058 1351/796/1057 1350/799/1056
f 1351/796/1057 1352/795/1058 1353/794/1059
f 1354/787/1060 1355/790/1061 1356/784/1062
f 1357/793/1063 1356/784/1062 1355/790/1061
f 1358/782/1064 1356/784/1062 1357/793/1063
f 1356/784/1062 1358/782/1064 1359/783/1065
f 1360/780/1066 1359/783/1065 1358/782/1064
f 1345/801/1051 1361/821/1067 1343/819/1049
f 1362/820/1068 1343/819/1049 1361/821/1067
f 1363/827/1069 1362/820/1068 1364/822/1070
f 1361/821/1067 1364/822/1070 1362/820/1068
f 1362/820/1068 1363/827/1069 1365/828/1071
f 1366/829/1072 1365/828/1071 1363/827/1069
f 1365/828/1071 1366/829/1072 1367/830/1073
f 1368/831/1074 1367/830/1073 1366/829/1072
f 1369/832/1075 1367/830/1073 1368/831/1074
f 1367/830/1073 1369/832/1075 1365/828/1071
f 1370/833/1076 1365/828/1071 1369/832/1075
f 1365/828/1071 1370/833/1076 1371/817/1077
f 1365/828/1071 1372/818/1078 1362/820/1068
f 1343/819/1049 1362/820/1068 1372/818/1078
f 1372/818/1078 1365/828/1071 1371/817/1077
f 1351/796/1057 1373/834/1079 1349/798/1055
f 1349/798/1055 1374/835/1080 1348/800/1054
f 1374/835/1080 1349/798/1055 1373/834/1079
f 1373/834/1079 1351/796/1057 1375/836/1081
f 1353/794/1059 1375/836/1081 1351/796/1057
f 1375/836/1081 1353/794/1059 1376/837/1082
f 1377/838/1083 1375/836/1081 1376/837/1082
f 1375/836/1081 1377/838/1083 1373/834/1079
f 1373/834/1079 1378/839/1084 1374/835/1080
f 1378/839/1084 1373/834/1079 1377/838/1083
f 1339/822/1045 1379/840/1085 1340/823/1046
f 1261/744/967 1265/748/971 1379/840/1085
f 1283/766/989 1297/780/1003 1379/840/1085
f 1340/823/1046 1379/840/1085 1297/780/1003
f 1267/750/973 1379/840/1085 1265/748/971
f 1379/840/1085 1267/750/973 1283/766/989
f 1379/840/1085 1339/822/1045 1261/744/967
f 1291/774/997 1289/772/995 1380/841/1086
f 1289/772/995 1290/773/996 1380/841/1086
f 1380/841/1086 1293/776/999 1291/774/997
f 1293/776/999 1380/841/1086 1290/773/996
f 1262/745/968 1381/842/1087 1263/746/969
f 1382/843/1088 1263/746/969 1381/842/1087
f 1382/843/1088 1381/842/1087 1383/831/1089
f 1384/828/1090 1335/818/1041 1334/817/1040
f 1335/818/1041 1384/828/1090 1337/820/1043
f 1383/831/1089 1385/830/1091 1386/832/1092
f 1384/828/1090 1386/832/1092 1385/830/1091
f 1386/832/1092 1384/828/1090 1387/833/1093
f 1334/817/1040 1387/833/1093 1384/828/1090
f 1337/820/1043 1388/827/1094 1339/822/1045
f 1339/822/1045 1388/827/1094 1261/744/967
f 1262/745/968 1261/744/967 1388/827/1094
f 1388/827/1094 1337/820/1043 1384/828/1090
f 1384/828/1090 1389/829/1095 1388/827/1094
f 1388/827/1094 1389/829/1095 1262/745/968
f 1381/842/1087 1262/745/968 1389/829/1095
f 1389/829/1095 1383/831/1089 1381/842/1087
f 1389/829/1095 1384/828/1090 1385/830/1091
f 1385/830/1091 1383/831/1089 1389/829/1095
f 1390/758/1096 1391/759/1097 1392/760/1098
f 1391/759/1097 1390/758/1096 1393/756/1099
f 1394/754/1100 1391/759/1097 1393/756/1099
f 1393/756/1099 1395/755/1101 1394/754/1100
f 1396/753/1102 1394/754/1100 1395/755/1101
f 1394/754/1100 1396/753/1102 1397/752/1103
f 1398/751/1104 1397/752/1103 1396/753/1102
f 1397/752/1103 1398/751/1104 1399/750/1105
f 1400/749/1106 1399/750/1105 1398/751/1104
f 1399/750/1105 1400/749/1106 1401/748/1107
f 1364/822/1070 1402/744/1108 1363/827/1069
f 1401/748/1107 1403/747/1109 1402/744/1108
f 1403/747/1109 1401/748/1107 1400/749/1106
f 1404/746/1110 1402/744/1108 1403/747/1109
f 1402/744/1108 1404/746/1110 1405/745/1111
f 1363/827/1069 1405/745/1111 1366/829/1072
f 1405/745/1111 1363/827/1069 1402/744/1108
f 1405/745/1111 1404/746/1110 1406/842/1112
f 1366/829/1072 1406/842/1112 1368/831/1074
f 1406/842/1112 1366/829/1072 1405/745/1111
f 1407/843/1113 1406/842/1112 1404/746/1110
f 1406/842/1112 1407/843/1113 1368/831/1074
f 1408/840/1114 1401/748/1107 1402/744/1108
f 1401/748/1107 1408/840/1114 1399/750/1105
f 1402/744/1108 1364/822/1070 1408/840/1114
f 1360/780/1066 1408/840/1114 1409/823/1115
f 1364/822/1070 1361/821/1067 1409/823/1115
f 1409/823/1115 1408/840/1114 1364/822/1070
f 1399/750/1105 1410/766/1116 1397/752/1103
f 1408/840/1114 1360/780/1066 1410/766/1116
f 1410/766/1116 1399/750/1105 1408/840/1114
f 1410/766/1116 1360/780/1066 1411/768/1117
f 1412/778/1118 1411/768/1117 1360/780/1066
f 1411/768/1117 1412/778/1118 1413/769/1119
f 1414/774/1120 1413/769/1119 1412/778/1118
f 1413/769/1119 1414/774/1120 1415/772/1121
f 1416/841/1122 1415/772/1121 1414/774/1120
f 1397/752/1103 1417/764/1123 1394/754/1100
f 1417/764/1123 1397/752/1103 1410/766/1116
f 1391/759/1097 1394/754/1100 1418/762/1124
f 1418/762/1124 1394/754/1100 1417/764/1123
f 1344/826/1050 1419/803/1125 1420/804/1126
f 1421/805/1127 1420/804/1126 1419/803/1125
f 1420/804/1126 1421/805/1127 1422/806/1128
f 1422/806/1128 1421/805/1127 1423/807/1129
f 1424/808/1130 1423/807/1129 1421/805/1127
f 1419/803/1125 1424/808/1130 1421/805/1127
f 1423/807/1129 1424/808/1130 1425/809/1131
f 1425/809/1131 1424/808/1130 1426/810/1132
f 1427/811/1133 1426/810/1132 1424/808/1130
f 1424/808/1130 1419/803/1125 1427/811/1133
f 1426/810/1132 1427/811/1133 1428/812/1134
f 1427/811/1133 1419/803/1125 1429/813/1135
f 1429/813/1135 1428/812/1134 1427/811/1133
f 1428/812/1134 1429/813/1135 1430/815/1136
f 1344/826/1050 1343/819/1049 1431/816/1137
f 1372/818/1078 1371/817/1077 1431/816/1137
f 1372/818/1078 1431/816/1137 1343/819/1049
f 1430/815/1136 1431/816/1137 1371/817/1077
f 1431/816/1137 1430/815/1136 1429/813/1135
f 1429/813/1135 1432/814/1138 1431/816/1137
f 1432/814/1138 1429/813/1135 1419/803/1125
f 1431/816/1137 1432/814/1138 1344/826/1050
f 1419/803/1125 1344/826/1050 1432/814/1138
f 1433/825/1139 1374/835/1080 1378/839/1084
f 1409/823/1115 1434/824/1140 1360/780/1066
f 1434/824/1140 1409/823/1115 1361/821/1067
f 1434/824/1140 1348/800/1054 1374/835/1080
f 1348/800/1054 1434/824/1140 1345/801/1051
f 1374/835/1080 1433/825/1139 1434/824/1140
f 1361/821/1067 1345/801/1051 1434/824/1140
f 1359/783/1065 1360/780/1066 1434/824/1140
f 1359/783/1065 1435/785/1141 1356/784/1062
f 1434/824/1140 1435/785/1141 1359/783/1065
f 1435/785/1141 1434/824/1140 1433/825/1139
f 1436/788/1142 1354/787/1060 1437/786/1143
f 1437/786/1143 1356/784/1062 1435/785/1141
f 1356/784/1062 1437/786/1143 1354/787/1060
f 1438/789/1144 1354/787/1060 1436/788/1142
f 1354/787/1060 1438/789/1144 1355/790/1061
f 1439/791/1145 1355/790/1061 1438/789/1144
f 1355/790/1061 1440/792/1146 1357/793/1063
f 1440/792/1146 1355/790/1061 1439/791/1145
f 1441/781/1147 1357/793/1063 1440/792/1146
f 1357/793/1063 1441/781/1147 1358/782/1064
f 1358/782/1064 1441/781/1147 1360/780/1066
f 1360/780/1066 1442/779/1148 1412/778/1118
f 1442/779/1148 1360/780/1066 1441/781/1147
f 1412/778/1118 1443/777/1149 1414/774/1120
f 1443/777/1149 1412/778/1118 1442/779/1148
f 1444/775/1150 1414/774/1120 1443/777/1149
f 1445/776/1151 1414/774/1120 1444/775/1150
f 1414/774/1120 1445/776/1151 1416/841/1122
f 1415/772/1121 1446/770/1152 1413/769/1119
f 1446/770/1152 1415/772/1121 1447/773/1153
f 1416/841/1122 1447/773/1153 1415/772/1121
f 1447/773/1153 1416/841/1122 1445/776/1151
f 1448/771/1154 1413/769/1119 1446/770/1152
f 1413/769/1119 1449/767/1155 1411/768/1117
f 1449/767/1155 1413/769/1119 1448/771/1154
f 1411/768/1117 1449/767/1155 1410/766/1116
f 1410/766/1116 1450/765/1156 1417/764/1123
f 1450/765/1156 1410/766/1116 1449/767/1155
f 1417/764/1123 1451/763/1157 1418/762/1124
f 1451/763/1157 1417/764/1123 1450/765/1156
f 1418/762/1124 1452/761/1158 1391/759/1097
f 1392/760/1098 1391/759/1097 1452/761/1158
f 1452/761/1158 1418/762/1124 1451/763/1157
f 1317/800/1023 1453/835/1159 1315/798/1021
f 1453/835/1159 1317/800/1023 1341/824/1047
f 1341/824/1047 1342/825/1048 1453/835/1159
f 1315/798/1021 1454/834/1160 1313/796/1019
f 1454/834/1160 1315/798/1021 1453/835/1159
f 1455/839/1161 1453/835/1159 1342/825/1048
f 1453/835/1159 1455/839/1161 1454/834/1160
f 1456/838/1162 1454/834/1160 1455/839/1161
f 1313/796/1019 1457/836/1163 1311/794/1017
f 1454/834/1160 1456/838/1162 1457/836/1163
f 1457/836/1163 1313/796/1019 1454/834/1160
f 1457/836/1163 1458/837/1164 1311/794/1017
f 1458/837/1164 1457/836/1163 1456/838/1162
f 1336/819/1042 1459/826/1165 1333/816/1039
f 1331/814/1037 1459/826/1165 1320/803/1026
f 1321/804/1027 1320/803/1026 1459/826/1165
f 1331/814/1037 1333/816/1039 1459/826/1165
f 1318/801/1024 1319/802/1025 1459/826/1165
f 1459/826/1165 1336/819/1042 1318/801/1024
f 1460/757/1166 1393/756/1099 1390/758/1096
f 1395/755/1101 1393/756/1099 1460/757/1166
o rdmobj02
v 0.057358 1.823849 -0.100315
v 0.000000 1.804777 -0.098651
v 0.000000 1.827042 -0.109904
v 0.043709 1.803834 -0.091062
v 0.064505 1.800511 -0.063518
v 0.088535 1.824863 -0.062711
v 0.077930 1.797128 -0.022826
v 0.059017 1.782126 -0.014751
v -0.134977 1.838687 -0.047047
v -0.096947 1.828762 -0.026987
v -0.116285 1.815128 -0.029884
v -0.059017 1.782126 -0.014751
v -0.037974 1.730346 0.004722
v -0.042105 1.765714 0.012662
v -0.019178 1.754522 0.028531
v -0.018456 1.724828 0.021208
v 0.000000 1.722432 0.025885
v 0.000000 1.751800 0.032636
v 0.019178 1.754522 0.028531
v 0.018456 1.724828 0.021208
v 0.056857 1.740581 -0.023914
v 0.037974 1.730346 0.004722
v 0.061784 1.751213 -0.063593
v 0.040692 1.754447 -0.090064
v 0.000000 1.753554 -0.096961
v -0.040692 1.754447 -0.090064
v -0.043709 1.803834 -0.091062
v -0.064505 1.800511 -0.063518
v -0.061784 1.751213 -0.063593
v -0.077930 1.797128 -0.022826
v -0.057358 1.823849 -0.100315
v -0.088535 1.824863 -0.062711
v 0.016647 1.647209 0.022386
v 0.035870 1.660768 0.007884
v 0.058812 1.714577 -0.024411
v 0.064561 1.721609 -0.064841
v 0.042296 1.724050 -0.090401
v 0.000000 1.722477 -0.097578
v -0.042296 1.724050 -0.090401
v -0.064561 1.721609 -0.064841
v -0.058812 1.714577 -0.024411
v -0.046707 1.633680 0.055077
v 0.000000 1.625896 0.070726
v -0.020206 1.649354 0.056401
v 0.000000 1.638752 0.026311
v -0.016647 1.647209 0.022386
v -0.035870 1.660768 0.007884
v -0.086109 1.669575 -0.005559
v -0.056857 1.740581 -0.023914
v -0.070300 1.643706 0.035103
v -0.081253 1.667519 0.017032
v 0.149407 0.145157 0.000781
v 0.163979 0.035619 0.039574
v 0.158200 0.091653 -0.046356
v 0.150069 0.114255 0.074240
v 0.140947 0.145157 0.039679
v 0.164289 0.090812 0.134024
v 0.095358 0.105638 0.141142
v 0.136480 0.145157 -0.040486
v 0.167362 0.035518 0.248660
v 0.174776 0.076150 0.181849
v 0.156304 0.066827 0.227954
v 0.095358 0.088636 0.187878
v 0.095489 0.071122 0.247277
v 0.095358 0.035619 0.279763
v 0.240249 1.733464 -0.013458
v 0.240249 1.744641 0.010501
v 0.353136 1.733464 -0.013458
v 0.353136 1.709004 -0.119653
v 0.353136 1.731920 -0.106431
v 0.240249 1.709004 -0.119653
v -0.164289 0.090812 0.134024
v -0.095358 0.105638 0.141142
v -0.150069 0.114255 0.074240
v -0.181863 0.007604 0.118667
v -0.183392 0.035619 0.121743
v -0.164390 0.007604 0.038842
v -0.163979 0.035619 0.039574
v -0.031077 0.007604 -0.039825
v -0.029383 0.007604 0.038942
v -0.095358 0.007604 -0.078696
v -0.009294 0.007604 0.117919
v -0.009559 0.035619 0.117919
v -0.011017 0.035619 0.179157
v -0.010366 0.007604 0.178776
v -0.185863 0.007604 0.174245
v -0.029518 0.035619 0.251528
v -0.056591 0.246350 -0.039002
v -0.052842 0.412404 -0.041754
v -0.046135 0.246350 -0.005869
v -0.041694 0.412404 -0.002987
v -0.056797 0.246350 0.028662
v -0.053062 0.411832 0.034957
v -0.095242 0.246350 0.045178
v -0.095328 0.412404 0.054752
v -0.126476 0.246350 0.028662
v -0.133609 0.412404 0.035133
v -0.146906 0.412404 -0.003043
v -0.026251 0.091814 -0.044957
v -0.095358 0.033739 -0.081298
v -0.095358 0.090079 -0.088416
v -0.031574 0.035619 -0.039369
v -0.029428 0.035619 0.039709
v -0.033664 0.145157 -0.002090
v -0.039473 0.145157 -0.041107
v -0.095358 0.145157 -0.066931
v -0.004822 0.757675 -0.078326
v -0.003398 0.910536 -0.085062
v 0.028868 0.756718 0.010796
v -0.094636 0.910536 -0.134921
v -0.186615 0.757364 -0.081694
v -0.095373 0.757675 -0.124696
v -0.192701 0.910757 -0.088431
v -0.232320 0.916697 0.015058
v -0.220791 0.760351 0.008281
v -0.183658 0.755114 0.093388
v -0.188791 0.911859 0.115082
v -0.094887 0.912125 0.162405
v -0.095504 0.757675 0.138566
v -0.010531 0.912125 0.114169
v -0.015795 0.757675 0.093874
v 0.026927 0.908256 0.015088
v -0.032912 0.072741 0.226043
v -0.024105 0.077107 0.182290
v -0.078991 0.081373 0.213307
v -0.095358 0.088636 0.187878
v -0.071844 0.073459 0.240911
v -0.078255 0.035398 0.219557
v -0.095489 0.071122 0.247277
v -0.167362 0.035518 0.248660
v -0.095358 0.035619 0.279763
v -0.156304 0.066827 0.227954
v -0.174776 0.076150 0.181849
v -0.137639 0.246350 -0.005910
v -0.133624 0.412404 -0.041754
v -0.126491 0.246350 -0.039002
v -0.095328 0.412404 -0.063989
v -0.095242 0.246350 -0.056827
v -0.078771 0.070917 0.243969
v 0.078991 0.081373 0.213307
v 0.078771 0.070917 0.243969
v 0.078255 0.035398 0.219557
v 0.071844 0.073459 0.240911
v 0.032912 0.072741 0.226043
v 0.095358 0.090079 -0.088416
v 0.039473 0.145157 -0.041107
v 0.095358 0.145157 -0.066931
v 0.026251 0.091814 -0.044957
v 0.095358 0.033739 -0.081298
v 0.118861 1.150755 -0.149156
v 0.169583 1.249863 -0.092285
v 0.106065 1.265437 -0.120079
v 0.044135 1.251201 -0.147508
v 0.414595 1.737550 0.002131
v 0.414595 1.727078 -0.008340
v 0.228305 1.737550 0.002131
v 0.228305 1.727078 -0.008340
v 0.414595 1.716592 0.002131
v 0.414595 1.727078 0.012617
v 0.228305 1.716592 0.002131
v 0.228305 1.727078 0.012617
v 0.471747 1.737550 -0.015162
v 0.471747 1.727078 -0.026045
v 0.477261 1.708372 -0.062311
v 0.477261 1.727078 -0.081002
v 0.590152 1.708372 -0.062311
v 0.477261 1.727078 -0.043604
v 0.590152 1.745770 -0.062296
v 0.477261 1.745770 -0.062296
v 0.590152 1.727078 -0.081002
v 0.590152 1.727078 -0.043604
v 0.471747 1.727078 -0.003839
v 0.521942 1.727078 -0.047253
v 0.514528 1.737550 -0.054681
v 0.507115 1.727078 -0.062090
v 0.514528 1.716592 -0.054681
v 0.471747 1.716592 -0.015162
v 0.158817 1.728271 -0.044651
v 0.122625 1.684446 0.073122
v 0.155112 1.717228 -0.051032
v 0.118300 1.674723 0.060797
v 0.062946 1.736637 0.127448
v 0.118095 1.751744 0.075885
v 0.057473 1.751288 0.103609
v 0.055930 1.992360 0.125022
v 0.055047 1.917548 0.124596
v 0.102416 1.987963 0.097684
v 0.000000 1.916677 0.134155
v 0.000000 1.994375 0.134271
v -0.102416 1.987963 0.097684
v -0.055047 1.917548 0.124596
v -0.055930 1.992360 0.125022
v -0.102005 1.916400 0.098622
v 0.142936 1.853704 -0.052796
v 0.134977 1.838687 -0.047047
v 0.096947 1.828762 -0.026987
v 0.116285 1.815128 -0.029884
v 0.101975 1.818085 -0.011147
v -0.053900 1.716286 -0.090270
v -0.083167 1.716506 -0.068180
v 0.086109 1.669575 -0.005559
v 0.081253 1.667519 0.017032
v 0.020206 1.649354 0.056401
v 0.046707 1.633680 0.055077
v 0.070300 1.643706 0.035103
v 0.033840 0.113814 0.074341
v 0.095358 0.132551 0.086827
v 0.040856 0.145157 0.038871
v 0.023985 0.092195 0.133007
v 0.009559 0.035619 0.117919
v 0.024105 0.077107 0.182290
v 0.011017 0.035619 0.179157
v 0.126491 0.246350 -0.039002
v 0.095242 0.246350 -0.056827
v 0.095328 0.412404 -0.063989
v 0.056591 0.246350 -0.039002
v 0.052842 0.412404 -0.041754
v 0.046135 0.246350 -0.005869
v 0.041694 0.412404 -0.002987
v 0.056797 0.246350 0.028662
v 0.053062 0.411832 0.034957
v 0.095242 0.246350 0.045178
v 0.126476 0.246350 0.028662
v 0.095328 0.412404 0.054752
v 0.133609 0.412404 0.035133
v 0.137639 0.246350 -0.005910
v 0.133624 0.412404 -0.041754
v 0.146906 0.412404 -0.003043
v 0.143818 1.160179 -0.205613
v 0.197041 1.057102 -0.159302
v 0.138259 1.045177 -0.195804
v 0.062195 1.250584 -0.188555
v 0.127979 1.265246 -0.167112
v 0.188024 1.249803 -0.134169
v 0.221307 1.215141 -0.124154
v 0.237086 1.153652 -0.128932
v 0.203071 1.215272 -0.082711
v 0.227116 1.090941 -0.140360
v 0.209452 1.078545 -0.100550
v 0.179187 1.044646 -0.119051
v 0.071167 1.058735 -0.213583
v 0.037840 1.091985 -0.222731
v 0.053724 1.045984 -0.174274
v 0.020516 1.081192 -0.183628
v 0.024150 1.155918 -0.222675
v 0.006897 1.150019 -0.183613
v 0.014176 1.216655 -0.165964
v 0.031959 1.217877 -0.206320
v -0.707024 1.632016 -0.094621
v -0.777234 1.628677 -0.087122
v -0.706878 1.655725 -0.049884
v -0.777028 1.648252 -0.050266
v -0.777189 1.628677 -0.015514
v -0.706818 1.631661 -0.009103
v -0.706818 1.590072 -0.009103
v -0.777294 1.595646 -0.015764
v -0.707054 1.573735 -0.049413
v -0.777219 1.580673 -0.049753
v -0.706818 1.591971 -0.094360
v -0.777338 1.596647 -0.086872
v 0.796191 1.628352 -0.015734
v 0.777294 1.595646 -0.015764
v 0.796292 1.597118 -0.015734
v 0.796221 1.647500 -0.049869
v 0.777028 1.648252 -0.050266
v 0.777234 1.628677 -0.087122
v -0.029529 0.007604 0.249898
v -0.077197 0.035208 0.272705
v -0.069193 0.035354 0.269001
v -0.033840 0.113814 0.074341
v -0.040856 0.145157 0.038871
v -0.023985 0.092195 0.133007
v -0.095358 0.132551 0.086827
v -0.151157 0.007604 -0.037855
v -0.168581 0.007604 0.247262
v -0.095358 0.007604 0.278149
v 0.069193 0.035354 0.269001
v 0.029529 0.007604 0.249898
v 0.077197 0.035208 0.272705
v 0.031574 0.035619 -0.039369
v 0.031077 0.007604 -0.039825
v 0.029428 0.035619 0.039709
v 0.095358 0.007604 -0.078696
v 0.151157 0.035619 -0.037604
v 0.151157 0.007604 -0.037855
v 0.164390 0.007604 0.038842
v 0.183392 0.035619 0.121743
v 0.181863 0.007604 0.118667
v 0.009294 0.007604 0.117919
v 0.010366 0.007604 0.178776
v 0.185863 0.007604 0.174245
v 0.168581 0.007604 0.247262
v 0.029383 0.007604 0.038942
v 0.095358 0.007604 0.278149
v -0.154992 1.782847 -0.042165
v -0.127994 1.798481 -0.112431
v -0.158817 1.728271 -0.044651
v -0.796221 1.647500 -0.049869
v -0.796251 1.628352 -0.085473
v -0.796352 1.597118 -0.085473
v 0.706878 1.655725 -0.049884
v 0.777189 1.628677 -0.015514
v 0.707024 1.632016 -0.094621
v 0.777219 1.580673 -0.049753
v 0.777338 1.596647 -0.086872
v 0.706818 1.591971 -0.094360
v 0.707054 1.573735 -0.049413
v 0.706818 1.590072 -0.009103
v 0.706818 1.631661 -0.009103
v -0.128315 1.855719 -0.029970
v -0.125844 1.886575 -0.011192
v -0.140876 1.894721 -0.028882
v -0.110431 1.852485 -0.011058
v -0.102035 1.818085 -0.011147
v -0.130420 1.721359 -0.105769
v -0.155112 1.717228 -0.051032
v 0.000000 1.718402 -0.157803
v 0.090771 1.738346 -0.148655
v 0.087578 1.720181 -0.139478
v 0.000000 1.734903 -0.166319
v -0.090771 1.738346 -0.148655
v 0.000000 1.803629 -0.164345
v -0.065784 1.644797 0.036075
v -0.078476 1.668472 0.014602
v -0.101784 1.763404 0.063930
v 0.228305 1.727078 -0.114124
v 0.414595 1.716592 -0.124610
v 0.414595 1.727078 -0.114124
v 0.228305 1.727078 -0.135096
v 0.414595 1.727078 -0.135096
v 0.471747 1.727078 -0.096416
v 0.514528 1.737550 -0.067784
v 0.471747 1.737550 -0.107298
v 0.414595 1.737550 -0.124610
v 0.471747 1.716592 -0.107298
v 0.514528 1.716592 -0.067784
v 0.228305 1.716592 -0.124610
v 0.228305 1.737550 -0.124610
v 0.521942 1.727078 -0.075197
v 0.507115 1.727078 -0.060370
v 0.096947 1.828762 -0.026987
v 0.128315 1.855719 -0.029970
v 0.110431 1.852485 -0.011058
v 0.101975 1.818085 -0.011147
v 0.125844 1.886575 -0.011192
v 0.140876 1.894721 -0.028882
v 0.147818 1.880661 -0.047929
v 0.142936 1.853704 -0.052796
v 0.134977 1.838687 -0.047047
v 0.116285 1.815128 -0.029884
v -0.102035 1.818085 -0.011147
v -0.142936 1.853704 -0.052796
v -0.147818 1.880661 -0.047929
v -0.140876 1.894721 -0.028882
v -0.125844 1.886575 -0.011192
v 0.042105 1.765714 0.012662
v -0.096947 1.828762 -0.026987
v -0.097784 1.706903 -0.027353
v 0.095358 0.090079 -0.088416
v 0.095358 0.033739 -0.081298
v 0.151157 0.035619 -0.037604
v 0.095358 0.132551 0.086827
v 0.095358 0.144581 0.066872
v 0.183392 0.035619 0.121743
v 0.174776 0.076150 0.181849
v 0.185863 0.035619 0.174626
v 0.095358 0.088636 0.187878
v 0.095358 0.145157 -0.066931
v 0.185863 0.035619 0.174626
v 0.353136 1.720682 0.021679
v 0.353136 1.744641 0.010501
v 0.240249 1.720682 0.021679
v 0.240249 1.709505 -0.002280
v 0.240249 1.731920 -0.106431
v 0.240249 1.722226 -0.142566
v 0.353136 1.722226 -0.142566
v 0.240249 1.722226 -0.142566
v 0.240249 1.709004 -0.119653
v 0.240249 1.745138 -0.129332
v 0.240249 1.731920 -0.106431
v 0.353136 1.722226 -0.142566
v 0.353136 1.731920 -0.106431
v 0.353136 1.709004 -0.119653
v 0.353136 1.745138 -0.129332
v -0.174776 0.076150 0.181849
v -0.095358 0.088636 0.187878
v -0.095358 0.132551 0.086827
v -0.140947 0.145157 0.039679
v -0.095358 0.144581 0.066872
v -0.149407 0.145157 0.000781
v -0.163979 0.035619 0.039574
v -0.183392 0.035619 0.121743
v -0.185863 0.035619 0.174626
v -0.185863 0.035619 0.174626
v -0.151157 0.035619 -0.037604
v -0.095358 0.033739 -0.081298
v -0.031574 0.035619 -0.039369
v -0.029428 0.035619 0.039709
v -0.095358 0.090079 -0.088416
v -0.136480 0.145157 -0.040486
v -0.095358 0.145157 -0.066931
v -0.158200 0.091653 -0.046356
v -0.095358 0.033739 -0.081298
v -0.151157 0.035619 -0.037604
v 0.026927 0.908256 0.015088
v 0.028868 0.756718 0.010796
v -0.029518 0.035619 0.251528
v -0.011017 0.035619 0.179157
v -0.069193 0.035354 0.269001
v -0.077197 0.035208 0.272705
v -0.185863 0.035619 0.174626
v 0.077197 0.035208 0.272705
v 0.024105 0.077107 0.182290
v 0.069193 0.035354 0.269001
v 0.029518 0.035619 0.251528
v 0.011017 0.035619 0.179157
v 0.031574 0.035619 -0.039369
v 0.029428 0.035619 0.039709
v 0.033664 0.145157 -0.002090
v 0.240249 1.733464 -0.013458
v 0.353136 1.733464 -0.013458
v 0.240249 1.709505 -0.002280
v 0.353136 1.709505 -0.002280
v 0.353136 1.720682 0.021679
v 0.240249 1.720682 0.021679
v 0.006897 1.150019 -0.183613
v 0.020516 1.081192 -0.183628
v 0.053724 1.045984 -0.174274
v 0.117022 1.030937 -0.150670
v 0.179187 1.044646 -0.119051
v 0.209452 1.078545 -0.100550
v 0.219834 1.147753 -0.089874
v 0.203071 1.215272 -0.082711
v 0.014176 1.216655 -0.165964
v 0.353136 1.709505 -0.002280
v 0.086285 1.804040 -0.148139
v 0.132184 1.738346 -0.112610
v 0.090771 1.738346 -0.148655
v 0.127994 1.798481 -0.112431
v 0.076004 1.810365 -0.130565
v 0.112992 1.805920 -0.100902
v 0.053900 1.716286 -0.090270
v 0.083167 1.716506 -0.068180
v 0.132184 1.738346 -0.112610
v 0.155112 1.717228 -0.051032
v 0.130420 1.721359 -0.105769
v 0.158817 1.728271 -0.044651
v 0.127994 1.798481 -0.112431
v 0.154992 1.782847 -0.042165
v 0.112992 1.805920 -0.100902
v 0.134861 1.791715 -0.038400
v 0.083167 1.716506 -0.068180
v 0.097784 1.706903 -0.027353
v 0.118095 1.751744 0.075885
v 0.134861 1.791715 -0.038400
v 0.101784 1.763404 0.063930
v 0.154992 1.782847 -0.042165
v 0.065784 1.644797 0.036075
v 0.046707 1.633680 0.055077
v 0.101784 1.763404 0.063930
v 0.122625 1.684446 0.073122
v 0.063253 1.667369 0.126020
v 0.118300 1.674723 0.060797
v 0.061283 1.656281 0.102741
v 0.102005 1.916400 0.098622
v 0.125844 1.886575 -0.011192
v 0.140876 1.894721 -0.028882
v 0.147818 1.880661 -0.047929
v 0.000000 1.710712 -0.100475
v 0.053900 1.716286 -0.090270
v 0.083167 1.716506 -0.068180
v 0.097784 1.706903 -0.027353
v 0.095358 0.088636 0.187878
v 0.095358 0.105638 0.141142
v 0.095358 0.144581 0.066872
v 0.106065 1.265437 -0.120079
v 0.169583 1.249863 -0.092285
v 0.219834 1.147753 -0.089874
v 0.117022 1.030937 -0.150670
v 0.044135 1.251201 -0.147508
v 0.809028 1.613410 -0.049944
v 0.796352 1.597118 -0.085473
v 0.796251 1.628352 -0.085473
v 0.796557 1.582012 -0.049869
v -0.809028 1.613410 -0.049944
v -0.095358 0.035619 0.279763
v -0.009559 0.035619 0.117919
v -0.024105 0.077107 0.182290
v -0.011017 0.035619 0.179157
v -0.095358 0.088636 0.187878
v -0.095358 0.105638 0.141142
v -0.095358 0.144581 0.066872
v -0.167362 0.035518 0.248660
v -0.185863 0.007604 0.174245
v -0.185863 0.035619 0.174626
v 0.095358 0.035619 0.279763
v 0.029518 0.035619 0.251528
v 0.011017 0.035619 0.179157
v 0.009559 0.035619 0.117919
v 0.095358 0.033739 -0.081298
v 0.163979 0.035619 0.039574
v 0.185863 0.035619 0.174626
v 0.167362 0.035518 0.248660
v 0.185863 0.007604 0.174245
v 0.185863 0.035619 0.174626
v -0.083167 1.716506 -0.068180
v -0.053900 1.716286 -0.090270
v -0.112992 1.805920 -0.100902
v -0.076004 1.810365 -0.130565
v -0.127994 1.798481 -0.112431
v -0.086285 1.804040 -0.148139
v -0.132184 1.738346 -0.112610
v -0.090771 1.738346 -0.148655
v -0.087578 1.720181 -0.139478
v -0.130420 1.721359 -0.105769
v -0.063253 1.667369 0.126020
v -0.118300 1.674723 0.060797
v -0.061283 1.656281 0.102741
v -0.122625 1.684446 0.073122
v -0.062946 1.736637 0.127448
v -0.118095 1.751744 0.075885
v -0.057473 1.751288 0.103609
v -0.101784 1.763404 0.063930
v -0.046707 1.633680 0.055077
v -0.065784 1.644797 0.036075
v -0.122625 1.684446 0.073122
v -0.155112 1.717228 -0.051032
v -0.118300 1.674723 0.060797
v -0.158817 1.728271 -0.044651
v -0.154992 1.782847 -0.042165
v -0.118095 1.751744 0.075885
v -0.134861 1.791715 -0.038400
v -0.101784 1.763404 0.063930
v -0.097784 1.706903 -0.027353
v -0.083167 1.716506 -0.068180
v -0.134861 1.791715 -0.038400
v -0.112992 1.805920 -0.100902
v -0.132184 1.738346 -0.112610
v -0.796191 1.628352 -0.015734
v -0.796292 1.597118 -0.015734
v -0.796557 1.582012 -0.049869
v 0.087578 1.720181 -0.139478
v 0.130420 1.721359 -0.105769
v -0.116285 1.815128 -0.029884
v -0.134977 1.838687 -0.047047
v -0.142936 1.853704 -0.052796
v -0.147818 1.880661 -0.047929
v -0.053900 1.716286 -0.090270
v 0.000000 1.710712 -0.100475
v -0.076004 1.810365 -0.130565
v 0.000000 1.809715 -0.149407
v -0.086285 1.804040 -0.148139
v 0.086285 1.804040 -0.148139
v 0.076004 1.810365 -0.130565
v 0.053900 1.716286 -0.090270
v 0.086109 1.669575 -0.005559
v 0.134861 1.791715 -0.038400
v 0.097784 1.706903 -0.027353
v 0.101784 1.763404 0.063930
v 0.078476 1.668472 0.014602
v 0.065784 1.644797 0.036075
v -0.087578 1.720181 -0.139478
v -0.086109 1.669575 -0.005559
v -0.134861 1.791715 -0.038400
v -0.097784 1.706903 -0.027353
v 0.471747 1.727078 -0.118625
vt 0.693500 0.237200
vt 0.744800 0.207700
vt 0.746500 0.241600
vt 0.694900 0.205500
vt 0.650300 0.203900
vt 0.647700 0.238300
vt 0.593000 0.204100
vt 0.580000 0.187100
vt 0.957900 0.826400
vt 0.984900 0.875800
vt 0.963300 0.806200
vt 0.555200 0.120600
vt 0.549300 0.168600
vt 0.516100 0.152600
vt 0.529300 0.110000
vt 0.520200 0.110100
vt 0.510300 0.150000
vt 0.593300 0.131100
vt 0.657600 0.144100
vt 0.703600 0.147100
vt 0.744900 0.148900
vt 0.541600 0.031500
vt 0.568100 0.044900
vt 0.603400 0.098100
vt 0.664200 0.110400
vt 0.708800 0.112700
vt 0.744300 0.112600
vt 0.531100 0.004100
vt 0.506900 0.004800
vt 0.519500 0.019500
vt 0.529300 0.029100
vt 0.596500 0.044500
vt 0.554900 0.003300
vt 0.576900 0.019000
vt 0.334600 0.998800
vt 0.275200 0.751700
vt 0.409600 0.877900
vt 0.228800 0.867000
vt 0.274900 0.998800
vt 0.150300 0.834300
vt 0.087400 0.933500
vt 0.397600 0.998800
vt 0.538100 0.909400
vt 0.541100 0.753500
vt 0.554900 0.863500
vt 0.627400 0.777900
vt 0.624900 0.892900
vt 0.625100 0.973600
vt 0.497200 0.214100
vt 0.459000 0.214100
vt 0.497400 0.020500
vt 0.477600 0.003600
vt 0.491600 0.003600
vt 0.477600 0.017900
vt 0.478100 0.388100
vt 0.479900 0.390100
vt 0.456400 0.334400
vt 0.455900 0.334900
vt 0.291500 0.281600
vt 0.289400 0.334500
vt 0.371100 0.255400
vt 0.264600 0.387600
vt 0.264900 0.387600
vt 0.266700 0.428700
vt 0.265900 0.428500
vt 0.483000 0.425400
vt 0.289600 0.476300
vt 0.860900 0.989600
vt 0.995800 0.989600
vt 0.860900 0.991100
vt 0.995800 0.991300
vt 0.995600 0.989600
vt 0.860900 0.984300
vt 0.995800 0.983300
vt 0.860900 0.979900
vt 0.995800 0.977600
vt 0.995800 0.975600
vt 0.406100 0.626200
vt 0.494600 0.506900
vt 0.495600 0.622700
vt 0.398800 0.507900
vt 0.273200 0.507000
vt 0.346400 0.728700
vt 0.397100 0.748700
vt 0.494200 0.748200
vt 0.936700 0.250200
vt 0.937000 0.498000
vt 0.998100 0.250200
vt 0.875800 0.498000
vt 0.806900 0.250200
vt 0.875500 0.250200
vt 0.806000 0.498000
vt 0.738500 0.498000
vt 0.742900 0.250200
vt 0.680800 0.250200
vt 0.677900 0.498000
vt 0.626200 0.498000
vt 0.626400 0.250200
vt 0.576900 0.498000
vt 0.574300 0.250200
vt 0.504000 0.498000
vt 0.702800 0.826000
vt 0.712500 0.768900
vt 0.648000 0.828700
vt 0.650600 0.838500
vt 0.649600 0.843000
vt 0.860900 0.978400
vt 0.651100 0.890800
vt 0.208200 0.028600
vt 0.202400 0.045200
vt 0.208200 0.048200
vt 0.214200 0.045500
vt 0.328200 0.144200
vt 0.330600 0.144200
vt 0.328100 0.222900
vt 0.330500 0.222900
vt 0.325800 0.144200
vt 0.325800 0.222900
vt 0.332100 0.120000
vt 0.334600 0.120000
vt 0.372000 0.187000
vt 0.372000 0.197500
vt 0.435700 0.187000
vt 0.372000 0.176400
vt 0.435700 0.197500
vt 0.435700 0.176400
vt 0.329500 0.120000
vt 0.339400 0.098800
vt 0.341100 0.101900
vt 0.342800 0.105100
vt 0.987900 0.027600
vt 0.765700 0.027600
vt 0.995600 0.004400
vt 0.756600 0.004400
vt 0.756300 0.184400
vt 0.941400 0.184400
vt 0.784400 0.205600
vt 0.853100 0.740800
vt 0.851800 0.510200
vt 0.996100 0.740800
vt 0.748700 0.510200
vt 0.748700 0.740800
vt 0.507200 0.740800
vt 0.649300 0.510200
vt 0.648000 0.740800
vt 0.507200 0.510200
vt 0.953400 0.870700
vt 0.980800 0.794200
vt 0.720700 0.094700
vt 0.676400 0.097000
vt 0.227100 0.617900
vt 0.135900 0.728300
vt 0.274600 0.748700
vt 0.150300 0.588300
vt 0.170200 0.507000
vt 0.082100 0.569700
vt 0.099500 0.507000
vt 0.003100 0.258500
vt 0.114500 0.099200
vt 0.003600 0.075800
vt 0.123200 0.415900
vt 0.003300 0.432600
vt 0.168600 0.364600
vt 0.189900 0.260400
vt 0.217400 0.398000
vt 0.168800 0.155500
vt 0.215800 0.119300
vt 0.144800 0.045100
vt 0.113600 0.100600
vt 0.144200 0.045700
vt 0.246800 0.260500
vt 0.959500 0.804300
vt 0.899000 0.801600
vt 0.959600 0.823400
vt 0.899200 0.817400
vt 0.959600 0.804000
vt 0.959600 0.770500
vt 0.899000 0.775000
vt 0.959400 0.757300
vt 0.899000 0.762900
vt 0.959600 0.772000
vt 0.898900 0.775800
vt 0.882700 0.801400
vt 0.882600 0.776200
vt 0.882600 0.816800
vt 0.348600 0.491600
vt 0.338700 0.489100
vt 0.440100 0.282900
vt 0.453900 0.464000
vt 0.370500 0.496000
vt 0.292200 0.281900
vt 0.289500 0.335000
vt 0.440100 0.283100
vt 0.815200 0.184400
vt 0.939400 0.184400
vt 0.815200 0.027600
vt 0.882600 0.801400
vt 0.882500 0.776200
vt 0.838400 0.858900
vt 0.796500 0.950300
vt 0.857000 0.983800
vt 0.773300 0.854700
vt 0.761000 0.761700
vt 0.924100 0.004400
vt 0.827000 0.004400
vt 0.937700 0.004400
vt 0.798400 0.027600
vt 0.793400 0.004400
vt 0.940700 0.027600
vt 0.938200 0.184400
vt 0.779300 0.231900
vt 0.843500 0.231900
vt 0.762300 0.206100
vt 0.354500 0.222900
vt 0.356900 0.144200
vt 0.354600 0.144200
vt 0.359300 0.222900
vt 0.359300 0.144200
vt 0.350600 0.120000
vt 0.344100 0.102000
vt 0.353000 0.120000
vt 0.356900 0.222900
vt 0.345800 0.098800
vt 0.342400 0.105100
vt 0.608200 0.245100
vt 0.918900 0.957000
vt 0.936900 0.878400
vt 0.905800 0.813500
vt 0.818400 0.766200
vt 0.957700 0.932900
vt 0.971000 0.953400
vt 0.981800 0.965800
vt 0.617600 0.085200
vt 0.495600 0.874100
vt 0.494600 0.751600
vt 0.398100 0.752600
vt 0.135900 0.976700
vt 0.153300 0.997500
vt 0.167500 0.751700
vt 0.082100 0.815500
vt 0.101600 0.752600
vt 0.005100 0.895900
vt 0.494200 0.998400
vt 0.511700 0.753400
vt 0.444700 0.020500
vt 0.459200 0.020500
vt 0.444500 0.214300
vt 0.479900 0.214200
vt 0.491500 0.017900
vt 0.449100 0.017900
vt 0.449300 0.003600
vt 0.459000 0.214200
vt 0.444700 0.020700
vt 0.497400 0.020700
vt 0.479900 0.020700
vt 0.459200 0.020700
vt 0.483000 0.425700
vt 0.371100 0.253700
vt 0.998100 0.498000
vt 0.504000 0.250200
vt 0.711800 0.912000
vt 0.739900 0.754400
vt 0.658500 0.954800
vt 0.651300 0.960200
vt 0.218000 0.028400
vt 0.216900 0.017300
vt 0.214100 0.011100
vt 0.208200 0.008100
vt 0.202400 0.011100
vt 0.199700 0.017500
vt 0.198500 0.028300
vt 0.199700 0.038600
vt 0.216700 0.039200
vt 0.479900 0.020500
vt 0.925600 0.184400
vt 0.805500 0.027600
vt 0.925800 0.027600
vt 0.811800 0.184400
vt 0.929000 0.205600
vt 0.823100 0.205600
vt 0.926400 0.231900
vt 0.825100 0.231900
vt 0.933800 0.027600
vt 0.944000 0.205600
vt 0.813500 0.205600
vt 0.925900 0.232800
vt 0.816500 0.231400
vt 0.762900 0.184400
vt 0.975200 0.205600
vt 0.762900 0.205600
vt 0.988500 0.184400
vt 0.916200 0.231900
vt 0.806700 0.231900
vt 0.923700 0.205600
vt 0.941400 0.027600
vt 0.760300 0.027600
vt 0.932700 0.004400
vt 0.770000 0.004400
vt 0.996100 0.510700
vt 0.748900 0.091400
vt 0.005100 0.648900
vt 0.087400 0.682200
vt 0.153300 0.747400
vt 0.005700 0.491300
vt 0.160500 0.459800
vt 0.245900 0.258400
vt 0.003100 0.009100
vt 0.871600 0.789300
vt 0.882300 0.764000
vt 0.915800 0.004400
vt 0.805400 0.004400
vt 0.822400 0.231900
vt 0.926400 0.232800
vt 0.807000 0.205600
vt 0.937600 0.205600
vt 0.803500 0.184400
vt 0.890900 0.231900
vt 0.977800 0.205600
vt 0.959500 0.231900
vt 0.355600 0.120000
vn -0.329300 -0.933300 0.143300
vn -0.000000 -0.262400 -0.965000
vn -0.000000 -0.999800 0.020500
vn 0.440000 -0.356000 -0.824400
vn 0.822500 -0.427500 -0.375100
vn -0.415300 -0.851900 0.319100
vn 0.620200 -0.670900 -0.406500
vn 0.717400 -0.560800 0.413400
vn 0.681400 -0.708700 0.182700
vn -0.118300 -0.794500 -0.595600
vn -0.700900 0.375800 -0.606200
vn -0.791200 -0.597100 -0.132100
vn -0.696800 -0.063500 0.714400
vn -0.699700 -0.668600 0.251600
vn -0.479100 -0.738100 0.475000
vn -0.474800 -0.104900 0.873800
vn -0.000000 -0.107700 0.994200
vn -0.044800 -0.679600 0.732200
vn 0.479000 -0.738200 0.475000
vn 0.474800 -0.104900 0.873800
vn 0.944400 -0.029200 0.327500
vn 0.759500 -0.089600 0.644400
vn 0.960400 0.009600 -0.278500
vn 0.502400 -0.005300 -0.864600
vn -0.000000 -0.006200 -1.000000
vn -0.502400 -0.005300 -0.864600
vn -0.440000 -0.356000 -0.824400
vn -0.822500 -0.427500 -0.375100
vn -0.960400 0.009600 -0.278500
vn -0.619900 -0.670900 -0.407000
vn 0.329300 -0.933300 0.143300
vn 0.415300 -0.851900 0.319100
vn -0.023400 0.736700 0.675800
vn 0.373500 0.389800 0.841700
vn 0.691000 0.404200 0.599300
vn 0.677900 0.710800 -0.187700
vn 0.400700 0.233200 -0.886000
vn 0.000000 0.133400 -0.991100
vn -0.400700 0.233200 -0.886000
vn -0.677900 0.710800 -0.187700
vn -0.691000 0.404200 0.599300
vn 0.111100 0.985900 0.125200
vn 0.000000 0.748000 0.663700
vn 0.164600 0.806400 0.568000
vn -0.000000 0.788300 0.615200
vn 0.023400 0.736700 0.675800
vn -0.373500 0.389800 0.841700
vn 0.466600 0.368300 0.804100
vn -0.944400 -0.029200 0.327500
vn -0.390500 0.462600 0.795900
vn 0.160000 0.960700 0.226700
vn 0.924100 -0.380400 -0.035500
vn 0.967200 0.134200 -0.215900
vn 0.861600 0.094500 -0.498800
vn 0.780700 0.581000 0.230300
vn 0.849600 -0.093500 0.519000
vn 0.679600 0.728700 0.084900
vn 0.289100 0.895200 0.339300
vn 0.511200 0.858900 0.030100
vn 0.791000 0.551400 0.265200
vn 0.672200 0.672300 0.310000
vn 0.431200 0.758000 0.489400
vn 0.120600 0.929400 0.348900
vn 0.057100 0.816700 0.574300
vn 0.417400 0.330200 0.846600
vn -0.577300 0.279100 -0.767300
vn -0.577400 0.767300 0.279100
vn 0.120200 0.339400 -0.932900
vn 0.687700 -0.142000 0.711900
vn -0.268500 0.075200 0.960300
vn 0.353400 -0.903500 0.242300
vn -0.679600 0.728700 0.084900
vn -0.145200 0.968800 0.201000
vn -0.755000 0.364500 0.545100
vn -0.704400 -0.702700 -0.100000
vn -0.939800 0.091500 -0.329100
vn -0.693100 -0.707100 -0.140000
vn -0.988700 -0.043600 -0.143500
vn 0.688000 -0.604700 -0.401200
vn 0.675500 -0.731800 -0.090500
vn -0.033600 -0.631400 -0.774700
vn 0.733700 -0.674300 -0.083600
vn 0.993300 0.002900 -0.115600
vn 0.995900 0.089500 -0.014400
vn 0.732000 -0.674100 0.098800
vn -0.619900 -0.603700 -0.501300
vn 0.958500 0.070600 0.276100
vn 0.516500 0.721400 -0.461400
vn 0.856200 0.129500 -0.500200
vn 0.603600 -0.655800 -0.453500
vn 0.999600 -0.027700 0.007600
vn 0.515600 0.724100 0.458000
vn 0.752500 -0.045700 0.657000
vn 0.478600 -0.732100 0.484700
vn -0.020700 -0.058900 0.998100
vn -0.525800 0.723100 0.448000
vn -0.752900 -0.057900 0.655600
vn -0.998600 -0.053500 0.004300
vn 0.877800 0.049100 -0.476500
vn -0.029000 0.353000 -0.935200
vn 0.480300 0.126000 -0.868000
vn 0.903100 -0.041800 -0.427500
vn 0.987200 0.045400 -0.152700
vn 0.964500 -0.263900 -0.009900
vn 0.848600 -0.138500 -0.510500
vn -0.005400 0.976300 -0.216200
vn 0.701100 -0.074000 -0.709200
vn 0.768500 0.041900 -0.638500
vn 0.870900 -0.470200 0.143400
vn 0.137100 0.253500 -0.957600
vn -0.736900 -0.055200 -0.673700
vn 0.013900 -0.046700 -0.998800
vn -0.728700 -0.022000 -0.684500
vn -0.999300 -0.023600 0.030200
vn -0.995700 -0.090800 0.015900
vn -0.735200 -0.100600 0.670400
vn -0.722600 -0.050000 0.689400
vn 0.026100 -0.073900 0.996900
vn 0.112700 -0.193800 0.974500
vn 0.709300 0.143600 0.690100
vn 0.728700 -0.056600 0.682500
vn 0.917300 0.397000 0.032200
vn 0.587500 0.702600 0.401400
vn 0.682800 0.697400 0.217900
vn 0.080800 0.958500 0.273500
vn 0.050800 0.923400 0.380400
vn -0.455200 0.664900 0.592300
vn 0.087300 0.636000 0.766700
vn -0.057100 0.816700 0.574300
vn -0.436100 0.290300 0.851800
vn -0.006100 0.676000 0.736900
vn -0.431200 0.758000 0.489400
vn -0.709200 0.635600 0.305000
vn -0.708800 0.705200 -0.017100
vn -0.774200 -0.044300 -0.631400
vn -0.545000 0.699600 -0.462100
vn -0.021300 -0.042300 -0.998900
vn 0.480300 -0.721400 -0.498900
vn 0.686200 0.613700 0.390500
vn -0.080800 0.958500 0.273500
vn -0.686200 0.613700 0.390500
vn -0.087300 0.636000 0.766700
vn 0.455200 0.664900 0.592300
vn -0.587500 0.702600 0.401400
vn -0.419600 0.545500 -0.725500
vn -0.848600 -0.138500 -0.510500
vn 0.005400 0.976300 -0.216200
vn -0.877800 0.049100 -0.476500
vn -0.389100 0.212700 -0.896300
vn -0.400300 -0.137400 0.906000
vn -0.829400 0.547000 0.113400
vn -0.365600 -0.405200 0.837900
vn -0.088700 -0.302500 0.949000
vn 0.018500 0.997700 0.065200
vn -0.160700 0.000400 -0.987000
vn -0.577400 0.816500 -0.000300
vn -0.577400 0.000300 -0.816500
vn 0.018500 -0.997700 0.065300
vn 0.136600 0.000300 0.990600
vn -0.577300 -0.816500 -0.000300
vn -0.327500 0.093400 0.940200
vn 0.089700 0.993600 0.068800
vn -0.551800 0.000400 -0.834000
vn -0.577300 -0.816500 -0.000200
vn 0.577300 -0.816500 -0.000200
vn -0.577300 -0.000000 0.816500
vn 0.577400 0.816500 0.000200
vn -0.577400 0.816500 0.000200
vn 0.577400 0.000300 -0.816500
vn 0.577300 -0.000000 0.816500
vn 0.438300 0.000300 0.898800
vn 0.674700 0.000300 0.738100
vn -0.010000 0.999800 0.019200
vn -0.713800 0.000300 -0.700400
vn 0.698600 -0.530400 -0.480300
vn 0.089700 -0.993600 0.068800
vn 0.926800 -0.219100 0.305000
vn 0.939000 -0.278900 0.201000
vn 0.650100 0.669300 -0.359600
vn 0.310600 -0.804200 -0.506800
vn 0.309800 0.431500 0.847300
vn 0.499200 0.508600 0.701500
vn -0.189000 0.975200 -0.115200
vn 0.346600 0.371700 0.861200
vn 0.277500 -0.535600 0.797600
vn 0.653500 0.314000 0.688700
vn -0.000000 -0.499600 0.866200
vn -0.000000 0.426100 0.904700
vn -0.620900 0.411700 0.667100
vn -0.326700 -0.362100 0.873000
vn -0.432000 0.349100 0.831600
vn -0.551500 -0.456600 0.698100
vn -0.436200 -0.844400 0.310800
vn -0.681400 -0.708700 0.182700
vn 0.037300 -0.312400 -0.949200
vn -0.938500 -0.334200 -0.087300
vn 0.328000 -0.844000 0.424400
vn -0.597200 0.756100 0.267700
vn -0.097100 0.922900 0.372500
vn -0.476800 0.407300 0.779000
vn -0.160000 0.960700 0.226700
vn -0.164600 0.806400 0.568000
vn -0.111100 0.985900 0.125200
vn 0.390500 0.462600 0.795900
vn -0.812300 0.532800 0.237200
vn -0.264900 0.930300 0.253600
vn -0.877100 0.005000 0.480300
vn -0.725000 0.674300 0.140200
vn -0.973600 0.228200 0.005200
vn -0.693500 0.694900 0.190000
vn -0.940100 0.309200 0.143500
vn 0.545000 0.699600 -0.462100
vn 0.035500 0.736800 -0.675200
vn 0.025200 -0.036200 -0.999000
vn -0.519800 0.719200 -0.461000
vn -0.773800 -0.025400 -0.633000
vn -0.718200 0.695800 -0.003700
vn -0.999600 -0.027700 0.007600
vn -0.017000 -0.056900 0.998200
vn -0.732300 0.420100 0.536000
vn 0.020400 0.737200 0.675400
vn 0.525800 0.724000 0.446600
vn 0.020700 -0.058900 0.998100
vn 0.753800 -0.060200 0.654400
vn 0.707900 0.706100 -0.016100
vn 0.774200 -0.044300 -0.631400
vn 0.998400 -0.055800 0.005800
vn 0.397400 0.139800 -0.906900
vn 0.648100 -0.607700 -0.459000
vn 0.296100 -0.651400 -0.698600
vn -0.173500 0.769700 -0.614400
vn 0.225900 0.834200 -0.503100
vn 0.584000 0.762400 -0.278700
vn 0.874200 0.451800 -0.177900
vn 0.977700 0.072400 -0.197100
vn 0.763800 -0.528900 0.370000
vn 0.918700 0.372800 -0.130600
vn 0.965900 -0.258700 -0.004200
vn 0.654000 -0.692800 -0.303600
vn -0.108500 -0.598100 -0.794100
vn -0.419800 -0.302700 -0.855600
vn -0.993000 0.032500 0.113800
vn -0.657100 -0.266500 -0.705100
vn -0.510400 0.088500 -0.855400
vn -0.745100 0.052600 -0.664900
vn -0.799900 -0.514900 -0.308300
vn -0.456400 0.472900 -0.753700
vn -0.998900 0.046700 0.000300
vn -0.098800 0.507200 -0.856200
vn -0.994500 0.088300 -0.056200
vn -0.073100 0.997300 0.008300
vn -0.063400 0.501800 0.862600
vn -0.992500 0.082300 0.090600
vn -0.994100 -0.045800 -0.098600
vn 0.273800 -0.540000 0.795900
vn 0.458400 -0.103200 0.882700
vn -0.236100 -0.950400 0.202400
vn -0.950100 0.061100 -0.305900
vn 0.095700 -0.611700 -0.785300
vn 0.585900 0.650200 0.483700
vn 0.262800 -0.441500 0.857900
vn 0.558300 -0.268000 0.785100
vn 0.516600 0.856100 0.013400
vn 0.073100 0.997300 0.008300
vn 0.183600 0.637000 -0.748700
vn 0.082200 -0.336200 0.938200
vn 0.895600 0.025200 0.444200
vn -0.565800 0.286500 0.773200
vn 0.812300 0.532800 0.237200
vn 0.877100 0.005000 0.480300
vn 0.725000 0.674300 0.140200
vn 0.358800 0.810900 0.462300
vn 0.042100 -0.998400 0.038700
vn -0.611600 -0.617800 0.494300
vn 0.002400 -0.650200 0.759800
vn -0.790400 0.139800 0.596500
vn -0.590500 -0.635900 0.496900
vn -0.898600 0.279100 0.338700
vn -0.866500 0.004500 -0.499200
vn -0.688000 -0.604700 -0.401200
vn -0.982400 0.045200 -0.181100
vn 0.033600 -0.631400 -0.774700
vn 0.852900 -0.013700 -0.521900
vn 0.660800 -0.629300 -0.409000
vn 0.693100 -0.707100 -0.140000
vn 0.985000 -0.045600 -0.166600
vn 0.704400 -0.702700 -0.100000
vn -0.733700 -0.674300 -0.083500
vn -0.732000 -0.674100 0.098800
vn 0.238000 -0.965000 0.109700
vn 0.611600 -0.617800 0.494300
vn -0.675500 -0.731800 -0.090600
vn -0.002400 -0.650200 0.759800
vn -0.727000 0.612600 -0.310000
vn -0.864600 0.418600 -0.278100
vn -0.960100 0.279400 -0.011700
vn -0.516600 0.856100 0.013400
vn -0.650100 0.585700 -0.484100
vn -0.536100 -0.464300 -0.705000
vn 0.994500 0.088300 -0.056200
vn 0.063400 0.501800 0.862600
vn 0.998900 0.046700 0.000300
vn 0.268500 -0.961300 0.060900
vn 0.118800 -0.893600 -0.432800
vn -0.851500 0.513500 -0.106100
vn 0.996400 -0.078300 -0.031900
vn 0.994100 -0.045800 -0.098600
vn 0.992500 0.082300 0.090600
vn -0.777200 -0.253200 0.576000
vn -0.324700 0.683800 0.653500
vn -0.382600 -0.910800 0.155100
vn -0.879100 -0.275500 0.388900
vn -0.329700 -0.843100 0.424900
vn -0.331500 -0.717400 -0.612700
vn -0.206500 -0.926300 -0.315100
vn -0.000000 -0.172300 -0.985000
vn 0.399000 -0.508500 -0.763000
vn 0.111600 -0.843000 -0.526300
vn 0.000000 -0.221100 -0.975300
vn -0.175700 -0.227600 -0.957800
vn 0.000000 0.539300 -0.842100
vn 0.763200 0.520300 -0.383100
vn 0.902900 0.350800 -0.248500
vn 0.859300 0.494900 -0.129300
vn -0.577300 0.000300 0.816500
vn 0.018600 -0.997700 -0.065600
vn -0.160700 0.000400 0.987000
vn -0.577300 0.000300 -0.816500
vn 0.136700 0.000300 -0.990600
vn -0.551900 0.000400 0.833900
vn -0.009700 0.999800 -0.019600
vn 0.089700 0.993600 -0.068600
vn 0.018600 0.997700 -0.065600
vn 0.089700 -0.993600 -0.068600
vn -0.009700 -0.999800 -0.019600
vn -0.577300 -0.816500 0.000000
vn -0.577400 0.816400 -0.000000
vn 0.918600 -0.342400 -0.197100
vn -0.713800 0.000300 0.700400
vn 0.387500 -0.838200 -0.383800
vn 0.777100 -0.253400 0.576100
vn 0.878900 -0.276200 0.388800
vn 0.280700 0.525200 0.803400
vn 0.544300 0.791800 -0.277100
vn -0.429400 0.343100 0.835400
vn -0.329700 -0.843100 0.424800
vn 0.666700 -0.740000 0.088800
vn 0.548100 -0.790700 -0.272700
vn -0.324700 0.683800 0.653400
vn 0.699800 -0.668500 0.251700
vn 0.457700 0.887400 0.054800
vn -0.009800 0.955600 -0.294500
vn 0.984000 0.120900 -0.130800
vn 0.995600 0.031900 -0.087600
vn 0.577400 0.767300 0.279100
vn -0.577300 -0.279100 0.767300
vn -0.577400 -0.767300 -0.279100
vn -0.684000 -0.561200 0.466000
vn 0.360700 -0.418900 -0.833300
vn 0.694800 -0.694900 -0.185700
vn 0.353500 -0.903500 0.242300
vn -0.577400 0.788700 -0.211300
vn -0.683900 -0.561200 0.466100
vn 0.694600 -0.695000 -0.186000
vn -0.268500 0.075200 0.960400
vn 0.687700 -0.142000 0.712000
vn 0.577400 0.788700 -0.211300
vn -0.905500 0.176000 0.386200
vn 0.009800 0.955600 -0.294500
vn -0.900400 -0.330700 -0.282700
vn -0.936800 0.327500 0.123300
vn -0.852900 -0.013700 -0.521900
vn -0.739500 -0.318800 -0.592800
vn -0.861600 0.094500 -0.498800
vn 0.917200 0.397000 0.032200
vn 0.870800 -0.470200 0.143400
vn -0.468400 0.241900 0.849800
vn -0.957400 -0.224000 -0.182000
vn -0.577400 -0.767300 -0.278900
vn 0.577400 -0.767300 -0.279000
vn -0.391300 0.140800 0.909400
vn 0.654100 -0.692800 -0.303700
vn -0.633100 -0.128300 0.763300
vn 0.577400 -0.767300 -0.279100
vn 0.581800 0.421200 -0.695800
vn 0.555700 -0.126100 -0.821800
vn 0.825400 0.299600 -0.478500
vn 0.225700 0.973100 -0.045900
vn -0.075300 0.967900 0.239700
vn -0.454100 0.583800 0.673100
vn -0.580100 0.482700 0.656100
vn 0.650100 0.669300 -0.359700
vn 0.409800 -0.812100 -0.415400
vn 0.998500 -0.002700 0.054600
vn 0.458300 0.861800 0.217300
vn -0.884700 0.299400 0.357400
vn 0.200100 0.804400 0.559300
vn -0.863500 0.174100 -0.473300
vn 0.483400 -0.637300 0.600100
vn 0.310600 -0.804100 -0.506800
vn 0.431200 -0.336300 0.837200
vn 0.551500 -0.456600 0.698100
vn 0.571000 0.814000 -0.106600
vn -0.454100 0.583800 0.673000
vn -0.884600 0.299400 0.357400
vn -0.365600 -0.405300 0.837900
vn -0.391300 0.140900 0.909400
vn -0.088700 -0.302400 0.949000
vn 0.904600 -0.182000 -0.385600
vn 0.576900 -0.307700 -0.756600
vn 0.813900 0.353700 -0.460900
vn 0.551700 -0.827000 -0.108400
vn -0.905400 0.164400 -0.391300
vn 0.967100 0.134200 -0.215900
vn 0.238000 -0.965100 0.109700
vn -0.097100 0.923000 0.372500
vn 0.130800 0.943200 0.305300
vn 0.105200 0.943100 0.315400
vn -0.864500 0.418600 -0.278100
vn -0.577100 0.568600 -0.586200
vn -0.784400 0.161600 -0.598800
vn -0.111600 -0.843000 -0.526300
vn -0.378000 -0.480900 0.791100
vn -0.310500 -0.804200 -0.506800
vn -0.431200 -0.336300 0.837200
vn -0.803600 -0.520700 0.288200
vn -0.309800 0.431500 0.847300
vn -0.763200 0.254900 0.593700
vn 0.189000 0.975200 -0.115200
vn -0.803700 -0.520700 0.288200
vn -0.338400 0.721000 0.604700
vn -0.358800 0.710700 0.605100
vn -0.558300 -0.268000 0.785100
vn -0.551800 -0.825700 0.117500
vn 0.666800 -0.740000 0.088800
vn -0.000000 0.965000 0.262400
vn -0.476800 0.407300 0.778900
vn 0.458300 0.861800 0.217200
vn 0.200100 0.804400 0.559400
vn -0.902900 0.350800 -0.248500
vn 0.466600 0.368300 0.804200
vn 0.438500 0.000300 -0.898700
usemtl tex02.png
s 1
f 1461/844/1167 1462/845/1168 1463/846/1169
f 1462/845/1168 1461/844/1167 1464/847/1170
f 1464/847/1170 1461/844/1167 1465/848/1171
f 1466/849/1172 1465/848/1171 1461/844/1167
f 1465/848/1171 1467/850/1173 1468/851/1174
f 1469/852/1175 1470/853/1176 1471/854/1177
f 1472/851/1178 1473/855/1179 1474/856/1180
f 1474/856/1180 1473/855/1179 1475/857/1181
f 1476/858/1182 1475/857/1181 1473/855/1179
f 1477/859/1183 1475/857/1181 1476/858/1182
f 1475/857/1181 1477/859/1183 1478/860/1184
f 1478/860/1184 1477/859/1183 1479/857/1185
f 1480/858/1186 1479/857/1185 1477/859/1183
f 1481/861/1187 1468/851/1174 1482/855/1188
f 1482/855/1188 1479/857/1185 1480/858/1186
f 1483/862/1189 1468/851/1174 1481/861/1187
f 1468/851/1174 1483/862/1189 1465/848/1171
f 1464/847/1170 1484/863/1190 1462/845/1168
f 1484/863/1190 1465/848/1171 1483/862/1189
f 1465/848/1171 1484/863/1190 1464/847/1170
f 1485/864/1191 1462/845/1168 1484/863/1190
f 1486/863/1192 1462/845/1168 1485/864/1191
f 1462/845/1168 1486/863/1192 1487/847/1193
f 1487/847/1193 1486/863/1192 1488/848/1194
f 1489/862/1195 1488/848/1194 1486/863/1192
f 1488/848/1194 1489/862/1195 1472/851/1178
f 1472/851/1178 1490/850/1196 1488/848/1194
f 1487/847/1193 1491/844/1197 1462/845/1168
f 1488/848/1194 1491/844/1197 1487/847/1193
f 1463/846/1169 1462/845/1168 1491/844/1197
f 1491/844/1197 1488/848/1194 1492/849/1198
f 1477/859/1183 1493/865/1199 1480/858/1186
f 1480/858/1186 1494/866/1200 1482/855/1188
f 1494/866/1200 1480/858/1186 1493/865/1199
f 1482/855/1188 1495/867/1201 1481/861/1187
f 1481/861/1187 1495/867/1201 1483/862/1189
f 1495/867/1201 1482/855/1188 1494/866/1200
f 1496/868/1202 1483/862/1189 1495/867/1201
f 1485/864/1191 1484/863/1190 1497/869/1203
f 1483/862/1189 1497/869/1203 1484/863/1190
f 1497/869/1203 1483/862/1189 1496/868/1202
f 1498/870/1204 1485/864/1191 1497/869/1203
f 1486/863/1192 1499/869/1205 1489/862/1195
f 1485/864/1191 1499/869/1205 1486/863/1192
f 1498/870/1204 1499/869/1205 1485/864/1191
f 1500/868/1206 1489/862/1195 1499/869/1205
f 1489/862/1195 1500/868/1206 1501/867/1207
f 1502/871/1208 1503/872/1209 1504/873/1210
f 1505/874/1211 1493/865/1199 1477/859/1183
f 1505/874/1211 1504/873/1210 1503/872/1209
f 1477/859/1183 1506/865/1212 1505/874/1211
f 1504/873/1210 1505/874/1211 1506/865/1212
f 1476/858/1182 1506/865/1212 1477/859/1183
f 1507/866/1213 1473/855/1179 1501/867/1207
f 1506/865/1212 1476/858/1182 1507/866/1213
f 1473/855/1179 1507/866/1213 1476/858/1182
f 1507/866/1213 1508/875/1214 1506/865/1212
f 1489/862/1195 1509/861/1215 1472/851/1178
f 1501/867/1207 1509/861/1215 1489/862/1195
f 1473/855/1179 1472/851/1178 1509/861/1215
f 1509/861/1215 1501/867/1207 1473/855/1179
f 1504/873/1210 1510/876/1216 1502/871/1208
f 1510/876/1216 1504/873/1210 1511/877/1217
f 1506/865/1212 1511/877/1217 1504/873/1210
f 1511/877/1217 1506/865/1212 1508/875/1214
f 1512/878/1218 1513/879/1219 1514/880/1220
f 1513/879/1219 1512/878/1218 1515/881/1221
f 1516/882/1222 1515/881/1221 1512/878/1218
f 1515/881/1221 1517/883/1223 1513/879/1219
f 1517/883/1223 1515/881/1221 1518/884/1224
f 1512/878/1218 1514/880/1220 1519/885/1225
f 1520/886/1226 1521/887/1227 1522/888/1228
f 1523/889/1229 1522/888/1228 1521/887/1227
f 1524/890/1230 1522/888/1228 1523/889/1229
f 1522/888/1228 1524/890/1230 1520/886/1226
f 1525/891/1231 1520/886/1226 1524/890/1230
f 1526/892/1232 1527/893/1233 1528/894/1234
f 1529/895/1235 1530/896/1236 1531/897/1237
f 1532/883/1238 1533/884/1239 1534/881/1240
f 1535/898/1241 1536/899/1242 1537/900/1243
f 1538/901/1244 1537/900/1243 1536/899/1242
f 1539/902/1245 1540/903/1246 1541/904/1247
f 1537/900/1243 1542/905/1248 1535/898/1241
f 1540/903/1246 1542/905/1248 1537/900/1243
f 1542/905/1248 1540/903/1246 1543/906/1249
f 1544/907/1250 1542/905/1248 1543/906/1249
f 1542/905/1248 1545/908/1251 1535/898/1241
f 1542/905/1248 1544/907/1250 1545/908/1251
f 1535/898/1241 1545/908/1251 1546/909/1252
f 1547/910/1253 1545/908/1251 1544/907/1250
f 1548/911/1254 1549/912/1255 1550/913/1256
f 1551/914/1257 1550/913/1256 1549/912/1255
f 1550/913/1256 1551/914/1257 1552/911/1258
f 1553/915/1259 1552/911/1258 1551/914/1257
f 1552/911/1258 1553/915/1259 1554/916/1260
f 1555/917/1261 1554/916/1260 1553/915/1259
f 1554/916/1260 1555/917/1261 1556/918/1262
f 1557/919/1263 1556/918/1262 1555/917/1261
f 1556/918/1262 1557/919/1263 1558/920/1264
f 1559/921/1265 1560/922/1266 1561/923/1267
f 1560/922/1266 1559/921/1265 1562/924/1268
f 1563/925/1269 1562/924/1268 1559/921/1265
f 1559/921/1265 1564/926/1270 1563/925/1269
f 1561/923/1267 1565/927/1271 1559/921/1265
f 1564/926/1270 1559/921/1265 1565/927/1271
f 1565/927/1271 1561/923/1267 1566/928/1272
f 1567/929/1273 1568/930/1274 1569/931/1275
f 1568/930/1274 1567/929/1273 1570/932/1276
f 1571/933/1277 1570/932/1276 1572/934/1278
f 1572/934/1278 1570/932/1276 1567/929/1273
f 1570/932/1276 1571/933/1277 1573/935/1279
f 1573/935/1279 1571/933/1277 1574/936/1280
f 1575/937/1281 1574/936/1280 1571/933/1277
f 1574/936/1280 1575/937/1281 1576/938/1282
f 1577/939/1283 1574/936/1280 1576/938/1282
f 1577/939/1283 1576/938/1282 1578/940/1284
f 1578/940/1284 1579/941/1285 1580/942/1286
f 1579/941/1285 1578/940/1284 1576/938/1282
f 1581/943/1287 1580/942/1286 1579/941/1285
f 1580/942/1286 1581/943/1287 1582/944/1288
f 1583/945/1289 1584/946/1290 1585/947/1291
f 1586/889/1292 1585/947/1291 1584/946/1290
f 1585/947/1291 1587/948/1293 1583/945/1289
f 1587/948/1293 1585/947/1291 1588/949/1294
f 1585/947/1291 1586/889/1292 1589/890/1295
f 1590/886/1296 1591/891/1297 1589/890/1295
f 1590/886/1296 1589/890/1295 1592/888/1298
f 1586/889/1292 1592/888/1298 1589/890/1295
f 1593/887/1299 1592/888/1298 1586/889/1292
f 1592/888/1298 1593/887/1299 1590/886/1296
f 1556/918/1262 1558/920/1264 1594/950/1300
f 1595/919/1301 1594/950/1300 1558/920/1264
f 1594/950/1300 1595/919/1301 1596/918/1302
f 1597/917/1303 1596/918/1302 1595/919/1301
f 1549/912/1255 1598/916/1304 1597/917/1303
f 1596/918/1302 1597/917/1303 1598/916/1304
f 1598/916/1304 1549/912/1255 1548/911/1254
f 1589/890/1295 1599/951/1305 1585/947/1291
f 1588/949/1294 1585/947/1291 1599/951/1305
f 1523/889/1229 1600/947/1306 1524/890/1230
f 1601/951/1307 1524/890/1230 1600/947/1306
f 1600/947/1306 1602/949/1308 1601/951/1307
f 1602/949/1308 1600/947/1306 1603/948/1309
f 1603/948/1309 1600/947/1306 1604/945/1310
f 1605/923/1311 1606/927/1312 1607/928/1313
f 1606/927/1312 1605/923/1311 1608/921/1314
f 1609/922/1315 1608/921/1314 1605/923/1311
f 1610/952/1316 1611/953/1317 1612/954/1318
f 1612/954/1318 1613/955/1319 1610/952/1316
f 1614/956/1320 1615/957/1321 1616/958/1322
f 1615/957/1321 1617/959/1323 1616/958/1322
f 1615/957/1321 1618/956/1324 1617/959/1323
f 1618/956/1324 1619/960/1325 1620/958/1326
f 1618/956/1324 1620/958/1326 1617/959/1323
f 1621/961/1327 1616/958/1322 1617/959/1323
f 1614/956/1320 1616/958/1322 1621/961/1327
f 1619/960/1325 1621/961/1327 1620/958/1326
f 1620/958/1326 1621/961/1327 1617/959/1323
f 1621/961/1327 1619/960/1325 1614/956/1320
f 1622/962/1328 1614/956/1320 1619/960/1325
f 1614/956/1320 1623/963/1329 1615/957/1321
f 1623/963/1329 1614/956/1320 1622/962/1328
f 1615/957/1321 1623/963/1329 1618/956/1324
f 1624/964/1330 1625/965/1323 1626/966/1331
f 1624/964/1330 1627/967/1332 1625/965/1323
f 1626/966/1331 1627/967/1332 1624/964/1330
f 1628/966/1333 1629/964/1334 1627/967/1332
f 1625/965/1323 1627/967/1332 1629/964/1334
f 1625/965/1323 1629/964/1334 1630/968/1335
f 1629/964/1334 1628/966/1333 1630/968/1335
f 1625/965/1323 1630/968/1335 1626/966/1331
f 1631/969/1336 1628/966/1333 1627/967/1332
f 1626/966/1331 1630/968/1335 1631/969/1336
f 1631/969/1336 1627/967/1332 1626/966/1331
f 1630/968/1335 1628/966/1333 1631/969/1336
f 1619/960/1325 1632/970/1337 1622/962/1328
f 1622/962/1328 1632/970/1337 1633/971/1338
f 1622/962/1328 1634/972/1339 1623/963/1329
f 1634/972/1339 1622/962/1328 1633/971/1338
f 1635/973/1340 1623/963/1329 1634/972/1339
f 1636/972/1341 1623/963/1329 1635/973/1340
f 1633/971/1338 1637/962/1342 1636/972/1341
f 1637/962/1342 1618/956/1324 1623/963/1329
f 1618/956/1324 1637/962/1342 1619/960/1325
f 1637/962/1342 1633/971/1338 1632/970/1337
f 1623/963/1329 1636/972/1341 1637/962/1342
f 1632/970/1337 1619/960/1325 1637/962/1342
f 1638/974/1343 1639/975/1344 1640/976/1345
f 1641/977/1346 1640/976/1345 1639/975/1344
f 1642/978/1347 1643/979/1348 1644/980/1349
f 1645/981/1350 1646/982/1351 1647/983/1352
f 1646/982/1351 1645/981/1350 1648/984/1353
f 1649/985/1354 1648/984/1353 1645/981/1350
f 1650/986/1355 1651/987/1356 1652/988/1357
f 1648/984/1353 1652/988/1357 1651/987/1356
f 1652/988/1357 1648/984/1353 1649/985/1354
f 1651/987/1356 1650/986/1355 1653/989/1358
f 1654/990/1359 1655/852/1360 1656/853/1361
f 1657/854/1362 1656/853/1361 1655/852/1360
f 1656/853/1361 1657/854/1362 1658/991/1363
f 1498/870/1204 1659/992/1364 1499/869/1205
f 1499/869/1205 1659/992/1364 1500/868/1206
f 1660/993/1365 1500/868/1206 1659/992/1364
f 1493/865/1199 1661/875/1366 1494/866/1200
f 1661/875/1366 1493/865/1199 1662/877/1367
f 1663/873/1368 1662/877/1367 1493/865/1199
f 1503/872/1209 1663/873/1368 1505/874/1211
f 1493/865/1199 1505/874/1211 1663/873/1368
f 1663/873/1368 1503/872/1209 1664/871/1369
f 1662/877/1367 1663/873/1368 1665/876/1370
f 1664/871/1369 1665/876/1370 1663/873/1368
f 1666/994/1371 1667/995/1372 1668/996/1373
f 1669/997/1374 1670/998/1375 1671/999/1376
f 1672/1000/1377 1671/999/1376 1670/998/1375
f 1673/918/1378 1674/916/1379 1675/917/1380
f 1676/911/1381 1675/917/1380 1674/916/1379
f 1675/917/1380 1676/911/1381 1677/912/1382
f 1678/913/1383 1677/912/1382 1676/911/1381
f 1677/912/1382 1678/913/1383 1679/914/1384
f 1679/914/1384 1680/911/1385 1681/915/1386
f 1682/916/1387 1681/915/1386 1680/911/1385
f 1680/911/1385 1679/914/1384 1678/913/1383
f 1683/918/1388 1684/917/1389 1682/916/1387
f 1681/915/1386 1682/916/1387 1684/917/1389
f 1684/917/1389 1683/918/1388 1685/919/1390
f 1686/950/1391 1685/919/1390 1683/918/1388
f 1687/919/1392 1673/918/1378 1675/917/1380
f 1673/918/1378 1687/919/1392 1686/950/1391
f 1685/919/1390 1686/950/1391 1688/920/1393
f 1688/920/1393 1686/950/1391 1687/919/1392
f 1689/1001/1394 1690/1002/1395 1691/1003/1396
f 1689/1001/1394 1692/1004/1397 1693/1005/1398
f 1693/1005/1398 1694/1004/1399 1689/1001/1394
f 1695/1006/1400 1689/1001/1394 1694/1004/1399
f 1689/1001/1394 1695/1006/1400 1696/1007/1401
f 1695/1006/1400 1697/1008/1402 1696/1007/1401
f 1696/1007/1401 1698/1009/1403 1689/1001/1394
f 1690/1002/1395 1689/1001/1394 1698/1009/1403
f 1696/1007/1401 1699/1010/1404 1698/1009/1403
f 1700/1011/1405 1698/1009/1403 1699/1010/1404
f 1698/1009/1403 1700/1011/1405 1690/1002/1395
f 1691/1003/1396 1701/1012/1406 1689/1001/1394
f 1702/1009/1407 1689/1001/1394 1701/1012/1406
f 1701/1012/1406 1703/1013/1408 1702/1009/1407
f 1704/1010/1409 1702/1009/1407 1703/1013/1408
f 1689/1001/1394 1702/1009/1407 1705/1007/1410
f 1702/1009/1407 1704/1010/1409 1705/1007/1410
f 1706/1014/1411 1705/1007/1410 1704/1010/1409
f 1707/1008/1412 1705/1007/1410 1706/1014/1411
f 1705/1007/1410 1707/1008/1412 1708/1006/1413
f 1705/1007/1410 1708/1006/1413 1689/1001/1394
f 1692/1004/1397 1689/1001/1394 1708/1006/1413
f 1709/1015/1414 1710/1016/1415 1711/1017/1416
f 1711/1017/1416 1710/1016/1415 1712/1018/1417
f 1713/1016/1418 1711/1017/1416 1712/1018/1417
f 1711/1017/1416 1713/1016/1418 1714/1019/1419
f 1714/1019/1419 1713/1016/1418 1715/1020/1420
f 1716/1021/1421 1715/1020/1420 1713/1016/1418
f 1715/1020/1420 1716/1021/1421 1717/1022/1422
f 1718/1023/1423 1717/1022/1422 1716/1021/1421
f 1717/1022/1422 1718/1023/1423 1719/1024/1424
f 1709/1015/1414 1720/1025/1425 1710/1016/1415
f 1719/1024/1424 1720/1025/1425 1709/1015/1414
f 1720/1025/1425 1719/1024/1424 1718/1023/1423
f 1721/1026/1426 1722/1021/1427 1723/1027/1428
f 1724/1028/1429 1725/1018/1430 1721/1026/1426
f 1725/1018/1430 1724/1028/1429 1726/1016/1431
f 1545/908/1251 1547/910/1253 1727/910/1432
f 1728/1029/1433 1727/910/1432 1729/1030/1434
f 1729/1030/1434 1727/910/1432 1547/910/1253
f 1564/926/1270 1730/994/1435 1563/925/1269
f 1730/994/1435 1564/926/1270 1731/996/1436
f 1732/997/1437 1563/925/1269 1730/994/1435
f 1731/996/1436 1733/995/1438 1730/994/1435
f 1537/900/1243 1538/901/1244 1734/1031/1439
f 1541/904/1247 1540/903/1246 1734/1031/1439
f 1734/1031/1439 1540/903/1246 1537/900/1243
f 1546/909/1252 1545/908/1251 1735/1032/1440
f 1735/1032/1440 1545/908/1251 1736/1033/1441
f 1545/908/1251 1727/910/1432 1736/1033/1441
f 1737/1030/1442 1738/910/1443 1739/1029/1444
f 1740/1034/1445 1741/902/1446 1742/1035/1447
f 1741/902/1446 1740/1034/1445 1743/904/1448
f 1743/904/1448 1744/1036/1449 1745/1031/1450
f 1746/900/1451 1747/899/1452 1748/898/1453
f 1746/900/1451 1748/898/1453 1749/905/1454
f 1749/905/1454 1748/898/1453 1750/908/1455
f 1748/898/1453 1751/909/1456 1750/908/1455
f 1751/909/1456 1752/1032/1457 1750/908/1455
f 1743/904/1448 1745/1031/1450 1753/903/1458
f 1745/1031/1450 1746/900/1451 1753/903/1458
f 1753/903/1458 1749/905/1454 1742/1035/1447
f 1741/902/1446 1743/904/1448 1753/903/1458
f 1753/903/1458 1742/1035/1447 1741/902/1446
f 1753/903/1458 1746/900/1451 1749/905/1454
f 1750/908/1455 1754/1033/1459 1738/910/1443
f 1752/1032/1457 1754/1033/1459 1750/908/1455
f 1755/1037/1460 1756/1038/1461 1757/1039/1462
f 1710/1016/1415 1758/1028/1463 1712/1018/1417
f 1720/1025/1425 1759/1040/1464 1710/1016/1415
f 1758/1028/1463 1710/1016/1415 1759/1040/1464
f 1759/1040/1464 1720/1025/1425 1760/1041/1465
f 1761/1017/1466 1725/1018/1430 1726/1016/1431
f 1725/1018/1430 1761/1017/1466 1762/1016/1467
f 1762/1016/1467 1721/1026/1426 1725/1018/1430
f 1722/1021/1427 1721/1026/1426 1762/1016/1467
f 1763/1015/1468 1761/1017/1466 1726/1016/1431
f 1764/1023/1469 1723/1027/1428 1722/1021/1427
f 1763/1015/1468 1726/1016/1431 1765/1025/1470
f 1766/1024/1471 1763/1015/1468 1765/1025/1470
f 1764/1023/1469 1766/1024/1471 1765/1025/1470
f 1766/1024/1471 1764/1023/1469 1767/1022/1472
f 1722/1021/1427 1767/1022/1472 1764/1023/1469
f 1762/1016/1467 1768/1020/1473 1722/1021/1427
f 1767/1022/1472 1722/1021/1427 1768/1020/1473
f 1761/1017/1466 1769/1019/1474 1762/1016/1467
f 1768/1020/1473 1762/1016/1467 1769/1019/1474
f 1770/1042/1475 1771/1043/1476 1772/1044/1477
f 1771/1043/1476 1770/1042/1475 1773/1045/1478
f 1774/1046/1479 1773/1045/1478 1770/1042/1475
f 1757/1039/1462 1775/1047/1480 1776/1048/1481
f 1777/1049/1482 1778/1050/1483 1779/1051/1484
f 1778/1050/1483 1777/1049/1482 1780/1052/1485
f 1780/1052/1485 1777/1049/1482 1781/1050/1486
f 1780/1052/1485 1781/1050/1486 1782/1053/1487
f 1782/1053/1487 1778/1050/1483 1780/1052/1485
f 1783/1054/1488 1784/1055/1489 1785/1056/1490
f 1786/1057/1491 1787/1058/1492 1788/1059/1493
f 1789/1060/1494 1790/1061/1495 1787/1058/1492
f 1787/1058/1492 1791/1062/1496 1788/1059/1493
f 1791/1062/1496 1792/1063/1497 1793/1064/1498
f 1793/1064/1498 1794/1058/1499 1791/1062/1496
f 1789/1060/1494 1794/1058/1499 1790/1061/1495
f 1788/1059/1493 1791/1062/1496 1794/1058/1499
f 1790/1061/1495 1794/1058/1499 1793/1064/1498
f 1790/1061/1495 1795/1064/1500 1787/1058/1492
f 1791/1062/1496 1787/1058/1492 1795/1064/1500
f 1795/1064/1500 1796/1063/1501 1791/1062/1496
f 1797/1065/1502 1787/1058/1492 1786/1057/1491
f 1797/1065/1502 1789/1060/1494 1787/1058/1492
f 1788/1059/1493 1798/1065/1503 1786/1057/1491
f 1798/1065/1503 1794/1058/1499 1789/1060/1494
f 1797/1065/1502 1786/1057/1491 1798/1065/1503
f 1789/1060/1494 1797/1065/1502 1798/1065/1503
f 1794/1058/1499 1798/1065/1503 1788/1059/1493
f 1796/1063/1501 1795/1064/1500 1799/1066/1504
f 1799/1066/1504 1793/1064/1498 1792/1063/1497
f 1792/1063/1497 1791/1062/1496 1800/1067/1505
f 1800/1067/1505 1791/1062/1496 1796/1063/1501
f 1467/850/1173 1465/848/1171 1801/1068/1506
f 1465/848/1171 1466/849/1172 1801/1068/1506
f 1802/1042/1507 1803/1045/1508 1804/1046/1363
f 1803/1045/1508 1802/1042/1507 1805/1043/1509
f 1806/1044/1510 1805/1043/1509 1802/1042/1507
f 1802/1042/1507 1807/1069/1511 1806/1044/1510
f 1807/1069/1511 1802/1042/1507 1808/1070/1359
f 1809/1071/1360 1808/1070/1359 1802/1042/1507
f 1804/1046/1363 1810/1072/1362 1802/1042/1507
f 1809/1071/1360 1802/1042/1507 1810/1072/1362
f 1811/991/1512 1471/854/1177 1470/853/1176
f 1470/853/1176 1469/852/1175 1812/990/1513
f 1812/990/1513 1813/1073/1514 1470/853/1176
f 1814/1074/1477 1470/853/1176 1813/1073/1514
f 1470/853/1176 1814/1074/1477 1815/1075/1515
f 1816/856/1516 1482/855/1188 1468/851/1174
f 1479/857/1185 1482/855/1188 1816/856/1516
f 1488/848/1194 1817/1068/1176 1492/849/1198
f 1817/1068/1176 1488/848/1194 1490/850/1196
f 1501/867/1207 1818/1076/1517 1507/866/1213
f 1818/1076/1517 1501/867/1207 1500/868/1206
f 1500/868/1206 1660/993/1365 1818/1076/1517
f 1508/875/1214 1507/866/1213 1818/1076/1517
f 1819/1077/1311 1519/885/1225 1514/880/1220
f 1514/880/1220 1820/1078/1315 1819/1077/1311
f 1821/1079/1449 1514/880/1220 1513/879/1219
f 1820/1078/1315 1514/880/1220 1821/1079/1449
f 1515/881/1221 1516/882/1222 1822/1080/1372
f 1822/1080/1372 1518/884/1224 1515/881/1221
f 1823/1081/1518 1822/1080/1372 1516/882/1222
f 1824/1082/1452 1513/879/1219 1517/883/1223
f 1517/883/1223 1825/1083/1227 1824/1082/1452
f 1826/1084/1519 1824/1082/1452 1825/1083/1227
f 1825/1083/1227 1517/883/1223 1827/1085/1229
f 1518/884/1224 1827/1085/1229 1517/883/1223
f 1519/885/1225 1819/1077/1311 1828/1086/1313
f 1521/887/1227 1520/886/1226 1829/1087/1519
f 1830/1088/1520 1528/894/1234 1831/1089/1521
f 1527/893/1233 1831/1089/1521 1528/894/1234
f 1527/893/1233 1832/1090/1522 1831/1089/1521
f 1832/1090/1522 1830/1088/1520 1831/1089/1521
f 1527/893/1233 1526/892/1232 1833/1091/1523
f 1832/1090/1522 1527/893/1233 1833/1091/1523
f 1530/896/1236 1834/1092/1524 1531/897/1237
f 1529/895/1235 1531/897/1237 1835/1093/1525
f 1836/1094/1526 1529/895/1235 1835/1093/1525
f 1837/1090/1525 1838/1091/1527 1839/1095/1528
f 1838/1091/1527 1840/892/1529 1839/1095/1528
f 1841/1096/1530 1837/1090/1525 1839/1095/1528
f 1840/892/1529 1842/1097/1531 1839/1095/1528
f 1843/1098/1532 1841/1096/1530 1842/1097/1531
f 1839/1095/1528 1842/1097/1531 1844/1099/1533
f 1841/1096/1530 1844/1099/1533 1842/1097/1531
f 1844/1099/1533 1841/1096/1530 1839/1095/1528
f 1845/1083/1299 1846/1085/1292 1532/883/1238
f 1533/884/1239 1532/883/1238 1846/1085/1292
f 1847/1080/1438 1534/881/1240 1533/884/1239
f 1534/881/1240 1847/1080/1438 1848/882/1534
f 1849/1081/1535 1848/882/1534 1847/1080/1438
f 1848/882/1534 1850/878/1536 1534/881/1240
f 1851/879/1244 1534/881/1240 1850/878/1536
f 1534/881/1240 1851/879/1244 1532/883/1238
f 1532/883/1238 1852/1082/1242 1845/1083/1299
f 1852/1082/1242 1532/883/1238 1851/879/1244
f 1853/1084/1537 1845/1083/1299 1852/1082/1242
f 1536/899/1242 1535/898/1241 1854/1100/1537
f 1546/909/1252 1854/1100/1537 1535/898/1241
f 1734/1031/1439 1855/1036/1538 1541/904/1247
f 1855/1036/1538 1734/1031/1439 1538/901/1244
f 1856/1101/1266 1541/904/1247 1855/1036/1538
f 1857/1034/1268 1541/904/1247 1856/1101/1266
f 1541/904/1247 1857/1034/1268 1539/902/1245
f 1543/906/1249 1540/903/1246 1858/1035/1269
f 1539/902/1245 1858/1035/1269 1540/903/1246
f 1858/1035/1269 1539/902/1245 1857/1034/1268
f 1859/1077/1267 1860/885/1539 1861/1086/1272
f 1850/878/1536 1862/880/1540 1851/879/1244
f 1860/885/1539 1859/1077/1267 1862/880/1540
f 1862/880/1540 1850/878/1536 1860/885/1539
f 1863/1078/1266 1862/880/1540 1859/1077/1267
f 1862/880/1540 1863/1078/1266 1864/1079/1538
f 1864/1079/1538 1851/879/1244 1862/880/1540
f 1865/1102/1541 1569/931/1275 1568/930/1274
f 1866/1103/1542 1582/944/1288 1581/943/1287
f 1867/1104/1253 1583/945/1289 1587/948/1293
f 1867/1104/1253 1584/946/1290 1583/945/1289
f 1584/946/1290 1867/1104/1253 1868/1105/1250
f 1867/1104/1253 1587/948/1293 1869/1106/1434
f 1588/949/1294 1869/1106/1434 1587/948/1293
f 1599/951/1305 1870/1107/1433 1588/949/1294
f 1589/890/1295 1870/1107/1433 1599/951/1305
f 1870/1107/1433 1589/890/1295 1591/891/1297
f 1869/1106/1434 1588/949/1294 1870/1107/1433
f 1871/1087/1537 1590/886/1296 1593/887/1299
f 1872/1107/1444 1601/951/1307 1602/949/1308
f 1872/1107/1444 1524/890/1230 1601/951/1307
f 1524/890/1230 1872/1107/1444 1525/891/1231
f 1600/947/1306 1523/889/1229 1873/946/1376
f 1873/946/1376 1604/945/1310 1600/947/1306
f 1603/948/1309 1874/1106/1442 1602/949/1308
f 1872/1107/1444 1602/949/1308 1874/1106/1442
f 1874/1106/1442 1603/948/1309 1875/1104/1543
f 1873/946/1376 1875/1104/1543 1604/945/1310
f 1604/945/1310 1875/1104/1543 1603/948/1309
f 1875/1104/1543 1873/946/1376 1876/1105/1377
f 1608/921/1314 1609/922/1315 1877/924/1445
f 1877/924/1445 1878/925/1447 1608/921/1314
f 1666/994/1371 1878/925/1447 1669/997/1374
f 1670/998/1375 1669/997/1374 1878/925/1447
f 1608/921/1314 1879/926/1544 1606/927/1312
f 1878/925/1447 1666/994/1371 1879/926/1544
f 1879/926/1544 1608/921/1314 1878/925/1447
f 1668/996/1373 1879/926/1544 1666/994/1371
f 1880/1092/1232 1881/896/1234 1882/897/1545
f 1882/897/1545 1881/896/1234 1883/895/1546
f 1883/895/1546 1884/1094/1520 1882/897/1545
f 1884/1094/1520 1885/1093/1522 1882/897/1545
f 1886/1108/1411 1887/1109/1409 1610/952/1316
f 1888/1110/1408 1610/952/1316 1887/1109/1409
f 1610/952/1316 1888/1110/1408 1889/1111/1547
f 1889/1111/1547 1890/1112/1548 1610/952/1316
f 1891/1113/1404 1610/952/1316 1890/1112/1548
f 1610/952/1316 1891/1113/1404 1892/1114/1549
f 1892/1114/1549 1893/1115/1402 1610/952/1316
f 1611/953/1317 1610/952/1316 1893/1115/1402
f 1894/1116/1412 1610/952/1316 1613/955/1319
f 1610/952/1316 1894/1116/1412 1886/1108/1411
f 1528/894/1234 1830/1088/1520 1895/1117/1550
f 1896/1118/1551 1897/1119/1552 1898/1120/1483
f 1897/1119/1552 1896/1118/1551 1899/1121/1553
f 1900/1122/1554 1899/1121/1553 1896/1118/1551
f 1899/1121/1553 1900/1122/1554 1901/1123/1555
f 1902/1124/1556 1901/1123/1555 1900/1122/1554
f 1901/1123/1555 1902/1124/1556 1903/1125/1557
f 1904/1126/1552 1905/1048/1558 1906/1047/1559
f 1905/1048/1558 1904/1126/1552 1907/1039/1343
f 1908/1038/1553 1907/1039/1343 1904/1126/1552
f 1907/1039/1343 1908/1038/1553 1909/1037/1560
f 1910/1127/1555 1909/1037/1560 1908/1038/1553
f 1909/1037/1560 1910/1127/1555 1911/1128/1561
f 1912/1129/1557 1911/1128/1561 1910/1127/1555
f 1911/1128/1561 1912/1129/1557 1913/1130/1562
f 1914/1131/1348 1915/1132/1561 1916/1133/1563
f 1915/1132/1561 1914/1131/1348 1917/1134/1560
f 1639/975/1344 1917/1134/1560 1914/1131/1348
f 1917/1134/1560 1639/975/1344 1638/974/1343
f 1918/1135/1564 1919/1136/1369 1920/1137/1563
f 1644/980/1349 1920/1137/1563 1919/1136/1369
f 1920/1137/1563 1644/980/1349 1643/979/1348
f 1643/979/1348 1642/978/1347 1921/1138/1344
f 1922/1139/1565 1921/1138/1344 1642/978/1347
f 1921/1138/1344 1922/1139/1565 1923/1140/1566
f 1924/1141/1567 1923/1140/1566 1922/1139/1565
f 1925/1142/1568 1647/983/1352 1646/982/1351
f 1926/1075/1509 1927/1074/1510 1656/853/1361
f 1928/1073/1511 1656/853/1361 1927/1074/1510
f 1656/853/1361 1928/1073/1511 1654/990/1359
f 1659/992/1364 1498/870/1204 1929/1143/1569
f 1496/868/1202 1930/992/1570 1497/869/1203
f 1929/1143/1569 1498/870/1204 1930/992/1570
f 1497/869/1203 1930/992/1570 1498/870/1204
f 1930/992/1570 1496/868/1202 1931/993/1557
f 1494/866/1200 1932/1076/1571 1495/867/1201
f 1932/1076/1571 1494/866/1200 1661/875/1366
f 1931/993/1557 1496/868/1202 1932/1076/1571
f 1495/867/1201 1932/1076/1571 1496/868/1202
f 1671/999/1376 1933/1144/1229 1669/997/1374
f 1934/1145/1224 1669/997/1374 1933/1144/1229
f 1667/995/1372 1666/994/1371 1934/1145/1224
f 1669/997/1374 1934/1145/1224 1666/994/1371
f 1935/1146/1518 1668/996/1373 1667/995/1372
f 1693/1005/1398 1936/1147/1572 1694/1004/1399
f 1936/1147/1572 1693/1005/1398 1692/1004/1397
f 1694/1004/1399 1937/1148/1317 1695/1006/1400
f 1697/1008/1402 1695/1006/1400 1937/1148/1317
f 1937/1148/1317 1694/1004/1399 1936/1147/1572
f 1938/1149/1549 1696/1007/1401 1697/1008/1402
f 1699/1010/1404 1696/1007/1401 1938/1149/1549
f 1690/1002/1395 1939/1150/1573 1691/1003/1396
f 1703/1013/1408 1701/1012/1406 1939/1150/1573
f 1691/1003/1396 1939/1150/1573 1701/1012/1406
f 1939/1150/1573 1690/1002/1395 1700/1011/1405
f 1936/1147/1572 1692/1004/1397 1940/1148/1574
f 1708/1006/1413 1940/1148/1574 1692/1004/1397
f 1940/1148/1574 1708/1006/1413 1707/1008/1412
f 1941/1151/1575 1721/1026/1426 1723/1027/1428
f 1721/1026/1426 1941/1151/1575 1724/1028/1429
f 1726/1016/1431 1942/1041/1576 1765/1025/1470
f 1943/1040/1577 1724/1028/1429 1941/1151/1575
f 1941/1151/1575 1942/1041/1576 1943/1040/1577
f 1942/1041/1576 1726/1016/1431 1943/1040/1577
f 1724/1028/1429 1943/1040/1577 1726/1016/1431
f 1723/1027/1428 1944/1152/1578 1941/1151/1575
f 1723/1027/1428 1764/1023/1469 1944/1152/1578
f 1942/1041/1576 1941/1151/1575 1944/1152/1578
f 1765/1025/1470 1944/1152/1578 1764/1023/1469
f 1944/1152/1578 1765/1025/1470 1942/1041/1576
f 1759/1040/1464 1945/1151/1579 1758/1028/1463
f 1945/1151/1579 1759/1040/1464 1760/1041/1465
f 1736/1033/1441 1946/1033/1297 1735/1032/1440
f 1946/1033/1297 1736/1033/1441 1727/910/1432
f 1727/910/1432 1728/1029/1433 1946/1033/1297
f 1563/925/1269 1732/997/1437 1947/998/1249
f 1948/999/1290 1947/998/1249 1732/997/1437
f 1947/998/1249 1948/999/1290 1949/1000/1250
f 1732/997/1437 1950/1144/1292 1948/999/1290
f 1950/1144/1292 1732/997/1437 1951/1145/1239
f 1951/1145/1239 1730/994/1435 1733/995/1438
f 1730/994/1435 1951/1145/1239 1732/997/1437
f 1733/995/1438 1731/996/1436 1952/1146/1535
f 1953/1032/1296 1735/1032/1440 1946/1033/1297
f 1735/1032/1440 1953/1032/1296 1954/1100/1252
f 1955/909/1537 1954/1100/1252 1953/1032/1296
f 1738/910/1443 1754/1033/1459 1956/1033/1231
f 1752/1032/1457 1956/1033/1231 1754/1033/1459
f 1956/1033/1231 1739/1029/1444 1738/910/1443
f 1957/910/1543 1738/910/1443 1737/1030/1442
f 1738/910/1443 1957/910/1543 1750/908/1455
f 1750/908/1455 1958/907/1377 1749/905/1454
f 1958/907/1377 1750/908/1455 1957/910/1543
f 1959/906/1375 1749/905/1454 1958/907/1377
f 1742/1035/1447 1749/905/1454 1959/906/1375
f 1960/1101/1315 1743/904/1448 1740/1034/1445
f 1744/1036/1449 1743/904/1448 1960/1101/1315
f 1961/901/1580 1745/1031/1450 1744/1036/1449
f 1747/899/1452 1746/900/1451 1961/901/1580
f 1745/1031/1450 1961/901/1580 1746/900/1451
f 1751/909/1456 1748/898/1453 1962/1100/1519
f 1962/1100/1519 1748/898/1453 1747/899/1452
f 1956/1033/1231 1752/1032/1457 1963/1032/1226
f 1964/1100/1581 1963/1032/1226 1752/1032/1457
f 1963/1032/1226 1964/1100/1581 1965/909/1519
f 1966/1125/1582 1967/1124/1364 1968/1123/1583
f 1969/1122/1584 1968/1123/1583 1967/1124/1364
f 1968/1123/1583 1969/1122/1584 1970/1121/1585
f 1971/1118/1586 1970/1121/1585 1969/1122/1584
f 1970/1121/1585 1971/1118/1586 1972/1119/1587
f 1973/1120/1486 1972/1119/1587 1971/1118/1586
f 1974/1153/1588 1972/1119/1587 1973/1120/1486
f 1972/1119/1587 1974/1153/1588 1975/1154/1480
f 1976/1139/1589 1977/1140/1590 1978/1141/1591
f 1977/1140/1590 1976/1139/1589 1979/1138/1592
f 1980/978/1593 1979/1138/1592 1976/1139/1589
f 1979/1138/1592 1980/978/1593 1981/979/1594
f 1982/980/1595 1981/979/1594 1980/978/1593
f 1981/979/1594 1982/980/1595 1983/1137/1490
f 1984/1136/1208 1983/1137/1490 1982/980/1595
f 1983/1137/1490 1984/1136/1208 1985/1135/1488
f 1986/975/1596 1987/976/1481 1988/977/1590
f 1987/976/1481 1986/975/1596 1989/974/1462
f 1989/974/1462 1986/975/1596 1990/1134/1460
f 1991/1131/1594 1990/1134/1460 1986/975/1596
f 1990/1134/1460 1991/1131/1594 1992/1132/1597
f 1993/1133/1490 1992/1132/1597 1991/1131/1594
f 1994/1130/1517 1995/1129/1582 1996/1128/1597
f 1997/1127/1583 1996/1128/1597 1995/1129/1582
f 1996/1128/1597 1997/1127/1583 1755/1037/1460
f 1756/1038/1461 1755/1037/1460 1997/1127/1583
f 1998/1126/1587 1757/1039/1462 1756/1038/1461
f 1775/1047/1480 1757/1039/1462 1998/1126/1587
f 1999/1026/1598 1712/1018/1417 1758/1028/1463
f 1713/1016/1418 1999/1026/1598 1716/1021/1421
f 1999/1026/1598 1758/1028/1463 1945/1151/1579
f 1712/1018/1417 1999/1026/1598 1713/1016/1418
f 1945/1151/1579 2000/1027/1599 1999/1026/1598
f 2000/1027/1599 1716/1021/1421 1999/1026/1598
f 1716/1021/1421 2000/1027/1599 1718/1023/1423
f 2001/1152/1600 1718/1023/1423 2000/1027/1599
f 1718/1023/1423 2001/1152/1600 1720/1025/1425
f 2001/1152/1600 1760/1041/1465 1720/1025/1425
f 2000/1027/1599 1945/1151/1579 2001/1152/1600
f 1760/1041/1465 2001/1152/1600 1945/1151/1579
f 1898/1120/1483 1897/1119/1552 2002/1153/1484
f 2003/1154/1559 2002/1153/1484 1897/1119/1552
f 1770/1042/1475 2004/1072/1177 1774/1046/1479
f 2004/1072/1177 1770/1042/1475 2005/1071/1175
f 2006/1070/1601 2005/1071/1175 1770/1042/1475
f 2006/1070/1601 1770/1042/1475 2007/1069/1514
f 1772/1044/1477 2007/1069/1514 1770/1042/1475
f 2008/1155/1364 2009/1156/1569 2010/1157/1584
f 2011/1158/1602 2010/1157/1584 2009/1156/1569
f 2012/1159/1586 1782/1053/1487 1781/1050/1486
f 1782/1053/1487 2012/1159/1586 2011/1158/1602
f 2010/1157/1584 2011/1158/1602 2012/1159/1586
f 2011/1158/1602 2013/1159/1551 1782/1053/1487
f 1778/1050/1483 1782/1053/1487 2013/1159/1551
f 2013/1159/1551 2011/1158/1602 2014/1157/1554
f 2009/1156/1569 2014/1157/1554 2011/1158/1602
f 2014/1157/1554 2009/1156/1569 2015/1155/1556
f 2016/1160/1603 2017/1161/1604 2018/1162/1571
f 2017/1161/1604 2016/1160/1603 2019/1056/1605
f 2020/1055/1606 2019/1056/1605 2016/1160/1603
f 2019/1056/1605 2020/1055/1606 2021/1054/1564
f 2022/1051/1588 1781/1050/1486 1777/1049/1482
f 2023/1160/1607 1785/1056/1490 1784/1055/1489
f 1785/1056/1490 2023/1160/1607 2024/1161/1597
f 2025/1162/1517 2024/1161/1597 2023/1160/1607
f 1793/1064/1498 2026/1163/1608 1790/1061/1495
f 1795/1064/1500 1790/1061/1495 2026/1163/1608
f 2026/1163/1608 1793/1064/1498 1799/1066/1504
f 2026/1163/1608 1799/1066/1504 1795/1064/1500
o rdmobj04
v -1.024275 1.584573 -0.047122
v -1.023483 1.584528 -0.029413
v -1.032791 1.588176 -0.037854
v -0.817589 1.586984 -0.095889
v -0.796352 1.597118 -0.085473
v -0.796557 1.582012 -0.049869
v -0.765099 1.613590 -0.050030
v -0.775880 1.586427 -0.049959
v -0.776056 1.599485 -0.080771
v -0.776101 1.599485 -0.020426
v -0.796292 1.597118 -0.015734
v -0.817941 1.579264 -0.051062
v -0.845530 1.578086 -0.076520
v -0.875605 1.595485 -0.104476
v -0.880872 1.590703 -0.080827
v -0.904211 1.607646 -0.107739
v -0.916211 1.611616 -0.082916
v -0.941890 1.591705 -0.110020
v -0.945860 1.594352 -0.088535
v -0.960361 1.576617 -0.111227
v -0.965067 1.578352 -0.092591
v -0.972200 1.546423 -0.108726
v -0.976110 1.547615 -0.093518
v -0.983127 1.546849 -0.104375
v -0.935979 1.545645 0.016987
v -0.932611 1.562763 0.013899
v -0.922360 1.536938 0.009309
v -0.914843 1.571234 0.017103
v -0.900506 1.542864 0.010752
v -0.872446 1.551981 0.002486
v -0.888577 1.593735 0.005649
v -0.885429 1.602117 -0.020310
v -0.916772 1.616838 0.003514
v -0.922491 1.616046 -0.025398
v -0.960772 1.623515 0.005810
v -0.962951 1.623455 -0.019824
v -0.992570 1.627896 0.006486
v -0.993894 1.627324 -0.015514
v -1.023894 1.625235 0.006927
v -1.024836 1.624823 -0.010942
v -1.030746 1.631444 -0.001398
v -1.007513 1.566337 -0.083784
v -1.009202 1.568307 -0.067062
v -1.016230 1.571084 -0.077017
v -0.988055 1.592161 -0.063548
v -0.957318 1.605309 -0.083974
v -0.986069 1.589791 -0.084490
v -0.959598 1.608031 -0.059869
v -0.922626 1.615986 -0.055238
v -0.872326 1.596999 -0.048901
v -0.816442 1.576161 -0.016000
v -0.816296 1.579735 0.002617
v -0.838868 1.568041 0.017559
v -0.844677 1.562483 -0.017047
v -0.968125 1.614647 -0.026647
v -0.969643 1.614984 -0.052737
v -0.999599 1.604251 -0.027604
v -1.000761 1.604191 -0.050752
v 1.032791 1.588176 -0.037854
v 1.023483 1.584528 -0.029413
v 1.024275 1.584573 -0.047122
v 0.999599 1.604251 -0.027604
v 1.000761 1.604191 -0.050752
v 0.969643 1.614984 -0.052737
v 0.968125 1.614647 -0.026647
v 0.922626 1.615986 -0.055238
v 0.922491 1.616046 -0.025398
v 0.885429 1.602117 -0.020310
v 0.872326 1.596999 -0.048901
v 0.844677 1.562483 -0.017047
v 0.872446 1.551981 0.002486
v 0.838868 1.568041 0.017559
v 0.816442 1.576161 -0.016000
v 0.816296 1.579735 0.002617
v 0.796292 1.597118 -0.015734
v 0.817941 1.579264 -0.051062
v 0.845530 1.578086 -0.076520
v 0.880872 1.590703 -0.080827
v 0.916211 1.611616 -0.082916
v 0.959598 1.608031 -0.059869
v 0.957318 1.605309 -0.083974
v 0.988055 1.592161 -0.063548
v 0.986069 1.589791 -0.084490
v 1.007513 1.566337 -0.083784
v 1.009202 1.568307 -0.067062
v 1.016230 1.571084 -0.077017
v 0.796557 1.582012 -0.049869
v 0.817589 1.586984 -0.095889
v 0.796352 1.597118 -0.085473
v 0.776056 1.599485 -0.080771
v 0.775880 1.586427 -0.049959
v 0.765099 1.613590 -0.050030
v 0.776101 1.599485 -0.020426
v 0.904211 1.607646 -0.107739
v 0.875605 1.595485 -0.104476
v 0.941890 1.591705 -0.110020
v 0.945860 1.594352 -0.088535
v 0.960361 1.576617 -0.111227
v 0.965067 1.578352 -0.092591
v 0.972200 1.546423 -0.108726
v 0.976110 1.547615 -0.093518
v 0.983127 1.546849 -0.104375
v 1.023894 1.625235 0.006927
v 1.024836 1.624823 -0.010942
v 1.030746 1.631444 -0.001398
v 0.993894 1.627324 -0.015514
v 0.992570 1.627896 0.006486
v 0.962951 1.623455 -0.019824
v 0.960772 1.623515 0.005810
v 0.916772 1.616838 0.003514
v 0.888577 1.593735 0.005649
v 0.914843 1.571234 0.017103
v 0.900506 1.542864 0.010752
v 0.922360 1.536938 0.009309
v 0.932611 1.562763 0.013899
v 0.935979 1.545645 0.016987
vt 0.975100 0.649200
vt 0.975600 0.544700
vt 1.000000 0.598200
vt 0.248100 0.935900
vt 0.189700 0.893600
vt 0.188900 0.650900
vt 0.000000 0.646300
vt 0.045800 0.645800
vt 0.046500 0.862000
vt 0.046700 0.438600
vt 0.189800 0.415600
vt 0.248000 0.670900
vt 0.345700 0.814500
vt 0.435200 1.000000
vt 0.452500 0.839300
vt 0.561200 0.999200
vt 0.594900 0.847800
vt 0.690200 0.991600
vt 0.689700 0.861600
vt 0.772600 0.982000
vt 0.772100 0.867600
vt 0.848300 0.973300
vt 0.848600 0.879800
vt 0.869900 0.928100
vt 0.672100 0.088700
vt 0.652600 0.167500
vt 0.574400 0.082200
vt 0.571400 0.251600
vt 0.485700 0.156400
vt 0.388300 0.217800
vt 0.490200 0.319400
vt 0.468000 0.482800
vt 0.600900 0.341700
vt 0.619000 0.512000
vt 0.727100 0.351800
vt 0.727100 0.503400
vt 0.830400 0.362100
vt 0.830400 0.492100
vt 0.923400 0.374900
vt 0.922900 0.480400
vt 0.945900 0.426400
vt 0.938600 0.824100
vt 0.939000 0.724300
vt 0.957800 0.775600
vt 0.842200 0.711100
vt 0.741000 0.845300
vt 0.842300 0.835900
vt 0.740900 0.701800
vt 0.619100 0.687700
vt 0.436100 0.664100
vt 0.248000 0.452600
vt 0.237800 0.353200
vt 0.328800 0.243100
vt 0.331200 0.471600
vt 0.759700 0.522800
vt 0.759700 0.676800
vt 0.871500 0.531000
vt 0.871500 0.667500
vn -0.191600 -0.571600 -0.797800
vn -0.121700 -0.615400 0.778800
vn -0.824800 -0.564400 0.035100
vn 0.298800 -0.597600 -0.744000
vn 0.429800 -0.473600 -0.768800
vn 0.158900 -0.987200 -0.016700
vn 1.000000 -0.002400 0.005200
vn 0.593200 -0.805000 0.005400
vn 0.782000 -0.402200 -0.476100
vn 0.607300 -0.434300 0.665300
vn 0.485200 -0.583800 0.651000
vn 0.126400 -0.988500 -0.083500
vn -0.134900 -0.988200 -0.072300
vn -0.103200 -0.590500 -0.800400
vn -0.413200 -0.910300 0.026700
vn -0.015200 -0.579800 -0.814600
vn -0.190700 -0.960800 0.201400
vn 0.446400 -0.620600 -0.644700
vn 0.146400 -0.465000 0.873100
vn 0.599400 -0.449200 -0.662500
vn 0.249300 -0.266500 0.931000
vn 0.507000 -0.725400 -0.465500
vn 0.216400 -0.629700 0.746100
vn -0.324900 -0.943800 -0.061200
vn -0.906000 -0.305400 -0.293100
vn -0.616800 0.627100 -0.475800
vn -0.126000 -0.663800 -0.737200
vn -0.541500 0.740400 -0.398200
vn 0.100700 -0.680500 -0.725800
vn -0.026100 -0.856800 -0.515000
vn -0.966800 0.099000 0.235700
vn -0.578900 -0.791200 -0.197300
vn -0.200600 -0.577200 0.791600
vn -0.260700 -0.962600 0.073700
vn -0.074800 -0.627100 0.775400
vn -0.208500 -0.633900 -0.744800
vn -0.022500 -0.903100 0.428900
vn -0.123600 -0.622000 -0.773200
vn -0.316100 -0.651600 0.689500
vn -0.413900 -0.654000 -0.633200
vn -0.946100 -0.318800 0.057100
vn 0.402000 -0.799800 -0.445700
vn -0.053200 -0.698100 0.714100
vn -0.792800 -0.609200 -0.018900
vn 0.192000 -0.448600 0.872900
vn 0.228200 -0.650700 -0.724300
vn 0.574900 -0.720800 -0.387100
vn 0.050200 -0.512700 0.857100
vn -0.211400 -0.972600 0.096900
vn -0.447600 -0.894200 0.006100
vn 0.592600 -0.805400 0.011300
vn 0.704800 -0.465500 0.535300
vn 0.569800 -0.586800 0.575400
vn 0.044300 -0.945000 -0.323900
vn 0.054700 -0.629000 0.775500
vn 0.035300 -0.591200 -0.805800
vn 0.266800 -0.543200 0.796100
vn 0.216700 -0.533100 -0.817800
vn 0.824800 -0.564400 0.035100
vn -0.633300 -0.659300 0.405300
vn 0.302300 -0.847500 -0.436300
vn -0.308500 -0.602400 0.736100
vn -0.349000 -0.782300 -0.516000
vn -0.035300 -0.591200 -0.805800
vn -0.319200 -0.745800 0.584700
vn 0.225000 -0.971900 0.069100
vn 0.260700 -0.962600 0.073700
vn 0.578900 -0.791200 -0.197200
vn 0.447600 -0.894200 0.006100
vn -0.044300 -0.945000 -0.323900
vn -0.073200 -0.892600 -0.444800
vn -0.569800 -0.586800 0.575400
vn -0.592600 -0.805400 0.011300
vn -0.704800 -0.465500 0.535300
vn -0.485200 -0.583800 0.651000
vn -0.126400 -0.988500 -0.083500
vn 0.134900 -0.988200 -0.072300
vn 0.413200 -0.910300 0.026700
vn 0.190700 -0.960800 0.201400
vn -0.050200 -0.512700 0.857100
vn -0.228200 -0.650700 -0.724300
vn -0.196800 -0.417000 0.887300
vn -0.431000 -0.557400 -0.709600
vn -0.106600 -0.823400 -0.557400
vn 0.053200 -0.698000 0.714100
vn 0.792800 -0.609200 -0.018900
vn -0.158900 -0.987200 -0.016700
vn -0.229900 -0.739200 -0.633000
vn -0.363500 -0.414900 -0.834100
vn -0.608700 -0.439200 -0.660700
vn -0.593200 -0.805000 0.005400
vn -1.000000 -0.002400 0.005200
vn -0.607300 -0.434300 0.665300
vn 0.015200 -0.579800 -0.814600
vn 0.218300 -0.606600 -0.764500
vn -0.446400 -0.620600 -0.644700
vn -0.146400 -0.465000 0.873100
vn -0.767400 -0.603300 -0.217200
vn -0.249300 -0.266500 0.931000
vn -0.507000 -0.725400 -0.465500
vn -0.216400 -0.629700 0.746100
vn 0.353500 -0.923400 0.149300
vn 0.083500 -0.810500 0.579700
vn 0.413900 -0.654000 -0.633200
vn 0.946100 -0.318700 0.057100
vn 0.202100 -0.632600 -0.747600
vn -0.000700 -0.622100 0.782900
vn 0.208500 -0.633900 -0.744800
vn 0.085300 -0.691900 0.716900
vn 0.200600 -0.577200 0.791600
vn 0.966800 0.099000 0.235700
vn 0.541500 0.740400 -0.398200
vn -0.100700 -0.680500 -0.725800
vn 0.132000 -0.730800 -0.669700
vn 0.700700 0.587300 -0.405100
vn 0.906000 -0.305400 -0.293100
usemtl palms.png
s 1
f 2027/1164/1609 2028/1165/1610 2029/1166/1611
f 2030/1167/1612 2031/1168/1613 2032/1169/1614
f 2033/1170/1615 2034/1171/1616 2035/1172/1617
f 2032/1169/1614 2035/1172/1617 2034/1171/1616
f 2035/1172/1617 2032/1169/1614 2031/1168/1613
f 2034/1171/1616 2033/1170/1615 2036/1173/1618
f 2037/1174/1619 2034/1171/1616 2036/1173/1618
f 2034/1171/1616 2037/1174/1619 2032/1169/1614
f 2032/1169/1614 2038/1175/1620 2030/1167/1612
f 2038/1175/1620 2032/1169/1614 2037/1174/1619
f 2039/1176/1621 2030/1167/1612 2038/1175/1620
f 2030/1167/1612 2039/1176/1621 2040/1177/1622
f 2041/1178/1623 2040/1177/1622 2039/1176/1621
f 2040/1177/1622 2041/1178/1623 2042/1179/1624
f 2043/1180/1625 2042/1179/1624 2041/1178/1623
f 2042/1179/1624 2043/1180/1625 2044/1181/1626
f 2045/1182/1627 2044/1181/1626 2043/1180/1625
f 2044/1181/1626 2045/1182/1627 2046/1183/1628
f 2047/1184/1629 2046/1183/1628 2045/1182/1627
f 2046/1183/1628 2047/1184/1629 2048/1185/1630
f 2047/1184/1629 2049/1186/1631 2048/1185/1630
f 2050/1187/1632 2048/1185/1630 2049/1186/1631
f 2051/1188/1633 2052/1189/1634 2053/1190/1635
f 2054/1191/1636 2053/1190/1635 2052/1189/1634
f 2053/1190/1635 2054/1191/1636 2055/1192/1637
f 2055/1192/1637 2054/1191/1636 2056/1193/1638
f 2057/1194/1639 2056/1193/1638 2054/1191/1636
f 2056/1193/1638 2057/1194/1639 2058/1195/1640
f 2059/1196/1641 2058/1195/1640 2057/1194/1639
f 2058/1195/1640 2059/1196/1641 2060/1197/1642
f 2061/1198/1643 2060/1197/1642 2059/1196/1641
f 2060/1197/1642 2061/1198/1643 2062/1199/1644
f 2063/1200/1645 2062/1199/1644 2061/1198/1643
f 2062/1199/1644 2063/1200/1645 2064/1201/1646
f 2065/1202/1647 2064/1201/1646 2063/1200/1645
f 2064/1201/1646 2065/1202/1647 2066/1203/1648
f 2067/1204/1649 2066/1203/1648 2065/1202/1647
f 2068/1205/1650 2069/1206/1651 2070/1207/1652
f 2069/1206/1651 2068/1205/1650 2071/1208/1653
f 2072/1209/1654 2071/1208/1653 2073/1210/1655
f 2073/1210/1655 2071/1208/1653 2068/1205/1650
f 2043/1180/1625 2074/1211/1656 2072/1209/1654
f 2074/1211/1656 2071/1208/1653 2072/1209/1654
f 2060/1197/1642 2075/1212/1657 2058/1195/1640
f 2074/1211/1656 2043/1180/1625 2075/1212/1657
f 2076/1213/1658 2058/1195/1640 2075/1212/1657
f 2075/1212/1657 2043/1180/1625 2076/1213/1658
f 2041/1178/1623 2076/1213/1658 2043/1180/1625
f 2038/1175/1620 2076/1213/1658 2039/1176/1621
f 2076/1213/1658 2041/1178/1623 2039/1176/1621
f 2037/1174/1619 2077/1214/1659 2038/1175/1620
f 2077/1214/1659 2037/1174/1619 2078/1215/1660
f 2079/1216/1661 2077/1214/1659 2078/1215/1660
f 2080/1217/1662 2058/1195/1640 2076/1213/1658
f 2076/1213/1658 2038/1175/1620 2080/1217/1662
f 2077/1214/1659 2079/1216/1661 2080/1217/1662
f 2058/1195/1640 2080/1217/1662 2056/1193/1638
f 2080/1217/1662 2038/1175/1620 2077/1214/1659
f 2056/1193/1638 2080/1217/1662 2079/1216/1661
f 2081/1218/1663 2075/1212/1657 2060/1197/1642
f 2075/1212/1657 2081/1218/1663 2082/1219/1664
f 2083/1220/1665 2082/1219/1664 2081/1218/1663
f 2083/1220/1665 2028/1165/1610 2027/1164/1609
f 2084/1221/1666 2083/1220/1665 2027/1164/1609
f 2082/1219/1664 2083/1220/1665 2084/1221/1666
f 2085/1166/1667 2086/1165/1668 2087/1164/1669
f 2088/1220/1670 2087/1164/1669 2086/1165/1668
f 2089/1221/1671 2087/1164/1669 2088/1220/1670
f 2089/1221/1671 2088/1220/1670 2090/1219/1672
f 2090/1219/1672 2091/1218/1673 2092/1212/1674
f 2093/1197/1675 2092/1212/1674 2091/1218/1673
f 2091/1218/1673 2090/1219/1672 2088/1220/1670
f 2094/1195/1676 2092/1212/1674 2093/1197/1675
f 2092/1212/1674 2094/1195/1676 2095/1213/1677
f 2095/1213/1677 2094/1195/1676 2096/1217/1678
f 2097/1193/1679 2096/1217/1678 2094/1195/1676
f 2098/1216/1680 2096/1217/1678 2097/1193/1679
f 2096/1217/1678 2098/1216/1680 2099/1214/1681
f 2100/1215/1682 2099/1214/1681 2098/1216/1680
f 2099/1214/1681 2100/1215/1682 2101/1174/1683
f 2096/1217/1678 2102/1175/1684 2095/1213/1677
f 2099/1214/1681 2102/1175/1684 2096/1217/1678
f 2102/1175/1684 2099/1214/1681 2101/1174/1683
f 2103/1176/1685 2095/1213/1677 2102/1175/1684
f 2095/1213/1677 2103/1176/1685 2104/1178/1686
f 2095/1213/1677 2105/1180/1687 2092/1212/1674
f 2105/1180/1687 2095/1213/1677 2104/1178/1686
f 2092/1212/1674 2105/1180/1687 2106/1211/1688
f 2107/1209/1689 2106/1211/1688 2105/1180/1687
f 2106/1211/1688 2107/1209/1689 2108/1208/1690
f 2107/1209/1689 2109/1210/1691 2108/1208/1690
f 2110/1205/1692 2108/1208/1690 2109/1210/1691
f 2108/1208/1690 2110/1205/1692 2111/1206/1693
f 2112/1207/1694 2111/1206/1693 2110/1205/1692
f 2101/1174/1683 2113/1169/1695 2102/1175/1684
f 2102/1175/1684 2114/1167/1696 2103/1176/1685
f 2114/1167/1696 2102/1175/1684 2113/1169/1695
f 2113/1169/1695 2115/1168/1697 2114/1167/1696
f 2115/1168/1697 2113/1169/1695 2116/1172/1698
f 2117/1171/1699 2116/1172/1698 2113/1169/1695
f 2113/1169/1695 2101/1174/1683 2117/1171/1699
f 2116/1172/1698 2117/1171/1699 2118/1170/1700
f 2119/1173/1701 2117/1171/1699 2101/1174/1683
f 2119/1173/1701 2118/1170/1700 2117/1171/1699
f 2104/1178/1686 2120/1179/1702 2105/1180/1687
f 2120/1179/1702 2104/1178/1686 2121/1177/1703
f 2121/1177/1703 2103/1176/1685 2114/1167/1696
f 2103/1176/1685 2121/1177/1703 2104/1178/1686
f 2122/1181/1704 2105/1180/1687 2120/1179/1702
f 2105/1180/1687 2122/1181/1704 2123/1182/1705
f 2124/1183/1706 2123/1182/1705 2122/1181/1704
f 2123/1182/1705 2124/1183/1706 2125/1184/1707
f 2124/1183/1706 2126/1185/1708 2125/1184/1707
f 2125/1184/1707 2126/1185/1708 2127/1186/1709
f 2127/1186/1709 2126/1185/1708 2128/1187/1710
f 2129/1202/1711 2130/1203/1712 2131/1204/1713
f 2130/1203/1712 2129/1202/1711 2132/1201/1714
f 2133/1200/1715 2132/1201/1714 2129/1202/1711
f 2132/1201/1714 2133/1200/1715 2134/1199/1716
f 2134/1199/1716 2135/1198/1717 2093/1197/1675
f 2135/1198/1717 2134/1199/1716 2133/1200/1715
f 2136/1196/1718 2093/1197/1675 2135/1198/1717
f 2093/1197/1675 2136/1196/1718 2094/1195/1676
f 2094/1195/1676 2137/1194/1719 2097/1193/1679
f 2137/1194/1719 2094/1195/1676 2136/1196/1718
f 2138/1191/1720 2097/1193/1679 2137/1194/1719
f 2097/1193/1679 2138/1191/1720 2139/1192/1721
f 2139/1192/1721 2138/1191/1720 2140/1190/1722
f 2141/1189/1723 2140/1190/1722 2138/1191/1720
f 2140/1190/1722 2141/1189/1723 2142/1188/1724
