mtllib model.mtl
v 0.5820804 14.551221 0.75925887
vt 0.84373 0.057309985
vn 0.47438353 0.03097078 0.8797733
v 0.7954303 14.833529 0.62559897
vt 0.99201 0.6638
vn 0.8359186 -0.14773177 0.5285977
v 0.7702603 14.54458 0.60666895
vt 0.97636 0.031459987
vn 0.85188127 -0.08514298 0.51676786
v 0.61144036 14.83893 0.78166884
vt 0.86767 0.66854
vn 0.45535037 -0.11801001 0.8824566
v 0.80355024 14.932981 0.637509
vt 0.99665 0.88744
vn 0.59894705 -0.6426747 0.47773597
v 0.62691027 14.94193 0.78720886
vt 0.87782 0.9119
vn 0.34089515 -0.6431245 0.68569773
v 0.26335037 14.839861 0.87185895
vt 0.66469 0.66612
vn 0.30948526 -0.2812933 0.90834624
v 0.36201036 14.948779 0.8906389
vt 0.72787 0.92279
vn 0.25555184 -0.7009635 0.6658404
v 0.15342039 14.861541 0.94936895
vt 0.5947 0.70823
vn 0.37527925 -0.28728715 0.8812671
v 4.1385374E-07 14.951469 0.997319
vt 0.50041 0.93439
vn 2.683838E-07 -0.606909 0.7947714
v 4.2407987E-07 14.8651 0.9894588
vt 0.50031 0.70897
vn 1.9585111E-07 -0.18070062 0.98353815
v -0.15341958 14.861541 0.9493689
vt 0.40624 0.70823
vn -0.3752789 -0.28728724 0.8812672
v -0.36200958 14.948779 0.8906389
vt 0.2826 0.92279
vn -0.25555128 -0.70096356 0.6658405
v -0.2633496 14.839861 0.87185895
vt 0.33698 0.66612
vn -0.30948487 -0.28129345 0.9083464
v -0.62690955 14.94193 0.7872089
vt 0.12983 0.90529
vn -0.34089464 -0.6431247 0.6856978
v -0.6114395 14.83893 0.7816689
vt 0.13485003 0.66854
vn -0.45535016 -0.11801016 0.8824567
v -0.8035495 14.932981 0.637509
vt 0.0063300133 0.88414
vn -0.59894687 -0.64267486 0.47773606
v -0.79542947 14.833529 0.62559897
vt 0.011020005 0.6638
vn -0.8359184 -0.14773203 0.52859783
v -0.58207947 14.551221 0.7592589
vt 0.15920997 0.057309985
vn -0.4743833 0.030970644 0.87977344
v -0.77025944 14.54458 0.606669
vt 0.026549995 0.031459987
vn -0.8518812 -0.08514324 0.5167679
v -0.27847955 14.57487 0.8412289
vt 0.32777 0.101830006
vn -0.24195367 0.101290785 0.9649863
v -0.16146955 14.70564 0.8658489
vt 0.39905 0.37926
vn -0.41250437 -0.19374579 0.8901139
v -0.09194956 14.73548 0.9284589
vt 0.44296002 0.41973996
vn -0.5069784 -0.13356993 0.8515469
v 4.3761406E-07 14.73702 0.9672989
vt 0.50049 0.43684
vn 1.4305876E-07 0.050128426 0.99874276
v 0.091950424 14.73548 0.92845887
vt 0.5582 0.41973996
vn 0.5069786 -0.13356976 0.85154676
v 0.16147041 14.70564 0.8658489
vt 0.60228 0.37926
vn 0.41250473 -0.19374564 0.8901137
v 0.27848038 14.57487 0.8412289
vt 0.67385 0.101830006
vn 0.24195391 0.10129085 0.96498626
v -0.13671955 14.59478 0.87599885
vt 0.41434002 0.13858998
vn -0.5668638 0.11666291 0.8155092
v -0.07111954 14.61895 0.951949
vt 0.45591998 0.20225
vn -0.6405338 0.24695027 0.7271396
v 4.5608E-07 14.624809 0.99045885
vt 0.50041 0.21766996
vn 2.2199277E-08 0.4778138 0.8784612
v 0.07112045 14.61895 0.95194894
vt 0.54504 0.20225
vn 0.6405338 0.24695043 0.72713953
v 0.13672042 14.59478 0.87599885
vt 0.58677 0.13858998
vn 0.56686395 0.11666307 0.8155091
o Mesh_0
g polygon_0
usemtl Joint_0_Object_0_Material_0
f 1/1/1 3/3/3 2/2/2
f 4/4/4 1/1/1 2/2/2
f 4/4/4 2/2/2 5/5/5
f 4/4/4 5/5/5 6/6/6
f 7/7/7 4/4/4 6/6/6
f 7/7/7 6/6/6 8/8/8
f 9/9/9 7/7/7 8/8/8
f 9/9/9 8/8/8 10/10/10
f 11/11/11 9/9/9 10/10/10
f 12/12/12 11/11/11 10/10/10
f 12/12/12 10/10/10 13/13/13
f 14/14/14 12/12/12 13/13/13
f 14/14/14 13/13/13 15/15/15
f 16/16/16 14/14/14 15/15/15
f 16/16/16 15/15/15 17/17/17
f 16/16/16 17/17/17 18/18/18
f 19/19/19 16/16/16 18/18/18
f 19/19/19 18/18/18 20/20/20
f 16/16/16 19/19/19 21/21/21
f 14/14/14 16/16/16 21/21/21
f 14/14/14 21/21/21 22/22/22
f 12/12/12 14/14/14 22/22/22
f 12/12/12 22/22/22 23/23/23
f 11/11/11 12/12/12 23/23/23
f 11/11/11 23/23/23 24/24/24
f 11/11/11 24/24/24 25/25/25
f 9/9/9 11/11/11 25/25/25
f 9/9/9 25/25/25 26/26/26
f 7/7/7 9/9/9 26/26/26
f 7/7/7 26/26/26 27/27/27
f 4/4/4 7/7/7 27/27/27
f 4/4/4 27/27/27 1/1/1
f 22/22/22 21/21/21 28/28/28
f 23/23/23 22/22/22 28/28/28
f 23/23/23 28/28/28 29/29/29
f 24/24/24 23/23/23 29/29/29
f 24/24/24 29/29/29 30/30/30
f 24/24/24 30/30/30 31/31/31
f 25/25/25 24/24/24 31/31/31
f 25/25/25 31/31/31 32/32/32
f 26/26/26 25/25/25 32/32/32
f 26/26/26 32/32/32 27/27/27
v 0.6154603 14.05607 0.015809089
vt 0.8486328 0.17089844
vn 0.4585241 -0.7713382 -0.4413536
v 0.4587203 14.06295 -0.032420903
vt 0.97391486 0.17120123
vn 0.7972735 -0.6011813 -0.054185513
v 0.31892037 13.91982 0.11074908
vt 0.8466797 0.16894531
vn 0.6119563 -0.7607578 0.21623392
v -0.90070957 14.824409 0.17852901
vt 0.9794293 0.4838729
vn -0.83700913 -0.31801417 0.4452895
v -0.8634995 14.539639 0.17155904
vt 0.9472656 0.45507812
vn -0.9697955 -0.19855222 0.14168172
v -0.87476957 14.54227 -0.015420937
vt 0.984375 0.4609375
vn -0.9196637 -0.26915303 0.28596383
v -0.45871958 14.06295 -0.032420896
vn -0.7972733 -0.60118157 -0.054185513
v -0.61545956 14.05607 0.015809096
vn -0.4585238 -0.77133846 -0.44135356
v -0.31891954 13.91982 0.110749096
vn -0.61195594 -0.76075804 0.21623395
v 0.7171702 14.4448 -0.47831082
vt 0.53207 0.11622
vn -0.18882193 -0.9648007 -0.18304603
v 0.5958202 14.542191 -0.3836509
vt 0.53044 0.118610024
vn 0.3433366 -0.89715415 -0.2779108
v 0.7554002 14.36857 -0.12308092
vt 0.53198 0.118610024
vn -0.28418788 -0.57721174 -0.7655481
v 0.95904016 14.23102 -0.44436085
vt 0.53333 0.111530006
vn 0.5717151 -0.52409536 -0.6312415
v -0.7553996 14.36857 -0.12308091
vn 0.31461346 -0.5580478 -0.76785487
v -0.5958197 14.542191 -0.3836509
vn -0.34333625 -0.89715433 -0.2779108
v -0.7171697 14.4448 -0.47831082
vn 0.25387472 -0.9381984 -0.23522647
v -0.92597955 14.13943 -0.4443608
vn -0.5364984 -0.4881244 -0.6884069
v -0.63430965 14.18703 -0.06473091
vt 0.68208 0.4536
vn -0.5456757 -0.5668073 -0.6172256
vt 0.69583 0.46183002
vt 0.68348 0.46132004
v -0.5303096 14.10488 -0.40002084
vt 0.69503 0.45377004
vn -0.94061047 -0.26058033 -0.21760048
v -0.38953972 14.4295 -0.7243909
vt 0.70578 0.46236002
vn -0.4052399 -0.80519813 -0.4329395
v -0.3594197 14.197479 -0.71753085
vt 0.70358 0.45516002
vn -0.5693965 -0.06819897 -0.81922925
v 2.1136111E-07 14.411921 -0.7677709
vt 0.70907 0.46242
vn 3.8761108E-08 -0.65381426 -0.7566551
v 2.3507823E-07 14.198511 -0.79718083
vt 0.70657 0.45519996
vn -1.5898537E-07 0.015792895 -0.9998753
v 0.35942024 14.197479 -0.7175309
vn 0.5693963 -0.06819882 -0.81922936
v 0.38954014 14.4295 -0.72439086
vn 0.40524018 -0.80519795 -0.43293953
v 0.5303102 14.10488 -0.4000209
vn 0.9406105 -0.2605801 -0.2176005
v 0.63431025 14.18703 -0.06473091
vn 0.54567575 -0.5668072 -0.61722565
vt 0.6791 0.44797003
v 0.41787034 13.741521 -0.14063087
vt 0.68339 0.43594003
vn 0.93674624 -0.13620842 0.3224186
v 0.30079043 13.647 0.058469117
vt 0.67533 0.43267
vn 0.77874446 -0.15435946 0.60805446
vt 0.67182 0.44309998
v 0.14366046 13.579221 0.1940391
vt 0.66984 0.43033004
vn 0.51915294 -0.11867267 0.8464024
v 0.15770042 13.84409 0.20538908
vt 0.66655 0.44008
vn 0.51478577 -0.6847181 0.5159039
v 4.8463744E-07 13.546531 0.2538591
vt 0.66742 0.4292
vn 1.814846E-07 -0.114122 0.99346673
v 4.5574757E-07 13.797681 0.2821691
vt 0.66427 0.43866003
vn 2.767031E-07 -0.9443269 0.3290088
v -0.15769956 13.84409 0.20538908
vn -0.51478535 -0.6847183 0.51590395
v -0.1436595 13.579221 0.1940391
vn -0.51915276 -0.11867283 0.8464025
v -0.30078954 13.647 0.058469117
vn -0.77874434 -0.15435974 0.6080546
v -0.4178695 13.741521 -0.14063087
vn -0.9367462 -0.13620871 0.32241866
v 0.90076023 14.914751 0.28227895
vt 0.98013484 0.4974054
vn 0.709804 -0.64611775 0.28055322
vt 0.8889144 0.4834001
vt 0.8886266 0.49683082
v 0.90071017 14.824409 0.17852898
vn 0.8386268 -0.31028098 0.44769514
vt 0.86621094 0.46777344
v 0.86350024 14.539639 0.17155905
vn 0.9697956 -0.19855192 0.14168169
v 0.87477016 14.54227 -0.015420947
vn 0.9183193 -0.26233846 0.29642585
v 0.80501026 14.348261 0.19741903
vt 0.9546803 0.34846443
vn 0.93846077 -0.32672375 0.11199535
v 0.81329024 14.338981 -0.035180926
vt 0.99294174 0.36101097
vn 0.80275774 -0.59567714 -0.027363442
v 0.72016 14.16499 0.25876
vt 0.93619794 0.24479169
vn 0.83713603 -0.5418985 0.07449453
v 0.7194403 14.181551 -0.025240917
vt 0.9791667 0.27734375
vn 0.6775319 -0.60707325 -0.41522604
vt 0.9895833 0.27213538
vt 0.9643118 0.18277657
v 0.66015 14.178881 0.62401
vt 0.83723956 0.24609375
vn 0.77845025 -0.421991 0.4646922
v 0.7402704 14.400591 0.6246289
vt 0.86588544 0.36328125
vn 0.8456801 -0.22664976 0.48317188
v 0.5742204 14.42023 0.77873886
vt 0.8009862 0.3841738
vn 0.513046 -0.04461361 0.8572009
vt 0.7864583 0.48177087
v 0.29222 14.461301 0.8696494
vt 0.6868504 0.3970421
vn 0.3097283 0.13098867 0.94175917
vt 0.6822917 0.48567712
v 0.14592001 14.470031 0.9129894
vt 0.58976 0.40616
vn 0.6532547 0.27308005 0.70617676
vt 0.5823 0.48542
vt 0.54061 0.4978
v 0.07243 14.50235 1.03776
vt 0.54642 0.42539
vn 0.61618197 0.48733896 0.618725
vt 0.50287 0.4978
v 0 14.509501 1.07663
vt 0.50287 0.42934
vn 8.2856324E-08 0.6274236 0.7786781
v -0.07243 14.50235 1.03776
vn -0.61618185 0.48733896 0.6187251
v -0.14591998 14.470031 0.9129894
vn -0.6532546 0.27308005 0.7061769
v -0.29222 14.461301 0.86964947
vn -0.30972812 0.13098869 0.9417593
v -0.57421947 14.42023 0.7787389
vn -0.51304585 -0.04461377 0.85720104
v -0.74026954 14.400591 0.62462896
vn -0.84568 -0.22665004 0.48317194
v -0.52676 14.236369 0.76346
vt 0.7778851 0.28111959
vn -0.4971632 -0.28301615 0.8202016
v -0.29308948 14.30297 0.875189
vt 0.6796875 0.33072913
vn -0.38083458 -0.092609495 0.91999376
v -0.1603395 14.32458 0.9216989
vt 0.60883 0.34851003
vn -0.59392893 -0.079570204 0.8005729
v -0.07976 14.411051 1.10748
vt 0.55388 0.38915002
vn -0.7392269 0.23509184 0.63109076
v 0 14.418241 1.15515
vt 0.50287 0.3915
vn 1.0619033E-07 0.06369736 0.99796927
v 0.07976 14.411051 1.10748
vn 0.739227 0.23509188 0.63109064
v 0.16034046 14.32458 0.9216989
vn 0.59392905 -0.07957012 0.8005728
v 0.29309043 14.30297 0.87518895
vn 0.38083488 -0.092609376 0.9199937
v 0.52676 14.236369 0.76346
vn 0.4971634 -0.28301615 0.82020146
v 0.36969 14.19127 0.8131244
vt 0.7054 0.26310003
vn 0.46021238 -0.15892594 0.87346846
v 0.29685 14.20927 0.85875
vt 0.65688 0.26765
vn 0.47806346 -0.023306064 0.87801605
v 0.38475 14.155721 0.7937925
vt 0.71081 0.23812002
vn 0.2014658 -0.5545986 0.8073611
v 5.0937797E-07 14.127769 0.90946895
vt 0.50287 0.22625
vn 1.3652974E-07 -0.8930293 0.4499987
v 0.081690505 14.17562 0.9722389
vt 0.55927 0.24365997
vn 0.3230505 -0.44211265 0.8367645
v 0.07401049 14.13288 0.8986889
vt 0.55531 0.22658998
vn 0.16854914 -0.85887647 0.48365527
v 5.1731604E-07 14.1644 0.9918789
vt 0.50287 0.24356997
vn 8.3235896E-08 -0.27372473 0.9618081
v 0.07710051 14.22452 0.9656289
vt 0.55837 0.2823
vn 0.3432722 0.07526243 0.9362157
v 5.097413E-07 14.21646 0.9875289
vt 0.50287 0.27637
vn 4.6402825E-08 0.018214747 0.9998341
v 0.07758049 14.267501 0.9652889
vt 0.55862 0.29420996
vn 0.41696507 -0.46048492 0.78364134
v 0.07976001 14.335711 1.087
vt 0.55681 0.35616004
vn 0.61437154 -0.4513278 0.6471869
v 1.4210855E-14 14.33707 1.13571
vt 0.50287 0.35526
vn 7.209526E-08 -0.7354804 0.677546
v 5.0415883E-07 14.26033 0.98901886
vt 0.50287 0.29025
vn 1.1241065E-07 -0.5375538 0.8432295
v -0.07757949 14.267501 0.9652889
vn -0.41696495 -0.4604851 0.78364134
v -0.07975999 14.335711 1.087
vn -0.6143714 -0.4513278 0.647187
v -0.07709948 14.22452 0.9656289
vn -0.34327215 0.075262405 0.9362157
v -0.08168948 14.17562 0.9722389
vn -0.32305035 -0.4421128 0.83676445
v -0.07400949 14.13288 0.8986889
vn -0.16854887 -0.8588765 0.48365527
v 0.40660012 14.45385 -0.86922085
vt 0.52745 0.11622
vn 0.14831801 -0.9239037 -0.35270926
v 0.58845013 14.4461 -0.75249094
vt 0.53012 0.11622
vn 0.16476844 -0.982799 0.08341175
v 0.6549302 13.92973 -0.9840108
vt 0.52981 0.111530006
vn 0.8612071 -0.5059985 0.047831364
vt 0.5276 0.118610024
v 0.9178401 14.065041 -0.6904808
vt 0.53173 0.111530006
vn 0.9548272 -0.2105842 -0.20966499
v -0.40659976 14.45385 -0.8692209
vn -0.15626818 -0.920215 -0.3588658
v -0.1321498 14.45652 -0.9389909
vt 0.52396 0.11622
vn -0.33838472 -0.84245104 -0.41925177
v -0.29929975 14.12884 -1.0241107
vt 0.52635 0.111530006
vn -0.34879133 -0.28650266 -0.89233446
vt 0.52159 0.118610024
v 1.543599E-07 14.2083 -1.3088108
vt 0.52159 0.111530006
vn 1.5248182E-07 -0.90898573 -0.41682735
v 0.13215016 14.45652 -0.93899083
vn 0.3048072 -0.8539797 -0.42167687
v 0.29930013 14.096511 -1.1367009
vn 0.32340923 -0.23609044 -0.9163339
v 0.97925013 14.85466 -0.3854609
vt 0.53475 0.10798001
vn 0.6953826 -0.70625126 -0.13286136
v 0.95700014 14.828521 -0.06351097
vt 0.53448 0.10249001
vn 0.80942273 -0.49818966 -0.31087282
v 0.9835201 14.87929 -0.06363097
vt 0.53503 0.10798001
vn 0.7514413 -0.6399443 -0.16064666
v 0.8664901 14.65834 -0.39476097
vt 0.53324 0.08121002
vn 0.9196186 -0.29187724 -0.26288643
vt 0.53198 0.08121002
vt 0.53333 0.07249999
vt 0.53207 0.07688999
v 0.7368302 14.64052 -0.6322509
vt 0.53149 0.08121002
vn 0.86878824 -0.25222215 -0.42613488
vt 0.53173 0.07249999
vt 0.53012 0.07688999
v 0.6109401 14.63669 -0.85674083
vt 0.52942 0.08121002
vn 0.662816 -0.2437036 -0.7080138
vt 0.52981 0.07249999
vt 0.52745 0.07688999
v 0.31395012 14.64006 -0.9742208
vt 0.52565 0.08121002
vn 0.28690588 -0.10000653 -0.9527244
vt 0.52635 0.07249999
vt 0.52396 0.07688999
v 1.3629528E-07 14.646461 -1.0511109
vt 0.52159 0.08121002
vn -1.4154921E-07 -0.05623511 -0.99841756
vt 0.52159 0.07249999
v -0.31394982 14.64006 -0.97422075
vn -0.2891424 -0.13604426 -0.9475699
v -0.61093974 14.63669 -0.8567408
vn -0.6696388 -0.26486844 -0.6938506
v -0.6247797 14.02638 -0.8790607
vn -0.8927807 -0.44536462 0.06777146
v -0.5884498 14.4461 -0.7524909
vn -0.17044784 -0.9766354 0.13088495
v -0.7368497 14.64052 -0.6322509
vn -0.8543712 -0.28898528 -0.4318997
v -0.7672496 13.93741 -0.69048077
vn -0.91567975 -0.18816465 -0.3551404
v -0.86648965 14.65834 -0.39476097
vn -0.9142671 -0.30628747 -0.26514846
v -0.95699966 14.828521 -0.06351096
vn -0.8167544 -0.48564658 -0.311544
v -0.97924966 14.85466 -0.3854609
vn -0.6953911 -0.7062439 -0.13285635
v -0.9835196 14.87929 -0.06363095
vn -0.75181973 -0.63895756 -0.16278921
v 0.68117005 14.799071 -0.88036084
vt 0.5302 0.10798001
vn 0.4586727 -0.7117705 -0.5319795
v 1.219421E-07 14.75022 -1.054991
vt 0.52159 0.10798001
vn -3.366633E-08 -0.44190547 -0.89706165
v -0.6811698 14.799071 -0.88036084
vn -0.45867303 -0.7117589 -0.53199476
v 0.9972502 14.8918 0.076339014
vt 0.68334 0.03715998
vn 0.78794414 -0.5432844 0.28980383
vt 0.6247 0.08133
vt 0.68334 0.08133
v 1.0464702 14.778 0.011999026
vt 0.6247 0.04088998
vn 0.84199864 -0.5393634 0.011200961
vt 0.68334 0.014110029
vt 0.6247 0.014110029
v 0.9896802 14.781 0.058999024
vt 0.61727 0.041180015
vn 0.8163711 -0.5298266 0.22983061
v 1.0070102 14.653999 0.108999014
vt 0.59718 0.04196
vn 0.8271423 -0.5509936 -0.11064249
v 0.9282502 14.713 0.025999036
vt 0.58072 0.042590022
vn 0.57900554 -0.8147233 -0.031280503
vt 0.50794 0.045409977
v -0.66015 14.178881 0.62401
vn -0.77845013 -0.421991 0.46469238
v -0.80500954 14.348261 0.19741905
vn -0.9384607 -0.32672408 0.1119954
v -0.72016 14.16499 0.25876004
vn -0.837136 -0.5418984 0.074494705
v -0.8132895 14.338981 -0.035180915
vn -0.80381215 -0.5939781 -0.03280401
v -0.71943957 14.181551 -0.02524091
vn -0.6775317 -0.6070734 -0.41522604
v -0.9007595 14.914751 0.282279
vn -0.7098038 -0.646118 0.28055322
v -0.9972496 14.8918 0.07633902
vn -0.7892844 -0.54012764 0.29204848
v -1.0488997 14.778 0.011999041
vn -0.82650954 -0.56286216 -0.008257296
v -0.98632956 14.781 0.05899904
vt 0.6178 0.041159987
vn -0.8262631 -0.51512885 0.22788487
v -1.0137296 14.653999 0.10899903
vt 0.59861 0.04189998
vn -0.87036073 -0.48290488 -0.096307114
v -0.9304496 14.713 0.025999043
vt 0.58085 0.042590022
vn -0.5708095 -0.8203103 -0.035603624
v 0.31277028 13.709419 -0.75411075
vt 0.70868 0.43226004
vn 0.5311835 0.46940073 -0.7053419
v 0.41035023 13.56001 -0.83810073
vt 0.71042 0.43260002
vn 0.3784539 0.6283473 -0.6796708
v 0.63932025 13.482739 -0.6562508
vn 0.59270483 0.76309663 -0.25765207
v 2.8990235E-07 13.7263 -0.8471408
vt 0.71223 0.43295002
vn -2.5374757E-07 0.49897608 -0.8666158
v 2.9142393E-07 13.5946 -0.94978076
vn -2.6931346E-07 0.6147099 -0.7887533
v -0.41034964 13.56001 -0.8381008
vt 0.71027 0.43256998
vn -0.3784544 0.6283471 -0.67967075
v -0.31276968 13.709419 -0.7541107
vn -0.53118384 0.4694005 -0.7053417
v -0.63931966 13.482739 -0.65625083
vn -0.59270525 0.76309633 -0.25765204
v -0.70811987 14.97014 -1.2642008
vt 0.54366 0.10442001
vn -0.4335278 -0.46702954 -0.77067316
v -0.7506398 15.097301 -0.9434109
vt 0.54444 0.10527998
vn -0.12091372 -0.83183706 -0.541689
v -0.39014986 15.056081 -1.0170709
vt 0.54318 0.10527998
vn -0.17257294 -0.9815849 -0.08191287
v -0.7744798 15.438181 -1.013101
vt 0.54466 0.099160016
vn -0.60951823 -0.10319668 -0.7860267
v -0.45613995 15.41088 -1.1605909
vt 0.54248 0.09899998
vn -0.5321134 -0.28411108 -0.79758155
v -0.35731998 14.95752 -1.4376708
vt 0.53675 0.10438001
vn -0.33450937 -0.6007231 -0.7261096
v 7.7946424E-08 15.02698 -1.1021309
vt 0.54085 0.10527998
vn 1.9114046E-07 -0.9545729 -0.29797757
v -3.7680365E-09 15.3986 -1.311271
vt 0.54032 0.09856999
vn 0.03592667 -0.29589567 -0.9545444
v -0.14319007 15.50063 -1.6914908
vt 0.5377 0.09362
vn 0.022002198 -0.26492497 -0.964018
v -0.19280006 15.58978 -1.6345407
vt 0.53747 0.093190014
vn 0.08513544 -0.32527676 -0.94177866
v -9.261021E-08 16.12379 -1.264471
vt 0.54495 0.08784002
vn 0.1891163 0.37854603 -0.9060563
v 0.23006982 15.883201 -1.7551509
vt 0.53611 0.09061998
vn 0.41092283 0.0045261593 -0.91165894
v 0.45613995 15.41088 -1.160591
vn 0.4881662 -0.07443882 -0.8695704
v 0.5286999 15.804461 -1.133791
vt 0.54425 0.09244001
vn 0.46333677 0.0056839613 -0.88616407
v 0.5007598 16.18042 -1.7066809
vt 0.53969 0.08481002
vn 0.3002001 0.61853 -0.7261547
v 0.30949992 16.294521 -0.90000093
vt 0.54925 0.08511001
vn 0.3337852 0.60385257 -0.7238436
v 0.74659985 16.260641 -0.73152107
vt 0.55157 0.08642
vn 0.6343557 0.57974213 -0.5113628
v 1.2564598 16.21109 -1.085901
vt 0.54606 0.08674002
vn 0.8985275 0.37280422 -0.23165807
v 0.9496898 15.745811 -0.811811
vt 0.54858 0.09478998
vn 0.8362413 -0.09724882 -0.53966945
v 0.86775994 16.03157 -0.46274102
vt 0.55465 0.09147
vn 0.88774115 0.36390454 -0.28193837
v 1.1607499 16.665892 -0.43131107
vt 0.55692 0.08287001
vn 0.72216344 0.67211574 -0.1635246
v 0.5071899 16.54651 -0.28528106
vt 0.55944 0.084039986
vn 0.42980236 0.84573346 -0.31623554
v 0.64383984 16.879461 -1.041261
vt 0.55296 0.076080024
vn 0.36599943 0.5950543 -0.71551013
v -7.061135E-08 16.61766 -0.70112103
vt 0.55416 0.080359995
vn -0.01584239 0.8354156 -0.54939044
v -0.042710144 17.24221 -0.64901114
vt 0.5589 0.07432997
vn 0.06215958 0.96680045 -0.24785705
v -8.3623036E-08 17.039549 -0.42476112
vt 0.55979 0.07319999
vn -0.13573645 0.9882144 -0.07076764
v 0.10978989 17.19585 -0.37255114
vt 0.56064 0.07341999
vn -0.17999984 0.98116237 -0.07014566
v 4.5995876E-08 16.679081 0.10249886
vt 0.56658 0.08245003
vn 0.027616693 0.992883 0.11584722
v 0.69382995 17.05614 0.2769488
vt 0.56706 0.078559995
vn 0.4453006 0.89424133 0.045165062
v 0.4206001 16.474531 0.5733288
vt 0.5712 0.088450015
vn 0.5459391 0.6192966 0.5642892
v 0.71476996 16.944601 0.23237886
vt 0.56619 0.080030024
vn 0.5708646 0.78029436 0.25544924
v 0.8972199 17.04027 0.13987884
vt 0.56556 0.081070006
vn 0.71864283 0.67015046 0.18560925
v 0.7796499 16.43705 -0.029861098
vt 0.56234 0.08647001
vn 0.5514698 0.80851924 -0.2053722
v 1.10474 16.18943 0.008848913
vt 0.56188 0.09157002
vn 0.9162157 0.39702275 -0.054052517
v 1.43873 15.98278 -0.23079103
vt 0.55798 0.092620015
vn 0.9809199 0.042272437 -0.18976113
v 1.0688 15.66128 -0.347921
vt 0.55482 0.09819001
vn 0.9664277 -0.11195408 -0.23126577
v 1.0695101 15.76693 0.06740894
vt 0.56104 0.098150015
vn 0.99635243 -0.038799737 0.07600303
v 1.3711301 16.16295 0.4225489
vt 0.56749 0.095210016
vn 0.95186687 0.052347314 0.3020086
v 0.7563201 16.08333 0.64987886
vt 0.57094 0.09542
vn 0.73088074 0.2505426 0.63485575
v 0.9869501 15.72955 0.52606887
vt 0.5675 0.10012001
vn 0.8088882 0.018117791 0.5876833
v 1.4432502 15.45531 0.102758974
vt 0.56049 0.10339999
vn 0.92528665 -0.34171432 0.1645477
v 1.0249602 15.34218 -0.066451006
vt 0.55766 0.10527998
vn 0.9838126 -0.17882119 0.011657426
v 0.9697202 15.430499 0.29557896
vt 0.56308 0.10527998
vn 0.9589204 -0.20495169 0.19612877
v 1.0878501 15.42647 0.33179897
vt 0.56435 0.104200006
vn 0.21099737 -0.52296716 -0.82582414
v 1.0156202 15.46361 0.5375189
vt 0.56738 0.104439974
vn 0.25082907 -0.5435942 0.80099326
v 0.8489302 15.50267 0.6356089
vt 0.56812 0.10527998
vn 0.6953999 0.20223121 0.6895807
v 0.6658102 15.530321 0.7964089
vt 0.57049 0.10527998
vn 0.59061235 0.10210704 0.8004694
v 0.8913002 15.93292 1.0096889
vt 0.57562 0.09952998
vn 0.66473216 0.18020043 0.72502345
v 0.34923026 15.894501 1.0001688
vt 0.57534 0.100139976
vn 0.48131543 -0.029617313 0.87604696
v 0.3658903 15.55959 0.9853889
vt 0.57325 0.10527998
vn 0.34069636 0.37872082 0.86052114
v 3.411235E-07 15.5638 1.0515589
vt 0.5742 0.10527998
vn 1.6091366E-07 -0.023969103 0.9997127
v 3.7306677E-07 15.77553 1.4380988
vt 0.5791 0.10222
vn 2.0252324E-07 -0.21281256 0.97709304
v -0.34922966 15.894501 1.0001688
vn -0.4754437 -0.07412523 0.87661785
v -0.36588964 15.55959 0.98538876
vn -0.34069628 0.37872076 0.8605212
v -0.66580963 15.530321 0.7964089
vn -0.5969018 0.11438283 0.7941189
v -0.8912996 15.93292 1.0096887
vn -0.68488145 0.17229572 0.70799124
v -0.9677197 15.733231 0.52605885
vn -0.803731 0.029836351 0.5942443
v -0.8489296 15.50267 0.635609
vn -0.6943349 0.22874367 0.6823309
v -1.0156195 15.46361 0.5375189
vn -0.23731087 -0.52091986 0.81995493
v -1.0878496 15.42647 0.33179897
vn -0.18488795 -0.50305015 -0.8442494
v -0.9697196 15.430499 0.29557896
vn -0.9537426 -0.20959544 0.21551053
v -1.1219596 15.57475 0.47782892
vt 0.56684 0.10280001
vn -0.8979509 0.40588132 0.17013122
v -1.1764495 15.339591 0.38697892
vt 0.56644 0.10347998
vn -0.78612953 -0.60279995 0.13650115
v -0.96152985 15.229899 -1.001251
vt 0.54575 0.10216999
vn -0.7150043 -0.008083149 -0.6990733
v -0.98176974 14.993171 -1.0600908
vt 0.54559 0.104610026
vn -0.4169051 -0.875573 -0.2440535
v -0.84079975 15.18159 -0.6759509
vt 0.54851 0.10527998
vn -0.37053367 -0.88437194 -0.28388566
v -1.0329998 15.44413 -0.66073096
vt 0.54965 0.100549996
vn -0.90201885 -0.18136209 -0.39175227
v -0.9496899 15.745811 -0.811811
vn -0.8356936 -0.07787966 -0.54364604
v -0.98821986 15.57755 -1.3092209
vt 0.54098 0.09553999
vn -0.6270852 -0.29017955 -0.7228831
v -0.5287 15.804461 -1.133791
vn -0.44997823 0.020587724 -0.89280224
v -0.23007008 15.65036 -1.8026707
vn -0.31173182 -0.324822 -0.8929244
v -0.5007602 16.346899 -1.6448507
vn -0.22179689 0.71382827 -0.6642705
v -0.7466 16.260641 -0.731521
vn -0.6348176 0.60908836 -0.4754136
v -0.30950004 16.294521 -0.90000093
vn -0.31863713 0.6897424 -0.6501738
v -1.8879746E-07 16.71012 -1.383541
vt 0.54664 0.07745999
vn -2.7965936E-07 0.71873784 -0.6952812
v -0.71954006 16.92909 -0.891971
vn -0.42002577 0.65430707 -0.6288566
v -0.5071899 16.54651 -0.28528106
vn -0.47915012 0.835223 -0.2698475
vt 0.56081 0.07190001
v -0.61158997 17.07529 0.11189884
vt 0.56692 0.07969999
vn 0.031548467 0.9568711 0.2887948
v -0.4205998 16.474531 0.57332873
vn -0.39717963 0.6619089 0.6357083
v -0.6154799 16.96015 0.21395884
vt 0.56696 0.079349995
vn 0.016464544 0.94803464 0.3177409
v -0.84459984 17.08507 0.2500788
vn -0.5647148 0.8199129 -0.09402158
v -0.78410983 16.7623 0.101928875
vt 0.56545 0.081260026
vn -0.57499033 0.81789035 0.021013387
v -0.8508099 16.78467 0.07392887
vt 0.56479 0.08236998
vn -0.5500989 0.8349679 0.014829376
v -0.7796498 16.43705 -0.029861089
vn -0.5910423 0.78408504 -0.18941972
v -1.1250299 16.700321 -0.43131107
vn -0.7087113 0.6889501 -0.1519083
v -0.8677598 16.03157 -0.46274102
vn -0.88049287 0.37964767 -0.2839014
v -1.2046698 16.20677 -1.0859009
vn -0.88282764 0.39458728 -0.25478667
v -1.3353498 15.615849 -0.75045097
vt 0.54899 0.09726
vn -0.93913376 0.0730792 -0.33568925
v -1.0687997 15.66128 -0.347921
vn -0.9637288 -0.12737021 -0.23452874
v -1.4729798 15.96218 -0.23079102
vn -0.9841553 0.023043735 -0.175805
v -1.1014698 16.17712 0.008848932
vn -0.9138981 0.40272993 -0.05097961
v -1.2966498 16.39189 0.22914888
vt 0.56584 0.08880997
vn -0.98073375 0.1929533 -0.03050101
v -1.2285396 16.41641 0.30561888
vt 0.56721 0.087849975
vn -0.98903733 0.13688399 0.05538969
v -0.75631964 16.08333 0.64987886
vn -0.85234094 0.27092993 0.4473387
v -1.3671896 16.14871 0.4225489
vn -0.94953126 0.032632187 0.31197062
v -1.0695096 15.76693 0.067408964
vn -0.994427 -0.04759098 0.09407445
v -1.3580197 15.262801 -0.35640097
vt 0.5533 0.10527998
vn -0.94203645 -0.3304061 -0.05830313
v -1.0028998 15.24056 -0.4150409
vt 0.55239 0.10527998
vn -0.99686027 0.031919505 -0.07246233
v -1.0249597 15.34218 -0.066451
vn -0.9824667 -0.18627925 0.0076928404
v -1.4838195 15.435989 0.102758974
vn -0.9119839 -0.3583913 0.19960219
v -0.77128965 16.359442 1.2638787
vt 0.57856 0.092779994
vn -0.1695886 0.20950028 0.9629898
v 2.384686E-07 16.16078 0.8999188
vt 0.57483 0.09518999
vn 0.15799387 0.5373574 0.8284232
v -0.67827964 16.38792 1.1862888
vt 0.57668 0.09166998
vn -0.23666471 0.8360588 0.49497017
v -0.6361397 16.511951 1.1006389
vt 0.57572 0.09110999
vn -0.31246585 0.9173384 0.24668896
v -1.3165896 16.5856 0.41141886
vt 0.56911 0.08652997
vn -0.80606616 0.53811085 0.24636166
v -1.1262298 15.259821 -0.71999097
vt 0.54998 0.10303998
vn -0.6857855 0.44683105 -0.5744914
v -1.1860596 15.02534 -0.7982409
vt 0.55003 0.104309976
vn -0.6130628 -0.740784 -0.2745781
v 3.602463E-07 15.92041 1.4791987
vt 0.58159 0.10066998
vn 9.444965E-08 0.23603138 0.97174543
v 3.5622634E-07 15.8457 1.3895189
vt 0.58004 0.101639986
vn 1.8683012E-07 -0.13851245 0.99036074
v 0.76784015 16.508831 1.1414589
vn 0.40514153 0.5041073 0.76271635
v 0.06586015 16.80519 0.9363788
vt 0.57531 0.08674002
vn -0.15238756 0.5623562 0.81273216
v 1.4875104E-07 16.79401 0.86256874
vt 0.57539 0.08530998
vn -0.08772112 0.3767437 0.92215466
v -0.063419856 16.992731 0.9260687
vt 0.57556 0.082400024
vn 0.29400995 0.69263774 0.65864336
v 1.2027795E-07 16.88572 0.7574387
vt 0.57441 0.08240998
vn -0.052255515 0.8276386 0.5588234
v 0.046240102 16.98637 0.7663887
vt 0.57384 0.08240998
vn -0.1468486 0.7410969 0.65514183
v 0.8408 15.18159 -0.67595094
vn 0.37053403 -0.8843718 -0.2838857
v 1.1860601 15.02534 -0.7982409
vn 0.6130629 -0.7407839 -0.2745781
v 1.12623 15.259821 -0.719991
vn 0.6857852 0.44683138 -0.5744915
v 1.0029 15.24056 -0.4150409
vn 0.99686027 0.031919766 -0.072462335
v 1.033 15.44413 -0.66073096
vn 0.90201885 -0.18136181 -0.39175233
v 0.96152997 15.229899 -1.0012509
vn 0.7150042 -0.008082958 -0.69907343
v 0.7744799 15.438181 -1.0131009
vn 0.60951805 -0.10319652 -0.78602684
v 0.7506399 15.097301 -0.94341093
vn 0.12091396 -0.831837 -0.54168904
v 0.70812 14.97014 -1.2642008
vn 0.43352783 -0.46702945 -0.77067316
v 0.39015004 15.056081 -1.0170709
vn 0.17257339 -0.9815848 -0.08191287
v 0.98821986 15.57755 -1.3092209
vn 0.62708515 -0.2901794 -0.7228832
v 1.33535 15.615849 -0.750451
vn 0.9391337 0.073079474 -0.33568934
v 1.35802 15.262801 -0.35640097
vn 0.9420365 -0.33040577 -0.058303125
v 0.35731998 14.95752 -1.4376708
vn 0.33450952 -0.600723 -0.7261097
v 0.98177 14.993171 -1.0600908
vn 0.41690543 -0.8755728 -0.24405348
v 1.3023101 16.62895 0.4114188
vn 0.8128013 0.5456707 0.20395476
v 1.23225 16.49547 0.3276189
vt 0.56761 0.087580025
vn 0.9033884 0.39896235 0.1572211
v 1.3372701 16.492191 0.27659887
vt 0.56669 0.08822
vn 0.85513765 0.50786525 0.10398389
v 1.1681002 15.353721 0.3869589
vn 0.7783155 -0.6150358 0.12631732
v 1.1219603 15.57475 0.47782886
vn 0.9127041 0.37668747 0.15835962
v 0.4819703 13.62813 -0.4814808
vt 0.70163 0.43050003
vn 0.8353768 0.53727865 -0.11609136
vt 0.70387 0.42991996
v 0.8579403 13.41064 -0.24912082
vt 0.68718 0.42435002
vn 0.3222512 0.8990456 0.29643095
v 0.31680024 13.948771 -0.7128608
vt 0.70505 0.44278002
vn 0.5984833 0.024222977 -0.800769
v 2.6692533E-07 13.96713 -0.78956085
vt 0.70816 0.44341004
vn -1.8321758E-07 0.12198207 -0.9925323
v -0.3167997 13.948771 -0.71286076
vn -0.59848356 0.024222797 -0.80076885
v -0.4819696 13.62813 -0.4814808
vn -0.83537704 0.5372784 -0.116091326
v -0.8579395 13.41064 -0.24912083
vn -0.3222515 0.89904547 0.29643095
v -0.4294395 13.47114 -0.20892084
vt 0.68672 0.42398
vn -0.67575836 0.48862275 0.5519043
v -0.7705094 13.307711 -0.030530844
vt 0.67922 0.42001998
vn -0.023726773 0.8501263 0.526044
v -0.2908895 13.25885 0.00073915237
vt 0.67792 0.42001998
vn -0.50301397 0.4975012 0.7067316
v -0.6711994 13.21976 0.16979913
vt 0.67338 0.42001998
vn 0.09257101 0.9016939 0.4223491
v -0.15169948 13.17977 0.12877914
vt 0.67274 0.42001998
vn -0.25470728 0.5930872 0.7637878
v -0.37061942 13.026461 0.4765591
vt 0.6614 0.42001998
vn 0.092524536 0.8883086 0.4498301
v 6.0455113E-07 12.96588 0.5306291
vt 0.65648 0.42001998
vn -1.4379462E-07 0.8969275 0.44217768
v 5.2855466E-07 13.134531 0.18503913
vt 0.67046 0.42001998
vn 8.821856E-08 0.258402 0.9660375
v 0.1517005 13.17977 0.12877914
vn 0.25470725 0.5930873 0.76378775
v 0.37062055 13.026461 0.4765591
vn -0.09252482 0.8883086 0.4498301
v 0.67120045 13.21976 0.16979913
vn -0.09257131 0.9016939 0.4223491
v 0.29089046 13.25885 0.00073914876
vn 0.5030139 0.4975013 0.70673156
v 0.7705104 13.307711 -0.030530853
vn 0.02372653 0.8501264 0.5260439
v 0.42944035 13.47114 -0.20892082
vn 0.6757583 0.48862293 0.5519043
v 0.48149028 13.837061 -0.41663083
vt 0.69794 0.44068003
vn 0.9839408 -0.06935288 -0.1644713
v -0.48148957 13.837061 -0.41663083
vn -0.9839407 -0.06935317 -0.16447128
v 0.6124103 14.04912 0.344719
vt 0.94921875 0.21223956
vn 0.7173962 -0.69515014 0.045925125
vt 0.95703125 0.1953125
vt 0.95703125 0.20442706
v 0.30247 14.08656 0.80579
vt 0.65684 0.19541001
vn 0.47031644 -0.362487 0.80461526
v 0.19779 14.0143 0.81346
vt 0.60599 0.17312002
vn 0.43213323 -0.39533934 0.81053543
v 0.20743 14.06397 0.86093
vt 0.60961 0.18694001
vn 0.44487053 -0.3876499 0.8073523
v -0.5619395 14.05535 0.62861896
vt 0.8078125 0.20859373
vn -0.69146025 -0.62703735 0.35875747
vt 0.89921874 0.18828124
v 0.56194043 14.05535 0.62861896
vn 0.6914603 -0.6270373 0.35875756
v 0.48140043 14.09823 0.72039896
vt 0.7472 0.22960001
vn 0.46059033 -0.42826715 0.7774599
v 0.37525 14.1287 0.78248
vt 0.71081 0.21750998
vn 0.26509988 -0.24749142 0.9319174
v 0.34315 14.145121 0.77294
vt 0.68079 0.22729003
vn -0.17116028 0.21782474 0.9608624
v 0.29808 14.113139 0.80911
vt 0.65712 0.21565998
vn 0.3775751 0.29593256 0.8774172
v 0.28856 14.132421 0.79898
vt 0.65078 0.22535002
vn 0.36258727 0.53679985 0.7618245
v 0.20446 14.10687 0.86449
vt 0.61038 0.21354997
vn 0.41710037 0.23016551 0.8792333
v 0.19401 14.12749 0.85728
vt 0.60404 0.22548997
vn 0.32251966 0.5074343 0.7990567
v 0.09625049 14.09584 0.9085589
vt 0.55358 0.21177
vn 0.25634745 0.22503974 0.94002295
v 0.0907005 14.126579 0.8873989
vt 0.55072 0.22539997
vn 0.13600285 0.60648376 0.7833777
v 5.175475E-07 14.08828 0.92837894
vt 0.50287 0.21134996
vn -8.794261E-09 0.40336153 0.91504073
v 5.093066E-07 14.11902 0.9015389
vt 0.50287 0.22536999
vn -5.040766E-08 0.65769756 0.7532821
v -0.09069949 14.126579 0.88739884
vn -0.13600297 0.6064837 0.78337777
v -0.096249476 14.09584 0.90855885
vn -0.25634736 0.2250397 0.940023
v 5.227953E-07 14.04205 0.92271894
vt 0.50287 0.17987001
vn 9.088244E-08 -0.33908576 0.9407555
v -0.098579474 14.05201 0.9027889
vt 0.55343 0.18251002
vn -0.30556357 -0.43236142 0.84834814
v 5.2136284E-07 13.99454 0.87292886
vt 0.50287 0.16337001
vn 1.1361122E-07 -0.5492514 0.8356572
v -0.09463947 14.00246 0.84769887
vt 0.55276 0.16649002
vn -0.3061441 -0.4151192 0.85670996
v 5.412462E-07 13.832829 0.86295885
vt 0.50287 0.15315998
vn 9.885396E-08 -0.40973565 0.9122043
v -0.15469946 13.848281 0.81861895
vt 0.5519 0.15657997
vn -0.3922657 -0.53852797 0.7457313
v 5.2742325E-07 13.774261 0.72390884
vt 0.5078125 0.15234375
vn 1.4065604E-07 -0.96646035 0.25681597
v -0.16266948 13.789431 0.6883489
vt 0.5488281 0.15527344
vn -0.32400727 -0.9339274 0.15099286
v -0.26959947 13.888511 0.7454989
vt 0.63339 0.16777998
vn -0.54121524 -0.53391504 0.6496313
v -0.29753947 13.845461 0.60534894
vt 0.65722656 0.16992188
vn -0.44878858 -0.8887467 0.093371734
v -0.40538943 13.94725 0.68329895
vt 0.70238 0.1857
vn -0.534494 -0.58742267 0.6076601
v -0.4446595 13.913341 0.454599
vt 0.69921875 0.18164062
vn -0.54068583 -0.8398914 0.047342632
vt 0.66308594 0.16894531
vt 0.5107422 0.15429688
v 0.1626705 13.789431 0.6883489
vn 0.32400745 -0.93392736 0.15099289
v 0.2975405 13.845461 0.60534894
vn 0.4487888 -0.8887465 0.09337181
v 0.4446604 13.913341 0.454599
vn 0.540686 -0.8398913 0.04734273
v 0.40539044 13.94725 0.68329895
vn 0.5344941 -0.58742255 0.6076601
v 0.26960048 13.888511 0.74549896
vn 0.5412154 -0.533915 0.64963126
v 0.29324 14.03363 0.77553
vt 0.65299 0.18255001
vn 0.43084073 -0.38400352 0.8166503
v 0.39383 14.06449 0.74466
vt 0.70718 0.19446999
vn 0.38026604 -0.3923062 0.8375522
v 0.0985805 14.05201 0.90278894
vn 0.3055637 -0.43236125 0.84834814
v 0.0946405 14.00246 0.84769887
vn 0.3061442 -0.41511908 0.85670996
v 0.1547005 13.848281 0.81861895
vn 0.39226583 -0.53852785 0.74573135
v -0.6124096 14.04912 0.344719
vn -0.71739596 -0.69515026 0.045924995
v -0.48139948 14.09823 0.7203989
vn -0.46059027 -0.42826724 0.77745986
v -0.36969 14.19127 0.8131244
vn -0.4602122 -0.15892594 0.8734686
v -0.38475 14.155721 0.7937925
vn -0.20146562 -0.55459857 0.8073611
v 0.34384 14.14784 0.77382
vt 0.67962 0.22728002
vn -0.14734861 -0.7320302 0.6651467
v 0.28654 14.13385 0.80478
vt 0.64946 0.22706997
vn 0.25699678 -0.9373611 0.23517384
v 0.29837 14.15309 0.85877
vt 0.65626 0.23904002
vn 0.42688215 -0.5599312 0.7101047
v 0.19645001 14.17054 0.91802
vt 0.60277 0.24180996
vn 0.37795112 -0.45355454 0.8071191
v 0.179 14.132331 0.85723
vt 0.59629 0.22650003
vn 0.16372274 -0.88825417 0.42918468
v 0.18932001 14.222501 0.91415
vt 0.59939 0.27666998
vn 0.41928008 0.05921107 0.905924
v -0.19644998 14.17054 0.91802
vn -0.37795094 -0.45355454 0.8071192
v -0.179 14.132331 0.85723
vn -0.16372263 -0.88825417 0.42918468
v -0.29685 14.20927 0.85875005
vn -0.4780633 -0.023306066 0.8780162
v -0.18931998 14.222501 0.91415
vn -0.41927987 0.059211068 0.9059241
v -0.29324 14.03363 0.77553004
vn -0.43084052 -0.3840035 0.81665033
v -0.19779 14.0143 0.81346
vn -0.43213305 -0.39533928 0.81053555
v -0.20743 14.06397 0.86093
vn -0.44487035 -0.3876499 0.8073524
v -0.20446 14.10687 0.86449
vn -0.41710016 0.2301655 0.87923336
v -0.19401 14.12749 0.85728
vn -0.32251945 0.50743425 0.79905677
v -0.37525 14.1287 0.78248
vn -0.26509973 -0.24749143 0.9319175
v -0.34315 14.145121 0.77294
vn 0.17116049 0.21782473 0.9608624
v -0.29808 14.113139 0.80911005
vn -0.37757492 0.29593256 0.8774173
v -0.28856 14.132421 0.79898006
vn -0.3625871 0.53679985 0.7618245
v -0.30247 14.08656 0.80579007
vn -0.47031626 -0.362487 0.8046154
v -0.29837 14.15309 0.8587701
vn -0.42688197 -0.5599312 0.7101048
v -0.28654 14.13385 0.80478007
vn -0.25699672 -0.9373612 0.23517388
v -0.34384 14.14784 0.77382
vn 0.14734876 -0.7320302 0.6651467
v -0.39383 14.06449 0.74466
vn -0.38026583 -0.39230618 0.83755225
o Mesh_1
g polygon_0
usemtl Joint_0_Object_1_Material_1
f 33/33/33 35/35/35 34/34/34
f 36/36/36 38/38/38 37/37/37
f 39/34/39 41/35/41 40/33/40
f 42/39/42 44/41/44 43/40/43
f 44/41/44 42/39/42 45/42/45
f 46/41/46 48/39/48 47/40/47
f 48/39/48 46/41/46 49/42/49
f 50/43/50 46/45/46 47/44/47
f 51/46/51 50/43/50 47/44/47
f 51/46/51 47/44/47 52/47/52
f 53/48/53 51/46/51 52/47/52
f 53/48/53 52/47/52 54/49/54
f 55/50/55 53/48/53 54/49/54
f 56/48/56 55/50/55 54/49/54
f 56/48/56 54/49/54 57/47/57
f 58/46/58 56/48/56 57/47/57
f 58/46/58 57/47/57 43/44/43
f 59/43/59 58/46/58 43/44/43
f 59/43/59 43/44/43 44/45/44
f 58/46/58 59/43/59 34/51/34
f 60/52/60 58/46/58 34/51/34
f 61/53/61 60/52/60 34/51/34
f 61/53/61 34/51/34 35/54/35
f 62/55/62 61/53/61 35/54/35
f 62/55/62 35/54/35 63/56/63
f 64/57/64 62/55/62 63/56/63
f 64/57/64 63/56/63 65/58/65
f 64/57/64 65/58/65 66/56/66
f 67/55/67 64/57/64 66/56/66
f 67/55/67 66/56/66 41/54/41
f 68/53/68 67/55/67 41/54/41
f 68/53/68 41/54/41 39/51/39
f 69/52/69 68/53/68 39/51/39
f 51/46/51 69/52/69 39/51/39
f 51/46/51 39/51/39 50/43/50
f 70/59/70 5/61/5 2/60/2
f 71/36/71 70/59/70 2/60/2
f 71/36/71 2/60/2 3/62/3
f 71/36/71 3/62/3 72/37/72
f 73/38/73 71/36/71 72/37/72
f 73/38/73 72/37/72 74/63/74
f 75/64/75 73/38/73 74/63/74
f 75/64/75 74/63/74 76/65/76
f 75/64/75 76/65/76 77/66/77
f 44/67/44 75/64/75 77/66/77
f 59/68/59 44/67/44 77/66/77
f 59/68/59 77/66/77 33/35/33
f 34/34/34 59/68/59 33/35/33
f 78/69/78 76/65/76 74/63/74
f 79/70/79 78/69/78 74/63/74
f 79/70/79 74/63/74 72/37/72
f 79/70/79 72/37/72 3/62/3
f 80/71/80 79/70/79 3/62/3
f 80/71/80 3/62/3 1/72/1
f 81/73/81 80/71/80 1/72/1
f 81/73/81 1/72/1 27/74/27
f 82/75/82 81/73/81 27/74/27
f 82/75/82 27/74/27 32/76/32
f 82/75/82 32/76/32 31/77/31
f 83/78/83 82/75/82 31/77/31
f 83/78/83 31/77/31 30/79/30
f 84/80/84 83/78/83 30/79/30
f 85/78/85 84/80/84 30/79/30
f 85/78/85 30/79/30 29/77/29
f 86/75/86 85/78/85 29/77/29
f 86/75/86 29/77/29 28/76/28
f 86/75/86 28/76/28 21/74/21
f 87/73/87 86/75/86 21/74/21
f 87/73/87 21/74/21 19/72/19
f 88/71/88 87/73/87 19/72/19
f 88/71/88 19/72/19 20/62/20
f 88/71/88 20/62/20 89/70/89
f 88/71/88 89/70/89 90/81/90
f 88/71/88 90/81/90 91/82/91
f 87/73/87 88/71/88 91/82/91
f 87/73/87 91/82/91 92/83/92
f 86/75/86 87/73/87 92/83/92
f 86/75/86 92/83/92 93/84/93
f 85/78/85 86/75/86 93/84/93
f 84/80/84 85/78/85 93/84/93
f 84/80/84 93/84/93 94/85/94
f 84/80/84 94/85/94 95/84/95
f 83/78/83 84/80/84 95/84/95
f 82/75/82 83/78/83 95/84/95
f 82/75/82 95/84/95 96/83/96
f 81/73/81 82/75/82 96/83/96
f 81/73/81 96/83/96 97/82/97
f 80/71/80 81/73/81 97/82/97
f 80/71/80 97/82/97 98/81/98
f 79/70/79 80/71/80 98/81/98
f 79/70/79 98/81/98 78/69/78
f 97/82/97 100/87/100 99/86/99
f 98/81/98 97/82/97 99/86/99
f 98/81/98 99/86/99 101/88/101
f 102/89/102 104/91/104 103/90/103
f 105/92/105 102/89/102 103/90/103
f 105/92/105 103/90/103 106/93/106
f 107/94/107 105/92/105 106/93/106
f 108/95/108 107/94/107 106/93/106
f 108/95/108 106/93/106 96/83/96
f 109/96/109 108/95/108 96/83/96
f 109/96/109 96/83/96 95/84/95
f 109/96/109 95/84/95 94/85/94
f 109/96/109 94/85/94 110/97/110
f 108/95/108 109/96/109 110/97/110
f 108/95/108 110/97/110 111/98/111
f 107/94/107 108/95/108 111/98/111
f 112/95/112 107/94/107 111/98/111
f 112/95/112 111/98/111 110/97/110
f 113/96/113 112/95/112 110/97/110
f 113/96/113 110/97/110 94/85/94
f 113/96/113 94/85/94 93/84/93
f 113/96/113 93/84/93 92/83/92
f 112/95/112 113/96/113 92/83/92
f 112/95/112 92/83/92 114/93/114
f 107/94/107 112/95/112 114/93/114
f 105/92/105 107/94/107 114/93/114
f 105/92/105 114/93/114 115/90/115
f 102/89/102 105/92/105 115/90/115
f 102/89/102 115/90/115 116/91/116
f 117/99/117 119/101/119 118/100/118
f 57/102/57 117/99/117 118/100/118
f 43/40/43 57/102/57 118/100/118
f 42/39/42 43/40/43 118/100/118
f 42/39/42 118/100/118 120/103/120
f 121/99/121 123/105/123 122/104/122
f 52/102/52 121/99/121 122/104/122
f 54/106/54 52/102/52 122/104/122
f 54/106/54 122/104/122 124/107/124
f 54/106/54 124/107/124 125/104/125
f 57/102/57 54/106/54 125/104/125
f 117/99/117 57/102/57 125/104/125
f 117/99/117 125/104/125 126/105/126
f 127/108/127 129/110/129 128/109/128
f 130/111/130 127/108/127 128/109/128
f 130/111/130 128/109/128 44/112/44
f 130/111/130 44/112/44 45/113/45
f 130/111/130 45/113/45 42/114/42
f 131/115/131 130/111/130 42/114/42
f 131/115/131 42/114/42 120/116/120
f 131/115/131 120/116/120 118/117/118
f 132/118/132 131/115/131 118/117/118
f 132/118/132 118/117/118 119/119/119
f 132/118/132 119/119/119 117/120/117
f 133/121/133 132/118/132 117/120/117
f 133/121/133 117/120/117 126/122/126
f 133/121/133 126/122/126 125/123/125
f 134/124/134 133/121/133 125/123/125
f 134/124/134 125/123/125 124/125/124
f 134/124/134 124/125/124 122/123/122
f 135/121/135 134/124/134 122/123/122
f 135/121/135 122/123/122 123/122/123
f 135/121/135 123/122/123 121/120/121
f 136/118/136 135/121/135 121/120/121
f 136/118/136 121/120/121 137/119/137
f 136/118/136 137/119/137 138/117/138
f 139/115/139 136/118/136 138/117/138
f 139/115/139 138/117/138 140/116/140
f 139/115/139 140/116/140 48/114/48
f 141/111/141 139/115/139 48/114/48
f 141/111/141 48/114/48 49/113/49
f 141/111/141 49/113/49 46/112/46
f 141/111/141 46/112/46 142/109/142
f 143/108/143 141/111/141 142/109/142
f 143/108/143 142/109/142 144/110/144
f 127/108/127 130/111/130 131/115/131
f 145/126/145 127/108/127 131/115/131
f 145/126/145 131/115/131 132/118/132
f 145/126/145 132/118/132 133/121/133
f 146/127/146 145/126/145 133/121/133
f 146/127/146 133/121/133 134/124/134
f 146/127/146 134/124/134 135/121/135
f 147/126/147 146/127/146 135/121/135
f 147/126/147 135/121/135 136/118/136
f 147/126/147 136/118/136 139/115/139
f 143/108/143 147/126/147 139/115/139
f 143/108/143 139/115/139 141/111/141
f 148/128/148 70/130/70 71/129/71
f 148/128/148 71/129/71 149/131/149
f 129/132/129 148/128/148 149/131/149
f 128/133/128 129/132/129 149/131/149
f 150/134/150 128/133/128 149/131/149
f 150/134/150 149/131/149 71/129/71
f 150/134/150 71/129/71 151/135/151
f 128/133/128 150/134/150 151/135/151
f 128/133/128 151/135/151 152/136/152
f 73/137/73 128/133/128 152/136/152
f 71/129/71 73/137/73 152/136/152
f 71/129/71 152/136/152 151/135/151
f 153/69/153 90/81/90 89/70/89
f 153/69/153 89/70/89 154/63/154
f 155/65/155 153/69/153 154/63/154
f 155/65/155 154/63/154 156/64/156
f 157/66/157 155/65/155 156/64/156
f 157/66/157 156/64/156 46/67/46
f 157/66/157 46/67/46 50/68/50
f 40/35/40 157/66/157 50/68/50
f 40/35/40 50/68/50 39/34/39
f 38/38/38 156/64/156 154/63/154
f 37/37/37 38/38/38 154/63/154
f 37/37/37 154/63/154 89/70/89
f 37/37/37 89/70/89 20/62/20
f 36/36/36 37/37/37 20/62/20
f 36/36/36 20/62/20 18/60/18
f 158/59/158 36/36/36 18/60/18
f 158/59/158 18/60/18 17/61/17
f 48/39/48 140/103/140 138/100/138
f 47/40/47 48/39/48 138/100/138
f 52/102/52 47/40/47 138/100/138
f 121/99/121 52/102/52 138/100/138
f 121/99/121 138/100/138 137/101/137
f 36/129/36 158/130/158 159/128/159
f 160/131/160 36/129/36 159/128/159
f 160/131/160 159/128/159 144/132/144
f 160/131/160 144/132/144 142/133/142
f 160/131/160 142/133/142 161/138/161
f 36/129/36 160/131/160 161/138/161
f 162/139/162 36/129/36 161/138/161
f 162/139/162 161/138/161 142/133/142
f 163/140/163 162/139/162 142/133/142
f 163/140/163 142/133/142 38/137/38
f 163/140/163 38/137/38 36/129/36
f 162/139/162 163/140/163 36/129/36
f 164/141/164 166/141/166 165/142/165
f 167/143/167 164/141/164 165/142/165
f 167/143/167 165/142/165 168/143/168
f 167/143/167 168/143/168 169/144/169
f 170/141/170 167/143/167 169/144/169
f 170/141/170 169/144/169 171/141/171
f 172/145/172 174/147/174 173/146/173
f 172/145/172 173/146/173 175/148/175
f 172/145/172 175/148/175 176/149/176
f 174/147/174 172/145/172 176/149/176
f 174/147/174 176/149/176 177/150/177
f 178/151/178 174/147/174 177/150/177
f 179/152/179 178/151/178 177/150/177
f 179/152/179 177/150/177 176/149/176
f 180/153/180 179/152/179 176/149/176
f 180/153/180 176/149/176 181/154/181
f 180/153/180 181/154/181 182/155/182
f 179/152/179 180/153/180 182/155/182
f 179/152/179 182/155/182 183/156/183
f 184/149/184 179/152/179 183/156/183
f 185/157/185 184/149/184 183/156/183
f 185/157/185 183/156/183 182/155/182
f 186/158/186 185/157/185 182/155/182
f 186/158/186 182/155/182 187/159/187
f 186/158/186 187/159/187 188/160/188
f 185/157/185 186/158/186 188/160/188
f 185/157/185 188/160/188 189/161/189
f 190/162/190 185/157/185 189/161/189
f 191/163/191 190/162/190 189/161/189
f 191/163/191 189/161/189 188/160/188
f 192/164/192 191/163/191 188/160/188
f 193/165/193 192/164/192 188/160/188
f 194/166/194 193/165/193 188/160/188
f 194/166/194 188/160/188 187/159/187
f 194/166/194 187/159/187 195/167/195
f 193/165/193 194/166/194 195/167/195
f 193/165/193 195/167/195 196/168/196
f 193/165/193 196/168/196 197/169/197
f 193/165/193 197/169/197 198/170/198
f 193/165/193 198/170/198 199/171/199
f 200/172/200 193/165/193 199/171/199
f 200/172/200 199/171/199 201/173/201
f 200/172/200 201/173/201 202/174/202
f 193/165/193 200/172/200 202/174/202
f 203/175/203 193/165/193 202/174/202
f 203/175/203 202/174/202 201/173/201
f 203/175/203 201/173/201 204/176/204
f 193/165/193 203/175/203 204/176/204
f 192/164/192 193/165/193 204/176/204
f 192/164/192 204/176/204 205/177/205
f 191/163/191 192/164/192 205/177/205
f 191/163/191 205/177/205 206/178/206
f 207/179/207 191/163/191 206/178/206
f 208/180/208 207/179/207 206/178/206
f 208/180/208 206/178/206 205/177/205
f 209/181/209 208/180/208 205/177/205
f 209/181/209 205/177/205 210/182/210
f 209/181/209 210/182/210 211/183/211
f 208/180/208 209/181/209 211/183/211
f 208/180/208 211/183/211 212/184/212
f 213/185/213 208/180/208 212/184/212
f 214/186/214 213/185/213 212/184/212
f 214/186/214 212/184/212 211/183/211
f 214/186/214 211/183/211 215/187/215
f 214/186/214 215/187/215 216/188/216
f 217/189/217 214/186/214 216/188/216
f 217/189/217 216/188/216 211/183/211
f 218/190/218 217/189/217 211/183/211
f 219/191/219 218/190/218 211/183/211
f 219/191/219 211/183/211 210/182/210
f 219/191/219 210/182/210 220/192/220
f 218/190/218 219/191/219 220/192/220
f 221/193/221 218/190/218 220/192/220
f 222/194/222 221/193/221 220/192/220
f 222/194/222 220/192/220 223/195/223
f 222/194/222 223/195/223 224/192/224
f 225/193/225 222/194/222 224/192/224
f 226/190/226 225/193/225 224/192/224
f 226/190/226 224/192/224 227/191/227
f 226/190/226 227/191/227 228/183/228
f 229/189/229 226/190/226 228/183/228
f 229/189/229 228/183/228 230/188/230
f 229/189/229 230/188/230 231/187/231
f 232/186/232 229/189/229 231/187/231
f 232/186/232 231/187/231 233/196/233
f 228/183/228 232/186/232 233/196/233
f 230/188/230 228/183/228 233/196/233
f 230/188/230 233/196/233 234/197/234
f 231/187/231 230/188/230 234/197/234
f 231/187/231 234/197/234 233/196/233
f 235/198/235 175/148/175 173/146/173
f 236/199/236 235/198/235 173/146/173
f 236/199/236 173/146/173 237/200/237
f 235/198/235 236/199/236 237/200/237
f 235/198/235 237/200/237 238/201/238
f 175/148/175 235/198/235 238/201/238
f 175/148/175 238/201/238 239/162/239
f 240/202/240 175/148/175 239/162/239
f 240/202/240 239/162/239 241/157/241
f 175/148/175 240/202/240 241/157/241
f 176/149/176 175/148/175 241/157/241
f 176/149/176 241/157/241 242/156/242
f 181/154/181 176/149/176 242/156/242
f 182/155/182 181/154/181 242/156/242
f 182/155/182 242/156/242 241/157/241
f 243/158/243 182/155/182 241/157/241
f 243/158/243 241/157/241 244/160/244
f 243/158/243 244/160/244 245/159/245
f 182/155/182 243/158/243 245/159/245
f 182/155/182 245/159/245 246/203/246
f 187/159/187 182/155/182 246/203/246
f 195/167/195 187/159/187 246/203/246
f 195/167/195 246/203/246 245/159/245
f 247/166/247 195/167/195 245/159/245
f 247/166/247 245/159/245 244/160/244
f 247/166/247 244/160/244 248/165/248
f 195/167/195 247/166/247 248/165/248
f 196/168/196 195/167/195 248/165/248
f 197/169/197 196/168/196 248/165/248
f 198/204/198 197/169/197 248/165/248
f 199/171/199 198/204/198 248/165/248
f 199/171/199 248/165/248 249/205/249
f 250/173/250 199/171/199 249/205/249
f 251/206/251 250/173/250 249/205/249
f 251/206/251 249/205/249 248/165/248
f 251/206/251 248/165/248 252/172/252
f 250/173/250 251/206/251 252/172/252
f 253/207/253 250/173/250 252/172/252
f 253/207/253 252/172/252 248/165/248
f 253/207/253 248/165/248 254/208/254
f 250/173/250 253/207/253 254/208/254
f 255/176/255 250/173/250 254/208/254
f 255/176/255 254/208/254 248/165/248
f 256/164/256 255/176/255 248/165/248
f 256/164/256 248/165/248 244/160/244
f 257/163/257 256/164/256 244/160/244
f 258/161/258 257/163/257 244/160/244
f 258/161/258 244/160/244 241/157/241
f 258/161/258 241/157/241 239/162/239
f 257/163/257 258/161/258 239/162/239
f 259/209/259 257/163/257 239/162/239
f 259/209/259 239/162/239 238/201/238
f 259/209/259 238/201/238 260/179/260
f 257/163/257 259/209/259 260/179/260
f 257/163/257 260/179/260 261/178/261
f 257/163/257 261/178/261 262/177/262
f 256/164/256 257/163/257 262/177/262
f 255/176/255 256/164/256 262/177/262
f 255/176/255 262/177/262 263/210/263
f 264/211/264 255/176/255 263/210/263
f 265/182/265 264/211/264 263/210/263
f 265/182/265 263/210/263 262/177/262
f 266/181/266 265/182/265 262/177/262
f 267/180/267 266/181/266 262/177/262
f 267/180/267 262/177/262 261/178/261
f 267/180/267 261/178/261 260/179/260
f 268/212/268 267/180/267 260/179/260
f 268/212/268 260/179/260 269/213/269
f 268/212/268 269/213/269 270/185/270
f 267/180/267 268/212/268 270/185/270
f 271/184/271 267/180/267 270/185/270
f 271/184/271 270/185/270 232/186/232
f 271/184/271 232/186/232 228/183/228
f 267/180/267 271/184/271 228/183/228
f 266/181/266 267/180/267 228/183/228
f 265/182/265 266/181/266 228/183/228
f 265/182/265 228/183/228 227/191/227
f 265/182/265 227/191/227 224/192/224
f 272/214/272 265/182/265 224/192/224
f 272/214/272 224/192/224 273/215/273
f 272/214/272 273/215/273 274/216/274
f 265/182/265 272/214/272 274/216/274
f 275/217/275 265/182/265 274/216/274
f 275/217/275 274/216/274 273/215/273
f 275/217/275 273/215/273 250/173/250
f 265/182/265 275/217/275 250/173/250
f 265/182/265 250/173/250 276/218/276
f 264/211/264 265/182/265 276/218/276
f 255/176/255 264/211/264 276/218/276
f 255/176/255 276/218/276 250/173/250
f 269/213/269 260/179/260 238/201/238
f 277/219/277 269/213/269 238/201/238
f 277/219/277 238/201/238 237/200/237
f 278/220/278 277/219/277 237/200/237
f 278/220/278 237/200/237 269/213/269
f 277/219/277 278/220/278 269/213/269
f 279/221/279 273/215/273 224/192/224
f 280/222/280 279/221/279 224/192/224
f 280/222/280 224/192/224 223/195/223
f 280/222/280 223/195/223 220/192/220
f 279/221/279 280/222/280 220/192/220
f 273/215/273 279/221/279 220/192/220
f 281/214/281 273/215/273 220/192/220
f 281/214/281 220/192/220 210/182/210
f 281/214/281 210/182/210 201/173/201
f 273/215/273 281/214/281 201/173/201
f 273/215/273 201/173/201 282/223/282
f 250/173/250 273/215/273 282/223/282
f 283/224/283 250/173/250 282/223/282
f 283/224/283 282/223/282 201/173/201
f 283/224/283 201/173/201 284/225/284
f 250/173/250 283/224/283 284/225/284
f 285/226/285 250/173/250 284/225/284
f 285/226/285 284/225/284 201/173/201
f 286/227/286 285/226/285 201/173/201
f 286/227/286 201/173/201 199/171/199
f 286/227/286 199/171/199 250/173/250
f 285/226/285 286/227/286 250/173/250
f 287/200/287 289/219/289 288/220/288
f 290/213/290 287/200/287 288/220/288
f 290/213/290 288/220/288 289/219/289
f 291/201/291 290/213/290 289/219/289
f 291/201/291 289/219/289 287/200/287
f 291/201/291 287/200/287 292/198/292
f 293/148/293 291/201/291 292/198/292
f 293/148/293 292/198/292 294/146/294
f 295/145/295 293/148/293 294/146/294
f 295/145/295 294/146/294 296/147/296
f 295/145/295 296/147/296 184/149/184
f 293/148/293 295/145/295 184/149/184
f 293/148/293 184/149/184 185/157/185
f 297/202/297 293/148/293 185/157/185
f 297/202/297 185/157/185 190/162/190
f 293/148/293 297/202/297 190/162/190
f 291/201/291 293/148/293 190/162/190
f 298/209/298 291/201/291 190/162/190
f 298/209/298 190/162/190 191/163/191
f 298/209/298 191/163/191 207/179/207
f 291/201/291 298/209/298 207/179/207
f 290/213/290 291/201/291 207/179/207
f 290/213/290 207/179/207 299/212/299
f 213/185/213 290/213/290 299/212/299
f 208/180/208 213/185/213 299/212/299
f 208/180/208 299/212/299 207/179/207
f 184/149/184 296/147/296 300/150/300
f 179/152/179 184/149/184 300/150/300
f 178/151/178 179/152/179 300/150/300
f 178/151/178 300/150/300 296/147/296
f 287/200/287 294/146/294 301/199/301
f 292/198/292 287/200/287 301/199/301
f 292/198/292 301/199/301 294/146/294
f 302/218/302 204/176/204 201/173/201
f 302/218/302 201/173/201 210/182/210
f 302/218/302 210/182/210 303/228/303
f 204/176/204 302/218/302 303/228/303
f 204/176/204 303/228/303 304/229/304
f 205/177/205 204/176/204 304/229/304
f 210/182/210 205/177/205 304/229/304
f 210/182/210 304/229/304 303/228/303
f 216/188/216 215/187/215 305/197/305
f 306/196/306 216/188/216 305/197/305
f 306/196/306 305/197/305 215/187/215
f 306/196/306 215/187/215 211/183/211
f 216/188/216 306/196/306 211/183/211
f 307/230/307 308/232/308 166/231/166
f 307/230/307 166/231/166 164/141/164
f 309/233/309 307/230/307 164/141/164
f 310/234/310 309/233/309 164/141/164
f 310/234/310 164/141/164 167/143/167
f 310/234/310 167/143/167 170/141/170
f 311/233/311 310/234/310 170/141/170
f 312/230/312 311/233/311 170/141/170
f 312/230/312 170/141/170 171/231/171
f 312/230/312 171/231/171 313/232/313
f 314/235/314 312/230/312 313/232/313
f 314/235/314 313/232/313 315/236/315
f 316/237/316 314/235/314 315/236/315
f 316/237/316 315/236/315 317/238/317
f 318/239/318 316/237/316 317/238/317
f 318/239/318 317/238/317 319/240/319
f 318/239/318 319/240/319 320/241/320
f 321/242/321 318/239/318 320/241/320
f 322/239/322 321/242/321 320/241/320
f 322/239/322 320/241/320 323/240/323
f 322/239/322 323/240/323 324/238/324
f 325/237/325 322/239/322 324/238/324
f 325/237/325 324/238/324 326/236/326
f 327/235/327 325/237/325 326/236/326
f 327/235/327 326/236/326 308/232/308
f 327/235/327 308/232/308 307/230/307
f 328/243/328 327/235/327 307/230/307
f 328/243/328 307/230/307 309/233/309
f 56/48/56 328/243/328 309/233/309
f 55/50/55 56/48/56 309/233/309
f 55/50/55 309/233/309 310/234/310
f 55/50/55 310/234/310 311/233/311
f 53/48/53 55/50/55 311/233/311
f 53/48/53 311/233/311 329/243/329
f 51/46/51 53/48/53 329/243/329
f 69/52/69 51/46/51 329/243/329
f 314/235/314 69/52/69 329/243/329
f 312/230/312 314/235/314 329/243/329
f 312/230/312 329/243/329 311/233/311
f 69/52/69 314/235/314 316/237/316
f 68/53/68 69/52/69 316/237/316
f 68/53/68 316/237/316 318/239/318
f 67/55/67 68/53/68 318/239/318
f 67/55/67 318/239/318 321/242/321
f 64/57/64 67/55/67 321/242/321
f 62/55/62 64/57/64 321/242/321
f 62/55/62 321/242/321 322/239/322
f 61/53/61 62/55/62 322/239/322
f 61/53/61 322/239/322 325/237/325
f 60/52/60 61/53/61 325/237/325
f 60/52/60 325/237/325 327/235/327
f 60/52/60 327/235/327 328/243/328
f 58/46/58 60/52/60 328/243/328
f 58/46/58 328/243/328 56/48/56
f 330/244/330 33/246/33 77/245/77
f 331/247/331 333/249/333 332/248/332
f 155/65/155 334/250/334 153/69/153
f 330/251/330 77/66/77 76/65/76
f 335/250/335 330/251/330 76/65/76
f 335/250/335 76/65/76 78/69/78
f 336/252/336 335/250/335 78/69/78
f 336/252/336 78/69/78 98/81/98
f 336/252/336 98/81/98 101/88/101
f 337/253/337 336/252/336 101/88/101
f 337/253/337 101/88/101 338/254/338
f 339/255/339 337/253/337 338/254/338
f 339/255/339 338/254/338 340/256/340
f 341/257/341 339/255/339 340/256/340
f 341/257/341 340/256/340 342/258/342
f 343/259/343 341/257/341 342/258/342
f 343/259/343 342/258/342 344/260/344
f 345/261/345 343/259/343 344/260/344
f 345/261/345 344/260/344 346/262/346
f 345/261/345 346/262/346 347/260/347
f 345/261/345 347/260/347 348/259/348
f 349/263/349 345/261/345 348/259/348
f 349/263/349 348/259/348 350/264/350
f 351/265/351 349/263/349 350/264/350
f 351/265/351 350/264/350 352/266/352
f 353/267/353 351/265/351 352/266/352
f 353/267/353 352/266/352 354/268/354
f 355/269/355 353/267/353 354/268/354
f 356/270/356 355/269/355 354/268/354
f 356/270/356 354/268/354 357/271/357
f 358/272/358 356/270/356 357/271/357
f 358/272/358 357/271/357 359/273/359
f 358/272/358 359/273/359 360/274/360
f 358/272/358 360/274/360 41/35/41
f 358/272/358 41/35/41 66/275/66
f 356/270/356 358/272/358 66/275/66
f 356/270/356 66/275/66 65/276/65
f 355/269/355 356/270/356 65/276/65
f 361/270/361 355/269/355 65/276/65
f 361/270/361 65/276/65 63/275/63
f 362/272/362 361/270/361 63/275/63
f 362/272/362 63/275/63 35/35/35
f 363/274/363 362/272/362 35/35/35
f 363/274/363 35/35/35 33/33/33
f 362/272/362 363/274/363 364/273/364
f 365/271/365 362/272/362 364/273/364
f 366/277/366 365/271/365 364/273/364
f 366/277/366 364/273/364 367/278/367
f 337/253/337 366/277/366 367/278/367
f 336/252/336 337/253/337 367/278/367
f 336/252/336 367/278/367 364/273/364
f 335/250/335 336/252/336 364/273/364
f 335/250/335 364/273/364 363/274/363
f 330/251/330 335/250/335 363/274/363
f 330/251/330 363/274/363 33/35/33
f 343/259/343 345/261/345 349/263/349
f 368/264/368 343/259/343 349/263/349
f 368/264/368 349/263/349 351/265/351
f 369/266/369 368/264/368 351/265/351
f 369/266/369 351/265/351 353/267/353
f 370/268/370 369/266/369 353/267/353
f 370/268/370 353/267/353 355/269/355
f 370/268/370 355/269/355 361/270/361
f 365/271/365 370/268/370 361/270/361
f 365/271/365 361/270/361 362/272/362
f 333/249/333 368/264/368 369/266/369
f 332/248/332 333/249/333 369/266/369
f 332/248/332 369/266/369 370/268/370
f 332/248/332 370/268/370 365/271/365
f 332/248/332 365/271/365 366/277/366
f 331/247/331 332/248/332 366/277/366
f 331/247/331 366/277/366 337/253/337
f 331/247/331 337/253/337 339/255/339
f 333/249/333 331/247/331 339/255/339
f 333/249/333 339/255/339 341/257/341
f 368/264/368 333/249/333 341/257/341
f 368/264/368 341/257/341 343/259/343
f 40/35/40 41/33/41 360/274/360
f 40/35/40 360/274/360 371/251/371
f 157/66/157 40/35/40 371/251/371
f 155/65/155 157/66/157 371/251/371
f 334/250/334 155/65/155 371/251/371
f 334/250/334 371/251/371 360/274/360
f 334/250/334 360/274/360 359/273/359
f 334/250/334 359/273/359 372/252/372
f 153/69/153 334/250/334 372/252/372
f 153/69/153 372/252/372 90/81/90
f 373/86/373 91/82/91 90/81/90
f 374/88/374 373/86/373 90/81/90
f 375/279/375 338/254/338 101/88/101
f 376/280/376 375/279/375 101/88/101
f 377/281/377 376/280/376 101/88/101
f 377/281/377 101/88/101 99/86/99
f 377/281/377 99/86/99 100/87/100
f 377/281/377 100/87/100 378/282/378
f 377/281/377 378/282/378 379/283/379
f 376/280/376 377/281/377 379/283/379
f 104/91/104 379/283/379 378/282/378
f 103/90/103 104/91/104 378/282/378
f 103/90/103 378/282/378 380/284/380
f 106/93/106 103/90/103 380/284/380
f 96/83/96 106/93/106 380/284/380
f 97/82/97 96/83/96 380/284/380
f 100/87/100 97/82/97 380/284/380
f 100/87/100 380/284/380 378/282/378
f 116/91/116 115/90/115 381/282/381
f 382/283/382 116/91/116 381/282/381
f 91/82/91 373/86/373 383/87/383
f 91/82/91 383/87/383 384/284/384
f 92/83/92 91/82/91 384/284/384
f 114/93/114 92/83/92 384/284/384
f 115/90/115 114/93/114 384/284/384
f 381/282/381 115/90/115 384/284/384
f 381/282/381 384/284/384 383/87/383
f 385/277/385 359/273/359 357/271/357
f 386/248/386 385/277/385 357/271/357
f 386/248/386 357/271/357 354/268/354
f 386/248/386 354/268/354 352/266/352
f 387/249/387 386/248/386 352/266/352
f 387/249/387 352/266/352 350/264/350
f 388/257/388 387/249/387 350/264/350
f 388/257/388 350/264/350 348/259/348
f 389/258/389 388/257/388 348/259/348
f 389/258/389 348/259/348 347/260/347
f 374/88/374 372/252/372 390/253/390
f 391/254/391 374/88/374 390/253/390
f 391/254/391 390/253/390 392/255/392
f 393/256/393 391/254/391 392/255/392
f 393/256/393 392/255/392 388/257/388
f 389/258/389 393/256/393 388/257/388
f 387/249/387 388/257/388 392/255/392
f 394/247/394 387/249/387 392/255/392
f 394/247/394 392/255/392 390/253/390
f 394/247/394 390/253/390 385/277/385
f 394/247/394 385/277/385 386/248/386
f 387/249/387 394/247/394 386/248/386
f 374/88/374 90/81/90 372/252/372
f 373/86/373 374/88/374 395/281/395
f 383/87/383 373/86/373 395/281/395
f 381/282/381 383/87/383 395/281/395
f 382/283/382 381/282/381 395/281/395
f 396/280/396 382/283/382 395/281/395
f 396/280/396 395/281/395 374/88/374
f 397/279/397 396/280/396 374/88/374
f 397/279/397 374/88/374 391/254/391
f 385/277/385 390/253/390 398/278/398
f 359/273/359 385/277/385 398/278/398
f 372/252/372 359/273/359 398/278/398
f 372/252/372 398/278/398 390/253/390
v -1.0974697 14.92195 -0.23594092
vt 0.55262 0.74725
vn -0.23105477 0.96147346 0.14893821
vt 0.515 0.74236
vt 0.49721003 0.71391
vt 0.50843 0.58486
v -0.94871956 14.41355 -0.31946093
vt 0.60619 0.5411
vn -0.463147 -0.74563515 -0.47908562
vt 0.62705 0.56561
v -1.0584396 14.563811 -0.39268088
vt 0.6307 0.59947
vn -0.3876722 -0.40777797 -0.8266967
v -0.72978956 15.49579 0.81739885
vt 0.50027 0.99743
vn -0.57176614 0.34538564 0.74417216
v -0.3810495 14.985291 0.99801886
vt 0.61438 0.75616
vn -0.2986245 -0.58866084 0.75120026
v -0.7032995 14.97321 0.82798886
vt 0.50027 0.75616
vn -0.48230523 -0.5696401 0.66550124
v -0.39306962 15.516051 1.0161588
vt 0.61228 0.99743
vn -0.31025484 0.29295957 0.9043875
v 4.223366E-07 14.985291 1.0808389
vt 0.75001 0.75616
vn 2.3478745E-07 -0.38232204 0.9240292
v 3.5101039E-07 15.526481 1.0833888
vt 0.75001 0.99743
vn 6.4647054E-08 0.34033632 0.9403038
v 0.39307028 15.516051 1.0161588
vt 0.88652 0.99743
vn 0.310255 0.2929596 0.90438735
v 0.38105035 14.985291 0.998019
vt 0.88443 0.75616
vn 0.298625 -0.5886606 0.7512003
v 0.7297903 15.49579 0.8173988
vt 0.9981 0.99743
vn 0.57176614 0.34538576 0.74417216
v 0.70330036 14.97321 0.82798886
vt 0.9981 0.75616
vn 0.48230562 -0.56963974 0.6655012
v 0.9671002 14.41355 -0.31946093
vn 0.46709907 -0.7465444 -0.47380373
v 1.0584401 14.563811 -0.39268094
vn 0.4370597 -0.42852053 -0.7907901
v 1.1284602 14.77731 -0.38655096
vt 0.62371 0.70699
vn 0.5766236 0.18597099 -0.7955627
vt 0.61802 0.65039
v 1.0974702 14.92195 -0.23594095
vn 0.23105438 0.9614735 0.14893825
vt 0.59614 0.73806
vt 0.50726 0.51809
v 0.9080202 14.325259 -0.19535093
vt 0.55858 0.50663
vn 0.4324384 -0.9007139 0.04137117
vt 0.53491 0.51983
vt 0.5905 0.51717
v -1.1284597 14.77731 -0.3865509
vn -0.5766239 0.18597083 -0.79556257
v -0.9043396 14.32894 -0.19535092
vn -0.45202923 -0.89183164 0.017491525
vt 0.05208999 0.94028
vt 0.048889995 0.93923
vt 0.03771001 0.93923
vt 0.06364 0.94028
vt 0.059000015 0.93923
v 0.86205024 14.95721 0.6627289
vt 0.06792998 0.94028
vn 0.684986 -0.5879644 0.43022323
vt 0.064559996 0.93923
v 0.9771802 14.933411 0.30339903
vt 0.071150005 0.94028
vn 0.74788445 -0.6259621 0.22099878
vt 0.06747997 0.93923
vt 0.06858003 0.93923
v 1.0361202 14.900721 -0.061730977
vt 0.07270998 0.94028
vn 0.85588104 -0.5126678 0.06811287
vt 0.069159985 0.93923
v 1.0209101 14.876981 -0.40017092
vt 0.07102001 0.94028
vn 0.7946824 -0.58458686 -0.16351834
vt 0.068509996 0.93923
v 0.7640601 14.816051 -0.93757087
vt 0.059930027 0.94028
vn 0.4561377 -0.7049599 -0.5431113
vt 0.057860017 0.93923
v 1.0931922E-07 14.76037 -1.127641
vt 0.03771001 0.94028
vn 1.3158379E-07 -0.8704859 -0.49219343
v -0.7640597 14.816051 -0.9375708
vn -0.45613748 -0.70496005 -0.54311126
v -1.0209097 14.876981 -0.40017092
vn -0.79468215 -0.5845871 -0.16351837
v -1.0361197 14.900721 -0.061730962
vn -0.8558809 -0.5126681 0.0681129
v -0.9771796 14.933411 0.30339903
vn -0.7478841 -0.6259624 0.22099884
v -0.8620495 14.95721 0.66272897
vn -0.6849857 -0.5879647 0.43022338
v -0.8897496 15.463251 0.65103894
vt 0.06889999 0.96595
vn -0.804683 0.33720613 0.48864838
vt 0.07033998 0.96722
vt 0.067089975 0.96722
v -1.0063396 15.39733 0.30610895
vt 0.07244998 0.96595
vn -0.9358883 0.30081517 0.18336694
vt 0.071780026 0.96722
v -1.0696596 15.309791 -0.06402099
vt 0.07407999 0.96595
vn -0.9533187 0.30184326 -0.0086112935
vt 0.06985998 0.96722
v -1.0461997 15.206321 -0.42124093
vt 0.07192999 0.96595
vn -0.9141801 0.3029147 -0.2692906
vt 0.05848998 0.96722
vn -0.26540786 0.81428397 -0.5162368
v -0.79879975 15.06664 -0.95968086
vt 0.06059003 0.96595
vn -0.6517496 0.30439192 -0.69467115
vt 0.03771001 0.96722
vn -2.845138E-07 0.8078722 -0.5893578
v 7.171525E-08 14.988891 -1.1747909
vt 0.03771001 0.96595
vn -1.9833156E-07 0.19254349 -0.98128843
vn 0.26540732 0.8142841 -0.51623684
v 0.7988 15.06664 -0.9596809
vn 0.6517493 0.30439216 -0.69467133
v 1.0462002 15.206321 -0.42124093
vn 0.91418 0.30291504 -0.2692907
v 1.0696601 15.309791 -0.064021006
vn 0.9533186 0.30184358 -0.008611307
v 1.0063403 15.39733 0.30610895
vn 0.93588823 0.30081537 0.18336692
v 0.8897502 15.463251 0.651039
vn 0.804683 0.33720633 0.48864833
vt 0.06274998 0.96722
vt 0.06419003 0.96595
vt 0.051429987 0.96722
vt 0.052320004 0.96595
v 0.18495008 14.40581 -1.4238609
vt 0.45817 0.93481
vn -0.0068845665 -0.39194292 0.9199638
v 0.4705701 14.049181 -1.5250409
vt 0.46503 0.90935
vn 0.3414457 -0.7941278 0.5027683
v 0.0069501232 14.2984 -1.4277009
vt 0.45168 0.92871
vn -0.6588075 -0.7253897 0.19945513
v 0.38295007 14.460429 -1.3552108
vt 0.463 0.93734
vn 0.89945644 -0.05468213 0.43357587
v 0.17464006 14.47708 -1.5382109
vt 0.45823002 0.93465
vn 0.046103373 0.25216535 -0.9665853
v -0.1345799 14.598109 -1.2807509
vt 0.44497 0.94123
vn -0.82334226 -0.38122886 0.42044264
v 0.07126009 14.69034 -1.283451
vt 0.45361996 0.94763
vn 0.05923606 -0.5357254 0.8423119
v 0.34550005 14.769431 -1.190311
vt 0.46272004 0.95
vn 0.7721474 0.15320376 0.61669856
v 0.059930056 14.749761 -1.4393009
vt 0.45402002 0.94884
vn -0.2019967 0.66798323 -0.7162372
v 0.0033200937 14.872211 -1.1272609
vt 0.45006 0.96135
vn -0.33813384 0.2778101 0.89915913
v -0.24921003 15.294741 -1.6916207
vt 0.44230998 0.98049
vn 0.44682416 -0.7177718 -0.5339961
v -0.41531006 15.38972 -2.1010706
vt 0.43848002 0.98743
vn 0.3328025 -0.22669968 -0.9153414
v -0.39954996 15.14503 -1.7096508
vt 0.43635 0.97396
vn -0.6174247 -0.71067387 -0.33723766
v -0.03398006 15.38253 -1.7177707
vt 0.44797003 0.98217
vn 0.79487854 0.20412597 -0.5714024
v -0.25828004 15.415041 -1.6200109
vt 0.44078004 0.98315
vn -0.41912577 0.79590946 0.4368773
v -0.28884995 14.94123 -1.4096608
vt 0.43746 0.96496
vn -0.5307705 -0.8345566 -0.1476416
v -0.10779996 15.11703 -1.3794408
vt 0.4446 0.9741
vn 0.36618692 -0.6555122 -0.6604627
v 0.16302998 15.19296 -1.4216809
vt 0.45417 0.97785
vn 0.977545 0.025202077 -0.20921436
v -0.14639996 15.223559 -1.3243208
vt 0.44333 0.97778
vn -0.30260456 0.5645787 0.76790714
v 0.011270093 14.873011 -1.1263709
vt 0.45036 0.96434
vn 0.49264264 -0.85331994 0.17072874
o Mesh_2
g polygon_0
usemtl Joint_0_Object_2_Material_2
f 399/285/399 142/287/142 46/286/46
f 142/287/142 399/285/399 38/288/38
f 400/289/400 401/291/401 46/290/46
f 401/291/401 400/289/400 38/288/38
f 402/292/402 404/294/404 403/293/403
f 405/295/405 402/292/402 403/293/403
f 405/295/405 403/293/403 406/296/406
f 407/297/407 405/295/405 406/296/406
f 408/298/408 407/297/407 406/296/406
f 408/298/408 406/296/406 409/299/409
f 410/300/410 408/298/408 409/299/409
f 410/300/410 409/299/409 411/301/411
f 412/289/412 44/290/44 413/291/413
f 73/288/73 412/289/412 413/291/413
f 414/302/414 73/288/73 413/291/413
f 414/302/414 413/291/413 44/303/44
f 414/302/414 44/304/44 415/285/415
f 73/288/73 414/302/414 415/285/415
f 128/287/128 73/288/73 415/285/415
f 128/287/128 415/285/415 44/286/44
f 75/305/75 44/307/44 416/306/416
f 73/288/73 75/305/75 416/306/416
f 412/289/412 73/288/73 416/306/416
f 412/289/412 416/306/416 44/308/44
f 399/285/399 46/304/46 417/302/417
f 38/288/38 399/285/399 417/302/417
f 401/291/401 38/288/38 417/302/417
f 401/291/401 417/302/417 46/303/46
f 400/289/400 46/308/46 418/306/418
f 38/288/38 400/289/400 418/306/418
f 156/305/156 38/288/38 418/306/418
f 156/305/156 418/306/418 46/307/46
f 409/309/409 10/311/10 8/310/8
f 411/312/411 409/309/409 8/310/8
f 411/312/411 8/310/8 6/313/6
f 419/314/419 411/312/411 6/313/6
f 419/314/419 6/313/6 5/315/5
f 420/316/420 419/314/419 5/315/5
f 420/316/420 5/315/5 70/317/70
f 420/316/420 70/317/70 148/318/148
f 421/319/421 420/316/420 148/318/148
f 421/319/421 148/318/148 129/320/129
f 422/321/422 421/319/421 129/320/129
f 422/321/422 129/320/129 127/322/127
f 423/323/423 422/321/422 127/322/127
f 423/323/423 127/322/127 145/324/145
f 424/325/424 423/323/423 145/324/145
f 424/325/424 145/324/145 146/311/146
f 424/325/424 146/311/146 147/324/147
f 425/323/425 424/325/424 147/324/147
f 425/323/425 147/324/147 143/322/143
f 426/321/426 425/323/425 143/322/143
f 426/321/426 143/322/143 144/320/144
f 427/319/427 426/321/426 144/320/144
f 427/319/427 144/320/144 159/318/159
f 428/316/428 427/319/427 159/318/159
f 428/316/428 159/318/159 158/317/158
f 428/316/428 158/317/158 17/315/17
f 429/314/429 428/316/428 17/315/17
f 429/314/429 17/315/17 15/313/15
f 404/312/404 429/314/429 15/313/15
f 404/312/404 15/313/15 13/310/13
f 403/309/403 404/312/404 13/310/13
f 403/309/403 13/310/13 10/311/10
f 406/325/406 403/309/403 10/311/10
f 406/325/406 10/311/10 409/309/409
f 430/326/430 229/328/229 232/327/232
f 431/329/431 430/326/430 232/327/232
f 431/329/431 232/327/232 270/330/270
f 432/331/432 431/329/431 270/330/270
f 432/331/432 270/330/270 269/332/269
f 433/333/433 432/331/432 269/332/269
f 433/333/433 269/332/269 173/334/434
f 434/335/435 433/333/433 173/334/434
f 434/335/435 173/334/434 178/336/436
f 435/337/437 434/335/435 178/336/436
f 435/337/437 178/336/436 294/334/438
f 436/335/439 435/337/437 294/334/438
f 436/335/439 294/334/438 290/332/290
f 437/333/440 436/335/439 290/332/290
f 437/333/440 290/332/290 213/330/213
f 438/331/441 437/333/440 213/330/213
f 438/331/441 213/330/213 214/327/214
f 439/329/442 438/331/441 214/327/214
f 439/329/442 214/327/214 217/328/217
f 440/326/443 439/329/442 217/328/217
f 440/326/443 217/328/217 218/338/218
f 410/339/410 440/326/443 218/338/218
f 410/339/410 218/338/218 221/340/221
f 408/341/408 410/339/410 221/340/221
f 408/341/408 221/340/221 222/336/222
f 407/337/407 408/341/408 222/336/222
f 407/337/407 222/336/222 225/340/225
f 405/341/405 407/337/407 225/340/225
f 405/341/405 225/340/225 226/338/226
f 402/339/402 405/341/405 226/338/226
f 402/339/402 226/338/226 229/328/229
f 402/339/402 229/328/229 430/326/430
f 404/312/404 402/339/402 430/326/430
f 429/314/429 404/312/404 430/326/430
f 429/314/429 430/326/430 431/329/431
f 428/316/428 429/314/429 431/329/431
f 428/316/428 431/329/431 432/331/432
f 427/319/427 428/316/428 432/331/432
f 427/319/427 432/331/432 433/333/433
f 426/321/426 427/319/427 433/333/433
f 426/321/426 433/333/433 434/335/435
f 425/323/425 426/321/426 434/335/435
f 425/323/425 434/335/435 435/337/437
f 424/325/424 425/323/425 435/337/437
f 423/323/423 424/325/424 435/337/437
f 423/323/423 435/337/437 436/335/439
f 422/321/422 423/323/423 436/335/439
f 422/321/422 436/335/439 437/333/440
f 421/319/421 422/321/422 437/333/440
f 421/319/421 437/333/440 438/331/441
f 420/316/420 421/319/421 438/331/441
f 420/316/420 438/331/441 439/329/442
f 419/314/419 420/316/420 439/329/442
f 419/314/419 439/329/442 440/326/443
f 411/312/411 419/314/419 440/326/443
f 411/312/411 440/326/443 410/339/410
f 441/342/444 443/344/446 442/343/445
f 444/345/447 441/342/444 442/343/445
f 445/346/448 444/345/447 442/343/445
f 445/346/448 442/343/445 443/344/446
f 446/347/449 445/346/448 443/344/446
f 446/347/449 443/344/446 441/342/444
f 447/348/450 446/347/449 441/342/444
f 448/349/451 447/348/450 441/342/444
f 448/349/451 441/342/444 444/345/447
f 448/349/451 444/345/447 445/346/448
f 449/350/452 448/349/451 445/346/448
f 449/350/452 445/346/448 446/347/449
f 450/351/453 449/350/452 446/347/449
f 450/351/453 446/347/449 447/348/450
f 450/351/453 447/348/450 448/349/451
f 449/350/452 450/351/453 448/349/451
f 451/352/454 453/354/456 452/353/455
f 454/355/457 451/352/454 452/353/455
f 455/356/458 454/355/457 452/353/455
f 455/356/458 452/353/455 453/354/456
f 456/357/459 455/356/458 453/354/456
f 456/357/459 453/354/456 451/352/454
f 457/358/460 456/357/459 451/352/454
f 458/359/461 457/358/460 451/352/454
f 458/359/461 451/352/454 454/355/457
f 458/359/461 454/355/457 455/356/458
f 459/360/462 458/359/461 455/356/458
f 459/360/462 455/356/458 456/357/459
f 460/361/463 459/360/462 456/357/459
f 460/361/463 456/357/459 457/358/460
f 460/361/463 457/358/460 458/359/461
f 459/360/462 460/361/463 458/359/461
v 3.7334514 12.727309 -0.92636055
vt 0.70561 0.87487
vn -0.045419835 0.08673659 -0.9951954
v 4.132778 12.52632 -0.92178
vt 0.74251 0.90267
vn -0.065228075 -0.34188238 -0.9374763
v 4.116643 12.886623 -0.92232
vt 0.74101 0.85063
vn -0.05475371 0.34894782 -0.9355413
v 1.0409906 12.13239 0.85028905
vt 0.38620996 0.81026
vn 0.38840958 0.20346935 0.8987426
v 1.3639501 12.73805 0.5126811
vt 0.42071998 0.85028
vn 0.15627182 0.44172287 0.8834365
v 1.4934789 12.275001 0.6083499
vt 0.42071998 0.81026
vn 0.42884523 0.0114106145 0.90330595
v 0.9955605 12.68033 0.6818091
vt 0.38620996 0.85028
vn 0.3540936 0.4349308 0.82792085
v 1.2773746 13.12026 0.20680258
vt 0.42071998 0.86262
vn 0.15584487 0.79700005 0.5835266
v 0.9297196 13.181225 0.36891404
vt 0.38620996 0.8742
vn 0.6739092 0.00740842 0.73877704
v 1.2384909 13.340218 -0.29623
vt 0.42825997 0.88303
vn 0.8680917 0.48032895 -0.1253036
v 1.0049002 13.472369 -0.8635908
vt 0.40600002 0.88489
vn 0.7489964 -0.072412 -0.6586054
v 1.3283048 13.113347 -0.8174902
vt 0.42071998 0.90199
vn 0.32951364 0.63310456 -0.700428
v 0.56625026 13.463389 -1.156181
vt 0.38906002 0.88548
vn 0.3854803 -0.14052306 -0.911953
v 0.7818701 13.015861 -1.2927607
vt 0.38906002 0.90511
vn 0.2601654 0.29506576 -0.91937494
v 1.44406 12.599441 -1.17198
vt 0.42119002 0.94425
vn 0.29656407 0.12778969 -0.94642466
v 0.85597026 12.30395 -1.3304607
vt 0.38953 0.94425
vn 0.22465585 -0.061537046 -0.9724932
v 0.48607063 12.618609 0.92642903
vt 0.34415996 0.85028
vn 0.29013905 0.36294284 0.8854896
v 0.47693053 13.06391 0.73686904
vt 0.34415996 0.8742
vn 0.40080693 -0.08455711 0.91225207
v 0.48462075 12.052381 1.108459
vt 0.34415996 0.81026
vn 0.27518404 0.18965061 0.9425001
v -0.78186965 13.015861 -1.2927607
vn -0.26016584 0.2950657 -0.9193748
v 2.6218913E-07 13.45342 -1.2586409
vt 0.35065 0.88548
vn -1.4582743E-07 -0.038866825 -0.9992444
v -0.56624967 13.463389 -1.156181
vn -0.3854805 -0.14052318 -0.9119529
v 3.1310992E-07 12.98273 -1.3324507
vt 0.35065 0.90511
vn -1.7694146E-07 0.09372286 -0.9955983
vt 0.25126004 0.94068
vt 0.17203999 0.88248
vt 0.18147004 0.94498
v 4.0588293E-07 12.22189 -1.3843607
vt 0.25126004 0.87265
vn -1.3696575E-07 -0.07463436 -0.997211
v 0.89712715 11.54882 -1.2086306
vt 0.16935998 0.81197
vn 0.21902011 -0.10786655 -0.9697397
v 5.1501047E-07 11.512461 -1.2870332
vt 0.25126004 0.80561
vn -1.3368623E-07 -0.087670445 -0.99614954
v -0.8971262 11.54882 -1.2086307
vt 0.32674003 0.81197
vn -0.21902035 -0.1078666 -0.9697396
v -0.85596955 12.30395 -1.3304608
vt 0.32427 0.88248
vn -0.22465612 -0.06153711 -0.9724931
vt 0.31558 0.94498
vt 0.43934 0.79368
v 1.6590103 11.883728 -0.9279501
vt 0.38769996 0.77816
vn 0.44388178 -0.5083308 -0.737949
vt 0.42071998 0.81097
v 1.3926331 11.44569 -0.97415
vt 0.37804997 0.72735
vn 0.6754303 -0.18236466 -0.7145188
v 1.77955 11.6705885 -0.37819088
vt 0.33086002 0.76179
vn 0.74767363 -0.66406417 -0.0017496097
v 1.6858016 11.363601 -0.3979837
vt 0.33086002 0.71442
vn 0.99055845 -0.07513903 -0.114665575
v 1.5683966 11.44237 0.34466
vt 0.23215997 0.71666
vn 0.88979024 -0.054010637 0.45316243
v 1.6579474 11.931968 0.31937
vt 0.23215997 0.7687
vn 0.5827234 -0.5004921 0.6402665
vt 0.18334997 0.8007
v 1.0938243 11.37659 0.92595994
vt 0.12605 0.71168
vn 0.5299315 0.06805279 0.84530556
vt 0.12605 0.78899
v 0.50274277 11.28742 1.1730701
vt 0.05157 0.70256
vn 0.2624847 0.08882377 0.96083933
vt 0.050939977 0.7808
v 0 11.26764 1.2448
vt 0.005469978 0.70054
vn 1.0609435E-07 0.07653177 0.99706715
v 8.301877E-07 12.04001 1.193729
vt 0.005469978 0.7808
vn 9.727759E-08 0.2257769 0.974179
vt 0.049679995 0.83872
v 7.313124E-07 12.58472 1.0218091
vt 0.005469978 0.83525
vn 5.975365E-08 0.356831 0.934169
vt 0.049679995 0.88427
v 6.458504E-07 13.022631 0.845129
vt 0.005469978 0.88004
vn 2.4681128E-07 -0.45415282 0.89092386
v 0.52538055 13.15185 0.8189489
vt 0.049679995 0.89326
vn 0.4219482 -0.5768016 0.699471
v 6.506216E-07 13.10605 0.94707906
vt 0.005469978 0.88858
vn -0.012728689 -0.36829627 0.9296214
v 0.5157804 13.70652 0.89832896
vt 0.049679995 0.93683
vn 0.4092974 0.20389873 0.88932616
v 5.9004014E-07 13.664371 1.0334691
vt 0.005469978 0.93252
vn -0.031260375 0.5474674 0.8362429
v 0.4741805 13.8062 0.795649
vt 0.049679995 0.96548
vn -0.07574833 0.99710405 -0.00676311
v 5.5233704E-07 13.76895 0.8798689
vt 0.005469978 0.96168
vn 0.012779465 0.96476805 -0.26279134
v 6.0455204E-07 12.96588 0.5306317
vt 0.005469978 0.99767
vn 0.018074745 0.390043 -0.92061925
v 0.37062055 13.026461 0.47656173
vt 0.049679995 0.99767
vn -0.5689237 0.41069266 -0.7125008
v -1.3926331 11.44569 -0.97415006
vn -0.6754304 -0.18236463 -0.71451867
vt 0.43934 0.7293
v -0.9165327 10.456551 -1.1360972
vt 0.43934 0.63573
vn -0.4065861 0.030554488 -0.91310143
vt 0.49438 0.72558
v 0 10.456551 -1.2211518
vt 0.49438 0.63573
vn -1.0622029E-07 0.059118923 -0.99825096
v 0.9165327 10.456551 -1.1360972
vn 0.4065859 0.030554486 -0.9131015
vt 0.05440998 0.95965
vt 0.13457 0.95331
vt 0.05440998 0.95331
v 1.0553027 13.297041 0.42854398
vt 0.13457 0.95965
vn 0.7999757 -0.34585243 0.49033156
vt 0.24414998 0.95331
v 1.3098707 13.521519 -0.34448084
vt 0.24414998 0.95965
vn 0.99685967 -0.048737675 -0.06241417
v 1.0588902 13.56489 -0.8512139
vt 0.34310997 0.95965
vn 0.76799035 -0.14245832 -0.6244169
vt 0.34310997 0.95331
v 0.5989301 13.560221 -1.231501
vt 0.42043 0.95965
vn 0.39689946 -0.24217169 -0.8853382
vt 0.42043 0.95331
v 2.3605844E-07 13.5553 -1.3400009
vt 0.49774003 0.95965
vn -3.7987522E-08 -0.42814085 -0.90371203
vt 0.49774003 0.95331
v -0.59892976 13.560221 -1.231501
vn -0.3968996 -0.24217176 -0.8853381
v -1.0048995 13.472369 -0.8635907
vn -0.74899656 -0.07241231 -0.6586051
v -1.0588895 13.56489 -0.85121375
vn -0.7679904 -0.14245878 -0.62441677
v -0.5558798 14.234151 -1.196721
vt 0.42043996 0.98721
vn -0.38160092 0.5625261 -0.7334475
v -0.9746596 14.19563 -0.8501108
vt 0.34310997 0.98721
vn -0.7007409 0.5630187 -0.43814626
v -1.3098702 13.521519 -0.34448084
vn -0.9968596 -0.04873855 -0.062414248
v -1.232222 14.08019 -0.26206088
vt 0.24414998 0.98721
vn -0.7658834 0.6311356 0.12284357
v -0.9760544 13.843302 0.50467396
vt 0.13455999 0.98721
vn -0.6601988 0.4575216 0.5956606
v -1.0553015 13.297041 0.428544
vn -0.7941512 -0.33635354 0.50615233
v -0.4793894 13.70652 0.86745906
vt 0.054400027 0.98721
vn -0.4037444 0.2276984 0.8860835
v -0.52537936 13.15185 0.81894904
vn -0.42496142 -0.5572748 0.7133391
v -0.9297187 13.181225 0.3689141
vn -0.6739087 0.0074085286 0.73877746
v -0.47692934 13.06391 0.7368691
vn -0.4008067 -0.084557235 0.9122522
v 0.9760553 13.843302 0.50467396
vn 0.6805854 0.4575766 0.5722126
v 1.2322227 14.08019 -0.2620609
vn 0.76588327 0.63113576 0.122843556
v 0.9746601 14.19563 -0.8501108
vn 0.70074064 0.56301904 -0.4381463
v 0.5558801 14.234151 -1.196721
vn 0.38160047 0.5625264 -0.7334474
v 1.5334808E-07 14.23103 -1.2959208
vt 0.49775004 0.98721
vn -2.3354015E-07 0.3752107 -0.9269396
v 1.6008289E-07 14.27836 -1.2121308
vt 0.49775004 0.97216
vn -2.399966E-07 0.9999763 -0.00688981
v 0.51002014 14.283381 -1.1053909
vt 0.42043996 0.97216
vn -0.16064295 0.8643133 0.4766093
v 0.8793101 14.2644 -0.7827509
vt 0.34310997 0.97216
vn -0.21220842 0.92736953 0.30814505
v 1.1395422 14.145923 -0.2305109
vt 0.24414998 0.97216
vn -0.50727683 0.851178 0.13478258
v 0.89948106 13.930511 0.43165398
vt 0.13455999 0.97216
vn -0.44348675 0.8950719 -0.04653874
vt 0.054400027 0.97216
vt 0.054400027 0.99809
v 0.67120045 13.21976 0.16980171
vt 0.13455999 0.99809
vn -0.83104414 0.40670106 -0.37942046
v 0.7705104 13.307711 -0.030528244
vt 0.19001997 0.99809
vn -0.90344775 0.3627835 -0.22840835
v 0.8579403 13.41064 -0.24911816
vt 0.24414998 0.99809
vn -0.89917743 0.34846237 0.2646772
v 0.63932025 13.482739 -0.656248
vt 0.34310997 0.99809
vn -0.6530321 0.33675238 0.6783413
v 0.41035023 13.56001 -0.83809793
vt 0.42043996 0.99809
vn -0.36375517 0.36654752 0.85634404
v 2.9142484E-07 13.5946 -0.9497781
vt 0.49775004 0.99809
vn 5.3282943E-08 0.3657379 0.9307179
v -0.5100198 14.283381 -1.1053909
vn 0.16064271 0.86431336 0.4766093
v -0.8793097 14.2644 -0.7827508
vn 0.21220809 0.9273696 0.3081451
v -1.1395415 14.145923 -0.23051088
vn 0.5072764 0.85117817 0.1347826
v -0.8994802 13.930511 0.431654
vn 0.44435632 0.8940383 -0.056948204
v -0.43778944 13.8062 0.7647789
vn 0.07978978 0.9966817 -0.016098067
v 2.2021942 11.778449 -0.31289
vt 0.56184 0.99569
vn 0.20122659 -0.9629177 -0.1797148
vt 0.51166 0.9332
vt 0.52101 0.99456
v 2.047443 12.034759 -0.88732004
vt 0.55421 0.94082
vn 0.17546575 -0.45691672 -0.87203145
vt 0.50313 0.87047
v 1.7952833 12.819379 -1.0266873
vt 0.53854 0.87022
vn 0.06232185 0.36070126 -0.93059695
v 2.3373759 12.694526 -1.1105106
vt 0.58071 0.879
vn 0.021419019 0.32797423 -0.9444438
v 2.6447861 13.038922 -0.82977074
vt 0.6242 0.82619
vn 0.111995734 0.77572966 -0.62104785
v 2.4411347 13.065267 -0.85894
vt 0.6002 0.82174
vn -0.030690609 0.80461234 -0.59300685
v 2.0589201 13.011015 -0.83240837
vt 0.56973 0.82499
vn 0.07555602 0.8042685 -0.5894435
v 2.0820212 13.2233515 -0.29849002
vt 0.57992 0.76726
vn 0.01836647 0.99934566 -0.031160472
v 2.4865193 13.319636 -0.29818004
vt 0.60957 0.76869
vn 0.042256545 0.99362534 -0.104513556
v 2.7182229 13.265135 -0.2921808
vt 0.63579 0.76844
vn 0.11911196 0.9928689 0.004876867
v 2.6557631 13.041663 0.24837916
vt 0.62543 0.70995
vn 0.12597834 0.7412964 0.65924895
v 3.8946161 13.014663 0.24032931
vt 0.72088 0.70518
vn 0.0037507692 0.74223936 0.6701243
v 3.845085 12.7273 0.39737934
vt 0.71001 0.65263
vn 0.015030997 0.11778356 0.9929255
v 2.3092556 12.715386 0.5152593
vt 0.58397 0.64942
vn 0.08782354 0.26770747 0.9594893
v 2.0616808 12.0276785 0.26047
vt 0.55481 0.56366
vn 0.21190797 -0.70277447 0.67911935
v 3.894616 12.185312 0.2455694
vt 0.72088 0.57865
vn 0.03944881 -0.65489984 0.7546854
vt 0.56184 0.50524
vt 0.52101 0.50524
vt 0.52128 0.55852
v 1.9086926 12.44958 0.56691
vt 0.53923 0.61161
vn 0.20104256 -0.22582844 0.9531964
vt 0.50073 0.63723
v 1.8352704 12.729626 0.50287914
vt 0.53852 0.65456
vn 0.041015066 0.40276858 0.91438246
v 2.043044 13.016003 0.25900987
vt 0.57062 0.70578
vn 0.04083064 0.7538711 0.6557524
v 2.4302883 13.074742 0.29094997
vt 0.5999 0.71113
vn 0.023287626 0.7611857 0.64811575
vt 0.49095 0.85294
vt 0.47112 0.86824
vt 0.49778998 0.85541
v 1.6919959 13.128294 -0.8504788
vt 0.47538996 0.85833
vn 0.0937087 0.81540567 -0.571255
vt 0.45948 0.8629
v 1.6358964 13.302348 -0.29631084
vt 0.46404004 0.8539
vn 0.13020848 0.99148095 0.0033636994
vt 0.44804 0.85752
v 1.7167758 13.140356 0.25823385
vt 0.45117998 0.84764
vn 0.09616052 0.7950512 0.5988713
vt 0.42959 0.8544
vt 0.44649 0.83137
vt 0.4379 0.81819
vt 0.47954 0.84551
vt 0.46973002 0.8414
vt 0.45630002 0.83645
v -0.48606926 12.618609 0.9264291
vn -0.29013896 0.36294276 0.8854897
v -0.9955592 12.68033 0.6818092
vn -0.3540931 0.43493077 0.8279211
v -0.48461914 12.052381 1.108459
vn -0.27518386 0.18965052 0.9425002
v -1.0409892 12.13239 0.85028917
vn -0.38840935 0.20346917 0.89874274
v -0.37061942 13.026461 0.47656175
vn 0.5480871 0.38453624 -0.7427869
v -0.50274277 11.28742 1.17307
vn -0.26248452 0.08882377 0.96083933
v -1.0938243 11.37659 0.92596
vn -0.52993125 0.0680528 0.8453057
v -0.54983586 10.456551 1.2309306
vt 0.05157 0.63573
vn -0.24328904 0.19627364 0.949888
v -1.1722763 10.456551 0.98633456
vt 0.12605 0.63573
vn -0.5700983 0.21793815 0.7921433
v -1.5683966 11.44237 0.34466
vn -0.8897901 -0.05401064 0.4531626
v -1.6791447 10.460741 0.39158198
vt 0.23215997 0.63573
vn -0.90808827 0.20680049 0.36415553
v -1.6858016 11.363601 -0.3979837
vn -0.99055845 -0.07513903 -0.11466537
v -1.7216709 10.456551 -0.357319
vt 0.33086002 0.63573
vn -0.9408502 0.092469536 -0.32596067
v -1.777745 9.862317 -0.54627484
vt 0.33086002 0.57757
vn -0.88748026 -0.07481171 -0.45473292
v -1.0243813 9.866897 -1.1961331
vt 0.43934 0.57757
vn -0.3798422 -0.17595889 -0.90816206
v 0 9.852237 -1.2948277
vt 0.49438 0.57757
vn -1.0313375E-07 -0.24610266 -0.9692438
v 1.0243813 9.866897 -1.1961331
vn 0.379842 -0.17595887 -0.9081622
v 1.7777452 9.862317 -0.5462748
vn 0.88748014 -0.07481171 -0.4547331
v 1.7216709 10.456551 -0.357319
vn 0.9408501 0.092469536 -0.32596084
v 1.6791447 10.460741 0.39158198
vn 0.9080884 0.20680049 0.36415535
v 1.1722763 10.456551 0.9863346
vn 0.5700984 0.21793815 0.79214317
v 0.54983586 10.456551 1.2309307
vn 0.24328923 0.1962736 0.94988793
v 1.4210855E-14 10.456551 1.3067268
vt 0.005469978 0.63573
vn 1.0524872E-07 0.14710978 0.9891202
v 1.4210855E-14 9.852237 1.4868495
vt 0.005469978 0.57757
vn 1.0621301E-07 0.060265314 0.9981824
v 0.55072945 9.852237 1.4367285
vt 0.05157 0.57757
vn 0.24419649 -0.08461317 0.9660273
v 1.3708808 9.862317 1.1006284
vt 0.12605 0.57757
vn 0.6004739 -0.03728764 0.79877454
v 1.8425413 9.862317 0.46453997
vt 0.23215997 0.57757
vn 0.9586597 -0.022457873 0.2836676
v 1.7720351 9.412893 0.22810999
vt 0.23215997 0.52784
vn 0.96659344 -0.17625642 0.18609358
v 1.6354727 9.411584 -0.33875477
vt 0.33086002 0.52784
vn 0.82911783 -0.26169574 -0.49404347
v 0.88726985 9.412893 -0.99240005
vt 0.43934 0.52784
vn 0.39777666 -0.24226311 -0.8849194
v 0 9.412893 -1.10188
vt 0.49438 0.52784
vn -1.05396595E-07 -0.13744193 -0.99050987
v -0.88726985 9.412893 -0.9924
vn -0.39777687 -0.24226311 -0.88491935
v -1.6354727 9.411584 -0.33875477
vn -0.82911795 -0.26169574 -0.4940433
v -1.7720351 9.412893 0.22810999
vn -0.96659344 -0.17625642 0.18609379
v -1.8425413 9.862317 0.46453997
vn -0.9586596 -0.022457872 0.28366777
v -1.3708808 9.862317 1.1006284
vn -0.60047376 -0.03728765 0.79877466
v -0.55072945 9.852237 1.4367284
vn -0.24419628 -0.08461317 0.9660273
v 2.842171E-14 9.412893 1.27308
vt 0.005469978 0.52784
vn 1.0103248E-07 -0.31377906 0.94949603
v 0.52215827 9.412893 1.1990402
vt 0.05157 0.52784
vn 0.23683275 -0.22700676 0.94465774
v 1.3429035 9.415033 0.91622
vt 0.12605 0.52784
vn 0.60031813 -0.19382155 0.7759197
v 1.340993 9.037513 0.90669006
vt 0.12605 0.49993002
vn 0.71436864 -0.026811292 0.69925576
v 1.7573566 9.037513 0.22810999
vt 0.23215997 0.49993002
vn 0.99896294 -0.04188192 0.017860156
v 1.6194568 9.037513 -0.33204478
vt 0.33086002 0.49993002
vn 0.7967866 -0.034338992 -0.6032843
v 0.8808489 9.037513 -0.99240005
vt 0.43934 0.49993002
vn 0.31690437 -0.004687834 -0.9484459
v 0 9.037513 -1.10188
vt 0.49438 0.49993002
vn -1.0640641E-07 3.19012E-14 -1
v -0.8808489 9.037513 -0.9924
vn -0.31690457 -0.0046878345 -0.94844586
v -1.6194568 9.037513 -0.33204478
vn -0.7967867 -0.034338996 -0.6032842
v -1.7573566 9.037513 0.22810999
vn -0.99896294 -0.04188191 0.017860372
v -1.340993 9.037513 0.90669
vn -0.7143685 -0.026811294 0.6992559
v -1.3429035 9.415033 0.91621995
vn -0.600318 -0.19382153 0.7759198
v -0.52215827 9.412893 1.19904
vn -0.23683254 -0.22700676 0.94465774
v 0 9.037513 1.27451
vt 0.005469978 0.49993002
vn 1.0640622E-07 0.0019051357 0.9999982
v 0.52215827 9.037513 1.1990402
vt 0.05157 0.49993002
vn 0.26947013 -0.008525262 0.96297103
v -0.52215827 9.037513 1.19904
vn -0.26946998 -0.008525263 0.9629711
v -0.41034964 13.56001 -0.83809793
vn 0.36375526 0.36654758 0.856344
v -0.63931966 13.482739 -0.6562481
vn 0.6530321 0.3367525 0.6783412
v -0.8579395 13.41064 -0.24911816
vn 0.8991773 0.34846267 0.26467717
v -0.7705094 13.307711 -0.030528234
vn 0.90344757 0.36278382 -0.22840843
v -0.6711994 13.21976 0.1698017
vn 0.831044 0.4067014 -0.3794205
v -0.08303933 13.020441 0.943709
vt 0.44984996 0.81088
vn -0.41628823 0.7064215 0.5724271
v -9.333585E-06 13.032969 0.98641896
vt 0.46182 0.81088
vn -3.8423786E-05 0.7762027 0.63048345
v -9.2320415E-06 12.52211 1.204419
vt 0.46182 0.75117
vn -6.69132E-05 0.11755969 0.99306583
v 0.08306065 13.020431 0.943709
vt 0.47378004 0.81088
vn 0.4162276 0.70642394 0.57246816
v 0.114510745 12.500251 1.142379
vt 0.47378004 0.75117
vn 0.36100337 -0.44093567 0.82173735
v -0.114499226 12.500251 1.1423792
vt 0.44984996 0.75117
vn -0.36107522 -0.44094646 0.82170004
v 5.7659807 12.132687 -0.2565078
vt 0.96348 0.50524
vn 0.9799087 0.1792601 -0.0874344
v 5.5010004 12.580414 0.027971521
vt 0.99693 0.6067
vn 0.9503524 -0.21397604 0.22593077
v 5.501001 12.438847 -0.23363851
vt 0.99693 0.50524
vn 0.9489172 -0.30445802 -0.08283459
v 5.7733502 12.328969 0.20682393
vt 0.96348 0.59658
vn 0.97552556 -0.008710988 -0.21971343
v 5.5010004 12.903567 0.027952895
vt 0.99571 0.68981
vn 0.9693605 -0.23277909 -0.07844891
v 5.7788806 12.747919 0.3794362
vt 0.96348 0.65314
vn 0.99973583 -0.016862132 -0.0156189455
v 5.7695403 13.042623 0.23166071
vt 0.96348 0.71044
vn 0.9965555 -0.05598368 -0.061179794
v 5.753611 13.198571 -0.2758712
vt 0.96348 0.77054
vn 0.93410677 -0.34065953 -0.1067505
v 5.501001 13.033353 -0.23363861
vt 0.99693 0.77786
vn 0.89530975 0.19559027 0.40020618
v 5.759081 13.042232 -0.66516936
vt 0.96348 0.8249
vn 0.94139206 -0.2827008 0.18401438
v 5.501001 12.903567 -0.51338714
vt 0.99815 0.8471
vn 0.9409513 0.3322099 -0.065171756
v 5.767231 12.747919 -0.7947111
vt 0.96348 0.87396
vn 0.95691174 0.003945976 0.2903523
v 5.501001 12.580424 -0.5113989
vt 0.99693 0.92845
vn 0.95490396 0.0038311293 -0.29689014
v 5.769571 12.307789 -0.6213293
vt 0.96348 0.9227
vn 0.97138923 0.19234663 0.13930453
vt 0.99693 0.99569
vt 0.96348 0.99569
v 5.710781 12.062846 -0.26519597
vt 0.95417 0.99569
vn 0.5305768 -0.84746087 -0.017273437
v 5.714171 12.256039 -0.6790388
vt 0.95417 0.92508
vn 0.5413853 -0.5820493 -0.6067294
v 5.711421 12.747919 -0.8740045
vt 0.95417 0.87517
vn 0.56004673 0.0054665687 -0.828443
v 5.705751 13.097682 -0.72908306
vt 0.95417 0.82537
vn 0.56547165 0.5964853 -0.5696026
v 5.701971 13.271569 -0.27587122
vt 0.95417 0.76982
vn 0.5315834 0.8467668 -0.020127775
v 5.7115107 13.086644 0.2904904
vt 0.95417 0.70846
vn 0.5186538 0.6506294 0.5546889
v 5.7179203 12.747919 0.45522314
vt 0.95417 0.65153
vn 0.51779205 0.027263625 0.855072
v 5.7162704 12.276249 0.26001412
vt 0.95417 0.59357
vn 0.5165922 -0.61064714 0.6002022
vt 0.95417 0.50524
v -1.2773745 13.120261 0.20680258
vn -0.16009957 0.7955146 0.58440113
v -1.2384906 13.340218 -0.29623
vn -0.8689577 0.47818053 -0.12749875
v -1.36395 12.738051 0.51268107
vn -0.15780558 0.44355533 0.88224494
v -1.4934789 12.275001 0.60835
vn -0.4288451 0.011410491 0.903306
v -1.3283046 13.113347 -0.8174903
vn -0.33332103 0.6338094 -0.6979849
v -1.44406 12.599441 -1.1719801
vn -0.29656458 0.12778986 -0.9464245
v -1.6579474 11.931968 0.31937
vn -0.58272326 -0.5004921 0.6402666
v -1.77955 11.6705885 -0.37819088
vn -0.74767363 -0.66406417 -0.0017494507
v -1.6590103 11.883728 -0.92795
vn -0.44388196 -0.5083308 -0.7379489
v -1.8352679 12.729628 0.5028791
vn -0.037775386 0.40629426 0.9129611
v -1.7030374 13.131241 0.2582338
vn -0.09077214 0.79523456 0.59946847
v -1.6358908 13.302345 -0.2963108
vn -0.12793426 0.9917816 0.001459419
v -1.6788293 13.119585 -0.8504789
vn -0.089241445 0.8147474 -0.57290727
v -1.7952812 12.81938 -1.0266871
vn -0.06098566 0.36532915 -0.92887855
v 4.27295 11.955073 -0.25698
vt 0.75276 0.50524
vn -0.115027115 -0.9908415 0.070724666
v 4.4932017 12.210782 0.25079942
vt 0.77844 0.58117
vn -0.24252981 -0.592696 0.76804346
v 4.724193 12.096891 0.36596948
vt 0.80725 0.58014
vn 0.05086232 -0.6819233 0.7296531
v 4.472163 11.89389 -0.2517504
vt 0.78205 0.50524
vn 0.047183447 -0.9794514 -0.19608346
v 4.9015203 12.187983 0.25079948
vt 0.8279 0.57893
vn 0.42296576 -0.62037516 0.6604806
v 4.6747227 12.010819 -0.2686004
vt 0.80778 0.50524
vn 0.27209684 -0.9402269 -0.20478432
v 5.127868 12.243882 0.21376674
vt 0.86722 0.59109
vn -0.36463788 -0.7584682 0.5401529
v 5.1383276 12.09447 -0.2599316
vt 0.86722 0.50524
vn -0.43654555 -0.8868723 -0.15127999
v 5.1766615 12.197552 0.30668724
vt 0.88213 0.5932
vn -0.5537066 -0.5906395 0.5869873
v 5.156854 11.963619 -0.26522538
vt 0.88213 0.50524
vn -0.5548861 -0.83178216 -0.0154863335
v 5.1727657 12.743679 0.5386157
vt 0.88213 0.65404
vn -0.57763344 0.011296979 0.81621814
v 5.169519 13.163531 0.3415531
vt 0.88213 0.70648
vn -0.579074 0.6091848 0.54181844
v 5.166706 13.369295 -0.28261667
vt 0.88213 0.7694
vn -0.55851746 0.8293227 -0.016800009
v 5.1697335 13.168773 -0.8125799
vt 0.88213 0.82757
vn -0.5708407 0.5899947 -0.5710054
v 5.1727657 12.743679 -0.9823626
vt 0.88213 0.8764
vn -0.5529008 -0.01149963 -0.8331678
v 5.1766734 12.181462 -0.74094605
vt 0.88213 0.93093
vn -0.5456532 -0.5738463 -0.61070704
vt 0.88213 0.99569
v 5.135682 12.241571 -0.6693125
vt 0.86722 0.92734
vn -0.46380705 -0.5299719 -0.70993865
vt 0.86722 0.99569
v 4.6092677 12.276152 -0.7201804
vt 0.79522 0.93179
vn 0.11414112 -0.70022434 -0.7047395
vt 0.80778 0.99569
v 4.264364 12.244113 -0.70539004
vt 0.75466 0.93644
vn 0.022074137 -0.7273562 -0.68590504
vt 0.78205 0.99569
vt 0.75276 0.99569
v 4.39097 12.52632 -0.91097003
vt 0.76636 0.90291
vn 0.09813127 -0.27107865 -0.957542
v 4.3829017 12.893284 -0.9139001
vt 0.76561 0.84968
vn 0.099788554 0.41517144 -0.9042538
v 4.251833 13.069315 -0.7141101
vt 0.7535 0.82027
vn -0.112484425 0.7948631 -0.5962717
v 4.2738376 13.267214 -0.26202
vt 0.75085 0.77
vn -0.25298607 0.9589095 0.12841608
v 4.4932017 13.011342 0.25603932
vt 0.78175 0.7035
vn -0.2889425 0.617814 0.7313126
v 4.562841 12.7273 0.42064935
vt 0.78991 0.65275
vn -0.25469688 0.083791435 0.9633839
v 4.7947335 12.7273 0.5179893
vt 0.81808 0.64927
vn 0.05727129 0.077920265 0.9953132
v 4.9578547 12.727309 0.4297194
vt 0.83662 0.65193
vn 0.44403574 0.088977054 0.8915802
v 5.137851 12.743679 0.37258887
vt 0.86722 0.65413
vn -0.24230358 0.08193674 0.9667344
v 4.6097617 12.7273 -0.89771056
vt 0.79545 0.87418
vn 0.19122918 0.05319467 -0.98010296
v 4.6162786 13.067212 -0.7219006
vt 0.79588 0.82104
vn 0.15413783 0.76564616 -0.62452185
v 4.467725 13.385847 -0.2488707
vt 0.78188 0.7675
vn 0.08838246 0.99030614 -0.107155345
v 4.7235427 13.144502 0.3580593
vt 0.81049 0.70524
vn -0.12185061 0.72279537 0.68023473
v 5.1304526 13.071502 -0.6481189
vt 0.86722 0.81408
vn -0.45004943 0.5924677 -0.66815984
v 5.1285625 13.236725 -0.25848722
vt 0.86722 0.7691
vn -0.46844643 0.876841 -0.10820327
v 5.1309395 12.743679 -0.82585156
vt 0.86722 0.871
vn -0.5788895 0.05289827 -0.8136884
v 4.907196 13.0594225 0.24065928
vt 0.83176 0.70867
vn 0.37790474 0.74319047 0.5521377
v 5.124682 13.021222 0.22304006
vt 0.86722 0.70569
vn -0.41915503 0.73761857 0.5293656
v 4.669415 13.274463 -0.25698066
vt 0.80892 0.7694
vn 0.2721478 0.9622135 0.008984414
vt 0.5124 0.76252
v 6.268001 12.874498 -0.0027974397
vt 0.54264 0.77342
vn 0.18212017 0.5082404 0.8417387
vt 0.5124 0.77207
v 6.268001 13.003782 -0.23431568
vt 0.54264 0.76583
vn 0.17222036 0.9850189 0.008827183
v 6.268001 12.874488 -0.46419835
vn 0.18961638 0.49237156 -0.8494798
vt 0.5124 0.78897
v 6.268001 12.645084 -0.46419832
vt 0.54264 0.78672
vn 0.20287839 -0.49904585 -0.8424925
vt 0.5124 0.79555
v 6.268001 12.51115 -0.2343156
vt 0.54264 0.79276
vn 0.19492963 -0.98081017 -0.003739508
v 6.268001 12.645097 -0.00279741
vn 0.18392143 -0.48857996 0.85291415
v 6.419981 12.665864 -0.046398073
vt 0.55089 0.78672
vn 0.60482544 -0.3000497 0.7376696
v 6.419981 12.852332 -0.04639809
vt 0.55089 0.77342
vn 0.6064182 0.50055647 0.617819
v 6.419981 12.957422 -0.23431566
vt 0.55089 0.76583
vn 0.59580714 0.7951439 -0.112960935
v 6.419981 12.852341 -0.42059764
vn 0.6091259 0.2990612 -0.73452574
v 6.419981 12.665864 -0.4205976
vn 0.5989364 -0.49730638 -0.6276636
v 6.419981 12.557009 -0.2343156
vt 0.55089 0.79276
vn 0.5900891 -0.79931885 0.113509215
v 6.517981 12.753552 -0.23431563
vt 0.55641 0.77957
vn 0.9999904 -0.004165906 -0.0013647823
v -4.4677224 13.385848 -0.2488706
vn -0.08838269 0.99030614 -0.10715527
v -4.251833 13.069315 -0.71411
vn 0.11248489 0.7948632 -0.5962714
v -4.2738376 13.267214 -0.26202
vn 0.25298735 0.95890915 0.12841584
v -2.058919 13.011006 -0.8324083
vn -0.06728251 0.8042649 -0.59044987
v -2.0820205 13.223344 -0.29849017
vn -0.012162664 0.9995495 -0.027440017
v -2.0430417 13.015997 0.25900975
vn -0.029642573 0.75633913 0.6535078
v -5.5009985 12.580416 0.02797155
vn -0.95035243 -0.21397583 0.22593062
v -5.765978 12.1326885 -0.25650784
vn -0.97990865 0.17926063 -0.087434486
v -5.500998 12.4388485 -0.23363848
vn -0.94891727 -0.30445758 -0.08283458
v -5.7733483 12.328971 0.20682399
vn -0.9755255 -0.008710779 -0.21971385
v -5.5009985 12.903569 0.027952924
vn -0.9693603 -0.23277955 -0.07844955
v -5.7788787 12.747921 0.3794362
vn -0.99973583 -0.016862184 -0.015619322
v -5.7695384 13.0426235 0.2316608
vn -0.9965555 -0.055984028 -0.06118005
v -5.7536087 13.198572 -0.2758711
vn -0.9341066 -0.3406601 -0.106750615
v -5.500998 13.033354 -0.23363853
vn -0.8953095 0.19558975 0.40020683
v -5.7590785 13.0422325 -0.6651693
vn -0.9413918 -0.28270137 0.18401475
v -5.500998 12.903569 -0.5133871
vn -0.9409513 0.3322099 -0.06517117
v -5.7672286 12.747921 -0.7947111
vn -0.9569115 0.003945909 0.29035294
v -5.500998 12.580426 -0.51139885
vn -0.9549041 0.003831425 -0.29688984
v -5.7695684 12.307791 -0.6213293
vn -0.9713891 0.19234706 0.13930492
v -5.710778 12.062848 -0.26519594
vn -0.5305766 -0.8474609 -0.017273508
v -5.7141685 12.256041 -0.67903876
vn -0.54138535 -0.58204925 -0.6067295
v -5.7114186 12.747921 -0.8740045
vn -0.5600469 0.0054666214 -0.8284429
v -5.7057486 13.097683 -0.729083
vn -0.5654718 0.5964852 -0.5696025
v -5.7019687 13.27157 -0.2758711
vn -0.5315836 0.8467667 -0.020127691
v -5.7115088 13.086645 0.29049045
vn -0.5186537 0.6506293 0.55468905
v -5.7179184 12.747921 0.45522314
vn -0.5177918 0.027263518 0.85507214
v -5.7162685 12.276251 0.26001418
vn -0.51659185 -0.61064726 0.60020226
v -2.0616808 12.0276785 0.26047
vn -0.211908 -0.70277447 0.6791194
v -2.309253 12.715387 0.51525927
vn -0.08782334 0.26771072 0.95948845
v -1.9086924 12.44958 0.56690997
vn -0.20104256 -0.22582835 0.95319647
v -3.8450828 12.727302 0.39737934
vn -0.015030407 0.117784485 0.9929254
v -2.6557598 13.04166 0.24837917
vn -0.12597924 0.74129725 0.65924776
v -2.430287 13.0747385 0.29094997
vn -0.02328702 0.76118714 0.6481141
v -2.4865205 13.3196335 -0.29818007
vn -0.04225516 0.9936252 -0.104515426
v -2.7182217 13.265132 -0.29218078
vn -0.11911444 0.9928686 0.004876929
v -2.6447835 13.038919 -0.82977074
vn -0.11199473 0.77573055 -0.62104696
v -2.4411318 13.065261 -0.85894006
vn 0.03069675 0.80461276 -0.59300596
v -2.337375 12.694527 -1.1105105
vn -0.0214185 0.32797998 -0.94444185
v -3.73345 12.727311 -0.92636055
vn 0.045419905 0.086737774 -0.99519527
v -2.047443 12.034759 -0.88732
vn -0.17546609 -0.4569168 -0.8720314
v -4.264364 12.244113 -0.70539
vn -0.022074277 -0.72735626 -0.68590504
v -2.2021942 11.778449 -0.31289
vn -0.20122662 -0.9629177 -0.17971477
v -4.27295 11.955073 -0.25698
vn 0.11502713 -0.9908415 0.07072464
v -4.472161 11.893892 -0.25175047
vn -0.047183298 -0.9794514 -0.19608358
v -4.6747203 12.010821 -0.26860046
vn -0.27209672 -0.940227 -0.20478447
v -4.6092653 12.276154 -0.72018045
vn -0.11414132 -0.7002242 -0.7047395
v -5.138325 12.094472 -0.25993156
vn 0.43654567 -0.8868722 -0.15128009
v -5.1356797 12.241573 -0.66931254
vn 0.463807 -0.52997166 -0.7099388
v -5.156852 11.963621 -0.26522538
vn 0.5548861 -0.83178216 -0.015486416
v -5.176671 12.181464 -0.7409461
vn 0.54565305 -0.57384616 -0.6107072
v -5.172764 12.743681 -0.9823626
vn 0.55290043 -0.011499542 -0.83316797
v -5.169731 13.168774 -0.8125798
vn 0.5708405 0.5899948 -0.5710055
v -5.1667037 13.369296 -0.28261656
vn 0.55851734 0.82932276 -0.016799944
v -5.1695175 13.163532 0.3415532
vn 0.57907397 0.6091847 0.5418185
v -5.172764 12.743681 0.5386157
vn 0.57763356 0.011296925 0.816218
v -5.1766596 12.197554 0.30668724
vn 0.55370677 -0.59063935 0.5869872
v -5.1278663 12.243884 0.21376671
vn 0.36463815 -0.75846815 0.5401529
v -4.901519 12.187984 0.25079942
vn -0.4229655 -0.6203753 0.6604807
v -4.724191 12.096893 0.36596942
vn -0.05086195 -0.6819233 0.7296531
v -4.4932003 12.210784 0.25079942
vn 0.24253015 -0.592696 0.7680434
v -3.8946142 12.185314 0.24556941
vn -0.039448418 -0.65489984 0.7546854
v -5.1378493 12.743681 0.372589
vn 0.24230377 0.08193661 0.96673435
v -4.9578533 12.727311 0.4297194
vn -0.44403544 0.088976964 0.8915804
v -4.7947316 12.727302 0.5179894
vn -0.05727098 0.077920154 0.9953133
v -4.5628395 12.727302 0.4206494
vn 0.25469714 0.08379133 0.96338385
v -5.1246805 13.021224 0.22304015
vn 0.41915494 0.7376185 0.5293658
v -5.12856 13.236727 -0.2584871
vn 0.4684462 0.87684107 -0.10820321
v -5.1304502 13.071504 -0.64811885
vn 0.45004904 0.5924679 -0.6681599
v -5.130937 12.743681 -0.8258515
vn 0.57888925 0.05289837 -0.8136885
v -4.6097593 12.727302 -0.8977105
vn -0.19122957 0.053194765 -0.98010284
v -4.3909707 12.52632 -0.91097
vn -0.09813158 -0.2710786 -0.95754194
v -4.132778 12.52632 -0.92178005
vn 0.06522792 -0.34188238 -0.9374763
v -4.116643 12.886623 -0.92232007
vn 0.054753523 0.34894782 -0.9355413
v -4.3829017 12.893284 -0.9139
vn -0.099788755 0.41517147 -0.9042538
v -4.6162763 13.067214 -0.7219005
vn -0.15413816 0.76564616 -0.6245218
v -4.6694126 13.274464 -0.25698057
vn -0.27214786 0.9622135 0.008984502
v -4.9071946 13.059423 0.2406594
vn -0.37790477 0.74319035 0.5521378
v -4.7235413 13.144504 0.35805935
vn 0.121850654 0.7227953 0.6802348
v -4.4932003 13.011344 0.25603938
vn 0.28894252 0.6178139 0.7313127
v -3.8946142 13.014665 0.24032938
vn -0.0037496304 0.74224013 0.6701235
v -6.2679977 12.8745 -0.0027973652
vn -0.18212 0.5082402 0.8417388
v -6.2679977 13.003783 -0.2343156
vn -0.17222056 0.9850189 0.008827274
v -6.2679977 12.874491 -0.4641983
vn -0.18961675 0.49237156 -0.84947973
v -6.267998 12.645087 -0.46419826
vn -0.2028785 -0.4990457 -0.8424926
v -6.2679977 12.511153 -0.23431556
vn -0.19492944 -0.98081017 -0.0037395945
v -6.2679977 12.645099 -0.0027973503
vn -0.18392102 -0.48858002 0.8529142
v -6.4199777 12.665867 -0.046397984
vn -0.6048251 -0.30004978 0.7376698
v -6.4199777 12.852335 -0.046398
vn -0.6064181 0.5005563 0.6178192
v -6.4199777 12.957424 -0.23431559
vn -0.5958072 0.7951438 -0.112960875
v -6.419978 12.852344 -0.42059755
vn -0.6091261 0.29906112 -0.7345256
v -6.4199777 12.665867 -0.42059755
vn -0.5989364 -0.4973063 -0.6276637
v -6.4199777 12.557012 -0.23431554
vn -0.5900889 -0.79931897 0.11350919
v -6.5179777 12.753555 -0.23431556
vn -0.9999904 -0.0041659484 -0.0013647706
o Mesh_3
g polygon_0
usemtl Joint_0_Object_3_Material_3
f 461/362/464 463/364/466 462/363/465
f 464/365/467 466/367/469 465/366/468
f 467/368/470 464/365/467 465/366/468
f 467/368/470 465/366/468 468/369/471
f 469/370/472 467/368/470 468/369/471
f 469/370/472 468/369/471 470/371/473
f 471/372/474 470/371/473 472/373/475
f 473/374/476 471/372/474 472/373/475
f 474/375/477 473/374/476 472/373/475
f 474/375/477 472/373/475 475/376/478
f 476/377/479 474/375/477 475/376/478
f 469/370/472 478/379/481 477/378/480
f 467/368/470 469/370/472 477/378/480
f 467/368/470 477/378/480 479/380/482
f 464/365/467 467/368/470 479/380/482
f 480/375/483 482/374/485 481/381/484
f 483/382/486 480/375/483 481/381/484
f 474/375/477 483/382/486 481/381/484
f 474/375/477 481/381/484 473/374/476
f 483/383/486 474/385/477 476/384/479
f 484/386/487 483/383/486 476/384/479
f 484/386/487 476/384/479 485/387/488
f 484/386/487 485/387/488 486/388/489
f 484/386/487 486/388/489 487/389/490
f 484/386/487 487/389/490 488/390/491
f 483/383/486 484/386/487 488/390/491
f 483/383/486 488/390/491 480/391/483
f 476/392/479 475/394/478 489/393/492
f 490/395/493 476/392/479 489/393/492
f 490/395/493 489/393/492 491/396/494
f 492/397/495 490/395/493 491/396/494
f 493/398/496 492/397/495 491/396/494
f 493/398/496 491/396/494 494/399/497
f 493/398/496 494/399/497 466/400/469
f 495/401/498 493/398/496 466/400/469
f 495/401/498 466/400/469 464/402/467
f 496/403/499 495/401/498 464/402/467
f 496/403/499 464/402/467 479/404/482
f 497/405/500 496/403/499 479/404/482
f 498/406/501 497/405/500 479/404/482
f 498/406/501 479/404/482 477/407/480
f 499/408/502 498/406/501 477/407/480
f 499/408/502 477/407/480 478/409/481
f 500/410/503 499/408/502 478/409/481
f 500/410/503 478/409/481 501/411/504
f 502/412/505 500/410/503 501/411/504
f 502/412/505 501/411/504 503/413/506
f 504/414/507 502/412/505 503/413/506
f 504/414/507 503/413/506 505/415/508
f 506/416/509 504/414/507 505/415/508
f 507/417/510 506/416/509 505/415/508
f 507/417/510 505/415/508 508/418/511
f 509/395/512 488/392/491 487/419/490
f 510/420/513 509/395/512 487/419/490
f 510/420/513 487/419/490 486/421/489
f 511/422/514 510/420/513 486/421/489
f 512/420/515 511/422/514 486/421/489
f 512/420/515 486/421/489 485/419/488
f 490/395/493 512/420/515 485/419/488
f 490/395/493 485/419/488 476/392/479
f 501/423/504 478/425/481 469/424/472
f 513/426/516 501/423/504 469/424/472
f 513/426/516 469/424/472 470/427/473
f 514/428/517 513/426/516 470/427/473
f 515/429/518 514/428/517 470/427/473
f 515/429/518 470/427/473 471/430/474
f 516/431/519 515/429/518 471/430/474
f 516/431/519 471/430/474 473/432/476
f 517/433/520 516/431/519 473/432/476
f 517/433/520 473/432/476 481/434/484
f 517/433/520 481/434/484 482/432/485
f 518/431/521 517/433/520 482/432/485
f 518/431/521 482/432/485 519/430/522
f 518/431/521 519/430/522 520/429/523
f 521/435/524 518/431/521 520/429/523
f 522/436/525 521/435/524 520/429/523
f 522/436/525 520/429/523 523/428/526
f 524/437/527 522/436/525 523/428/526
f 525/438/528 524/437/527 523/428/526
f 525/438/528 523/428/526 526/426/529
f 527/439/530 525/438/528 526/426/529
f 528/423/531 527/439/530 526/426/529
f 528/423/531 526/426/529 529/424/532
f 530/425/533 528/423/531 529/424/532
f 503/439/506 501/423/504 513/426/516
f 531/438/534 503/439/506 513/426/516
f 531/438/534 513/426/516 514/428/517
f 532/437/535 531/438/534 514/428/517
f 533/436/536 532/437/535 514/428/517
f 533/436/536 514/428/517 515/429/518
f 534/435/537 533/436/536 515/429/518
f 534/435/537 515/429/518 516/431/519
f 535/440/538 534/435/537 516/431/519
f 535/440/538 516/431/519 517/433/520
f 535/440/538 517/433/520 518/431/521
f 535/440/538 518/431/521 521/435/524
f 535/440/538 521/435/524 536/441/539
f 534/435/537 535/440/538 536/441/539
f 534/435/537 536/441/539 537/442/540
f 533/436/536 534/435/537 537/442/540
f 533/436/536 537/442/540 538/443/541
f 532/437/535 533/436/536 538/443/541
f 532/437/535 538/443/541 539/444/542
f 532/437/535 539/444/542 540/445/543
f 531/438/534 532/437/535 540/445/543
f 531/438/534 540/445/543 505/446/508
f 503/439/506 531/438/534 505/446/508
f 508/447/511 505/446/508 540/445/543
f 541/448/544 508/447/511 540/445/543
f 542/449/545 541/448/544 540/445/543
f 542/449/545 540/445/543 539/444/542
f 543/450/546 542/449/545 539/444/542
f 543/450/546 539/444/542 538/443/541
f 544/451/547 543/450/546 538/443/541
f 544/451/547 538/443/541 537/442/540
f 545/452/548 544/451/547 537/442/540
f 546/453/549 545/452/548 537/442/540
f 546/453/549 537/442/540 536/441/539
f 547/442/550 546/453/549 536/441/539
f 547/442/550 536/441/539 521/435/524
f 547/442/550 521/435/524 522/436/525
f 548/443/551 547/442/550 522/436/525
f 548/443/551 522/436/525 524/437/527
f 549/444/552 548/443/551 524/437/527
f 550/445/553 549/444/552 524/437/527
f 550/445/553 524/437/527 525/438/528
f 551/446/554 550/445/553 525/438/528
f 551/446/554 525/438/528 527/439/530
f 552/454/555 491/456/494 489/455/492
f 553/457/556 552/454/555 489/455/492
f 553/457/556 489/455/492 475/458/478
f 553/457/556 475/458/478 554/459/557
f 553/457/556 554/459/557 555/460/558
f 461/362/464 553/457/556 555/460/558
f 556/461/559 461/362/464 555/460/558
f 557/462/560 556/461/559 555/460/558
f 558/463/561 557/462/560 555/460/558
f 558/463/561 555/460/558 554/459/557
f 557/462/560 558/463/561 559/464/562
f 557/462/560 559/464/562 560/465/563
f 556/461/559 557/462/560 560/465/563
f 561/466/564 556/461/559 560/465/563
f 561/466/564 560/465/563 562/467/565
f 563/468/566 561/466/564 562/467/565
f 564/469/567 563/468/566 562/467/565
f 564/469/567 562/467/565 565/470/568
f 564/469/567 565/470/568 566/471/569
f 567/472/570 564/469/567 566/471/569
f 552/473/555 567/472/570 566/471/569
f 491/474/494 552/473/555 566/471/569
f 494/475/497 491/474/494 566/471/569
f 494/475/497 566/471/569 568/476/571
f 466/477/469 494/475/497 568/476/571
f 569/478/572 466/477/469 568/476/571
f 565/470/568 569/478/572 568/476/571
f 565/470/568 568/476/571 566/471/569
f 570/479/573 569/478/572 565/470/568
f 570/479/573 565/470/568 571/480/574
f 559/464/562 570/479/573 571/480/574
f 560/465/563 559/464/562 571/480/574
f 562/467/565 560/465/563 571/480/574
f 562/467/565 571/480/574 565/470/568
f 554/481/557 475/483/478 472/482/475
f 572/484/575 554/481/557 472/482/475
f 572/484/575 472/482/475 470/485/473
f 573/486/576 572/484/575 470/485/473
f 573/486/576 470/485/473 468/487/471
f 574/488/577 573/486/576 468/487/471
f 574/488/577 468/487/471 465/489/468
f 569/490/572 574/488/577 465/489/468
f 569/490/572 465/489/468 466/491/469
f 558/492/561 554/481/557 572/484/575
f 558/492/561 572/484/575 573/486/576
f 559/493/562 558/492/561 573/486/576
f 559/493/562 573/486/576 574/488/577
f 570/494/573 559/493/562 574/488/577
f 570/494/573 574/488/577 569/490/572
f 575/378/578 530/379/533 529/370/532
f 575/378/578 529/370/532 576/368/579
f 577/380/580 575/378/578 576/368/579
f 577/380/580 576/368/579 578/365/581
f 507/417/510 579/418/582 551/415/554
f 506/416/509 507/417/510 551/415/554
f 504/414/507 506/416/509 551/415/554
f 504/414/507 551/415/554 527/413/530
f 502/412/505 504/414/507 527/413/530
f 502/412/505 527/413/530 528/411/531
f 500/410/503 502/412/505 528/411/531
f 500/410/503 528/411/531 530/409/533
f 499/408/502 500/410/503 530/409/533
f 499/408/502 530/409/533 575/407/578
f 498/406/501 499/408/502 575/407/578
f 498/406/501 575/407/578 577/404/580
f 497/405/500 498/406/501 577/404/580
f 580/403/583 497/405/500 577/404/580
f 580/403/583 577/404/580 578/402/581
f 580/403/583 578/402/581 581/401/584
f 582/495/585 580/403/583 581/401/584
f 583/496/586 582/495/585 581/401/584
f 583/496/586 581/401/584 584/398/587
f 585/497/588 583/496/586 584/398/587
f 585/497/588 584/398/587 586/397/589
f 587/498/590 585/497/588 586/397/589
f 587/498/590 586/397/589 509/395/512
f 587/498/590 509/395/512 510/420/513
f 588/499/591 587/498/590 510/420/513
f 589/500/592 588/499/591 510/420/513
f 589/500/592 510/420/513 511/422/514
f 590/501/593 589/500/592 511/422/514
f 591/500/594 590/501/593 511/422/514
f 591/500/594 511/422/514 512/420/515
f 592/499/595 591/500/594 512/420/515
f 593/498/596 592/499/595 512/420/515
f 593/498/596 512/420/515 490/395/493
f 593/498/596 490/395/493 492/397/495
f 594/497/597 593/498/596 492/397/495
f 594/497/597 492/397/495 493/398/496
f 595/496/598 594/497/597 493/398/496
f 595/496/598 493/398/496 495/401/498
f 596/495/599 595/496/598 495/401/498
f 596/495/599 495/401/498 496/403/499
f 597/502/600 596/495/599 496/403/499
f 597/502/600 496/403/499 497/405/500
f 597/502/600 497/405/500 580/403/583
f 597/502/600 580/403/583 582/495/585
f 597/502/600 582/495/585 598/503/601
f 596/495/599 597/502/600 598/503/601
f 596/495/599 598/503/601 599/504/602
f 595/496/598 596/495/599 599/504/602
f 595/496/598 599/504/602 600/505/603
f 594/497/597 595/496/598 600/505/603
f 594/497/597 600/505/603 601/506/604
f 593/498/596 594/497/597 601/506/604
f 592/499/595 593/498/596 601/506/604
f 592/499/595 601/506/604 602/507/605
f 592/499/595 602/507/605 603/508/606
f 591/500/594 592/499/595 603/508/606
f 591/500/594 603/508/606 604/509/607
f 590/501/593 591/500/594 604/509/607
f 590/501/593 604/509/607 605/510/608
f 590/501/593 605/510/608 606/509/609
f 589/500/592 590/501/593 606/509/609
f 589/500/592 606/509/609 607/508/610
f 588/499/591 589/500/592 607/508/610
f 588/499/591 607/508/610 608/507/611
f 588/499/591 608/507/611 609/506/612
f 587/498/590 588/499/591 609/506/612
f 585/497/588 587/498/590 609/506/612
f 585/497/588 609/506/612 610/505/613
f 583/496/586 585/497/588 610/505/613
f 583/496/586 610/505/613 611/504/614
f 582/495/585 583/496/586 611/504/614
f 598/503/601 582/495/585 611/504/614
f 598/503/601 611/504/614 612/511/615
f 599/504/602 598/503/601 612/511/615
f 599/504/602 612/511/615 613/512/616
f 600/505/603 599/504/602 613/512/616
f 600/505/603 613/512/616 614/513/617
f 601/506/604 600/505/603 614/513/617
f 602/507/605 601/506/604 614/513/617
f 602/507/605 614/513/617 615/514/618
f 602/507/605 615/514/618 616/515/619
f 603/508/606 602/507/605 616/515/619
f 603/508/606 616/515/619 617/516/620
f 604/509/607 603/508/606 617/516/620
f 604/509/607 617/516/620 618/517/621
f 605/510/608 604/509/607 618/517/621
f 605/510/608 618/517/621 619/518/622
f 605/510/608 619/518/622 620/517/623
f 606/509/609 605/510/608 620/517/623
f 606/509/609 620/517/623 621/516/624
f 607/508/610 606/509/609 621/516/624
f 607/508/610 621/516/624 622/515/625
f 608/507/611 607/508/610 622/515/625
f 608/507/611 622/515/625 623/514/626
f 608/507/611 623/514/626 624/513/627
f 609/506/612 608/507/611 624/513/627
f 610/505/613 609/506/612 624/513/627
f 610/505/613 624/513/627 625/512/628
f 611/504/614 610/505/613 625/512/628
f 612/511/615 611/504/614 625/512/628
f 612/511/615 625/512/628 626/519/629
f 613/512/616 612/511/615 626/519/629
f 613/512/616 626/519/629 627/520/630
f 614/513/617 613/512/616 627/520/630
f 614/513/617 627/520/630 615/514/618
f 624/513/627 623/514/626 628/520/631
f 625/512/628 624/513/627 628/520/631
f 625/512/628 628/520/631 626/519/629
f 629/452/632 546/453/549 547/442/550
f 630/451/633 629/452/632 547/442/550
f 630/451/633 547/442/550 548/443/551
f 631/450/634 630/451/633 548/443/551
f 631/450/634 548/443/551 549/444/552
f 632/449/635 631/450/634 549/444/552
f 632/449/635 549/444/552 550/445/553
f 633/448/636 632/449/635 550/445/553
f 579/447/582 633/448/636 550/445/553
f 579/447/582 550/445/553 551/446/554
f 634/521/637 636/523/639 635/522/638
f 637/524/640 634/521/637 635/522/638
f 637/524/640 635/522/638 636/523/639
f 638/525/641 637/524/640 636/523/639
f 639/526/642 638/525/641 636/523/639
f 639/526/642 636/523/639 634/521/637
f 640/527/643 642/529/645 641/528/644
f 643/530/646 640/527/643 641/528/644
f 643/530/646 641/528/644 644/531/647
f 645/532/648 643/530/646 644/531/647
f 646/533/649 645/532/648 644/531/647
f 647/534/650 646/533/649 644/531/647
f 647/534/650 644/531/647 648/535/651
f 649/536/652 647/534/650 648/535/651
f 649/536/652 648/535/651 650/537/653
f 651/538/654 649/536/652 650/537/653
f 651/538/654 650/537/653 652/539/655
f 653/540/656 651/538/654 652/539/655
f 653/540/656 652/539/655 642/541/645
f 653/540/656 642/541/645 640/542/643
f 653/540/656 640/542/643 654/543/657
f 653/540/656 654/543/657 655/544/658
f 651/538/654 653/540/656 655/544/658
f 651/538/654 655/544/658 656/545/659
f 649/536/652 651/538/654 656/545/659
f 649/536/652 656/545/659 657/546/660
f 647/534/650 649/536/652 657/546/660
f 647/534/650 657/546/660 658/547/661
f 647/534/650 658/547/661 659/548/662
f 646/533/649 647/534/650 659/548/662
f 646/533/649 659/548/662 660/549/663
f 645/532/648 646/533/649 660/549/663
f 645/532/648 660/549/663 661/550/664
f 643/530/646 645/532/648 661/550/664
f 643/530/646 661/550/664 654/551/657
f 640/527/643 643/530/646 654/551/657
f 529/370/532 663/371/666 662/369/665
f 576/368/579 529/370/532 662/369/665
f 576/368/579 662/369/665 664/366/667
f 578/365/581 576/368/579 664/366/667
f 578/365/581 664/366/667 665/367/668
f 666/373/669 663/371/666 519/372/522
f 666/373/669 519/372/522 482/374/485
f 666/373/669 482/374/485 480/375/483
f 667/376/670 666/373/669 480/375/483
f 667/376/670 480/375/483 488/377/491
f 581/401/584 578/402/581 665/400/668
f 584/398/587 581/401/584 665/400/668
f 584/398/587 665/400/668 668/399/671
f 584/398/587 668/399/671 669/396/672
f 586/397/589 584/398/587 669/396/672
f 509/395/512 586/397/589 669/396/672
f 509/395/512 669/396/672 670/393/673
f 488/392/491 509/395/512 670/393/673
f 488/392/491 670/393/673 667/394/670
f 520/429/523 519/430/522 663/427/666
f 523/428/526 520/429/523 663/427/666
f 526/426/529 523/428/526 663/427/666
f 526/426/529 663/427/666 529/424/532
f 671/490/674 665/491/668 664/489/667
f 672/488/675 671/490/674 664/489/667
f 672/488/675 664/489/667 662/487/665
f 673/486/676 672/488/675 662/487/665
f 673/486/676 662/487/665 663/485/666
f 674/484/677 673/486/676 663/485/666
f 674/484/677 663/485/666 666/482/669
f 675/481/678 674/484/677 666/482/669
f 675/481/678 666/482/669 667/483/670
f 567/472/570 552/473/555 676/552/679
f 677/553/680 567/472/570 676/552/679
f 678/554/681 677/553/680 676/552/679
f 678/554/681 676/552/679 679/555/682
f 680/556/683 678/554/681 679/555/682
f 680/556/683 679/555/682 681/557/684
f 682/558/685 680/556/683 681/557/684
f 682/558/685 681/557/684 683/559/686
f 684/560/687 682/558/685 683/559/686
f 684/560/687 683/559/686 685/561/688
f 684/560/687 685/561/688 654/551/657
f 684/560/687 654/551/657 661/550/664
f 686/562/689 684/560/687 661/550/664
f 686/562/689 661/550/664 660/549/663
f 687/563/690 686/562/689 660/549/663
f 687/563/690 660/549/663 659/548/662
f 688/564/691 687/563/690 659/548/662
f 688/564/691 659/548/662 658/547/661
f 688/564/691 658/547/661 657/546/660
f 689/565/692 688/564/691 657/546/660
f 689/565/692 657/546/660 656/545/659
f 690/566/693 689/565/692 656/545/659
f 690/566/693 656/545/659 655/544/658
f 691/567/694 690/566/693 655/544/658
f 691/567/694 655/544/658 654/543/657
f 691/567/694 654/543/657 685/568/688
f 692/569/695 691/567/694 685/568/688
f 692/569/695 685/568/688 683/570/686
f 693/571/696 692/569/695 683/570/686
f 693/571/696 683/570/686 681/572/684
f 694/573/697 693/571/696 681/572/684
f 694/573/697 681/572/684 679/574/682
f 694/573/697 679/574/682 676/575/679
f 694/573/697 676/575/679 552/454/555
f 694/573/697 552/454/555 553/457/556
f 694/573/697 553/457/556 461/362/464
f 694/573/697 461/362/464 462/363/465
f 695/576/698 694/573/697 462/363/465
f 695/576/698 462/363/465 463/364/466
f 696/577/699 695/576/698 463/364/466
f 697/578/700 696/577/699 463/364/466
f 697/578/700 463/364/466 461/362/464
f 697/578/700 461/362/464 556/461/559
f 698/579/701 697/578/700 556/461/559
f 698/579/701 556/461/559 561/466/564
f 698/579/701 561/466/564 563/468/566
f 699/580/702 698/579/701 563/468/566
f 700/581/703 699/580/702 563/468/566
f 700/581/703 563/468/566 564/469/567
f 700/581/703 564/469/567 567/472/570
f 700/581/703 567/472/570 677/553/680
f 701/582/704 700/581/703 677/553/680
f 701/582/704 677/553/680 678/554/681
f 701/582/704 678/554/681 680/556/683
f 702/583/705 701/582/704 680/556/683
f 703/584/706 702/583/705 680/556/683
f 703/584/706 680/556/683 682/558/685
f 686/562/689 703/584/706 682/558/685
f 686/562/689 682/558/685 684/560/687
f 693/571/696 694/573/697 695/576/698
f 704/585/707 693/571/696 695/576/698
f 704/585/707 695/576/698 696/577/699
f 705/586/708 704/585/707 696/577/699
f 705/586/708 696/577/699 697/578/700
f 706/587/709 705/586/708 697/578/700
f 706/587/709 697/578/700 698/579/701
f 707/588/710 706/587/709 698/579/701
f 707/588/710 698/579/701 699/580/702
f 701/582/704 707/588/710 699/580/702
f 701/582/704 699/580/702 700/581/703
f 689/565/692 690/566/693 708/589/711
f 709/590/712 689/565/692 708/589/711
f 705/586/708 709/590/712 708/589/711
f 704/585/707 705/586/708 708/589/711
f 710/591/713 704/585/707 708/589/711
f 710/591/713 708/589/711 690/566/693
f 710/591/713 690/566/693 691/567/694
f 710/591/713 691/567/694 692/569/695
f 704/585/707 710/591/713 692/569/695
f 704/585/707 692/569/695 693/571/696
f 707/588/710 701/582/704 702/583/705
f 711/592/714 707/588/710 702/583/705
f 711/592/714 702/583/705 703/584/706
f 712/593/715 711/592/714 703/584/706
f 687/563/690 712/593/715 703/584/706
f 687/563/690 703/584/706 686/562/689
f 706/587/709 707/588/710 711/592/714
f 706/587/709 711/592/714 713/594/716
f 705/586/708 706/587/709 713/594/716
f 709/590/712 705/586/708 713/594/716
f 712/593/715 709/590/712 713/594/716
f 712/593/715 713/594/716 711/592/714
f 712/593/715 687/563/690 688/564/691
f 709/590/712 712/593/715 688/564/691
f 709/590/712 688/564/691 689/565/692
f 648/595/651 644/597/647 714/596/717
f 648/595/651 714/596/717 715/598/718
f 650/597/653 648/595/651 715/598/718
f 650/597/653 715/598/718 716/596/719
f 652/599/655 650/597/653 716/596/719
f 652/599/655 716/596/719 717/600/720
f 642/601/645 652/599/655 717/600/720
f 642/601/645 717/600/720 718/602/721
f 641/599/644 642/601/645 718/602/721
f 641/599/644 718/602/721 719/600/722
f 644/597/647 641/599/644 719/600/722
f 714/596/717 644/597/647 719/600/722
f 714/596/717 719/600/722 720/603/723
f 714/596/717 720/603/723 721/604/724
f 715/598/718 714/596/717 721/604/724
f 715/598/718 721/604/724 722/605/725
f 716/596/719 715/598/718 722/605/725
f 716/596/719 722/605/725 723/604/726
f 717/600/720 716/596/719 723/604/726
f 717/600/720 723/604/726 724/603/727
f 718/602/721 717/600/720 724/603/727
f 718/602/721 724/603/727 725/606/728
f 719/600/722 718/602/721 725/606/728
f 720/603/723 719/600/722 725/606/728
f 720/603/723 725/606/728 726/607/729
f 721/604/724 720/603/723 726/607/729
f 722/605/725 721/604/724 726/607/729
f 723/604/726 722/605/725 726/607/729
f 724/603/727 723/604/726 726/607/729
f 724/603/727 726/607/729 725/606/728
f 727/587/730 729/579/732 728/578/731
f 674/484/677 675/481/678 730/492/733
f 673/486/676 674/484/677 730/492/733
f 673/486/676 730/492/733 731/493/734
f 672/488/675 673/486/676 731/493/734
f 672/488/675 731/493/734 732/494/735
f 671/490/674 672/488/675 732/494/735
f 733/528/736 735/529/738 734/527/737
f 733/528/736 734/527/737 736/530/739
f 737/531/740 733/528/736 736/530/739
f 737/531/740 736/530/739 738/532/741
f 737/531/740 738/532/741 739/533/742
f 737/531/740 739/533/742 740/534/743
f 741/535/744 737/531/740 740/534/743
f 741/535/744 740/534/743 742/536/745
f 743/537/746 741/535/744 742/536/745
f 743/537/746 742/536/745 744/538/747
f 745/539/748 743/537/746 744/538/747
f 745/539/748 744/538/747 746/540/749
f 735/541/738 745/539/748 746/540/749
f 734/542/737 735/541/738 746/540/749
f 747/543/750 734/542/737 746/540/749
f 748/544/751 747/543/750 746/540/749
f 748/544/751 746/540/749 744/538/747
f 749/545/752 748/544/751 744/538/747
f 749/545/752 744/538/747 742/536/745
f 750/546/753 749/545/752 742/536/745
f 750/546/753 742/536/745 740/534/743
f 751/547/754 750/546/753 740/534/743
f 752/548/755 751/547/754 740/534/743
f 752/548/755 740/534/743 739/533/742
f 753/549/756 752/548/755 739/533/742
f 753/549/756 739/533/742 738/532/741
f 754/550/757 753/549/756 738/532/741
f 754/550/757 738/532/741 736/530/739
f 747/551/750 754/550/757 736/530/739
f 747/551/750 736/530/739 734/527/737
f 755/471/758 757/476/760 756/470/759
f 758/469/761 755/471/758 756/470/759
f 759/467/762 758/469/761 756/470/759
f 759/467/762 756/470/759 760/480/763
f 759/467/762 760/480/763 761/465/764
f 762/466/765 759/467/762 761/465/764
f 763/461/766 762/466/765 761/465/764
f 763/461/766 761/465/764 764/462/767
f 763/461/766 764/462/767 765/460/768
f 766/362/769 763/461/766 765/460/768
f 766/362/769 765/460/768 767/457/770
f 768/573/771 766/362/769 767/457/770
f 768/573/771 767/457/770 769/454/772
f 768/573/771 769/454/772 770/575/773
f 768/573/771 770/575/773 771/574/774
f 768/573/771 771/574/774 772/572/775
f 773/571/776 768/573/771 772/572/775
f 773/571/776 772/572/775 774/570/777
f 775/569/778 773/571/776 774/570/777
f 775/569/778 774/570/777 776/568/779
f 777/567/780 775/569/778 776/568/779
f 777/567/780 776/568/779 747/543/750
f 777/567/780 747/543/750 748/544/751
f 778/566/781 777/567/780 748/544/751
f 778/566/781 748/544/751 749/545/752
f 779/565/782 778/566/781 749/545/752
f 779/565/782 749/545/752 750/546/753
f 780/564/783 779/565/782 750/546/753
f 780/564/783 750/546/753 751/547/754
f 780/564/783 751/547/754 752/548/755
f 781/563/784 780/564/783 752/548/755
f 781/563/784 752/548/755 753/549/756
f 782/562/785 781/563/784 753/549/756
f 782/562/785 753/549/756 754/550/757
f 783/560/786 782/562/785 754/550/757
f 783/560/786 754/550/757 747/551/750
f 783/560/786 747/551/750 776/561/779
f 783/560/786 776/561/779 774/559/777
f 784/558/787 783/560/786 774/559/777
f 784/558/787 774/559/777 772/557/775
f 785/556/788 784/558/787 772/557/775
f 785/556/788 772/557/775 771/555/774
f 786/554/789 785/556/788 771/555/774
f 786/554/789 771/555/774 770/552/773
f 787/553/790 786/554/789 770/552/773
f 788/472/791 787/553/790 770/552/773
f 788/472/791 770/552/773 769/473/772
f 755/471/758 788/472/791 769/473/772
f 755/471/758 769/473/772 669/474/672
f 755/471/758 669/474/672 668/475/671
f 757/476/760 755/471/758 668/475/671
f 757/476/760 668/475/671 665/477/668
f 757/476/760 665/477/668 671/478/674
f 756/470/759 757/476/760 671/478/674
f 756/470/759 671/478/674 732/479/735
f 760/480/763 756/470/759 732/479/735
f 760/480/763 732/479/735 731/464/734
f 761/465/764 760/480/763 731/464/734
f 764/462/767 761/465/764 731/464/734
f 764/462/767 731/464/734 730/463/733
f 765/460/768 764/462/767 730/463/733
f 765/460/768 730/463/733 675/459/678
f 767/457/770 765/460/768 675/459/678
f 767/457/770 675/459/678 667/458/670
f 767/457/770 667/458/670 670/455/673
f 769/454/772 767/457/770 670/455/673
f 769/454/772 670/455/673 669/456/672
f 782/562/785 783/560/786 784/558/787
f 789/584/792 782/562/785 784/558/787
f 789/584/792 784/558/787 785/556/788
f 790/583/793 789/584/792 785/556/788
f 791/582/794 790/583/793 785/556/788
f 791/582/794 785/556/788 786/554/789
f 791/582/794 786/554/789 787/553/790
f 792/581/795 791/582/794 787/553/790
f 792/581/795 787/553/790 788/472/791
f 758/469/761 792/581/795 788/472/791
f 758/469/761 788/472/791 755/471/758
f 781/563/784 782/562/785 789/584/792
f 781/563/784 789/584/792 793/593/796
f 780/564/783 781/563/784 793/593/796
f 780/564/783 793/593/796 794/590/797
f 779/565/782 780/564/783 794/590/797
f 779/565/782 794/590/797 795/589/798
f 778/566/781 779/565/782 795/589/798
f 778/566/781 795/589/798 796/591/799
f 777/567/780 778/566/781 796/591/799
f 775/569/778 777/567/780 796/591/799
f 775/569/778 796/591/799 797/585/800
f 773/571/776 775/569/778 797/585/800
f 773/571/776 797/585/800 798/576/801
f 768/573/771 773/571/776 798/576/801
f 768/573/771 798/576/801 799/363/802
f 766/362/769 768/573/771 799/363/802
f 800/364/803 766/362/769 799/363/802
f 800/364/803 799/363/802 798/576/801
f 801/577/804 800/364/803 798/576/801
f 801/577/804 798/576/801 797/585/800
f 802/586/805 801/577/804 797/585/800
f 795/589/798 802/586/805 797/585/800
f 795/589/798 797/585/800 796/591/799
f 802/586/805 795/589/798 794/590/797
f 803/594/806 802/586/805 794/590/797
f 803/594/806 794/590/797 793/593/796
f 804/592/807 803/594/806 793/593/796
f 804/592/807 793/593/796 789/584/792
f 804/592/807 789/584/792 790/583/793
f 805/588/808 804/592/807 790/583/793
f 805/588/808 790/583/793 791/582/794
f 806/580/809 805/588/808 791/582/794
f 806/580/809 791/582/794 792/581/795
f 807/468/810 806/580/809 792/581/795
f 807/468/810 792/581/795 758/469/761
f 807/468/810 758/469/761 759/467/762
f 807/468/810 759/467/762 762/466/765
f 807/468/810 762/466/765 729/579/732
f 806/580/809 807/468/810 729/579/732
f 805/588/808 806/580/809 729/579/732
f 805/588/808 729/579/732 727/587/730
f 804/592/807 805/588/808 727/587/730
f 803/594/806 804/592/807 727/587/730
f 802/586/805 803/594/806 727/587/730
f 802/586/805 727/587/730 728/578/731
f 801/577/804 802/586/805 728/578/731
f 800/364/803 801/577/804 728/578/731
f 766/362/769 800/364/803 728/578/731
f 763/461/766 766/362/769 728/578/731
f 763/461/766 728/578/731 729/579/732
f 762/466/765 763/461/766 729/579/732
f 808/596/811 737/597/740 741/595/744
f 809/598/812 808/596/811 741/595/744
f 809/598/812 741/595/744 743/597/746
f 810/596/813 809/598/812 743/597/746
f 810/596/813 743/597/746 745/599/748
f 811/600/814 810/596/813 745/599/748
f 811/600/814 745/599/748 735/601/738
f 812/602/815 811/600/814 735/601/738
f 812/602/815 735/601/738 733/599/736
f 813/600/816 812/602/815 733/599/736
f 813/600/816 733/599/736 737/597/740
f 813/600/816 737/597/740 808/596/811
f 814/603/817 813/600/816 808/596/811
f 815/604/818 814/603/817 808/596/811
f 815/604/818 808/596/811 809/598/812
f 816/605/819 815/604/818 809/598/812
f 816/605/819 809/598/812 810/596/813
f 817/604/820 816/605/819 810/596/813
f 817/604/820 810/596/813 811/600/814
f 818/603/821 817/604/820 811/600/814
f 818/603/821 811/600/814 812/602/815
f 819/606/822 818/603/821 812/602/815
f 819/606/822 812/602/815 813/600/816
f 819/606/822 813/600/816 814/603/817
f 820/607/823 819/606/822 814/603/817
f 820/607/823 814/603/817 815/604/818
f 820/607/823 815/604/818 816/605/819
f 820/607/823 816/605/819 817/604/820
f 820/607/823 817/604/820 818/603/821
f 819/606/822 820/607/823 818/603/821
v 6.451601 12.534729 0.1973376
vt 0.684415 0.587836
vn -0.687822 -0.5107884 0.51574814
v 6.6906815 12.68059 0.45228407
vt 0.681883 0.589767
vn -0.42395684 0.56784755 0.7055564
v 6.6906815 12.491189 0.45228413
vt 0.681866 0.589746
vn -0.5855343 -0.5186739 0.6229985
v 6.1585407 12.677215 -0.046989158
vt 0.689394 0.584339
vn -0.7407091 -0.34311578 0.5775999
v 6.1585407 12.852538 -0.046989188
vt 0.687483 0.584331
vn -0.7086607 0.26636124 0.6533388
v 6.268001 12.651791 0.010574311
vt 0.687458 0.585669
vn -0.62188876 -0.34249234 0.7042396
v 6.071031 12.748929 -0.21726912
vt 0.689388 0.578644
vn -0.99958396 -0.017895048 0.022619715
v 6.1585407 12.57487 -0.2219357
vt 0.693532 0.584305
vn -0.6392496 -0.76872563 0.020514308
vt 0.693897 0.578556
vt 0.68929 0.58565
v 6.268001 12.519129 -0.21845168
vt 0.692173 0.58565
vn -0.2390994 -0.9655164 -0.103003114
v 6.918671 12.646898 0.04484412
vt 0.689566 0.591936
vn 0.36143988 -0.9233436 -0.12960683
v 6.580441 12.593409 -0.22676569
vt 0.692674 0.590883
vn 0.31946766 -0.93681276 -0.14255656
v 6.569071 12.518099 -0.12820569
vt 0.691176 0.590493
vn 0.2924961 -0.8649592 -0.4077888
v 6.927752 12.689629 -0.22733574
vt 0.693504 0.592489
vn 0.20307863 -0.9789901 -0.018372372
v 6.911521 12.680288 -0.45093572
vt 0.696959 0.592183
vn 0.20092548 -0.96946645 0.14058407
v 6.565732 12.554778 -0.38987565
vt 0.696404 0.58917
vn 0.19328564 -0.9787569 -0.06837911
v 6.892901 12.671159 -0.61056566
vt 0.699821 0.591715
vn 0.043855686 -0.8930371 -0.4478409
v 6.50033 12.611629 -0.53338575
vt 0.69935 0.589031
vn -0.18061396 -0.574956 -0.79800016
v 6.886671 12.762059 -0.6375557
vt 0.700447 0.588939
vn -0.14425912 0.059276845 -0.9877629
v 7.137601 12.672078 -0.61721575
vt 0.699834 0.592913
vn -0.03414335 -0.81731606 -0.57517713
v 7.137601 12.672078 -0.4946857
vt 0.6981 0.593233
vn 0.1730161 -0.9339293 0.31279624
v 7.158601 12.720078 -0.41728574
vt 0.696556 0.59375
vn 0.19292405 -0.98101616 -0.019689089
v 7.158601 12.720078 -0.28123575
vt 0.694551 0.594264
vn 0.27238238 -0.9331732 0.23451145
v 7.167592 12.731969 -0.18093574
vt 0.69299 0.59444
vn 0.29936615 -0.9336137 -0.19683824
v 7.167592 12.731969 -0.05393584
vt 0.690949 0.594407
vn 0.26526538 -0.96357185 0.03411258
v 7.167592 12.693079 0.038064122
vt 0.689494 0.594071
vn 0.32415605 -0.87426794 -0.36135638
v 7.167592 12.693079 0.18606412
vt 0.687172 0.59404
vn 0.109846726 -0.9029968 0.41536802
v 6.857861 12.699288 0.2624342
vt 0.686891 0.592485
vn 0.48517507 -0.18598571 0.85440886
v 7.219321 12.829078 0.22571412
vt 0.68657 0.593814
vn 0.062446624 0.10675324 0.9923226
v 6.877411 12.925268 0.17872411
vt 0.686533 0.592508
vn -0.05921538 0.667424 0.74231976
v 7.5146008 12.804077 0.012174055
vt 0.689917 0.597199
vn 0.054290973 0.027095594 -0.9981575
v 7.219321 12.829078 -0.0061059147
vt 0.690203 0.59426
vn 0.9633812 0.26757297 -0.017360967
v 7.4858637 12.706028 0.05316406
vt 0.689275 0.59687
vn 0.02287466 -0.8278191 -0.5605286
v 7.4858637 12.895078 0.052224033
vt 0.68929 0.596982
vn 0.12173526 0.8380318 -0.53186774
v 7.265602 12.921079 0.04328403
vt 0.689429 0.594678
vn 0.23560028 0.87536126 -0.42217916
v 7.265602 12.921079 0.18203408
vt 0.687255 0.594676
vn 0.18309247 0.8805584 0.43714315
v 7.4858637 12.895078 0.17689407
vt 0.687335 0.596973
vn 0.12239659 0.830101 0.54401416
v 7.5146008 12.804077 0.2147341
vt 0.686693 0.597199
vn 0.046478804 0.0391578 0.9981515
v 7.4858637 12.706028 0.17800412
vt 0.687318 0.596869
vn -0.016661944 -0.8155207 0.57848805
v 7.5616946 12.742047 -0.05400587
vt 0.690955 0.597368
vn -0.025432967 -0.8494121 0.52711695
v 7.5616946 12.742047 -0.1797258
vt 0.692925 0.597355
vn -0.002452741 -0.8393702 -0.5435547
v 7.219321 12.829078 -0.22733578
vt 0.693753 0.594339
vn 0.94725233 0.2692013 -0.17390704
v 7.482447 12.7134285 -0.28250578
vt 0.694634 0.596708
vn -0.026680667 -0.8406236 0.5409622
v 7.482447 12.711379 -0.40903577
vt 0.696372 0.596695
vn -0.02116722 -0.86952496 -0.49343532
v 7.187601 12.766288 -0.45864573
vt 0.697297 0.593703
vn 0.99572474 -0.027972266 -0.088033356
v 6.1585407 12.951335 -0.22193578
vt 0.693567 0.584288
vn -0.6541296 0.75613105 0.019501876
vt 0.689642 0.584299
vt 0.689496 0.578616
v 6.268001 12.879011 0.010574266
vt 0.689659 0.58562
vn -0.50674456 0.56164616 0.65403634
v 6.451601 12.803732 0.1951544
vt 0.684454 0.587811
vn -0.5058697 0.44284073 0.74026215
v 6.448361 12.948043 0.040393084
vt 0.687029 0.587816
vn -0.1634085 0.864843 0.47470433
v 6.6667113 12.782289 0.24891406
vt 0.685143 0.58884
vn 0.09640589 0.804596 0.5859447
vt 0.686496 0.590122
vt 0.686277 0.591491
v 6.8401814 12.675988 0.3098341
vt 0.684808 0.591214
vn 0.84165585 0.50845546 -0.18190257
v 6.8182616 12.687828 0.42993405
vt 0.682672 0.59093
vn 0.17809781 0.9706095 0.16185933
v 6.9239516 12.651269 0.38639396
vt 0.68373 0.591754
vn 0.6644813 0.47555515 -0.576465
v 7.0312014 12.624768 0.489144
vt 0.681669 0.593004
vn 0.6270032 0.594979 -0.50285894
v 7.0183425 12.638529 0.598844
vt 0.679852 0.592787
vn 0.16223761 0.9797709 0.117166206
v 6.9113116 12.625489 0.62992394
vt 0.679382 0.592005
vn -0.4471045 0.5994459 0.66389924
v 6.8148513 12.64769 0.54337394
vt 0.680806 0.590933
vn -0.4758215 0.46526986 0.7464033
v 6.8148513 12.48509 0.54337394
vt 0.680789 0.59092
vn -0.5882502 -0.40851262 0.6979105
v 6.9113116 12.486891 0.62992394
vt 0.679338 0.592012
vn -0.53757703 -0.54066265 0.64706635
v 6.8172317 12.438509 0.4309741
vt 0.682655 0.590921
vn 0.016288253 -0.9997686 0.014052498
v 7.0187216 12.445239 0.583714
vt 0.67988 0.592789
vn 0.060880106 -0.99676156 0.052535646
v 7.0312014 12.48125 0.489144
vt 0.68168 0.592989
vn 0.57804674 -0.54984605 -0.60293555
v 6.9239516 12.4778185 0.386394
vt 0.683761 0.591725
vn 0.6184976 -0.4549213 -0.64070845
v 6.8401814 12.47495 0.30983415
vt 0.684829 0.591205
vn 0.65631497 -0.4492152 -0.6061818
v 6.738852 12.473739 0.16910416
vt 0.686533 0.591212
vn 0.5503692 -0.8087287 -0.20748925
vt 0.688441 0.590978
vt 0.696118 0.587447
vt 0.694787 0.58565
vt 0.694014 0.588226
vt 0.698858 0.587377
v 6.268001 12.651791 -0.47700554
vt 0.697919 0.585676
vn -0.37867165 -0.4706105 -0.7969527
v 6.451601 12.7555485 -0.51403797
vt 0.699992 0.587293
vn -0.1886139 0.15199572 -0.9702176
v 6.268001 12.879011 -0.47700557
vt 0.699617 0.58565
vn -0.34995037 0.4672908 -0.8118954
v 6.1585407 12.677215 -0.41944206
vt 0.697904 0.584294
vn -0.7135185 -0.28333092 -0.6407924
v 6.1585407 12.852538 -0.41944206
vt 0.699632 0.58434
vn -0.77022135 0.34291562 -0.5377435
vt 0.700252 0.578615
v 6.451601 12.938751 -0.44913352
vt 0.698169 0.587522
vn -0.13667944 0.70741564 -0.69345653
vt 0.697863 0.585681
v 6.268001 13.007075 -0.21845177
vt 0.694079 0.585644
vn -0.26654303 0.96382266 -0.00086967816
vt 0.697891 0.584332
vt 0.694001 0.578547
vt 0.686561 0.590138
v 6.6667113 12.441218 0.24891412
vt 0.685111 0.588809
vn -0.1758338 -0.9812031 0.07951765
v 6.532171 12.457079 0.079454154
vt 0.688744 0.588793
vn -0.101735316 -0.99345344 -0.05196369
vt 0.691074 0.587076
vt 0.689097 0.58674
vt 0.692384 0.588504
vt 0.689765 0.587661
v 6.900861 12.958658 0.02999404
vt 0.689966 0.590236
vn -0.0151239075 0.9843395 0.17563339
v 6.451601 13.009038 -0.2172692
vt 0.69399 0.587608
vn -0.007285141 0.9995597 -0.028765272
v 6.908871 12.9967785 -0.22733578
vt 0.693808 0.590206
vn 0.062805325 0.9962439 -0.05961223
v 6.896202 12.929269 -0.56701577
vt 0.698694 0.589731
vn 0.017556299 0.87229246 -0.48866934
vt 0.6987 0.578637
v 7.5146008 12.804077 -0.24083582
vt 0.693883 0.597063
vn 0.03695365 0.068256155 0.99698323
v 7.482447 12.885077 -0.28369582
vt 0.694653 0.596798
vn 0.14082482 0.8523982 0.50357294
v 7.265602 12.921079 -0.2809258
vt 0.694634 0.594983
vn 0.19787353 0.89136225 0.4078228
v 7.265602 12.921079 -0.41397578
vt 0.6964 0.594978
vn 0.18061288 0.85637236 -0.483741
v 7.482447 12.885077 -0.4092458
vt 0.696376 0.596798
vn 0.10911849 0.82411385 -0.5558144
v 7.5146008 12.804077 -0.4480558
vt 0.697131 0.597063
vn 0.03553 0.04722151 -0.9982524
v 7.5432057 12.706847 -0.4077658
vt 0.696352 0.597519
vn -0.027077446 -0.8999749 -0.43509996
v 7.80527 12.700758 -0.39820576
vt 0.696227 0.599132
vn -0.0075510247 -0.82179886 -0.5697277
v 7.827591 12.806078 -0.4356058
vt 0.696936 0.599467
vn 0.066578336 0.1255162 -0.98985505
v 7.80527 12.865078 -0.40056583
vt 0.696264 0.599199
vn 0.085310586 0.8649778 -0.49450535
v 7.8516765 12.860349 -0.3970958
vt 0.696279 0.599686
vn 0.07799351 0.9235277 -0.37551785
v 7.8516765 12.860349 -0.28938583
vt 0.694718 0.599667
vn 0.07194611 0.92386436 0.37589675
v 7.80527 12.865078 -0.2893458
vt 0.694718 0.599199
vn 0.058746383 0.87445647 0.48153377
v 7.827591 12.806078 -0.25211582
vt 0.694059 0.599467
vn 0.026090922 0.15025885 0.98830235
v 7.80527 12.700758 -0.28579578
vt 0.69466 0.599136
vn -0.020274935 -0.8172974 0.5758593
v 7.5432057 12.708848 -0.2836958
vt 0.694653 0.597519
vn -0.046759084 -0.8971372 0.43927035
v 7.8516765 12.699078 -0.2843558
vt 0.694638 0.599773
vn -0.0223413 -0.8818644 0.47097355
v 7.974591 12.700078 -0.28583577
vt 0.69477 0.601144
vn 0.10312192 -0.80999136 0.5773039
v 8.129601 12.809078 -0.2631958
vt 0.694282 0.602156
vn 0.80654585 0.063931316 0.58770454
v 8.094601 12.732078 -0.2940158
vt 0.694776 0.601785
vn 0.4812606 -0.83538145 0.26556784
v 8.094601 12.732078 -0.37824577
vt 0.696123 0.601778
vn 0.69302684 -0.66914153 -0.2682601
v 8.129601 12.809078 -0.4060558
vt 0.696569 0.602144
vn 0.61481696 0.019780176 -0.78842175
v 7.974591 12.700078 -0.39160576
vt 0.696123 0.601152
vn 0.17956468 -0.80233383 -0.5692249
v 7.8516765 12.699078 -0.39791575
vt 0.696292 0.599773
vn 0.0060930867 -0.8883884 -0.45905226
v 7.5432057 12.876798 -0.28578582
vt 0.694686 0.597379
vn 0.10222174 0.9136074 0.39353812
v 7.5432057 12.876798 -0.4089558
vt 0.69637 0.597379
vn 0.07890342 0.9071172 -0.4134158
v 8.058601 12.724077 -0.06357589
vt 0.691087 0.601419
vn 0.17636321 -0.80242586 0.5700954
v 7.915601 12.828077 -0.024125941
vt 0.690487 0.600185
vn 0.03945657 0.07281639 0.99656457
v 8.201601 12.828077 -0.043075934
vt 0.690758 0.602761
vn 0.5901796 -0.04511428 0.80601037
v 7.9386916 12.726189 -0.060075894
vt 0.69105 0.600596
vn -0.023574045 -0.8888567 0.45757845
v 7.892625 12.729077 -0.06007589
vt 0.69105 0.599924
vn -0.027535116 -0.8287569 0.55893093
v 7.590601 12.828077 -0.01129593
vt 0.690285 0.597618
vn 0.025532832 0.01639331 0.99953955
v 7.621777 12.737078 -0.055565882
vt 0.690979 0.598074
vn -0.03571162 -0.9065745 0.4205323
v 7.621777 12.737078 -0.1789358
vt 0.692914 0.598093
vn -0.0490101 -0.8967468 -0.43982175
v 7.590601 12.828077 -0.2167158
vt 0.693506 0.597618
vn 0.025463318 0.022197034 -0.99942935
v 7.892625 12.729077 -0.17305583
vt 0.692821 0.59992
vn -0.00784603 -0.8177977 -0.5754523
v 7.9386916 12.726189 -0.17012581
vt 0.692774 0.60059
vn -0.016862877 -0.88629156 -0.46282068
v 8.058601 12.724077 -0.1652058
vt 0.692713 0.601425
vn 0.111947834 -0.8091857 -0.5767896
v 8.163591 12.758078 -0.16052584
vt 0.692674 0.602418
vn 0.4950245 -0.826498 -0.26805213
v 8.163591 12.758078 -0.0686559
vt 0.691204 0.602413
vn 0.6694308 -0.694047 0.26487964
v 8.201601 12.828077 -0.18436584
vt 0.693019 0.60275
vn 0.8021179 -0.01173911 -0.59705037
v 7.915601 12.828077 -0.20509583
vt 0.693322 0.600185
vn 0.049790733 0.07082029 -0.9962457
v 7.892625 12.8995285 -0.17072585
vt 0.692784 0.600003
vn 0.039270926 0.84451437 -0.53409106
v 7.621777 12.908797 -0.1797558
vt 0.692925 0.597931
vn 0.091408275 0.89676034 -0.43297267
v 7.621777 12.908797 -0.053705905
vt 0.690949 0.597931
vn 0.07045485 0.90670043 0.41584915
v 7.892625 12.8995285 -0.06019592
vt 0.691052 0.600001
vn 0.03774633 0.8531861 0.5202391
v 7.9386916 12.898349 -0.061455924
vt 0.691072 0.600428
vn 0.059621163 0.9086877 0.4131972
v 7.9386916 12.898349 -0.16982585
vt 0.692771 0.600428
vn 0.050166585 0.9057187 -0.4209003
v 7.561374 12.917078 -0.053705897
vt 0.690949 0.597285
vn 0.10939428 0.83075446 0.5457838
v 7.561374 12.917078 -0.17846581
vt 0.692906 0.597285
vn 0.112764865 0.82196814 -0.5582585
v 7.265602 12.963078 -0.18020582
vt 0.692932 0.595005
vn 0.14901973 0.8741705 -0.46218944
v 7.265602 12.963078 -0.05401589
vt 0.690955 0.59498
vn 0.14193042 0.8763353 0.4603175
vt 0.75241 0.506037
v 8.095171 12.854077 -0.37923583
vt 0.735521 0.618802
vn 0.4292769 0.80806506 -0.4034256
vt 0.735521 0.506037
vt 0.75241 0.628319
vt 0.634236 0.628319
v 8.095171 12.854077 -0.2950558
vt 0.654817 0.618802
vn 0.21540116 0.89496684 0.3906876
vt 0.634236 0.506037
vt 0.654817 0.506037
v 8.163591 12.883078 -0.16052587
vn 0.2709316 0.8524054 -0.4472149
v 8.163591 12.883078 -0.06865592
vn 0.46112984 0.76602185 0.4478503
v 7.167591 12.980081 -0.053935368
vt 0.690212 0.593562
vn 0.230795 0.9407164 0.24856864
v 7.167591 12.980081 -0.18093528
vt 0.692904 0.594183
vn 0.32095546 0.87808466 -0.35490128
v 7.1586 12.94808 -0.2812353
vt 0.693781 0.593542
vn 0.38733524 0.91739786 0.09139247
v 7.1586 12.94808 -0.4171453
vt 0.696357 0.593992
vn 0.33678228 0.87185186 -0.3556009
v 7.1376 12.8900795 -0.5060653
vt 0.698169 0.5929
vn 0.43278134 0.90149736 -0.0016925728
v 7.227591 12.870077 -0.50308573
vt 0.698022 0.593658
vn 0.1909106 0.87627417 0.44237635
v 7.1376 12.8900795 -0.6100253
vt 0.699881 0.592895
vn 0.11559278 0.7969591 -0.5928697
v 7.227591 12.870077 -0.60855573
vt 0.699883 0.59365
vn 0.21257326 0.85279256 -0.47702995
v 7.187601 12.743077 -0.64632565
vt 0.700631 0.592921
vn 0.030362645 0.013861851 -0.9994428
v 7.3921967 12.829078 -0.60544574
vt 0.699777 0.595677
vn 0.17349581 0.7894797 -0.5887454
v 7.418602 12.738077 -0.6325557
vt 0.700239 0.595867
vn 0.0687144 0.039074287 -0.9968709
v 7.3921967 12.660628 -0.6145357
vt 0.699855 0.595537
vn -0.014981047 -0.8031771 -0.59555197
v 7.443275 12.657078 -0.61012566
vt 0.699792 0.596216
vn -0.012342824 -0.87572414 -0.48265406
v 7.443275 12.657078 -0.5015557
vt 0.698 0.596222
vn -0.03302516 -0.9083544 0.41689527
v 7.3921967 12.660628 -0.49823567
vt 0.698008 0.595536
vn -0.035781924 -0.8390421 0.5428886
v 7.418602 12.738077 -0.46041572
vt 0.697443 0.595867
vn 0.042839777 -0.009315679 0.9990385
v 7.3921967 12.829078 -0.4992857
vt 0.698022 0.595674
vn 0.17995717 0.81985396 0.5435577
v 7.443275 12.820799 -0.5030757
vt 0.698022 0.596132
vn 0.13175555 0.8985661 0.4185923
v 7.622515 12.809217 -0.50608575
vt 0.698097 0.597654
vn 0.07898513 0.8377279 0.5403456
v 7.642592 12.726078 -0.4714057
vt 0.697497 0.597894
vn 0.04823161 0.00881696 0.9987973
v 7.662535 12.804487 -0.5058957
vt 0.698113 0.598088
vn 0.0991341 0.89422804 0.43649593
v 7.622515 12.809217 -0.5955957
vt 0.699656 0.597651
vn 0.11783883 0.79900295 -0.58966804
v 7.662535 12.804487 -0.5911757
vt 0.699632 0.598081
vn 0.12570974 0.8730502 -0.47114792
v 7.642592 12.726078 -0.61662567
vt 0.700037 0.597894
vn 0.09484459 0.06159717 -0.9935846
v 7.622515 12.651077 -0.60467565
vt 0.699656 0.597564
vn 0.0333956 -0.7771836 -0.6283872
v 7.622515 12.651077 -0.5052957
vt 0.698086 0.597564
vn -0.003060455 -0.8452172 0.5344142
v 7.662535 12.651077 -0.5064257
vt 0.698123 0.598194
vn 0.016562698 -0.9038248 0.427582
v 7.662535 12.651077 -0.6002657
vt 0.699617 0.598185
vn 0.06519155 -0.8635125 -0.50009626
v 7.74959 12.654078 -0.59388566
vt 0.699426 0.599042
vn 0.18964624 -0.7461512 -0.6381949
v 7.862601 12.742078 -0.59479564
vt 0.699795 0.599902
vn 0.5718202 0.04321039 -0.8192402
v 7.829601 12.676078 -0.58765566
vt 0.699333 0.599605
vn 0.6952847 -0.647188 -0.31261295
v 7.862601 12.742078 -0.4875457
vt 0.697662 0.599902
vn 0.80929255 -0.011620544 0.5872909
v 7.829601 12.676078 -0.5116557
vt 0.698208 0.599609
vn 0.47970107 -0.8357044 0.2673668
v 7.74959 12.654078 -0.50601566
vt 0.698167 0.599042
vn 0.12308668 -0.8256841 0.5505412
v 7.5442023 12.8868 0.17535405
vt 0.687359 0.597489
vn 0.096373744 0.8978464 0.4296324
v 7.5442023 12.8868 0.05250402
vt 0.689286 0.597499
vn 0.110869 0.8978384 -0.42613888
v 7.768016 12.872078 0.06072401
vt 0.689156 0.599201
vn 0.08949528 0.844569 -0.5279145
v 7.768016 12.872078 0.16849405
vt 0.687467 0.599197
vn 0.095333174 0.84089214 0.5327401
v 7.789601 12.803078 0.1999441
vt 0.686901 0.599435
vn 0.066399835 0.08258232 0.99436975
v 7.768016 12.700197 0.16697407
vt 0.687491 0.599096
vn -0.006738263 -0.812597 0.58278704
v 7.5442023 12.701339 0.17643413
vt 0.687342 0.597413
vn -0.0133597385 -0.8910866 0.45363665
v 7.5442023 12.701339 0.057104055
vt 0.689214 0.597427
vn -0.027489197 -0.89918774 -0.43669865
v 7.768016 12.700197 0.06229404
vt 0.689132 0.599082
vn 0.0036617522 -0.82073355 -0.57129943
v 7.789601 12.803078 0.028194033
vt 0.689667 0.599435
vn 0.053207707 0.08195791 -0.9952145
v 7.443275 12.820799 -0.60103565
vt 0.699738 0.596123
vn 0.114446305 0.8831364 -0.45494202
v 7.829601 12.790829 -0.57856566
vn 0.4948239 0.71536463 -0.4933586
v 7.829601 12.791368 -0.51165575
vn 0.2723195 0.8504317 0.45012003
v 7.167591 12.953079 0.18606462
vt 0.687211 0.593831
vn 0.12890741 0.90074646 0.41477546
v 7.167591 12.953079 0.038064566
vt 0.689539 0.593881
vn 0.36557335 0.92162293 -0.13025877
vt 0.688304 0.592711
vt 0.691989 0.593112
vt 0.695427 0.592589
vt 0.699136 0.591788
vt 0.700488 0.591276
v -6.690677 12.491189 0.45228574
vn 0.5860593 -0.49929368 0.63815385
v -6.690677 12.68059 0.45228574
vn 0.43589607 0.53855443 0.72107816
v -6.451597 12.53473 0.19733901
vn 0.69756836 -0.4966235 0.51649153
v -6.158537 12.852539 -0.0469878
vn 0.708707 0.2663025 0.6533126
v -6.158537 12.677216 -0.046987787
vn 0.74063236 -0.34320453 0.57764554
v -6.2679973 12.651792 0.010575667
vn 0.621889 -0.34249237 0.7042394
v -6.0710273 12.748754 -0.21726777
vn 0.99957985 -0.018123012 0.02262087
v 6.9823017 12.61138 0.6902541
vt 0.678601 0.592462
vn -0.49309254 0.48478374 0.722388
v 6.9823017 12.4897585 0.6902541
vt 0.67861 0.592456
vn -0.5523501 -0.44310242 0.7060946
v 7.8136625 12.86735 0.063814014
vt 0.689108 0.599796
vn 0.09244771 0.9072908 -0.41021565
v 7.8136625 12.86735 0.16535404
vt 0.687517 0.599796
vn 0.084437154 0.90556824 0.41571215
v -6.158537 12.574871 -0.22193435
vn 0.6391386 -0.7688179 0.02051799
v -6.2679973 12.51913 -0.2184503
vn 0.23909937 -0.9655164 -0.10300331
v -6.5804377 12.59341 -0.22676423
vn -0.31946746 -0.9368128 -0.14255661
v -6.918668 12.646899 0.044845685
vt 0.689553 0.592567
vn -0.3676572 -0.9209047 -0.12947096
v -6.5690675 12.5181 -0.12820424
vn -0.29437184 -0.865378 -0.40554413
v -6.9277487 12.68963 -0.22733419
vn -0.20307848 -0.9789901 -0.018372418
v -7.1675887 12.73197 -0.05393423
vn -0.26526517 -0.9635719 0.034112558
v -7.1675887 12.73197 -0.18093415
vn -0.2993661 -0.9336138 -0.19683832
v -7.1585975 12.720079 -0.28123415
vn -0.2723821 -0.9331733 0.23451148
v -7.1585975 12.720079 -0.41728413
vn -0.19292389 -0.9810162 -0.019689137
v -7.4824433 12.71343 -0.28250408
vn 0.02668113 -0.8406236 0.54096216
v -7.4824433 12.711381 -0.4090341
vn 0.021167148 -0.86952484 -0.49343544
v -7.543202 12.70885 -0.28369412
vn 0.04675951 -0.8971372 0.43927035
v -7.514597 12.804079 -0.24083412
vn -0.036953136 0.068256035 0.99698323
v -7.8052664 12.70076 -0.28579405
vn 0.020275412 -0.8172974 0.57585925
v -7.543202 12.706849 -0.4077641
vn 0.027077409 -0.8999749 -0.4351001
v -7.514597 12.804079 -0.4480541
vn -0.03553052 0.0472216 -0.99825233
v -7.1875973 12.76629 -0.4586441
vn -0.99572474 -0.027972367 -0.08803315
v -7.1375976 12.672079 -0.4946841
vn -0.17301574 -0.9339294 0.3127963
v -6.9115176 12.680289 -0.45093417
vn -0.2009252 -0.96946645 0.14058405
v -6.5657287 12.554779 -0.38987422
vn -0.19328544 -0.9787569 -0.06837917
v -6.8928976 12.67116 -0.6105641
vn -0.04385573 -0.893037 -0.44784108
v -7.1375976 12.672079 -0.61721414
vn 0.034143213 -0.817316 -0.57517725
v -6.8866677 12.76206 -0.6375541
vn 0.14425847 0.05927684 -0.98776305
v -6.5003266 12.6116295 -0.53338426
vn 0.18061337 -0.57495606 -0.7980002
v -7.1675887 12.69308 0.038065717
vn -0.32415608 -0.8742679 -0.3613565
v -7.167588 12.69308 0.18606572
vn -0.1098463 -0.90299684 0.41536802
v -6.8578577 12.699289 0.26243573
vn -0.520909 -0.19726627 0.8305057
v -6.7502174 12.47374 0.18899564
vn -0.5527934 -0.80927855 -0.1987152
v -6.840177 12.675988 0.30983576
vn -0.8457856 0.50373816 -0.17576857
v -6.840177 12.47495 0.3098358
vn -0.6526437 -0.4496952 -0.609779
v -6.9239473 12.651268 0.3863957
vn -0.66448164 0.47555518 -0.57646465
v -6.9239473 12.477818 0.38639572
vn -0.6184977 -0.4549211 -0.6407085
v -7.031197 12.624767 0.48914573
vn -0.62700343 0.594979 -0.50285864
v -7.031197 12.481249 0.48914576
vn -0.5780469 -0.54984576 -0.6029356
v -6.8172274 12.438509 0.43097576
vn -0.010275113 -0.999709 0.021826245
v -7.0187173 12.445238 0.5837157
vn -0.060879923 -0.9967616 0.052535437
v -6.9113073 12.486889 0.62992567
vn 0.53757733 -0.5406627 0.6470661
v -6.814847 12.485088 0.5433757
vn 0.5882505 -0.4085127 0.69791025
v -6.9113073 12.625487 0.62992567
vn 0.44710475 0.59944564 0.66389924
v -6.814847 12.647688 0.5433757
vn 0.47582176 0.46526957 0.7464033
v -6.8182573 12.687828 0.42993575
vn -0.17890559 0.96899927 0.17039122
v -7.018338 12.638528 0.5988457
vn -0.16223767 0.9797709 0.11716648
v -6.661027 12.782289 0.28301573
vn -0.092776835 0.7903255 0.60562205
v -6.8774076 12.925269 0.19577567
vn 0.019669008 0.6702021 0.74191797
v -6.448357 12.948044 0.04039453
vn 0.17989664 0.86992896 0.4591959
v -6.451597 12.803733 0.19515584
vn 0.5345666 0.41881323 0.73405313
v -6.2679973 12.879012 0.010575652
vn 0.5067447 0.5616461 0.65403634
v -6.158537 12.951336 -0.22193438
vn 0.65421385 0.7560583 0.01949873
v -6.158537 12.852539 -0.4194407
vn 0.77027434 0.3428436 -0.5377134
v -6.158537 12.677216 -0.4194407
vn 0.7134619 -0.2834027 -0.6408238
v -6.2679973 12.879012 -0.47700417
vn 0.34994984 0.46729088 -0.81189555
v -6.2679973 12.651792 -0.47700417
vn 0.3786711 -0.47061047 -0.79695296
v -6.451597 12.755549 -0.51403654
vn 0.18861316 0.15199551 -0.97021776
v -6.451597 12.938752 -0.44913206
vn 0.13667881 0.70741564 -0.6934566
v -6.2679973 13.007076 -0.21845034
vn 0.26654288 0.96382266 -0.00086963293
v -6.661027 12.441218 0.28301576
vn 0.20847662 -0.9716858 0.11119482
v -6.5321674 12.45708 0.0794556
vn 0.10998008 -0.9927997 -0.047466766
v -6.8961987 12.92927 -0.56701416
vn -0.017556783 0.87229246 -0.4886693
v -6.451597 13.009039 -0.21726772
vn 0.0072849086 0.9995597 -0.028765185
v -6.908868 12.996779 -0.22733422
vn -0.062805556 0.9962439 -0.05961214
v -6.9008574 12.958659 0.029995635
vn 0.013645632 0.9853724 0.16986766
v -7.4824433 12.885079 -0.28369412
vn -0.14082474 0.85239816 0.5035731
v -7.2655983 12.921081 -0.41397414
vn -0.18061328 0.8563724 -0.48374084
v -7.2655983 12.921081 -0.28092414
vn -0.19787347 0.89136225 0.40782297
v -7.4824433 12.885079 -0.40924412
vn -0.10911894 0.82411385 -0.5558143
v -7.543202 12.8768 -0.40895414
vn -0.078903824 0.90711725 -0.41341573
v -7.543202 12.8768 -0.28578413
vn -0.10222173 0.91360736 0.39353827
v -7.8052664 12.86508 -0.28934407
vn -0.058746327 0.87445635 0.481534
v -7.8052664 12.86508 -0.40056407
vn -0.08531102 0.8649778 -0.49450532
v -7.827587 12.80608 -0.43560404
vn -0.06657887 0.12551627 -0.989855
v -7.8516726 12.860351 -0.39709407
vn -0.0779939 0.92352766 -0.37551785
v -7.8516726 12.860351 -0.2893841
vn -0.0719461 0.92386436 0.37589693
v -7.827587 12.80608 -0.25211406
vn -0.026090436 0.1502587 0.9883024
v -7.8516726 12.6990795 -0.28435406
vn 0.022341732 -0.8818644 0.47097352
v -7.8052664 12.70076 -0.39820403
vn 0.007550902 -0.8217987 -0.5697279
v -7.8516726 12.6990795 -0.39791405
vn -0.0060931356 -0.88838834 -0.45905244
v -7.974587 12.70008 -0.28583404
vn -0.103121445 -0.80999154 0.5773039
v -8.129597 12.80908 -0.26319402
vn -0.80654556 0.06393121 0.5877049
v -8.094597 12.7320795 -0.29401404
vn -0.48126033 -0.83538145 0.2655679
v -8.094597 12.7320795 -0.378244
vn -0.69302696 -0.6691414 -0.26826003
v -8.129597 12.80908 -0.40605405
vn -0.61481726 0.01978022 -0.7884216
v -7.974587 12.70008 -0.39160404
vn -0.1795648 -0.8023337 -0.569225
v 7.108862 12.604618 0.5625841
vt 0.680659 0.593601
vn 0.70731926 0.46717346 -0.5305171
v 7.108862 12.4834585 0.56258416
vt 0.680678 0.593598
vn 0.7001781 -0.43106723 -0.56915003
v 7.169532 12.488898 0.6453741
vt 0.679 0.594205
vn 0.7714393 -0.58454454 -0.25137433
v 7.161922 12.476389 0.7461442
vt 0.677542 0.594119
vn 0.7401808 -0.5515503 0.3846098
v 7.169532 12.583219 0.6453741
vn 0.8926676 0.3850581 -0.23425394
v 7.161922 12.596099 0.7461441
vt 0.677535 0.594163
vn 0.5915599 0.531722 0.60607654
v 7.088213 12.500158 0.7762641
vn -0.05720332 -0.49209583 0.8686596
v 7.088213 12.584059 0.7762641
vn -0.2418414 0.512206 0.82411027
v 8.055601 12.803079 0.17649403
vn 0.6384696 -0.03986279 0.76861405
v 8.023601 12.860079 0.14950404
vn 0.49657124 0.7396961 0.45416602
v 8.055601 12.803079 0.044304006
vn 0.825933 -0.018380463 -0.5634687
v 8.023601 12.860079 0.072064005
vn 0.26219726 0.8572971 -0.44305116
v 7.928591 12.695079 0.06423403
vt 0.689041 0.600359
vn 0.13054736 -0.81494594 -0.56464195
v 7.8136625 12.69708 0.16496408
vt 0.687523 0.599651
vn -0.015326501 -0.8849598 0.46541506
v 7.928591 12.695079 0.16194406
vt 0.687569 0.600358
vn 0.22285044 -0.7930743 0.5668959
v 7.8136625 12.69708 0.06446403
vt 0.689099 0.599649
vn -0.03362719 -0.8866555 -0.46120644
vt 0.68936 0.60152
v 8.023601 12.731078 0.07425402
vt 0.688928 0.6012
vn 0.5495727 -0.79870254 -0.24503925
v 8.023601 12.731078 0.14868404
vt 0.687736 0.60122
vn 0.72364616 -0.6445835 0.24667446
vt 0.687244 0.601531
v -8.095167 12.854079 -0.29505402
vn -0.2154011 0.8949667 0.3906878
v -8.095167 12.854079 -0.37923405
vn -0.42927727 0.80806494 -0.40342546
v -7.2193174 12.82908 -0.22733416
vn -0.9472524 0.26920134 -0.17390682
v -7.1586 12.94808 -0.28123376
vt 0.694616 0.593984
vn -0.38733524 0.91739786 0.09139265
v -7.1586 12.94808 -0.41714376
vn -0.3367824 0.8718519 -0.35560074
v -7.1376 12.8900795 -0.50606376
vn -0.43278137 0.9014973 -0.0016923886
v -7.2275877 12.870079 -0.5030842
vn -0.19091053 0.8762741 0.44237655
v -7.1376 12.8900795 -0.61002374
vn -0.115593016 0.7969591 -0.5928697
v -7.2275877 12.870079 -0.6085541
vn -0.21257365 0.8527925 -0.47702977
v -7.1875978 12.743079 -0.6463241
vn -0.030363165 0.013861941 -0.9994428
v -7.3921933 12.82908 -0.60544413
vn -0.17349628 0.7894796 -0.58874536
v -7.418598 12.738079 -0.6325541
vn -0.068714924 0.03907435 -0.9968709
v -7.3921933 12.66063 -0.61453414
vn 0.014980906 -0.803177 -0.5955521
v -7.4432716 12.65708 -0.61012405
vn 0.0123427585 -0.875724 -0.48265424
v -7.443271 12.65708 -0.5015541
vn 0.03302557 -0.9083544 0.4168952
v -7.392193 12.66063 -0.4982341
vn 0.035782386 -0.83904207 0.5428886
v -7.418598 12.738079 -0.4604141
vn -0.042839248 -0.009315768 0.9990385
v -7.392193 12.82908 -0.4992841
vn -0.17995705 0.81985384 0.5435578
v -7.4432716 12.820801 -0.5030741
vn -0.13175549 0.89856607 0.41859242
v -7.6225114 12.809219 -0.5060841
vn -0.07898502 0.8377278 0.5403458
v -7.642588 12.72608 -0.47140408
vn -0.048231076 0.008816847 0.9987973
v -7.662532 12.804489 -0.50589406
vn -0.09913404 0.89422804 0.43649602
v -7.622512 12.809219 -0.59559405
vn -0.11783927 0.7990029 -0.5896679
v -7.662532 12.804489 -0.59117407
vn -0.12571016 0.8730502 -0.47114787
v -7.6425886 12.72608 -0.61662406
vn -0.094845094 0.06159723 -0.9935845
v -7.622512 12.651079 -0.60467404
vn -0.033395763 -0.7771835 -0.62838733
v -7.6225114 12.651079 -0.5052941
vn 0.0030609162 -0.8452173 0.5344142
v -7.6625314 12.651079 -0.50642407
vn -0.016562277 -0.90382487 0.427582
v -7.662532 12.651079 -0.600264
vn -0.06519163 -0.8635124 -0.5000964
v -7.7495866 12.654079 -0.593884
vn -0.18964641 -0.7461511 -0.638195
v -7.862597 12.74208 -0.594794
vn -0.5718205 0.04321042 -0.81924003
v -7.8295975 12.67608 -0.587654
vn -0.6952847 -0.64718795 -0.3126129
v -7.862597 12.74208 -0.487544
vn -0.80929226 -0.011620611 0.5872912
v -7.829597 12.67608 -0.511654
vn -0.47970083 -0.8357045 0.2673669
v -7.749586 12.654079 -0.506014
vn -0.123086214 -0.8256841 0.5505412
v -7.167591 12.980081 -0.18093376
vn -0.32095557 0.87808466 -0.35490116
v -7.265599 12.963079 -0.18020418
vn -0.14902015 0.8741705 -0.4621894
v -7.167591 12.980081 -0.05393384
vt 0.690972 0.59421
vn -0.23079488 0.9407164 0.24856876
v -7.265599 12.963079 -0.054014258
vn -0.14193034 0.87633526 0.46031767
v -7.561371 12.91708 -0.17846411
vn -0.11276532 0.82196814 -0.5582584
v -7.561371 12.91708 -0.0537042
vn -0.10939416 0.83075434 0.54578394
v -7.6217737 12.908799 -0.17975411
vn -0.0914087 0.8967604 -0.43297267
v -7.6217737 12.908799 -0.05370419
vn -0.07045483 0.9067004 0.4158493
v -7.5905976 12.828079 -0.011294231
vn -0.02553231 0.016393218 0.99953955
v -7.8926215 12.89953 -0.060194142
vn -0.037746232 0.85318595 0.5202393
v -7.9155974 12.828079 -0.024124168
vn -0.039456062 0.072816275 0.9965646
v -7.9386883 12.89835 -0.061454132
vn -0.059621144 0.90868765 0.4131974
v -7.9386883 12.89835 -0.16982406
vn -0.050166998 0.9057186 -0.42090026
v -7.8926215 12.89953 -0.17072406
vn -0.03927138 0.84451437 -0.534091
v -7.5905976 12.828079 -0.2167141
vn -0.025463842 0.022197094 -0.9994293
v -7.9155974 12.828079 -0.20509407
vn -0.04979126 0.07082035 -0.9962456
v -7.8926215 12.729079 -0.17305407
vn 0.007845905 -0.81779754 -0.5754525
v -7.6217737 12.73708 -0.1789341
vn 0.049010064 -0.89674675 -0.4398219
v -7.5616913 12.742049 -0.17972413
vn 0.0024526366 -0.8393701 -0.5435549
v -7.5616913 12.742049 -0.05400419
vn 0.025433427 -0.84941214 0.52711695
v -7.6217737 12.73708 -0.05556418
vn 0.03571203 -0.9065745 0.42053223
v -7.8926215 12.729079 -0.06007413
vn 0.027535584 -0.8287569 0.5589309
v -7.9386883 12.72619 -0.06007412
vn 0.023574471 -0.8888567 0.4575784
v -8.0585985 12.724079 -0.0635741
vn -0.17636271 -0.802426 0.5700954
v -8.201597 12.828079 -0.043074094
vn -0.5901792 -0.04511437 0.80601066
v -8.163589 12.75808 -0.068654075
vn -0.6694306 -0.6940471 0.26487985
v -8.201598 12.828079 -0.18436399
vn -0.802118 -0.011739097 -0.5970502
v -8.163589 12.75808 -0.16052403
vn -0.49502444 -0.8264979 -0.26805213
v -8.0585985 12.724079 -0.16520402
vn -0.11194794 -0.8091855 -0.5767898
v -7.9386883 12.72619 -0.17012404
vn 0.016862825 -0.8862915 -0.46282083
v -7.4432716 12.820801 -0.60103405
vn -0.11444672 0.88313633 -0.45494193
v -8.163589 12.88308 -0.16052404
vn -0.27093196 0.85240537 -0.44721475
v -8.163589 12.88308 -0.06865409
vn -0.46112972 0.7660217 0.44785047
v -7.829597 12.791369 -0.511654
vn -0.2723194 0.8504316 0.45012027
v -7.8295975 12.790831 -0.578564
vn -0.49482426 0.7153645 -0.49335846
v -7.9285874 12.69508 0.16194583
vn -0.22285001 -0.79307437 0.5668959
v -8.023597 12.731079 0.07425583
vn -0.54957265 -0.79870254 -0.24503922
v -8.023597 12.731079 0.14868581
vn -0.72364604 -0.6445837 0.2466745
v -7.9285874 12.69508 0.06423579
vn -0.13054748 -0.8149458 -0.5646421
v -7.2193174 12.82908 -0.006104283
vn -0.9633812 0.26757306 -0.017360728
v -7.167591 12.953079 0.038066093
vn -0.36557332 0.92162293 -0.13025859
v -7.167591 12.953079 0.18606614
vn -0.14122723 0.90186363 0.4082853
v -7.4858603 12.70603 0.05316575
vn -0.022874733 -0.827819 -0.56052876
v -7.4858603 12.70603 0.17800578
vn 0.016662328 -0.8155207 0.578488
v -7.2193174 12.82908 0.22571576
vn -0.07295337 0.10047059 0.9922618
v -7.265599 12.921081 0.18203571
vn -0.1830924 0.8805583 0.43714336
v -7.265599 12.921081 0.043285683
vn -0.23560067 0.8753612 -0.42217904
v -7.4858603 12.89508 0.052225735
vn -0.12173571 0.8380318 -0.5318677
v -7.4858603 12.89508 0.17689575
vn -0.12239647 0.8301009 0.54401433
v -7.5145974 12.804079 0.21473579
vn -0.046478376 0.03915768 0.99815154
v -7.544199 12.70134 0.17643578
vn 0.013360087 -0.89108664 0.45363662
v -7.544199 12.70134 0.057105735
vn 0.027489197 -0.8991877 -0.43669882
v -7.5145974 12.804079 0.012175746
vn -0.054291442 0.027095674 -0.99815744
v -7.544199 12.886801 0.05250573
vn -0.110869385 0.89783835 -0.4261388
v -7.544199 12.886801 0.17535576
vn -0.09637374 0.89784634 0.42963254
v -7.7680125 12.87208 0.16849577
vn -0.095332995 0.840892 0.5327403
v -7.7895975 12.80308 0.19994581
vn -0.06639924 0.08258224 0.9943698
v -7.813659 12.867351 0.16535582
vn -0.084437005 0.9055682 0.41571236
v -7.813659 12.867351 0.06381577
vn -0.09244811 0.90729076 -0.41021556
v -7.7680125 12.87208 0.060725756
vn -0.08949571 0.84456897 -0.5279146
v -7.7895975 12.80308 0.028195769
vn -0.05320821 0.08195793 -0.99521446
v -8.055597 12.80308 0.044305824
vn -0.8259331 -0.018380469 -0.56346846
v -8.023597 12.86008 0.072065815
vn -0.26219758 0.85729706 -0.44305107
v -8.023597 12.86008 0.14950585
vn -0.4965712 0.73969585 0.45416632
v -8.055597 12.80308 0.17649585
vn -0.6384693 -0.039862968 0.7686143
v -7.813659 12.697081 0.16496584
vn 0.015326928 -0.8849598 0.46541515
v -7.813659 12.697081 0.06446579
vn 0.03362716 -0.8866554 -0.46120653
v -7.7680125 12.700199 0.062295783
vn -0.0036618756 -0.8207334 -0.5712996
v -7.7680125 12.700199 0.16697581
vn 0.006738743 -0.81259704 0.58278704
v -6.982297 12.61138 0.69025564
vn 0.49309275 0.48478347 0.722388
v -6.982297 12.4897585 0.69025564
vn 0.55235046 -0.44310248 0.7060944
v -7.108857 12.4834585 0.5625857
vn -0.70017827 -0.431067 -0.56915003
v -7.169527 12.583219 0.64537567
vn -0.89266765 0.38505813 -0.23425375
v -7.169527 12.488898 0.6453757
vn -0.7714393 -0.5845445 -0.25137442
v -7.108857 12.604618 0.56258565
vn -0.7073195 0.46717343 -0.53051686
v -7.161917 12.596099 0.74614567
vn -0.5915596 0.5317218 0.6060769
v -7.161917 12.476389 0.7461457
vn -0.7401806 -0.5515504 0.38460997
v -7.088208 12.584059 0.7762656
vn 0.24184172 0.5122057 0.8241104
v -7.088208 12.500158 0.7762656
vn 0.05720385 -0.492096 0.8686595
o Mesh_4
g polygon_0
usemtl Joint_0_Object_4_Material_4
f 821/608/824 823/610/826 822/609/825
f 824/611/827 826/613/829 825/612/828
f 827/614/830 824/611/827 825/612/828
f 824/611/827 827/616/830 828/615/831
f 826/617/829 824/611/827 828/615/831
f 826/617/829 828/615/831 829/618/832
f 830/619/833 832/621/835 831/620/834
f 833/622/836 830/619/833 831/620/834
f 834/623/837 833/622/836 831/620/834
f 834/623/837 831/620/834 835/624/838
f 836/625/839 834/623/837 835/624/838
f 836/625/839 835/624/838 837/626/840
f 836/625/839 837/626/840 838/627/841
f 836/625/839 838/627/841 839/628/842
f 836/625/839 839/628/842 840/629/843
f 834/623/837 836/625/839 840/629/843
f 834/623/837 840/629/843 841/630/844
f 833/622/836 834/623/837 841/630/844
f 833/622/836 841/630/844 842/631/845
f 833/622/836 842/631/845 843/632/846
f 833/622/836 843/632/846 844/633/847
f 830/619/833 833/622/836 844/633/847
f 830/619/833 844/633/847 845/634/848
f 830/619/833 845/634/848 846/635/849
f 847/636/850 830/619/833 846/635/849
f 847/636/850 846/635/849 848/637/851
f 849/638/852 847/636/850 848/637/851
f 850/639/853 852/641/855 851/640/854
f 853/642/856 850/639/853 851/640/854
f 853/642/856 851/640/854 854/643/857
f 853/642/856 854/643/857 855/644/858
f 856/645/859 853/642/856 855/644/858
f 856/645/859 855/644/858 848/637/851
f 857/646/860 856/645/859 848/637/851
f 858/647/861 857/646/860 848/637/851
f 858/647/861 848/637/851 846/635/849
f 852/641/855 858/647/861 846/635/849
f 852/641/855 846/635/849 845/634/848
f 851/640/854 852/641/855 845/634/848
f 851/640/854 845/634/848 844/633/847
f 859/648/862 851/640/854 844/633/847
f 860/649/863 859/648/862 844/633/847
f 860/649/863 844/633/847 843/632/846
f 861/650/864 860/649/863 843/632/846
f 861/650/864 843/632/846 842/631/845
f 862/651/865 861/650/864 842/631/845
f 862/651/865 842/631/845 841/630/844
f 863/652/866 862/651/865 841/630/844
f 864/653/867 863/652/866 841/630/844
f 864/653/867 841/630/844 840/629/843
f 865/654/868 827/656/830 825/655/828
f 866/657/869 865/654/868 825/655/828
f 866/657/869 825/655/828 826/613/829
f 866/657/869 826/613/829 867/658/870
f 868/659/871 866/657/869 867/658/870
f 868/659/871 867/658/870 869/660/872
f 849/661/852 868/659/871 869/660/872
f 847/662/850 849/661/852 869/660/872
f 870/663/873 847/662/850 869/660/872
f 870/663/873 869/660/872 871/664/874
f 872/665/875 870/663/873 871/664/874
f 873/666/876 872/665/875 871/664/874
f 874/667/877 873/666/876 871/664/874
f 875/668/878 874/667/877 871/664/874
f 875/668/878 871/664/874 876/669/879
f 875/668/878 876/669/879 877/670/880
f 878/671/881 875/668/878 877/670/880
f 878/671/881 877/670/880 879/672/882
f 880/673/883 878/671/881 879/672/882
f 881/674/884 880/673/883 879/672/882
f 881/674/884 879/672/882 882/675/885
f 873/666/876 881/674/884 882/675/885
f 872/665/875 873/666/876 882/675/885
f 872/665/875 882/675/885 883/676/886
f 870/663/873 872/665/875 883/676/886
f 870/663/873 883/676/886 884/677/887
f 847/662/850 870/663/873 884/677/887
f 847/662/850 884/677/887 830/678/833
f 835/679/838 831/681/834 829/680/832
f 837/682/840 835/679/838 829/680/832
f 837/682/840 829/680/832 885/683/888
f 886/684/889 837/682/840 885/683/888
f 887/685/890 886/684/889 885/683/888
f 887/685/890 885/683/888 888/686/891
f 889/687/892 887/685/890 888/686/891
f 889/687/892 888/686/891 827/688/830
f 838/627/841 837/626/840 886/684/889
f 890/689/893 838/627/841 886/684/889
f 890/689/893 886/684/889 887/690/890
f 891/691/894 890/689/893 887/690/890
f 865/654/868 891/691/894 887/690/890
f 865/654/868 887/690/890 889/692/892
f 827/693/830 865/654/868 889/692/892
f 883/676/886 882/675/885 879/672/882
f 884/694/887 883/676/886 879/672/882
f 884/694/887 879/672/882 892/695/895
f 884/694/887 892/695/895 893/696/896
f 884/694/887 893/696/896 832/621/835
f 830/678/833 884/694/887 832/621/835
f 821/608/824 826/698/829 829/697/832
f 893/696/896 821/608/824 829/697/832
f 832/699/835 893/696/896 829/697/832
f 832/699/835 829/697/832 831/681/834
f 821/608/824 893/696/896 892/695/895
f 823/610/826 821/608/824 892/695/895
f 823/610/826 892/695/895 879/672/882
f 823/610/826 879/672/882 877/670/880
f 823/610/826 877/670/880 876/669/879
f 822/609/825 823/610/826 876/669/879
f 822/609/825 876/669/879 871/664/874
f 822/609/825 871/664/874 869/660/872
f 822/609/825 869/660/872 867/658/870
f 821/608/824 822/609/825 867/658/870
f 821/608/824 867/658/870 826/613/829
f 868/700/871 849/661/852 894/701/897
f 895/702/898 868/700/871 894/701/897
f 895/702/898 894/701/897 896/703/899
f 895/702/898 896/703/899 897/704/900
f 890/689/893 895/702/898 897/704/900
f 890/689/893 897/704/900 838/627/841
f 885/683/888 829/680/832 828/615/831
f 888/686/891 885/683/888 828/615/831
f 888/686/891 828/615/831 827/705/830
f 895/702/898 890/689/893 891/691/894
f 868/700/871 895/702/898 891/691/894
f 866/657/869 868/700/871 891/691/894
f 866/657/869 891/691/894 865/654/868
f 861/650/864 862/651/865 898/706/901
f 861/650/864 898/706/901 899/707/902
f 900/708/903 861/650/864 899/707/902
f 901/709/904 900/708/903 899/707/902
f 901/709/904 899/707/902 902/710/905
f 864/653/867 901/709/904 902/710/905
f 864/653/867 902/710/905 903/711/906
f 863/652/866 864/653/867 903/711/906
f 904/712/907 863/652/866 903/711/906
f 905/713/908 904/712/907 903/711/906
f 906/714/909 905/713/908 903/711/906
f 906/714/909 903/711/906 907/715/910
f 908/716/911 906/714/909 907/715/910
f 909/717/912 908/716/911 907/715/910
f 909/717/912 907/715/910 910/718/913
f 911/719/914 909/717/912 910/718/913
f 911/719/914 910/718/913 898/706/901
f 912/720/915 911/719/914 898/706/901
f 913/721/916 912/720/915 898/706/901
f 913/721/916 898/706/901 862/651/865
f 913/721/916 862/651/865 863/652/866
f 913/721/916 863/652/866 904/712/907
f 912/720/915 913/721/916 904/712/907
f 912/720/915 904/712/907 905/713/908
f 912/720/915 905/713/908 914/722/917
f 911/719/914 912/720/915 914/722/917
f 911/719/914 914/722/917 915/723/918
f 916/724/919 911/719/914 915/723/918
f 916/724/919 915/723/918 917/725/920
f 916/724/919 917/725/920 918/726/921
f 919/727/922 916/724/919 918/726/921
f 920/728/923 919/727/922 918/726/921
f 920/728/923 918/726/921 917/725/920
f 920/728/923 917/725/920 915/723/918
f 921/729/924 920/728/923 915/723/918
f 921/729/924 915/723/918 914/722/917
f 921/729/924 914/722/917 905/713/908
f 921/729/924 905/713/908 906/714/909
f 920/728/923 921/729/924 906/714/909
f 920/728/923 906/714/909 919/727/922
f 922/730/925 899/707/902 898/706/901
f 922/730/925 898/706/901 910/718/913
f 923/731/926 922/730/925 910/718/913
f 923/731/926 910/718/913 907/715/910
f 923/731/926 907/715/910 903/711/906
f 923/731/926 903/711/906 902/710/905
f 922/730/925 923/731/926 902/710/905
f 922/730/925 902/710/905 899/707/902
f 924/732/927 926/734/929 925/733/928
f 927/735/930 924/732/927 925/733/928
f 928/736/931 927/735/930 925/733/928
f 928/736/931 925/733/928 929/737/932
f 930/738/933 928/736/931 929/737/932
f 930/738/933 929/737/932 859/648/862
f 931/739/934 930/738/933 859/648/862
f 931/739/934 859/648/862 860/649/863
f 931/739/934 860/649/863 932/740/935
f 931/739/934 932/740/935 933/741/936
f 930/738/933 931/739/934 933/741/936
f 928/736/931 930/738/933 933/741/936
f 928/736/931 933/741/936 934/742/937
f 927/735/930 928/736/931 934/742/937
f 927/735/930 934/742/937 935/743/938
f 924/732/927 927/735/930 935/743/938
f 924/732/927 935/743/938 936/744/939
f 924/732/927 936/744/939 937/745/940
f 926/734/929 924/732/927 937/745/940
f 938/746/941 926/734/929 937/745/940
f 938/746/941 937/745/940 936/744/939
f 938/746/941 936/744/939 935/743/938
f 939/747/942 938/746/941 935/743/938
f 939/747/942 935/743/938 934/742/937
f 939/747/942 934/742/937 933/741/936
f 939/747/942 933/741/936 932/740/935
f 940/748/943 939/747/942 932/740/935
f 940/748/943 932/740/935 941/749/944
f 940/748/943 941/749/944 942/750/945
f 943/751/946 940/748/943 942/750/945
f 943/751/946 942/750/945 929/737/932
f 943/751/946 929/737/932 925/733/928
f 943/751/946 925/733/928 944/752/947
f 943/751/946 944/752/947 945/753/948
f 940/748/943 943/751/946 945/753/948
f 940/748/943 945/753/948 939/747/942
f 851/640/854 859/648/862 929/737/932
f 946/754/949 851/640/854 929/737/932
f 946/754/949 929/737/932 942/750/945
f 946/754/949 942/750/945 941/749/944
f 947/755/950 946/754/949 941/749/944
f 947/755/950 941/749/944 932/740/935
f 861/650/864 947/755/950 932/740/935
f 861/650/864 932/740/935 860/649/863
f 947/755/950 861/650/864 948/756/951
f 947/755/950 948/756/951 949/757/952
f 946/754/949 947/755/950 949/757/952
f 946/754/949 949/757/952 851/640/854
f 906/758/909 908/760/911 950/759/953
f 919/761/922 906/758/909 950/759/953
f 916/762/919 919/761/922 950/759/953
f 916/762/919 950/759/953 951/763/954
f 911/764/914 916/762/919 951/763/954
f 909/765/912 911/764/914 951/763/954
f 908/760/911 909/765/912 951/763/954
f 908/760/911 951/763/954 950/759/953
f 952/759/955 939/758/942 945/760/948
f 952/759/955 945/760/948 944/765/947
f 953/763/956 952/759/955 944/765/947
f 953/763/956 944/765/947 925/764/928
f 953/763/956 925/764/928 926/762/929
f 953/763/956 926/762/929 938/761/941
f 952/759/955 953/763/956 938/761/941
f 952/759/955 938/761/941 939/758/942
f 954/766/957 851/640/854 949/757/952
f 954/766/957 949/757/952 948/756/951
f 955/767/958 954/766/957 948/756/951
f 955/767/958 948/756/951 861/650/864
f 956/768/959 955/767/958 861/650/864
f 956/768/959 861/650/864 900/708/903
f 957/769/960 956/768/959 900/708/903
f 957/769/960 900/708/903 901/709/904
f 957/769/960 901/709/904 864/653/867
f 958/770/961 957/769/960 864/653/867
f 958/770/961 864/653/867 959/771/962
f 960/772/963 958/770/961 959/771/962
f 960/772/963 959/771/962 961/773/964
f 962/774/965 960/772/963 961/773/964
f 962/774/965 961/773/964 963/775/966
f 962/774/965 963/775/966 964/776/967
f 965/777/968 962/774/965 964/776/967
f 965/777/968 964/776/967 966/778/969
f 965/777/968 966/778/969 967/779/970
f 968/780/971 965/777/968 967/779/970
f 968/780/971 967/779/970 969/781/972
f 864/653/867 968/780/971 969/781/972
f 864/653/867 969/781/972 970/782/973
f 959/771/962 864/653/867 970/782/973
f 961/773/964 959/771/962 970/782/973
f 963/775/966 961/773/964 970/782/973
f 971/783/974 963/775/966 970/782/973
f 971/783/974 970/782/973 969/781/972
f 972/784/975 971/783/974 969/781/972
f 972/784/975 969/781/972 973/785/976
f 972/784/975 973/785/976 974/786/977
f 975/787/978 972/784/975 974/786/977
f 975/787/978 974/786/977 976/788/979
f 975/787/978 976/788/979 977/789/980
f 964/776/967 975/787/978 977/789/980
f 964/776/967 977/789/980 978/790/981
f 966/778/969 964/776/967 978/790/981
f 966/778/969 978/790/981 979/791/982
f 967/779/970 966/778/969 979/791/982
f 969/781/972 967/779/970 979/791/982
f 973/785/976 969/781/972 979/791/982
f 980/792/983 973/785/976 979/791/982
f 980/792/983 979/791/982 978/790/981
f 981/793/984 980/792/983 978/790/981
f 981/793/984 978/790/981 977/789/980
f 982/794/985 981/793/984 977/789/980
f 982/794/985 977/789/980 983/795/986
f 984/796/987 982/794/985 983/795/986
f 984/796/987 983/795/986 985/797/988
f 984/796/987 985/797/988 986/798/989
f 982/794/985 984/796/987 986/798/989
f 982/794/985 986/798/989 987/799/990
f 981/793/984 982/794/985 987/799/990
f 980/792/983 981/793/984 987/799/990
f 973/785/976 980/792/983 987/799/990
f 985/797/988 973/785/976 987/799/990
f 985/797/988 987/799/990 986/798/989
f 856/645/859 857/646/860 988/800/991
f 989/801/992 856/645/859 988/800/991
f 990/802/993 989/801/992 988/800/991
f 991/803/994 990/802/993 988/800/991
f 991/803/994 988/800/991 857/646/860
f 992/804/995 991/803/994 857/646/860
f 993/805/996 992/804/995 857/646/860
f 994/806/997 993/805/996 857/646/860
f 994/806/997 857/646/860 858/647/861
f 995/807/998 994/806/997 858/647/861
f 995/807/998 858/647/861 852/641/855
f 995/807/998 852/641/855 850/639/853
f 995/807/998 850/639/853 996/808/999
f 994/806/997 995/807/998 996/808/999
f 994/806/997 996/808/999 993/805/996
f 853/642/856 856/645/859 989/801/992
f 850/639/853 853/642/856 989/801/992
f 850/639/853 989/801/992 990/802/993
f 850/639/853 990/802/993 997/809/1000
f 996/808/999 850/639/853 997/809/1000
f 975/787/978 964/776/967 998/810/1001
f 972/784/975 975/787/978 998/810/1001
f 971/783/974 972/784/975 998/810/1001
f 963/775/966 971/783/974 998/810/1001
f 963/775/966 998/810/1001 964/776/967
f 976/760/979 1000/763/1003 999/759/1002
f 977/758/980 976/760/979 999/759/1002
f 983/761/986 977/758/980 999/759/1002
f 985/762/988 983/761/986 999/759/1002
f 985/762/988 999/759/1002 1000/763/1003
f 973/764/976 985/762/988 1000/763/1003
f 974/765/977 973/764/976 1000/763/1003
f 974/765/977 1000/763/1003 976/760/979
f 1001/811/1004 849/638/852 848/637/851
f 1001/811/1004 848/637/851 855/644/858
f 1001/811/1004 855/644/858 854/643/857
f 1002/812/1005 1001/811/1004 854/643/857
f 1002/812/1005 854/643/857 851/640/854
f 1002/812/1005 851/640/854 954/766/957
f 1002/812/1005 954/766/957 894/701/897
f 1001/813/1004 1002/812/1005 894/701/897
f 1001/813/1004 894/701/897 849/661/852
f 955/767/958 956/768/959 896/703/899
f 954/814/957 955/767/958 896/703/899
f 954/814/957 896/703/899 894/701/897
f 896/703/899 956/815/959 957/769/960
f 897/704/900 896/703/899 957/769/960
f 897/704/900 957/769/960 958/770/961
f 897/704/900 958/770/961 960/816/963
f 838/627/841 897/704/900 960/816/963
f 838/627/841 960/816/963 962/817/965
f 968/780/971 864/653/867 840/629/843
f 968/780/971 840/629/843 839/628/842
f 965/777/968 968/780/971 839/628/842
f 962/774/965 965/777/968 839/628/842
f 962/774/965 839/628/842 838/627/841
f 1003/610/1006 1005/608/1008 1004/609/1007
f 1006/612/1009 1008/613/1011 1007/611/1010
f 1009/614/1012 1006/612/1009 1007/611/1010
f 1010/818/1013 874/667/877 875/668/878
f 1010/818/1013 875/668/878 878/671/881
f 1011/819/1014 1010/818/1013 878/671/881
f 1011/819/1014 878/671/881 880/673/883
f 1012/820/1015 997/809/1000 990/802/993
f 1012/820/1015 990/802/993 991/803/994
f 1013/821/1016 1012/820/1015 991/803/994
f 1013/821/1016 991/803/994 992/804/995
f 1008/617/1011 1015/618/1018 1014/615/1017
f 1007/611/1010 1008/617/1011 1014/615/1017
f 1007/611/1010 1014/615/1017 1009/616/1012
f 1016/620/1019 1018/621/1021 1017/822/1020
f 1019/622/1022 1016/620/1019 1017/822/1020
f 1019/622/1022 1017/822/1020 1020/633/1023
f 1019/622/1022 1020/633/1023 1021/632/1024
f 1019/622/1022 1021/632/1024 1022/631/1025
f 1023/630/1026 1019/622/1022 1022/631/1025
f 1023/630/1026 1022/631/1025 1024/651/1027
f 1025/652/1028 1023/630/1026 1024/651/1027
f 1026/721/1029 1025/652/1028 1024/651/1027
f 1026/721/1029 1024/651/1027 1027/706/1030
f 1026/721/1029 1027/706/1030 1028/720/1031
f 1026/721/1029 1028/720/1031 1029/712/1032
f 1025/652/1028 1026/721/1029 1029/712/1032
f 1025/652/1028 1029/712/1032 1030/711/1033
f 1025/652/1028 1030/711/1033 1031/653/1034
f 1023/630/1026 1025/652/1028 1031/653/1034
f 1023/630/1026 1031/653/1034 1032/629/1035
f 1023/630/1026 1032/629/1035 1033/623/1036
f 1019/622/1022 1023/630/1026 1033/623/1036
f 1016/620/1019 1019/622/1022 1033/623/1036
f 1034/624/1037 1016/620/1019 1033/623/1036
f 1035/625/1038 1034/624/1037 1033/623/1036
f 1035/625/1038 1033/623/1036 1032/629/1035
f 1035/625/1038 1032/629/1035 1036/628/1039
f 1035/625/1038 1036/628/1039 1037/627/1040
f 1035/625/1038 1037/627/1040 1038/626/1041
f 1034/624/1037 1035/625/1038 1038/626/1041
f 1039/634/1042 1020/633/1023 1017/822/1020
f 1040/635/1043 1039/634/1042 1017/822/1020
f 1040/635/1043 1017/822/1020 1041/636/1044
f 1041/662/1044 1017/678/1020 1042/677/1045
f 1043/663/1046 1041/662/1044 1042/677/1045
f 1043/663/1046 1042/677/1045 1044/676/1047
f 1045/665/1048 1043/663/1046 1044/676/1047
f 1045/665/1048 1044/676/1047 1046/675/1049
f 1047/666/1050 1045/665/1048 1046/675/1049
f 1048/674/1051 1047/666/1050 1046/675/1049
f 1048/674/1051 1046/675/1049 1049/672/1052
f 1050/673/1053 1048/674/1051 1049/672/1052
f 1051/671/1054 1050/673/1053 1049/672/1052
f 1051/671/1054 1049/672/1052 1052/670/1055
f 1053/668/1056 1051/671/1054 1052/670/1055
f 1053/668/1056 1052/670/1055 1054/669/1057
f 1053/668/1056 1054/669/1057 1055/664/1058
f 1056/667/1059 1053/668/1056 1055/664/1058
f 1047/666/1050 1056/667/1059 1055/664/1058
f 1045/665/1048 1047/666/1050 1055/664/1058
f 1043/663/1046 1045/665/1048 1055/664/1058
f 1043/663/1046 1055/664/1058 1057/660/1060
f 1041/662/1044 1043/663/1046 1057/660/1060
f 1058/661/1061 1041/662/1044 1057/660/1060
f 1059/659/1062 1058/661/1061 1057/660/1060
f 1059/659/1062 1057/660/1060 1060/658/1063
f 1061/657/1064 1059/659/1062 1060/658/1063
f 1061/657/1064 1060/658/1063 1008/613/1011
f 1061/657/1064 1008/613/1011 1006/655/1009
f 1062/654/1065 1061/657/1064 1006/655/1009
f 1062/654/1065 1006/655/1009 1009/656/1012
f 1063/687/1066 1009/688/1012 1064/686/1067
f 1065/685/1068 1063/687/1066 1064/686/1067
f 1065/685/1068 1064/686/1067 1066/683/1069
f 1067/684/1070 1065/685/1068 1066/683/1069
f 1038/682/1041 1067/684/1070 1066/683/1069
f 1038/682/1041 1066/683/1069 1015/680/1018
f 1034/679/1037 1038/682/1041 1015/680/1018
f 1034/679/1037 1015/680/1018 1016/681/1019
f 1067/684/1070 1038/626/1041 1037/627/1040
f 1067/684/1070 1037/627/1040 1068/689/1071
f 1065/690/1068 1067/684/1070 1068/689/1071
f 1065/690/1068 1068/689/1071 1069/691/1072
f 1065/690/1068 1069/691/1072 1062/654/1065
f 1063/692/1066 1065/690/1068 1062/654/1065
f 1063/692/1066 1062/654/1065 1009/693/1012
f 1049/672/1052 1046/675/1049 1044/676/1047
f 1049/672/1052 1044/676/1047 1042/694/1045
f 1070/695/1073 1049/672/1052 1042/694/1045
f 1071/696/1074 1070/695/1073 1042/694/1045
f 1018/621/1021 1071/696/1074 1042/694/1045
f 1018/621/1021 1042/694/1045 1017/678/1020
f 1018/699/1021 1016/681/1019 1015/697/1018
f 1071/696/1074 1018/699/1021 1015/697/1018
f 1005/608/1008 1071/696/1074 1015/697/1018
f 1005/608/1008 1015/697/1018 1008/698/1011
f 1005/608/1008 1008/613/1011 1060/658/1063
f 1004/609/1007 1005/608/1008 1060/658/1063
f 1004/609/1007 1060/658/1063 1057/660/1060
f 1004/609/1007 1057/660/1060 1055/664/1058
f 1004/609/1007 1055/664/1058 1054/669/1057
f 1003/610/1006 1004/609/1007 1054/669/1057
f 1003/610/1006 1054/669/1057 1052/670/1055
f 1003/610/1006 1052/670/1055 1049/672/1052
f 1003/610/1006 1049/672/1052 1070/695/1073
f 1005/608/1008 1003/610/1006 1070/695/1073
f 1005/608/1008 1070/695/1073 1071/696/1074
f 1068/689/1071 1037/627/1040 1072/704/1075
f 1073/702/1076 1068/689/1071 1072/704/1075
f 1073/702/1076 1072/704/1075 1074/703/1077
f 1073/702/1076 1074/703/1077 1075/701/1078
f 1059/700/1062 1073/702/1076 1075/701/1078
f 1059/700/1062 1075/701/1078 1058/661/1061
f 1064/686/1067 1009/705/1012 1014/615/1017
f 1066/683/1069 1064/686/1067 1014/615/1017
f 1066/683/1069 1014/615/1017 1015/680/1018
f 1061/657/1064 1062/654/1065 1069/691/1072
f 1059/700/1062 1061/657/1064 1069/691/1072
f 1073/702/1076 1059/700/1062 1069/691/1072
f 1073/702/1076 1069/691/1072 1068/689/1071
f 1076/707/1079 1078/708/1081 1077/709/1080
f 1079/710/1082 1076/707/1079 1077/709/1080
f 1079/710/1082 1077/709/1080 1031/653/1034
f 1079/710/1082 1031/653/1034 1030/711/1033
f 1079/710/1082 1030/711/1033 1080/731/1083
f 1079/710/1082 1080/731/1083 1081/730/1084
f 1076/707/1079 1079/710/1082 1081/730/1084
f 1027/706/1030 1076/707/1079 1081/730/1084
f 1082/718/1085 1027/706/1030 1081/730/1084
f 1082/718/1085 1081/730/1084 1080/731/1083
f 1083/715/1086 1082/718/1085 1080/731/1083
f 1083/715/1086 1080/731/1083 1030/711/1033
f 1083/715/1086 1030/711/1033 1084/714/1087
f 1083/715/1086 1084/714/1087 1085/716/1088
f 1083/715/1086 1085/716/1088 1086/717/1089
f 1082/718/1085 1083/715/1086 1086/717/1089
f 1082/718/1085 1086/717/1089 1087/719/1090
f 1027/706/1030 1082/718/1085 1087/719/1090
f 1028/720/1031 1027/706/1030 1087/719/1090
f 1028/720/1031 1087/719/1090 1088/722/1091
f 1028/720/1031 1088/722/1091 1089/713/1092
f 1029/712/1032 1028/720/1031 1089/713/1092
f 1030/711/1033 1029/712/1032 1089/713/1092
f 1084/714/1087 1030/711/1033 1089/713/1092
f 1090/729/1093 1084/714/1087 1089/713/1092
f 1090/729/1093 1089/713/1092 1088/722/1091
f 1091/723/1094 1090/729/1093 1088/722/1091
f 1091/723/1094 1088/722/1091 1087/719/1090
f 1091/723/1094 1087/719/1090 1092/724/1095
f 1093/725/1096 1091/723/1094 1092/724/1095
f 1094/726/1097 1093/725/1096 1092/724/1095
f 1094/726/1097 1092/724/1095 1095/727/1098
f 1096/728/1099 1094/726/1097 1095/727/1098
f 1096/728/1099 1095/727/1098 1084/714/1087
f 1096/728/1099 1084/714/1087 1090/729/1093
f 1096/728/1099 1090/729/1093 1091/723/1094
f 1096/728/1099 1091/723/1094 1093/725/1096
f 1094/726/1097 1096/728/1099 1093/725/1096
f 873/666/876 874/667/877 1097/823/1100
f 881/674/884 873/666/876 1097/823/1100
f 881/674/884 1097/823/1100 1098/824/1101
f 880/673/883 881/674/884 1098/824/1101
f 880/673/883 1098/824/1101 1099/825/1102
f 1100/826/1103 880/673/883 1099/825/1102
f 1100/826/1103 1099/825/1102 1101/825/1104
f 1102/827/1105 1100/826/1103 1101/825/1104
f 874/667/877 1102/827/1105 1101/825/1104
f 1097/823/1100 874/667/877 1101/825/1104
f 1098/824/1101 1097/823/1100 1101/825/1104
f 1098/824/1101 1101/825/1104 1099/825/1102
f 1102/761/1105 1104/759/1107 1103/763/1106
f 1100/762/1103 1102/761/1105 1103/763/1106
f 880/764/883 1100/762/1103 1103/763/1106
f 1011/765/1014 880/764/883 1103/763/1106
f 1011/765/1014 1103/763/1106 1104/759/1107
f 1010/760/1013 1011/765/1014 1104/759/1107
f 874/758/877 1010/760/1013 1104/759/1107
f 874/758/877 1104/759/1107 1102/761/1105
f 1105/762/1108 1107/761/1110 1106/763/1109
f 992/764/995 1105/762/1108 1106/763/1109
f 1013/765/1016 992/764/995 1106/763/1109
f 1013/765/1016 1106/763/1109 1108/759/1111
f 1012/760/1015 1013/765/1016 1108/759/1111
f 997/758/1000 1012/760/1015 1108/759/1111
f 1107/761/1110 997/758/1000 1108/759/1111
f 1107/761/1110 1108/759/1111 1106/763/1109
f 1109/828/1112 1111/830/1114 1110/829/1113
f 1112/831/1115 1109/828/1112 1110/829/1113
f 1112/831/1115 1110/829/1113 993/805/996
f 1112/831/1115 993/805/996 996/808/999
f 1112/831/1115 996/808/999 997/809/1000
f 1109/828/1112 1112/831/1115 997/809/1000
f 1109/828/1112 997/809/1000 1107/832/1110
f 1109/828/1112 1107/832/1110 1113/833/1116
f 1111/830/1114 1109/828/1112 1113/833/1116
f 1114/834/1117 1111/830/1114 1113/833/1116
f 1114/834/1117 1113/833/1116 1107/832/1110
f 1114/834/1117 1107/832/1110 1105/835/1108
f 1111/830/1114 1114/834/1117 1105/835/1108
f 1111/830/1114 1105/835/1108 992/804/995
f 1110/829/1113 1111/830/1114 992/804/995
f 1110/829/1113 992/804/995 993/805/996
f 1085/760/1088 1116/759/1119 1115/763/1118
f 1086/765/1089 1085/760/1088 1115/763/1118
f 1087/764/1090 1086/765/1089 1115/763/1118
f 1092/762/1095 1087/764/1090 1115/763/1118
f 1092/762/1095 1115/763/1118 1116/759/1119
f 1095/761/1098 1092/762/1095 1116/759/1119
f 1084/758/1087 1095/761/1098 1116/759/1119
f 1084/758/1087 1116/759/1119 1085/760/1088
f 1027/706/1030 1024/651/1027 1117/650/1120
f 1076/707/1079 1027/706/1030 1117/650/1120
f 1078/708/1081 1076/707/1079 1117/650/1120
f 1078/708/1081 1117/650/1120 1118/836/1121
f 1078/708/1081 1118/836/1121 1119/769/1122
f 1077/709/1080 1078/708/1081 1119/769/1122
f 1031/653/1034 1077/709/1080 1119/769/1122
f 1031/653/1034 1119/769/1122 1120/770/1123
f 1121/771/1124 1031/653/1034 1120/770/1123
f 1121/771/1124 1120/770/1123 1122/772/1125
f 1123/773/1126 1121/771/1124 1122/772/1125
f 1123/773/1126 1122/772/1125 1124/774/1127
f 1125/775/1128 1123/773/1126 1124/774/1127
f 1126/776/1129 1125/775/1128 1124/774/1127
f 1126/776/1129 1124/774/1127 1127/777/1130
f 1128/778/1131 1126/776/1129 1127/777/1130
f 1129/779/1132 1128/778/1131 1127/777/1130
f 1129/779/1132 1127/777/1130 1130/780/1133
f 1131/781/1134 1129/779/1132 1130/780/1133
f 1131/781/1134 1130/780/1133 1031/653/1034
f 1132/782/1135 1131/781/1134 1031/653/1034
f 1132/782/1135 1031/653/1034 1121/771/1124
f 1132/782/1135 1121/771/1124 1123/773/1126
f 1132/782/1135 1123/773/1126 1125/775/1128
f 1132/782/1135 1125/775/1128 1133/783/1136
f 1131/781/1134 1132/782/1135 1133/783/1136
f 1131/781/1134 1133/783/1136 1134/784/1137
f 1135/785/1138 1131/781/1134 1134/784/1137
f 1136/786/1139 1135/785/1138 1134/784/1137
f 1136/786/1139 1134/784/1137 1137/787/1140
f 1138/788/1141 1136/786/1139 1137/787/1140
f 1139/789/1142 1138/788/1141 1137/787/1140
f 1139/789/1142 1137/787/1140 1126/776/1129
f 1140/790/1143 1139/789/1142 1126/776/1129
f 1140/790/1143 1126/776/1129 1128/778/1131
f 1141/791/1144 1140/790/1143 1128/778/1131
f 1141/791/1144 1128/778/1131 1129/779/1132
f 1141/791/1144 1129/779/1132 1131/781/1134
f 1141/791/1144 1131/781/1134 1135/785/1138
f 1141/791/1144 1135/785/1138 1142/792/1145
f 1140/790/1143 1141/791/1144 1142/792/1145
f 1140/790/1143 1142/792/1145 1143/793/1146
f 1139/789/1142 1140/790/1143 1143/793/1146
f 1139/789/1142 1143/793/1146 1144/794/1147
f 1145/795/1148 1139/789/1142 1144/794/1147
f 1145/795/1148 1144/794/1147 1146/796/1149
f 1147/797/1150 1145/795/1148 1146/796/1149
f 1148/798/1151 1147/797/1150 1146/796/1149
f 1148/798/1151 1146/796/1149 1144/794/1147
f 1149/799/1152 1148/798/1151 1144/794/1147
f 1149/799/1152 1144/794/1147 1143/793/1146
f 1149/799/1152 1143/793/1146 1142/792/1145
f 1149/799/1152 1142/792/1145 1135/785/1138
f 1149/799/1152 1135/785/1138 1147/797/1150
f 1148/798/1151 1149/799/1152 1147/797/1150
f 1150/767/1153 1118/836/1121 1117/650/1120
f 1150/767/1153 1117/650/1120 1151/756/1154
f 1152/837/1155 1150/767/1153 1151/756/1154
f 1153/757/1156 1152/837/1155 1151/756/1154
f 1153/757/1156 1151/756/1154 1154/755/1157
f 1155/754/1158 1153/757/1156 1154/755/1157
f 1155/754/1158 1154/755/1157 1156/749/1159
f 1155/754/1158 1156/749/1159 1157/750/1160
f 1158/737/1161 1155/754/1158 1157/750/1160
f 1158/737/1161 1157/750/1160 1159/751/1162
f 1160/733/1163 1158/737/1161 1159/751/1162
f 1161/752/1164 1160/733/1163 1159/751/1162
f 1162/753/1165 1161/752/1164 1159/751/1162
f 1163/748/1166 1162/753/1165 1159/751/1162
f 1163/748/1166 1159/751/1162 1157/750/1160
f 1163/748/1166 1157/750/1160 1156/749/1159
f 1164/740/1167 1163/748/1166 1156/749/1159
f 1164/740/1167 1156/749/1159 1154/755/1157
f 1117/650/1120 1164/740/1167 1154/755/1157
f 1117/650/1120 1154/755/1157 1151/756/1154
f 1165/747/1168 1162/753/1165 1163/748/1166
f 1165/747/1168 1163/748/1166 1164/740/1167
f 1166/741/1169 1165/747/1168 1164/740/1167
f 1167/739/1170 1166/741/1169 1164/740/1167
f 1168/649/1171 1167/739/1170 1164/740/1167
f 1168/649/1171 1164/740/1167 1117/650/1120
f 1167/739/1170 1168/649/1171 1169/648/1172
f 1170/738/1173 1167/739/1170 1169/648/1172
f 1170/738/1173 1169/648/1172 1158/737/1161
f 1171/736/1174 1170/738/1173 1158/737/1161
f 1171/736/1174 1158/737/1161 1160/733/1163
f 1172/735/1175 1171/736/1174 1160/733/1163
f 1173/732/1176 1172/735/1175 1160/733/1163
f 1173/732/1176 1160/733/1163 1174/734/1177
f 1175/745/1178 1173/732/1176 1174/734/1177
f 1175/745/1178 1174/734/1177 1176/746/1179
f 1175/745/1178 1176/746/1179 1177/744/1180
f 1173/732/1176 1175/745/1178 1177/744/1180
f 1178/743/1181 1173/732/1176 1177/744/1180
f 1178/743/1181 1177/744/1180 1176/746/1179
f 1178/743/1181 1176/746/1179 1165/747/1168
f 1179/742/1182 1178/743/1181 1165/747/1168
f 1179/742/1182 1165/747/1168 1166/741/1169
f 1171/736/1174 1179/742/1182 1166/741/1169
f 1170/738/1173 1171/736/1174 1166/741/1169
f 1170/738/1173 1166/741/1169 1167/739/1170
f 1179/742/1182 1171/736/1174 1172/735/1175
f 1178/743/1181 1179/742/1182 1172/735/1175
f 1178/743/1181 1172/735/1175 1173/732/1176
f 1125/775/1128 1126/776/1129 1180/810/1183
f 1133/783/1136 1125/775/1128 1180/810/1183
f 1134/784/1137 1133/783/1136 1180/810/1183
f 1137/787/1140 1134/784/1137 1180/810/1183
f 1137/787/1140 1180/810/1183 1126/776/1129
f 1162/760/1165 1165/758/1168 1181/759/1184
f 1161/765/1164 1162/760/1165 1181/759/1184
f 1161/765/1164 1181/759/1184 1182/763/1185
f 1160/764/1163 1161/765/1164 1182/763/1185
f 1174/762/1177 1160/764/1163 1182/763/1185
f 1176/761/1179 1174/762/1177 1182/763/1185
f 1176/761/1179 1182/763/1185 1181/759/1184
f 1165/758/1168 1176/761/1179 1181/759/1184
f 1136/765/1139 1138/760/1141 1183/763/1186
f 1135/764/1138 1136/765/1139 1183/763/1186
f 1147/762/1150 1135/764/1138 1183/763/1186
f 1147/762/1150 1183/763/1186 1184/759/1187
f 1145/761/1148 1147/762/1150 1184/759/1187
f 1139/758/1142 1145/761/1148 1184/759/1187
f 1138/760/1141 1139/758/1142 1184/759/1187
f 1138/760/1141 1184/759/1187 1183/763/1186
f 1185/830/1188 1187/834/1190 1186/833/1189
f 1188/828/1191 1185/830/1188 1186/833/1189
f 1117/650/1120 1022/631/1025 1021/632/1024
f 1168/649/1171 1117/650/1120 1021/632/1024
f 1168/649/1171 1021/632/1024 1020/633/1023
f 1169/648/1172 1168/649/1171 1020/633/1023
f 1169/648/1172 1020/633/1023 1189/640/1192
f 1158/737/1161 1169/648/1172 1189/640/1192
f 1155/754/1158 1158/737/1161 1189/640/1192
f 1153/757/1156 1155/754/1158 1189/640/1192
f 1152/837/1155 1153/757/1156 1189/640/1192
f 1152/837/1155 1189/640/1192 1190/812/1193
f 1075/701/1078 1152/837/1155 1190/812/1193
f 1075/701/1078 1190/812/1193 1191/813/1194
f 1058/661/1061 1075/701/1078 1191/813/1194
f 1189/640/1192 1020/633/1023 1039/634/1042
f 1192/641/1195 1189/640/1192 1039/634/1042
f 1192/641/1195 1039/634/1042 1040/635/1043
f 1193/647/1196 1192/641/1195 1040/635/1043
f 1194/637/1197 1193/647/1196 1040/635/1043
f 1194/637/1197 1040/635/1043 1041/636/1044
f 1194/637/1197 1041/636/1044 1058/638/1061
f 1194/637/1197 1058/638/1061 1191/811/1194
f 1195/644/1198 1194/637/1197 1191/811/1194
f 1196/643/1199 1195/644/1198 1191/811/1194
f 1196/643/1199 1191/811/1194 1190/812/1193
f 1196/643/1199 1190/812/1193 1189/640/1192
f 1196/643/1199 1189/640/1192 1197/642/1200
f 1195/644/1198 1196/643/1199 1197/642/1200
f 1195/644/1198 1197/642/1200 1198/645/1201
f 1194/637/1197 1195/644/1198 1198/645/1201
f 1194/637/1197 1198/645/1201 1199/646/1202
f 1193/647/1196 1194/637/1197 1199/646/1202
f 1193/647/1196 1199/646/1202 1200/806/1203
f 1193/647/1196 1200/806/1203 1201/807/1204
f 1192/641/1195 1193/647/1196 1201/807/1204
f 1192/641/1195 1201/807/1204 1202/639/1205
f 1189/640/1192 1192/641/1195 1202/639/1205
f 1197/642/1200 1189/640/1192 1202/639/1205
f 1197/642/1200 1202/639/1205 1203/801/1206
f 1198/645/1201 1197/642/1200 1203/801/1206
f 1198/645/1201 1203/801/1206 1204/800/1207
f 1199/646/1202 1198/645/1201 1204/800/1207
f 1199/646/1202 1204/800/1207 1205/803/1208
f 1206/804/1209 1199/646/1202 1205/803/1208
f 1207/821/1210 1206/804/1209 1205/803/1208
f 1208/820/1211 1207/821/1210 1205/803/1208
f 1209/802/1212 1208/820/1211 1205/803/1208
f 1209/802/1212 1205/803/1208 1204/800/1207
f 1209/802/1212 1204/800/1207 1203/801/1206
f 1209/802/1212 1203/801/1206 1202/639/1205
f 1209/802/1212 1202/639/1205 1210/809/1213
f 1208/820/1211 1209/802/1212 1210/809/1213
f 1152/814/1155 1075/701/1078 1074/703/1077
f 1150/767/1153 1152/814/1155 1074/703/1077
f 1150/767/1153 1074/703/1077 1118/836/1121
f 1037/627/1040 1124/817/1127 1122/816/1125
f 1072/704/1075 1037/627/1040 1122/816/1125
f 1072/704/1075 1122/816/1125 1120/770/1123
f 1072/704/1075 1120/770/1123 1119/769/1122
f 1074/703/1077 1072/704/1075 1119/769/1122
f 1074/703/1077 1119/769/1122 1118/815/1121
f 1124/774/1127 1037/627/1040 1036/628/1039
f 1127/777/1130 1124/774/1127 1036/628/1039
f 1130/780/1133 1127/777/1130 1036/628/1039
f 1130/780/1133 1036/628/1039 1032/629/1035
f 1211/761/1214 1213/763/1216 1212/759/1215
f 1210/758/1213 1211/761/1214 1212/759/1215
f 1208/760/1211 1210/758/1213 1212/759/1215
f 1207/765/1210 1208/760/1211 1212/759/1215
f 1207/765/1210 1212/759/1215 1213/763/1216
f 1206/764/1209 1207/765/1210 1213/763/1216
f 1214/762/1217 1206/764/1209 1213/763/1216
f 1214/762/1217 1213/763/1216 1211/761/1214
f 1188/828/1191 1216/831/1219 1215/829/1218
f 1185/830/1188 1188/828/1191 1215/829/1218
f 1185/830/1188 1215/829/1218 1206/804/1209
f 1185/830/1188 1206/804/1209 1214/835/1217
f 1187/834/1190 1185/830/1188 1214/835/1217
f 1187/834/1190 1214/835/1217 1211/832/1214
f 1186/833/1189 1187/834/1190 1211/832/1214
f 1188/828/1191 1186/833/1189 1211/832/1214
f 1188/828/1191 1211/832/1214 1210/809/1213
f 1216/831/1219 1188/828/1191 1210/809/1213
f 1217/808/1220 1216/831/1219 1210/809/1213
f 1217/808/1220 1210/809/1213 1202/639/1205
f 1217/808/1220 1202/639/1205 1201/807/1204
f 1217/808/1220 1201/807/1204 1200/806/1203
f 1218/805/1221 1217/808/1220 1200/806/1203
f 1218/805/1221 1200/806/1203 1199/646/1202
f 1218/805/1221 1199/646/1202 1206/804/1209
f 1218/805/1221 1206/804/1209 1215/829/1218
f 1218/805/1221 1215/829/1218 1216/831/1219
f 1217/808/1220 1218/805/1221 1216/831/1219
f 1024/651/1027 1022/631/1025 1117/650/1120
f 1032/629/1035 1031/653/1034 1130/780/1133
f 1053/668/1056 1056/667/1059 1219/818/1222
f 1051/671/1054 1053/668/1056 1219/818/1222
f 1051/671/1054 1219/818/1222 1220/819/1223
f 1050/673/1053 1051/671/1054 1220/819/1223
f 1221/824/1224 1223/825/1226 1222/825/1225
f 1224/823/1227 1221/824/1224 1222/825/1225
f 1056/667/1059 1224/823/1227 1222/825/1225
f 1225/827/1228 1056/667/1059 1222/825/1225
f 1226/826/1229 1225/827/1228 1222/825/1225
f 1226/826/1229 1222/825/1225 1223/825/1226
f 1050/673/1053 1226/826/1229 1223/825/1226
f 1050/673/1053 1223/825/1226 1221/824/1224
f 1048/674/1051 1050/673/1053 1221/824/1224
f 1048/674/1051 1221/824/1224 1224/823/1227
f 1047/666/1050 1048/674/1051 1224/823/1227
f 1047/666/1050 1224/823/1227 1056/667/1059
f 1056/758/1059 1225/761/1228 1227/759/1230
f 1219/760/1222 1056/758/1059 1227/759/1230
f 1220/765/1223 1219/760/1222 1227/759/1230
f 1220/765/1223 1227/759/1230 1228/763/1231
f 1050/764/1053 1220/765/1223 1228/763/1231
f 1226/762/1229 1050/764/1053 1228/763/1231
f 1225/761/1228 1226/762/1229 1228/763/1231
f 1225/761/1228 1228/763/1231 1227/759/1230
v -0.039218664 6.6361523 0.083510205
vt 0.49838 0.34559
vn 0.9950729 0.07970192 -0.058970902
v -0.18642849 6.6361523 -0.6252097
vt 0.43974 0.31745
vn 0.74322426 -0.03431226 -0.668162
vt 0.49838 0.31745
vn 0.9979883 -0.04192491 0.047557354
vt 0.0037800074 0.31745
v -0.33313924 7.09453 0.8803599
vt 0.063660026 0.36795998
vn 0.7677744 -0.027008848 0.6401507
vt 0.0037800074 0.34559
v -3.519176E-10 7.5123825 1.00001
vt 0.02651 0.41930997
vn 8.8638735E-08 -0.5532422 0.83302045
v -3.9101167E-10 7.14229 0
vt 0.022979975 0.40040004
vn 1.2602204E-08 -0.9929619 0.118434295
v -0.37359935 7.531732 0.98464
vt 0.07726002 0.41637003
vn 0.2485802 -0.47385225 0.8447911
v -0.27712864 6.6219525 0.81249005
vt 0.063660026 0.31745
vn 0.8181168 -0.06366623 0.5715168
vn 0.7677746 -0.02700885 0.6401506
vn 0.9979883 -0.04192491 0.047557138
v -0.9152211 6.6361523 1.1623499
vt 0.12697 0.31745
vn 0.07493484 -0.081176415 0.99387884
v -0.90645355 7.585562 1.21352
vt 0.11821002 0.41180003
vn -0.010504361 -0.031503003 0.9994485
v -1.51346 7.6609125 0.88731
vt 0.19132 0.41363
vn -0.729431 0.026161615 0.68355393
v -1.5551255 6.6361523 0.7941597
vt 0.19132 0.31745
vn -0.73886085 -0.036899254 0.672847
v -1.8938949 7.703344 0.13867
vt 0.25255 0.41363
vn -0.9982059 0.05798003 0.01494355
v -1.8922971 6.6361523 0.08350978
vt 0.25255 0.31745
vn -0.999585 -0.019619895 0.021093702
v -1.6102717 7.3518324 -0.5917904
vt 0.31444 0.37906003
vn -0.80083543 -0.043211903 -0.59732354
v -1.5838329 6.636152 -0.6514501
vt 0.31444 0.31745
vn -0.7500432 -0.013235747 -0.66125643
v -0.8864334 7.048341 -1.03
vt 0.37388003 0.36036003
vn -0.101401776 -0.26492977 -0.95892125
v -0.91345984 6.636152 -1.0131599
vt 0.37388003 0.31745
vn 0.009390617 -0.05748456 -0.9983023
v -0.24534285 7.021108 -0.65125996
vt 0.43974 0.36036003
vn 0.76976967 -0.3295954 -0.54664576
vn 0.74322414 -0.03431226 -0.6681621
vn 0.9950729 0.079701915 -0.05897111
v -0.0496552 6.09076 0.04784038
vt 0.99527 0.07885003
vn 0.99875516 -0.042217154 0.026568683
v -0.20403868 5.38246 -0.59126
vt 0.95932 0.003000021
vn 0.77554065 0.011851082 -0.63118637
v -0.05875277 5.38246 -0.03563
vt 0.99527 0.003000021
vn 0.9969404 -0.0008972951 0.078160465
v -0.20798802 6.09975 -0.5946796
vt 0.95932 0.07885003
vn 0.84500545 -0.059847802 -0.5313982
v -0.9188145 6.0997496 -0.95555973
vt 0.91894 0.07885003
vn 0.082425326 -0.052176222 -0.9952305
v -0.9316795 5.38246 -0.94331
vt 0.91894 0.003000021
vn 0.010789431 0.02931943 -0.9995119
v -1.5962121 5.38246 -0.61041
vt 0.8825 0.003000021
vn -0.7185874 0.011782088 -0.6953368
v -1.5837655 6.09975 -0.62092996
vt 0.8825 0.07885003
vn -0.74628747 -0.03845879 -0.66451186
v -1.818198 5.38246 -0.03563
vt 0.84455 0.003000021
vn -0.99515885 -0.033543576 -0.09237848
v -1.8600166 6.09076 0.047839962
vt 0.84455 0.07885003
vn -0.9977984 -0.06569474 -0.009091522
v -1.5781993 5.38245 0.65272
vt 0.80702 0.003000021
vn -0.8290463 -0.07637889 0.55393916
v -1.5619271 6.09975 0.7555799
vt 0.80702 0.07885003
vn -0.73975635 -0.092123434 0.6665386
v -0.9316795 5.38245 0.98309
vt 0.76763 0.003000021
vn -0.06954803 -0.115189545 0.9909059
v -0.9197613 6.0997505 1.1071202
vt 0.76767 0.07885003
vn 0.0008453175 -0.129019 0.99164176
v -0.2578484 5.38245 0.65154
vt 0.72875 0.003000021
vn 0.764156 -0.06309886 0.64193785
v -0.28012395 6.09975 0.7592902
vt 0.72875 0.07885003
vn 0.7695865 -0.09414257 0.6315646
vt 0.69204 0.003000021
vt 0.69204 0.07885003
vt 0.72875 0.15385002
vt 0.69204 0.15385002
vt 0.99527 0.15385002
vt 0.95932 0.15385002
vt 0.91894 0.15385002
vt 0.8825 0.15385002
vt 0.84455 0.15385002
vt 0.80702 0.15385002
vt 0.76756 0.15385002
v -0.0537 4.79573 -0.03563
vt 0.0037800074 0.19022
vn 0.99558586 0.04084702 0.08450047
vt 0.063660026 0.22500002
vt 0.0037800074 0.22500002
v -0.29091 4.79573 0.59932005
vt 0.063660026 0.19022
vn 0.6684328 -0.12664543 0.732911
vt 0.12707996 0.22500002
v -0.9316795 4.79573 0.93151
vt 0.12707996 0.19022
vn 0.0012078712 -0.16905542 0.98560584
v -1.5590202 4.79573 0.60336
vt 0.19132 0.19022
vn -0.66209173 -0.1483903 0.73458487
vt 0.19132 0.22500002
v -1.8048921 4.79573 -0.03563
vt 0.25255 0.19022
vn -0.99617606 0.023269689 0.08421265
vt 0.25255 0.22500002
vt 0.31444 0.22500002
v -1.5767779 4.44179 -0.6485494
vt 0.31444 0.15625
vn -0.7739854 0.25220868 -0.5808076
v -0.91881424 4.36485 -1.0204892
vt 0.37388003 0.15625
vn 0.012944425 0.26792327 -0.9633533
vt 0.37388003 0.22500002
vt 0.43974 0.22500002
v -0.27178824 4.4417906 -0.63128906
vt 0.43974 0.15625
vn 0.777616 0.23426516 -0.5834665
vt 0.49838 0.19022
vt 0.49838 0.22500002
v 0.057011664 4.2287703 -0.035628986
vt 0.49838 0.14718002
vn 0.99329585 0.10343452 0.051620804
v -0.14393818 4.0890203 -0.7699988
vt 0.43974 0.13629001
vn 0.77523065 0.14087014 -0.6157703
v -0.034608185 3.7208405 -0.035628844
vt 0.49838 0.11416
vn 0.97103196 -0.13217522 0.19906452
v -0.2196281 3.2860003 -0.6052987
vt 0.43974 0.07762003
vn 0.7201207 0.32719952 -0.6118551
v -0.077598155 3.2860005 -0.035628714
vt 0.49838 0.07762003
vn 0.799332 0.59068346 0.11027844
v -0.14393806 3.1960006 -0.73888856
vt 0.42852998 0.056819975
vn 0.6894895 0.41776997 -0.5916693
v 0.023311853 3.1960006 -0.035628665
vt 0.49838 0.056819975
vn 0.97489417 0.19674644 0.104270145
v -0.21395797 2.3702104 -0.6533384
vt 0.43974 0.02165997
vn 0.693004 -0.47732326 -0.5402851
v -0.07106811 2.3702106 -0.03562842
vt 0.49838 0.02165997
vn 0.8051688 -0.58520466 0.09611817
v -0.31044793 2.2572708 -0.5674184
vt 0.44921 0.009509981
vn 0.4327998 -0.8674096 -0.24553001
v -0.21039802 2.2572706 -0.03562842
vt 0.30053997 0.009509981
vn 0.26213014 -0.96428806 0.03789831
v -0.9189972 2.2572706 -0.83542854
vt 0.37388003 0.009509981
vn -0.0121430885 -0.93486565 -0.35479409
v -0.9189972 2.3702102 -0.95673853
vt 0.37388003 0.02165997
vn -0.022967374 -0.37182447 -0.9280189
v -0.9188141 3.1960006 -1.0863289
vt 0.37388003 0.056819975
vn -0.012781174 0.6488432 -0.7608148
v -0.9188141 3.2860003 -0.92645884
vt 0.37388003 0.07762003
vn -0.012619229 0.3974552 -0.9175348
v -0.91881424 4.05317 -1.1611991
vt 0.37388003 0.13035
vn 0.0028091439 -0.04940836 -0.9987747
v -1.6853477 7.800595 -0.58053106
vt 0.31444 0.41363
vn -0.8055233 0.035009388 -0.5915291
v -0.9411855 7.4726133 -1.15228
vt 0.37388003 0.39350998
vn -0.27802047 -0.19808674 -0.9399289
v -0.94034094 7.9594417 -1.1783804
vt 0.37388003 0.4328
vn -0.37123773 0.08974747 -0.92419046
v 1.2933053E-06 7.8891325 -1.1819402
vt 0.45386004 0.4328
vn 1.3092185E-07 -0.20734935 -0.978267
v -0.18658377 7.372922 -0.97417
vt 0.43974 0.39350998
vn 0.43796575 -0.5162993 -0.7359491
v -3.9102588E-10 7.3818827 -0.74499
vt 0.47595 0.40680003
vn -4.894827E-08 -0.88791233 -0.4600127
v -1.6380205 3.1960006 -0.736559
vt 0.32519996 0.056819975
vn -0.6968805 0.38883173 -0.60263383
v -1.5325048 2.3702104 -0.64781874
vt 0.31444 0.02165997
vn -0.6751154 -0.4777775 -0.56209236
v -1.4104264 2.2572706 -0.5908486
vt 0.30544 0.009509981
vn -0.4286018 -0.8530594 -0.29764104
v -1.6192895 2.2572706 -0.035628743
vt 0.2526 0.009509981
vn -0.2765571 -0.9608564 0.016468506
v -1.7485245 2.3702104 -0.03562881
vt 0.25255 0.02165997
vn -0.8078502 -0.58715725 0.051230345
v -1.8573387 3.1960006 -0.0356291
vt 0.25249004 0.056819975
vn -0.9781435 0.19552647 0.07074364
v -1.7476287 3.2860005 -0.0356291
vt 0.25255 0.07762003
vn -0.8049027 0.5865863 0.089712515
v -1.5812674 3.2860003 -0.59977907
vt 0.31444 0.07762003
vn -0.7279234 0.29276156 -0.6200147
v -1.7173942 4.1013203 -0.7752292
vt 0.31444 0.13629001
vn -0.77341723 0.1217161 -0.62210214
v -1.9101015 4.2361903 -0.035629444
vt 0.25255 0.14718002
vn -0.99141616 0.1095225 0.07140657
v -1.5032377 4.2789006 0.4720006
vt 0.19132 0.15311998
vn -0.71326727 -0.09275572 0.69472736
v -0.91881436 4.2789006 0.7986906
vt 0.12699997 0.15311998
vn -0.000707449 -0.19613774 0.9805761
v -0.32988834 4.2789006 0.47576088
vt 0.063660026 0.15311998
vn 0.71637857 -0.09178286 0.6916485
vt 0.0037800074 0.14718002
vt 0.0037800074 0.11416
v -0.40360814 3.2860007 0.41292116
vt 0.063660026 0.07762003
vn 0.6059335 0.49110982 0.6258241
vt 0.0037800074 0.07762003
v -0.26879817 3.196001 0.59519124
vt 0.07486999 0.056819975
vn 0.6019139 0.46423295 0.64975953
vt 0.0037800074 0.056819975
v -0.33706802 2.3702106 0.5099215
vt 0.063660026 0.02165997
vn 0.6376526 -0.47507998 0.6063813
vt 0.0037800074 0.02165997
v -0.42692804 2.2572708 0.4059315
vt 0.05418998 0.009509981
vn 0.39887956 -0.86393005 0.307441
v -0.91899735 2.2572708 0.6569813
vt 0.18974 0.0056300163
vn -0.0035971205 -0.9422921 0.3347726
v -1.3948814 2.2572706 0.40656126
vt 0.20032 0.009509981
vn -0.41836408 -0.8493705 0.32177848
v -1.4803529 2.3702106 0.5048912
vt 0.19132 0.02165997
vn -0.6428255 -0.4665101 0.607572
v -1.547256 3.196001 0.5937709
vt 0.18057 0.056819975
vn -0.60188925 0.46342313 0.6503601
v -1.4137758 3.2860007 0.41916093
vt 0.19132 0.07762003
vn -0.6099429 0.48437527 0.62717646
v -1.7987936 3.7200606 -0.035629254
vt 0.25255 0.11416
vn -0.9666002 -0.1606784 0.19966632
v -0.91881424 3.2860007 0.739251
vt 0.12695998 0.07762003
vn -0.0017101212 0.29143155 0.9565902
v -0.9188143 3.196001 0.889001
vt 0.12706 0.056819975
vn -0.004627149 0.6823241 0.7310352
v -0.91899735 2.3702106 0.77834123
vt 0.12700999 0.02165997
vn -0.00737486 -0.3613759 0.93239105
v 0.039221406 6.6361523 0.08350982
vn -0.9979883 -0.041925214 0.047556456
v 0.18643141 6.6361523 -0.6252101
vn -0.74322546 -0.034309186 -0.66816086
vn -0.99507284 0.07970162 -0.058971778
v 0.33314174 7.09453 0.88035965
vn -0.7677748 -0.027009085 0.64015025
vn -0.7432255 -0.034309182 -0.6681607
v 0.24534553 7.021108 -0.6512602
vn -0.7697694 -0.3295956 -0.54664606
vn -0.9950729 0.079701625 -0.058971573
v 0.9134628 6.6361523 -1.0131599
vn -0.009388381 -0.05747864 -0.99830264
v 0.8864363 7.048341 -1.0299999
vn 0.101402074 -0.2649297 -0.95892125
v 1.5838358 6.6361523 -0.6514497
vn 0.7500434 -0.013235523 -0.66125613
v 1.6102746 7.3518324 -0.59179
vn 0.80083555 -0.04321166 -0.5973233
v 1.8922999 6.6361523 0.08351025
vn 0.999585 -0.019619597 0.021094168
v 1.8600197 6.09076 0.047840416
vt 0.25255 0.27394998
vn 0.9977984 -0.06569446 -0.009091058
v 1.5619297 6.0997505 0.75558025
vt 0.19132 0.27394998
vn 0.7397562 -0.09212322 0.6665389
v 1.555128 6.6361523 0.7941601
vn 0.7388607 -0.03689903 0.6728472
v 0.91976404 6.0997505 1.1071202
vt 0.12713999 0.27394998
vn -0.0008454208 -0.12901899 0.99164176
v 0.9152237 6.6361527 1.1623499
vn -0.07493497 -0.08117646 0.99387884
v 0.2801267 6.0997505 0.75929
vt 0.063660026 0.27394998
vn -0.7695866 -0.09414282 0.63156444
v 0.27713126 6.6219525 0.8124898
vn -0.8181169 -0.0636665 0.57151663
vn -0.7677747 -0.027009085 0.64015037
vn -0.9979883 -0.041925214 0.047556672
v 0.04965806 6.09076 0.047839995
vt 0.0037800074 0.27394998
vn -0.99875516 -0.04221746 0.026568223
v 0.05875277 5.38246 -0.035630003
vn -0.9969404 -0.0008972951 0.07816067
v 0.2578484 5.38245 0.65154004
vn -0.76415586 -0.06309886 0.641938
v 0.0537 4.79573 -0.035630003
vn -0.99558586 0.04084702 0.08450068
v 0.29091 4.79573 0.59932
vn -0.6684327 -0.12664545 0.73291117
v 0.32989162 4.278901 0.47576058
vn -0.7163773 -0.091784365 0.6916496
v -0.057008266 4.2287707 -0.035629425
vn -0.9932959 0.10343422 0.051620346
v 0.03461182 3.720841 -0.035629235
vn -0.971032 -0.13217553 0.19906409
v 0.40361175 3.2860012 0.41292092
vn -0.60592955 0.4911108 0.6258271
v 0.07760185 3.286001 -0.035629094
vn -0.79933226 0.5906832 0.11027807
v 0.26880175 3.1960015 0.59519094
vn -0.60191095 0.4642347 0.6497611
v -0.023308158 3.1960013 -0.035629086
vn -0.9748942 0.19674614 0.10426969
v 0.33707184 2.3702111 0.5099212
vn -0.6376525 -0.47508016 0.6063812
v 0.07107198 2.3702111 -0.0356288
vn -0.8051686 -0.58520496 0.09611783
v 0.4269319 2.2572713 0.4059313
vn -0.39887923 -0.8639303 0.30744085
v 0.2104019 2.257271 -0.035628732
vt 0.0037800074 0.009509981
vn -0.26212975 -0.9642882 0.037898194
v 0.91900116 2.2572715 0.65698135
vt 0.25255 0.001760006
vn 0.0035975152 -0.9422921 0.33477256
v 0.91881615 5.38245 0.98309
vn 0.06954824 -0.115189545 0.9909059
v 0.91881615 4.79573 0.93151
vn -0.0012076615 -0.16905542 0.98560584
v 0.9188177 4.278901 0.7986907
vn 0.0007073736 -0.19614097 0.9805755
v 0.9188178 3.2860012 0.73924106
vn 0.0017097201 0.29142815 0.9565912
v 0.91881776 3.1960015 0.888991
vn 0.0046265586 0.6823245 0.7310347
v 0.91900116 2.3702114 0.77834123
vn 0.007374848 -0.36137176 0.93239266
vt 0.12693 0.009509981
v -1.7089974E-10 8.330503 1.24863
vt 0.02651 0.44624996
vn 1.0569498E-07 -0.11544553 0.99331385
v 0.49542275 8.344994 1.19023
vt 0.08397001 0.44899
vn 0.09870734 -0.16683744 0.9810312
v -0.49542275 8.344994 1.19023
vn -0.09870713 -0.16683742 0.9810312
v -0.52215827 9.037513 1.19892
vt 0.08732998 0.49855
vn -0.17844732 0.0044295006 0.98393947
v 1.4210855E-14 9.037513 1.27439
vt 0.02651 0.49855
vn 1.06339236E-07 -0.035525694 0.9993688
v 0.52215827 9.037513 1.1989201
vn 0.17844753 0.0044295006 0.98393947
v 0.7815325 8.374633 1.16938
vt 0.11142999 0.44912
vn 0.14514844 -0.0011354503 0.98940927
v 1.340993 9.037513 0.9065701
vt 0.19132 0.49855
vn 0.5489016 0.10556807 0.82919383
v 1.4281192 8.432943 0.93555
vt 0.19132 0.45488
vn 0.67151254 0.0981411 0.73446524
v 1.7573566 9.037513 0.22799
vt 0.25255 0.49855
vn 0.9595637 0.1056211 0.2609248
v 1.8186879 8.513324 0.21734
vt 0.25255 0.45967996
vn 0.9868262 0.10756674 0.12084494
v 1.6194568 9.037513 -0.3321648
vt 0.31444 0.49855
vn 0.9061264 0.12366868 -0.4045257
v 1.6510607 8.59713 -0.43961
vt 0.31444 0.46352
vn 0.82817435 0.1534198 -0.53906363
v 0.8808489 9.037513 -0.99252
vt 0.37388003 0.49855
vn 0.50932527 0.17828783 -0.8419033
v 0.92358553 8.633973 -1.06031
vt 0.37388003 0.46832
vn 0.34604397 0.1646501 -0.9236579
v 0.94034356 7.9594417 -1.1783799
vn 0.37123784 0.08974757 -0.92419034
v 1.6853503 7.800595 -0.5805307
vn 0.80552346 0.035009626 -0.59152883
v -0.7815325 8.374633 1.16938
vn -0.14514823 -0.0011354503 0.98940927
v -1.340993 9.037513 0.90657
vn -0.5489015 0.10556807 0.82919395
v -1.4281192 8.432943 0.93555003
vn -0.6715124 0.0981411 0.73446536
v -1.7573566 9.037513 0.22799002
vn -0.9595637 0.1056211 0.26092497
v -1.8186879 8.513324 0.21734
vn -0.9868262 0.107566744 0.12084515
v -1.6194568 9.037513 -0.3321648
vn -0.90612644 0.123668686 -0.40452555
v -1.6510607 8.59713 -0.43961
vn -0.8281745 0.1534198 -0.5390636
v -0.8808489 9.037513 -0.9925199
vn -0.5093255 0.17828783 -0.8419032
v -0.92358553 8.633973 -1.06031
vn -0.34604418 0.16465014 -0.92365783
v 0 9.037513 -1.102
vt 0.45386004 0.49855
vn -1.0551284E-07 0.12932646 -0.9916021
v -1.4210855E-14 8.617463 -1.14095
vt 0.45386004 0.46832
vn -1.0574592E-07 0.11124892 -0.9937926
v 0.20403868 5.38246 -0.59126
vn -0.77554166 0.011849386 -0.6311852
v 0.9188176 6.09975 -0.9555697
vt 0.37388003 0.27394998
vn -0.08242519 -0.05217542 -0.99523056
v 0.207991 6.09975 -0.5946799
vt 0.43974 0.27394998
vn -0.8450076 -0.059848078 -0.53139484
v 0.91881615 5.38246 -0.94331
vn -0.010789645 0.029312495 -0.9995121
v 1.5962121 5.38246 -0.61041
vn 0.7185886 0.011780225 -0.6953357
v 1.5837686 6.09975 -0.6209296
vt 0.31444 0.27394998
vn 0.7462903 -0.038455617 -0.6645087
v 1.818198 5.38246 -0.03563
vn 0.9951588 -0.033543576 -0.09237868
v 1.8048921 4.79573 -0.035630003
vn 0.99617606 0.02326969 0.084212445
v 1.5781993 5.38245 0.65272
vn 0.82904637 -0.07637888 0.553939
v 1.5590202 4.79573 0.60336
vn 0.66209185 -0.14839028 0.73458475
v 1.5032412 4.278901 0.47200087
vn 0.71326554 -0.09275671 0.6947291
v 1.4137795 3.2860012 0.41916114
vn 0.60993826 0.4843766 0.62718
v 1.5472594 3.1960015 0.5937713
vn 0.60188544 0.4634252 0.6503622
v 1.4803568 2.3702114 0.50489146
vn 0.64282554 -0.46650985 0.6075722
v 1.3948853 2.2572713 0.40656146
vn 0.4183644 -0.84937024 0.32177866
v 1.7485285 2.3702111 -0.035628412
vn 0.8078504 -0.5871567 0.051232874
v 1.6192935 2.2572713 -0.035628404
vn 0.27655753 -0.96085626 0.01646951
v 0.91900134 2.257271 -0.8354285
vn 0.012141067 -0.93486506 -0.35479558
vt 0.49838 0.009509981
v 0.31045198 2.257271 -0.56741863
vn -0.43279937 -0.86740977 -0.24553025
v 0.21396196 2.370211 -0.65333873
vn -0.69300365 -0.47732338 -0.5402854
v 0.14394188 3.196001 -0.73888904
vn -0.6894895 0.41776967 -0.5916695
v 0.21963179 3.286001 -0.60529894
vn -0.72012246 0.32719737 -0.61185426
v 0.14394176 4.0890207 -0.7699992
vn -0.77523255 0.14087388 -0.61576706
v 0.2717917 4.441791 -0.63128936
vn -0.7776159 0.23426487 -0.58346677
vt 0.49838 0.27394998
v 0.9190013 2.370211 -0.95673853
vn 0.022961698 -0.371824 -0.9280192
v 0.918818 3.196001 -1.0863289
vn 0.01277563 0.64884627 -0.7608122
v 0.91881794 3.2860007 -0.9264588
vn 0.012619228 0.39744982 -0.91753715
v 0.9188179 4.053171 -1.161209
vn -0.0028090738 -0.049404535 -0.99877495
v 0.9188178 4.364851 -1.0204892
vn -0.012944448 0.26792976 -0.9633515
v 1.5767816 4.441791 -0.648549
vn 0.7739855 0.25220895 -0.5808073
v 1.910105 4.236191 -0.03562897
vn 0.9914161 0.10952279 0.07140702
v 1.6380246 3.196001 -0.7365687
vn 0.6968755 0.38883987 -0.6026342
v 1.5812712 3.2860012 -0.59977865
vn 0.7279236 0.29276597 -0.6200124
v 1.7173978 4.1013207 -0.77522886
vn 0.77341944 0.12172037 -0.6220985
v 1.7987971 3.7200613 -0.03562883
vn 0.9666001 -0.16067809 0.19966677
v 1.7476325 3.2860012 -0.035628702
vn 0.8049006 0.58658886 0.089714035
v 1.8573425 3.1960013 -0.035628647
vn 0.9781433 0.1955267 0.07074629
v 1.5325089 2.3702111 -0.6478284
vn 0.6751129 -0.47777823 -0.56209487
v 1.4104304 2.2572713 -0.5908584
vn 0.42860103 -0.85305953 -0.29764184
v -0.078079976 7.1552196 8.881784E-16
vt 0.0037800074 0.37189996
vn 0.8090718 -0.5851029 0.055295035
vt 0.49838 0.37189996
vt 0.49838 0.40001
v 0.37359938 7.5317335 0.98464
vn -0.24858002 -0.47385225 0.8447911
v 0.90645355 7.5855637 1.21352
vn 0.010504574 -0.031503003 0.9994485
v 0.9411855 7.4726133 -1.15228
vn 0.27802032 -0.19808675 -0.93992895
v 0.18658377 7.372923 -0.97417
vn -0.43796593 -0.5162993 -0.735949
v 1.8938949 7.703346 0.13867
vn 0.9982059 0.05798003 0.014943338
v 1.51346 7.660914 0.88731
vn 0.7294311 0.026161615 0.6835538
v 0.078079976 7.155221 -8.881784E-16
vn -0.8090718 -0.5851029 0.055295207
o Mesh_5
g polygon_0
usemtl Joint_0_Object_5_Material_5
f 1229/838/1232 1229/840/1234 1230/839/1233
f 1229/838/1232 1229/840/1234 1230/839/1233
f 1229/838/1232 1229/840/1234 1230/839/1233
f 1229/841/1234 1229/843/1232 1231/842/1235
f 1229/841/1234 1229/843/1232 1231/842/1235
f 1232/844/1236 1234/846/1238 1233/845/1237
f 1229/841/1234 1229/843/1232 1231/842/1235
f 1235/847/1239 1229/841/1241 1231/842/1240
f 1236/848/1242 1235/847/1239 1231/842/1240
f 1231/842/1240 1234/846/1238 1237/849/1243
f 1236/848/1242 1231/842/1240 1237/849/1243
f 1236/848/1242 1237/849/1243 1238/850/1244
f 1239/851/1245 1236/848/1242 1238/850/1244
f 1239/851/1245 1238/850/1244 1240/852/1246
f 1241/853/1247 1239/851/1245 1240/852/1246
f 1241/853/1247 1240/852/1246 1242/854/1248
f 1243/855/1249 1241/853/1247 1242/854/1248
f 1243/855/1249 1242/854/1248 1244/856/1250
f 1245/857/1251 1243/855/1249 1244/856/1250
f 1245/857/1251 1244/856/1250 1246/858/1252
f 1230/839/1253 1245/857/1251 1246/858/1252
f 1230/839/1253 1246/858/1252 1229/838/1254
f 1247/859/1255 1249/861/1257 1248/860/1256
f 1250/862/1258 1247/859/1255 1248/860/1256
f 1251/863/1259 1250/862/1258 1248/860/1256
f 1251/863/1259 1248/860/1256 1252/864/1260
f 1251/863/1259 1252/864/1260 1253/865/1261
f 1254/866/1262 1251/863/1259 1253/865/1261
f 1254/866/1262 1253/865/1261 1255/867/1263
f 1256/868/1264 1254/866/1262 1255/867/1263
f 1256/868/1264 1255/867/1263 1257/869/1265
f 1258/870/1266 1256/868/1264 1257/869/1265
f 1258/870/1266 1257/869/1265 1259/871/1267
f 1260/872/1268 1258/870/1266 1259/871/1267
f 1260/872/1268 1259/871/1267 1261/873/1269
f 1262/874/1270 1260/872/1268 1261/873/1269
f 1262/874/1270 1261/873/1269 1249/875/1257
f 1262/874/1270 1249/875/1257 1247/876/1255
f 1235/877/1239 1262/874/1270 1247/876/1255
f 1235/877/1239 1247/876/1255 1229/878/1241
f 1229/879/1241 1247/859/1255 1250/862/1258
f 1230/880/1253 1229/879/1241 1250/862/1258
f 1230/880/1253 1250/862/1258 1251/863/1259
f 1245/881/1251 1230/880/1253 1251/863/1259
f 1245/881/1251 1251/863/1259 1254/866/1262
f 1243/882/1249 1245/881/1251 1254/866/1262
f 1243/882/1249 1254/866/1262 1256/868/1264
f 1241/883/1247 1243/882/1249 1256/868/1264
f 1241/883/1247 1256/868/1264 1258/870/1266
f 1239/884/1245 1241/883/1247 1258/870/1266
f 1239/884/1245 1258/870/1266 1260/872/1268
f 1236/885/1242 1239/884/1245 1260/872/1268
f 1236/885/1242 1260/872/1268 1262/874/1270
f 1235/877/1239 1236/885/1242 1262/874/1270
f 1263/886/1271 1249/888/1257 1261/887/1269
f 1264/889/1272 1263/886/1271 1261/887/1269
f 1264/889/1272 1261/887/1269 1259/890/1267
f 1265/891/1273 1264/889/1272 1259/890/1267
f 1266/892/1274 1265/891/1273 1259/890/1267
f 1266/892/1274 1259/890/1267 1257/893/1265
f 1267/894/1275 1266/892/1274 1257/893/1265
f 1267/894/1275 1257/893/1265 1255/895/1263
f 1267/894/1275 1255/895/1263 1253/896/1261
f 1268/897/1276 1267/894/1275 1253/896/1261
f 1269/898/1277 1268/897/1276 1253/896/1261
f 1269/898/1277 1253/896/1261 1252/899/1260
f 1269/898/1277 1252/899/1260 1248/900/1256
f 1270/901/1278 1269/898/1277 1248/900/1256
f 1263/902/1271 1270/901/1278 1248/900/1256
f 1263/902/1271 1248/900/1256 1249/903/1257
f 1270/901/1278 1263/902/1271 1271/904/1279
f 1272/905/1280 1270/901/1278 1271/904/1279
f 1272/905/1280 1271/904/1279 1273/906/1281
f 1274/907/1282 1272/905/1280 1273/906/1281
f 1274/907/1282 1273/906/1281 1275/908/1283
f 1276/909/1284 1274/907/1282 1275/908/1283
f 1276/909/1284 1275/908/1283 1277/910/1285
f 1278/911/1286 1276/909/1284 1277/910/1285
f 1278/911/1286 1277/910/1285 1279/912/1287
f 1280/913/1288 1278/911/1286 1279/912/1287
f 1280/913/1288 1279/912/1287 1281/914/1289
f 1280/913/1288 1281/914/1289 1282/915/1290
f 1278/911/1286 1280/913/1288 1282/915/1290
f 1278/911/1286 1282/915/1290 1283/916/1291
f 1276/909/1284 1278/911/1286 1283/916/1291
f 1276/909/1284 1283/916/1291 1284/917/1292
f 1274/907/1282 1276/909/1284 1284/917/1292
f 1274/907/1282 1284/917/1292 1285/918/1293
f 1274/907/1282 1285/918/1293 1286/919/1294
f 1272/905/1280 1274/907/1282 1286/919/1294
f 1272/905/1280 1286/919/1294 1269/898/1277
f 1270/901/1278 1272/905/1280 1269/898/1277
f 1242/854/1248 1240/852/1246 1287/920/1295
f 1288/921/1296 1242/854/1248 1287/920/1295
f 1288/921/1296 1287/920/1295 1289/922/1297
f 1288/921/1296 1289/922/1297 1290/923/1298
f 1291/924/1299 1288/921/1296 1290/923/1298
f 1291/924/1299 1290/923/1298 1292/925/1300
f 1291/924/1299 1292/925/1300 1246/858/1252
f 1291/924/1299 1246/858/1252 1244/856/1250
f 1288/921/1296 1291/924/1299 1244/856/1250
f 1288/921/1296 1244/856/1250 1242/854/1248
f 1293/926/1301 1284/917/1292 1283/916/1291
f 1294/927/1302 1293/926/1301 1283/916/1291
f 1294/927/1302 1283/916/1291 1282/915/1290
f 1295/928/1303 1294/927/1302 1282/915/1290
f 1295/928/1303 1282/915/1290 1296/929/1304
f 1295/928/1303 1296/929/1304 1297/930/1305
f 1294/927/1302 1295/928/1303 1297/930/1305
f 1294/927/1302 1297/930/1305 1298/931/1306
f 1293/926/1301 1294/927/1302 1298/931/1306
f 1293/926/1301 1298/931/1306 1299/932/1307
f 1293/926/1301 1299/932/1307 1300/933/1308
f 1284/917/1292 1293/926/1301 1300/933/1308
f 1285/918/1293 1284/917/1292 1300/933/1308
f 1286/919/1294 1285/918/1293 1300/933/1308
f 1286/919/1294 1300/933/1308 1301/934/1309
f 1269/898/1277 1286/919/1294 1301/934/1309
f 1268/897/1276 1269/898/1277 1301/934/1309
f 1268/897/1276 1301/934/1309 1302/935/1310
f 1267/894/1275 1268/897/1276 1302/935/1310
f 1267/894/1275 1302/935/1310 1303/936/1311
f 1266/892/1274 1267/894/1275 1303/936/1311
f 1266/892/1274 1303/936/1311 1304/937/1312
f 1265/891/1273 1266/892/1274 1304/937/1312
f 1264/889/1272 1265/891/1273 1304/937/1312
f 1264/889/1272 1304/937/1312 1305/938/1313
f 1263/886/1271 1264/889/1272 1305/938/1313
f 1271/939/1279 1263/886/1271 1305/938/1313
f 1273/940/1281 1271/939/1279 1305/938/1313
f 1273/940/1281 1305/938/1313 1306/941/1314
f 1275/942/1283 1273/940/1281 1306/941/1314
f 1275/942/1283 1306/941/1314 1307/943/1315
f 1277/944/1285 1275/942/1283 1307/943/1315
f 1277/944/1285 1307/943/1315 1308/945/1316
f 1279/946/1287 1277/944/1285 1308/945/1316
f 1279/946/1287 1308/945/1316 1309/947/1317
f 1281/914/1289 1279/946/1287 1309/947/1317
f 1281/914/1289 1309/947/1317 1310/948/1318
f 1282/915/1290 1281/914/1289 1310/948/1318
f 1296/929/1304 1282/915/1290 1310/948/1318
f 1296/929/1304 1310/948/1318 1311/949/1319
f 1297/930/1305 1296/929/1304 1311/949/1319
f 1297/930/1305 1311/949/1319 1312/950/1320
f 1298/931/1306 1297/930/1305 1312/950/1320
f 1298/931/1306 1312/950/1320 1313/951/1321
f 1299/932/1307 1298/931/1306 1313/951/1321
f 1299/932/1307 1313/951/1321 1314/952/1322
f 1299/932/1307 1314/952/1322 1315/953/1323
f 1300/933/1308 1299/932/1307 1315/953/1323
f 1301/934/1309 1300/933/1308 1315/953/1323
f 1302/935/1310 1301/934/1309 1315/953/1323
f 1303/936/1311 1302/935/1310 1315/953/1323
f 1303/936/1311 1315/953/1323 1314/952/1322
f 1303/936/1311 1314/952/1322 1316/954/1324
f 1304/937/1312 1303/936/1311 1316/954/1324
f 1305/938/1313 1304/937/1312 1316/954/1324
f 1306/941/1314 1305/938/1313 1316/954/1324
f 1317/955/1325 1306/941/1314 1316/954/1324
f 1317/955/1325 1316/954/1324 1314/952/1322
f 1317/955/1325 1314/952/1322 1313/951/1321
f 1318/956/1326 1317/955/1325 1313/951/1321
f 1318/956/1326 1313/951/1321 1312/950/1320
f 1310/948/1318 1318/956/1326 1312/950/1320
f 1310/948/1318 1312/950/1320 1311/949/1319
f 1310/948/1318 1309/947/1317 1308/945/1316
f 1318/956/1326 1310/948/1318 1308/945/1316
f 1318/956/1326 1308/945/1316 1307/943/1315
f 1317/955/1325 1318/956/1326 1307/943/1315
f 1317/955/1325 1307/943/1315 1306/941/1314
f 1319/840/1327 1319/838/1329 1320/839/1328
f 1319/840/1327 1319/838/1329 1320/839/1328
f 1319/840/1327 1319/838/1329 1320/839/1328
f 1319/843/1329 1319/841/1327 1321/842/1330
f 1319/843/1329 1319/841/1327 1321/842/1330
f 1319/843/1329 1319/841/1327 1321/842/1330
f 1320/839/1331 1319/838/1333 1322/858/1332
f 1323/857/1334 1320/839/1331 1322/858/1332
f 1323/857/1334 1322/858/1332 1324/856/1335
f 1325/855/1336 1323/857/1334 1324/856/1335
f 1325/855/1336 1324/856/1335 1326/854/1337
f 1325/855/1336 1326/854/1337 1327/853/1338
f 1328/957/1339 1325/855/1336 1327/853/1338
f 1329/958/1340 1328/957/1339 1327/853/1338
f 1329/958/1340 1327/853/1338 1330/851/1341
f 1331/959/1342 1329/958/1340 1330/851/1341
f 1331/959/1342 1330/851/1341 1332/848/1343
f 1333/960/1344 1331/959/1342 1332/848/1343
f 1334/847/1345 1333/960/1344 1332/848/1343
f 1334/847/1345 1332/848/1343 1321/842/1346
f 1334/847/1345 1321/842/1346 1319/841/1347
f 1334/847/1345 1319/841/1347 1335/961/1348
f 1333/960/1344 1334/847/1345 1335/961/1348
f 1333/960/1344 1335/961/1348 1336/888/1349
f 1337/887/1350 1333/960/1344 1336/888/1349
f 1337/887/1350 1336/888/1349 1338/886/1351
f 1339/889/1352 1337/887/1350 1338/886/1351
f 1340/938/1353 1339/889/1352 1338/886/1351
f 1340/938/1353 1338/886/1351 1341/939/1354
f 1340/938/1353 1341/939/1354 1342/940/1355
f 1343/941/1356 1340/938/1353 1342/940/1355
f 1343/941/1356 1342/940/1355 1344/942/1357
f 1345/943/1358 1343/941/1356 1344/942/1357
f 1345/943/1358 1344/942/1357 1346/944/1359
f 1347/945/1360 1345/943/1358 1346/944/1359
f 1347/945/1360 1346/944/1359 1348/946/1361
f 1349/947/1362 1347/945/1360 1348/946/1361
f 1349/947/1362 1348/946/1361 1350/962/1363
f 1351/963/1364 1349/947/1362 1350/962/1363
f 1331/959/1342 1333/960/1344 1337/887/1350
f 1352/890/1365 1331/959/1342 1337/887/1350
f 1352/890/1365 1337/887/1350 1339/889/1352
f 1353/891/1366 1352/890/1365 1339/889/1352
f 1354/937/1367 1353/891/1366 1339/889/1352
f 1354/937/1367 1339/889/1352 1340/938/1353
f 1355/954/1368 1354/937/1367 1340/938/1353
f 1355/954/1368 1340/938/1353 1343/941/1356
f 1356/955/1369 1355/954/1368 1343/941/1356
f 1356/955/1369 1343/941/1356 1345/943/1358
f 1357/956/1370 1356/955/1369 1345/943/1358
f 1357/956/1370 1345/943/1358 1347/945/1360
f 1351/964/1364 1357/956/1370 1347/945/1360
f 1351/964/1364 1347/945/1360 1349/947/1362
f 1232/844/1236 1359/966/1372 1358/965/1371
f 1360/966/1373 1232/844/1236 1358/965/1371
f 1361/967/1374 1360/966/1373 1358/965/1371
f 1362/968/1375 1361/967/1374 1358/965/1371
f 1363/967/1376 1362/968/1375 1358/965/1371
f 1363/967/1376 1358/965/1371 1359/966/1372
f 1363/967/1376 1359/966/1372 1364/969/1377
f 1365/970/1378 1363/967/1376 1364/969/1377
f 1365/970/1378 1364/969/1377 1366/971/1379
f 1367/972/1380 1365/970/1378 1366/971/1379
f 1367/972/1380 1366/971/1379 1368/973/1381
f 1369/974/1382 1367/972/1380 1368/973/1381
f 1369/974/1382 1368/973/1381 1370/975/1383
f 1371/976/1384 1369/974/1382 1370/975/1383
f 1372/977/1385 1371/976/1384 1370/975/1383
f 1373/922/1386 1372/977/1385 1370/975/1383
f 1373/922/1386 1370/975/1383 1374/920/1387
f 1234/846/1238 1232/844/1236 1360/966/1373
f 1375/969/1388 1234/846/1238 1360/966/1373
f 1375/969/1388 1360/966/1373 1361/967/1374
f 1375/969/1388 1361/967/1374 1376/970/1389
f 1377/971/1390 1375/969/1388 1376/970/1389
f 1377/971/1390 1376/970/1389 1378/972/1391
f 1379/973/1392 1377/971/1390 1378/972/1391
f 1379/973/1392 1378/972/1391 1380/974/1393
f 1379/973/1392 1380/974/1393 1381/975/1394
f 1379/973/1392 1381/975/1394 1240/852/1246
f 1379/973/1392 1240/852/1246 1238/850/1244
f 1377/971/1390 1379/973/1392 1238/850/1244
f 1377/971/1390 1238/850/1244 1237/849/1243
f 1375/969/1388 1377/971/1390 1237/849/1243
f 1375/969/1388 1237/849/1243 1234/846/1238
f 1381/975/1394 1380/974/1393 1382/976/1395
f 1383/977/1396 1381/975/1394 1382/976/1395
f 1383/977/1396 1382/976/1395 1384/978/1397
f 1385/979/1398 1383/977/1396 1384/978/1397
f 1372/977/1385 1385/979/1398 1384/978/1397
f 1372/977/1385 1384/978/1397 1371/976/1384
f 1289/922/1297 1381/975/1394 1383/977/1396
f 1289/922/1297 1383/977/1396 1385/979/1398
f 1290/923/1298 1289/922/1297 1385/979/1398
f 1373/922/1386 1290/923/1298 1385/979/1398
f 1373/922/1386 1385/979/1398 1372/977/1385
f 1386/900/1399 1388/981/1401 1387/980/1400
f 1389/899/1402 1386/900/1399 1387/980/1400
f 1390/896/1403 1389/899/1402 1387/980/1400
f 1390/896/1403 1387/980/1400 1391/982/1404
f 1390/896/1403 1391/982/1404 1392/895/1405
f 1393/894/1406 1390/896/1403 1392/895/1405
f 1393/894/1406 1392/895/1405 1394/893/1407
f 1395/892/1408 1393/894/1406 1394/893/1407
f 1395/892/1408 1394/893/1407 1352/890/1365
f 1395/892/1408 1352/890/1365 1353/891/1366
f 1395/892/1408 1353/891/1366 1354/937/1367
f 1396/936/1409 1395/892/1408 1354/937/1367
f 1396/936/1409 1354/937/1367 1355/954/1368
f 1397/952/1410 1396/936/1409 1355/954/1368
f 1397/952/1410 1355/954/1368 1356/955/1369
f 1398/951/1411 1397/952/1410 1356/955/1369
f 1398/951/1411 1356/955/1369 1357/956/1370
f 1399/950/1412 1398/951/1411 1357/956/1370
f 1399/950/1412 1357/956/1370 1351/964/1364
f 1399/950/1412 1351/964/1364 1400/949/1413
f 1401/930/1414 1399/950/1412 1400/949/1413
f 1402/929/1415 1401/930/1414 1400/949/1413
f 1402/929/1415 1400/949/1413 1351/963/1364
f 1403/915/1416 1402/929/1415 1351/963/1364
f 1403/915/1416 1351/963/1364 1350/983/1363
f 1404/913/1417 1403/915/1416 1350/983/1363
f 1404/913/1417 1350/983/1363 1348/912/1361
f 1405/911/1418 1404/913/1417 1348/912/1361
f 1405/911/1418 1348/912/1361 1346/910/1359
f 1406/909/1419 1405/911/1418 1346/910/1359
f 1406/909/1419 1346/910/1359 1344/908/1357
f 1407/907/1420 1406/909/1419 1344/908/1357
f 1407/907/1420 1344/908/1357 1342/906/1355
f 1408/905/1421 1407/907/1420 1342/906/1355
f 1408/905/1421 1342/906/1355 1341/904/1354
f 1409/901/1422 1408/905/1421 1341/904/1354
f 1409/901/1422 1341/904/1354 1338/902/1351
f 1386/900/1399 1409/901/1422 1338/902/1351
f 1386/900/1399 1338/902/1351 1336/903/1349
f 1386/900/1399 1336/903/1349 1335/984/1348
f 1388/981/1401 1386/900/1399 1335/984/1348
f 1388/981/1401 1335/984/1348 1319/840/1347
f 1388/981/1401 1319/840/1347 1320/839/1331
f 1387/980/1400 1388/981/1401 1320/839/1331
f 1387/980/1400 1320/839/1331 1323/857/1334
f 1391/982/1404 1387/980/1400 1323/857/1334
f 1391/982/1404 1323/857/1334 1325/855/1336
f 1391/982/1404 1325/855/1336 1328/957/1339
f 1392/895/1405 1391/982/1404 1328/957/1339
f 1394/893/1407 1392/895/1405 1328/957/1339
f 1394/893/1407 1328/957/1339 1329/958/1340
f 1352/890/1365 1394/893/1407 1329/958/1340
f 1352/890/1365 1329/958/1340 1331/959/1342
f 1403/915/1416 1404/913/1417 1405/911/1418
f 1410/916/1423 1403/915/1416 1405/911/1418
f 1410/916/1423 1405/911/1418 1406/909/1419
f 1411/917/1424 1410/916/1423 1406/909/1419
f 1411/917/1424 1406/909/1419 1407/907/1420
f 1412/918/1425 1411/917/1424 1407/907/1420
f 1413/919/1426 1412/918/1425 1407/907/1420
f 1413/919/1426 1407/907/1420 1408/905/1421
f 1414/898/1427 1413/919/1426 1408/905/1421
f 1414/898/1427 1408/905/1421 1409/901/1422
f 1414/898/1427 1409/901/1422 1386/900/1399
f 1414/898/1427 1386/900/1399 1389/899/1402
f 1414/898/1427 1389/899/1402 1390/896/1403
f 1415/897/1428 1414/898/1427 1390/896/1403
f 1415/897/1428 1390/896/1403 1393/894/1406
f 1416/935/1429 1415/897/1428 1393/894/1406
f 1396/936/1409 1416/935/1429 1393/894/1406
f 1396/936/1409 1393/894/1406 1395/892/1408
f 1417/926/1430 1410/916/1423 1411/917/1424
f 1418/933/1431 1417/926/1430 1411/917/1424
f 1418/933/1431 1411/917/1424 1412/918/1425
f 1418/933/1431 1412/918/1425 1413/919/1426
f 1419/934/1432 1418/933/1431 1413/919/1426
f 1419/934/1432 1413/919/1426 1414/898/1427
f 1419/934/1432 1414/898/1427 1415/897/1428
f 1419/934/1432 1415/897/1428 1416/935/1429
f 1420/953/1433 1419/934/1432 1416/935/1429
f 1420/953/1433 1416/935/1429 1396/936/1409
f 1420/953/1433 1396/936/1409 1397/952/1410
f 1421/932/1434 1420/953/1433 1397/952/1410
f 1421/932/1434 1397/952/1410 1398/951/1411
f 1422/931/1435 1421/932/1434 1398/951/1411
f 1422/931/1435 1398/951/1411 1399/950/1412
f 1422/931/1435 1399/950/1412 1401/930/1414
f 1423/927/1436 1422/931/1435 1401/930/1414
f 1424/928/1437 1423/927/1436 1401/930/1414
f 1424/928/1437 1401/930/1414 1402/929/1415
f 1424/928/1437 1402/929/1415 1403/915/1416
f 1423/927/1436 1424/928/1437 1403/915/1416
f 1423/927/1436 1403/915/1416 1410/916/1423
f 1423/927/1436 1410/916/1423 1417/926/1430
f 1422/931/1435 1423/927/1436 1417/926/1430
f 1421/932/1434 1422/931/1435 1417/926/1430
f 1421/932/1434 1417/926/1430 1418/933/1431
f 1420/953/1433 1421/932/1434 1418/933/1431
f 1420/953/1433 1418/933/1431 1419/934/1432
f 1287/920/1295 1240/852/1246 1381/975/1394
f 1289/922/1297 1287/920/1295 1381/975/1394
f 1231/842/1240 1229/843/1254 1425/985/1438
f 1234/846/1238 1231/842/1240 1425/985/1438
f 1234/846/1238 1425/985/1438 1233/845/1237
f 1292/925/1300 1233/987/1237 1425/986/1438
f 1246/858/1252 1292/925/1300 1425/986/1438
f 1246/858/1252 1425/986/1438 1229/838/1254
f 1364/969/1377 1359/966/1372 1426/846/1439
f 1427/849/1440 1364/969/1377 1426/846/1439
f 1427/849/1440 1426/846/1439 1321/842/1346
f 1428/921/1441 1326/854/1337 1324/856/1335
f 1429/924/1442 1428/921/1441 1324/856/1335
f 1429/924/1442 1324/856/1335 1322/858/1332
f 1429/924/1442 1322/858/1332 1292/925/1300
f 1429/924/1442 1292/925/1300 1290/923/1298
f 1428/921/1441 1429/924/1442 1290/923/1298
f 1428/921/1441 1290/923/1298 1373/922/1386
f 1428/921/1441 1373/922/1386 1374/920/1387
f 1326/854/1337 1428/921/1441 1374/920/1387
f 1430/852/1443 1326/854/1337 1374/920/1387
f 1430/852/1443 1374/920/1387 1370/975/1383
f 1430/852/1443 1370/975/1383 1368/973/1381
f 1431/850/1444 1430/852/1443 1368/973/1381
f 1431/850/1444 1368/973/1381 1366/971/1379
f 1427/849/1440 1431/850/1444 1366/971/1379
f 1427/849/1440 1366/971/1379 1364/969/1377
f 1432/985/1445 1319/843/1333 1321/842/1346
f 1432/985/1445 1321/842/1346 1426/846/1439
f 1233/845/1237 1432/985/1445 1426/846/1439
f 1232/844/1236 1233/845/1237 1426/846/1439
f 1232/844/1236 1426/846/1439 1359/966/1372
f 1322/858/1332 1319/838/1333 1432/986/1445
f 1292/925/1300 1322/858/1332 1432/986/1445
f 1292/925/1300 1432/986/1445 1233/987/1237
f 1427/849/1440 1321/842/1346 1332/848/1343
f 1431/850/1444 1427/849/1440 1332/848/1343
f 1431/850/1444 1332/848/1343 1330/851/1341
f 1430/852/1443 1431/850/1444 1330/851/1341
f 1430/852/1443 1330/851/1341 1327/853/1338
f 1326/854/1337 1430/852/1443 1327/853/1338
v 0.40556216 0.25774163 0.19925193
vt 0.23382002 0.25767
vn -0.9981021 0.057832785 -0.021154493
v 0.46537 0.67688 0.87746
vt 0.14275002 0.36325002
vn -0.71452725 0.69065446 0.111567646
v 0.35166 0.25774 0.82647
vt 0.15039003 0.25767
vn -0.9835773 0.15278575 -0.09608435
v 1.419002 0.2577417 0.19925217
vt 0.23382002 0.008520007
vn 0.98923236 0.07396889 -0.12628539
v 1.544 0.25774 0.82647
vt 0.15039003 0.008520007
vn 0.9768151 0.15172799 -0.15103291
v 1.43072 0.67688 0.87746
vt 0.14275002 0.11409998
vn 0.69013375 0.7213308 0.05828584
v -0.3289979 1.6543009 -0.08556825
vt 0.20459998 0.56563
vn 0.7871667 0.6166792 0.008683187
v -0.446 1.15314 0.28743002
vt 0.21825004 0.50739
vn 0.6966367 -0.45387372 0.5556042
v -0.44599792 1.6543012 0.2874317
vt 0.21825004 0.56563
vn 0.6226143 0.33767694 0.7059218
v -0.329 1.15314 -0.08557
vt 0.20459998 0.50739
vn 0.7975522 -0.6031902 0.008495316
v -0.521 1.08428 0.22043002
vn 0.7681611 -0.17218472 0.61666924
v -0.42137 1.08465 -0.08595
vn 0.9862045 -0.16061118 0.04005971
v -0.521 1.08428 -0.40357
vt 0.18957996 0.50739
vn 0.7168514 -0.33144102 -0.6134092
v -0.446 1.15314 -0.48956996
vn 0.6901137 -0.4990234 -0.5241361
v -0.44599786 1.6543009 -0.4895682
vt 0.18957996 0.56563
vn 0.6250876 0.33914918 -0.7030243
v -0.901 1.15314 -0.71331996
vt 0.17440999 0.50739
vn -0.012239361 -0.33242857 -0.9430491
v -0.9009978 1.6543007 -0.71331835
vt 0.17440999 0.56563
vn -0.005024316 0.9133082 -0.4072381
v -1.3289979 1.6543009 -0.48956844
vt 0.15974998 0.56563
vn -0.6237144 0.33419663 -0.70660675
v -1.329 1.15314 -0.48957
vt 0.15974998 0.50739
vn -0.67498296 -0.5004912 -0.5421315
v -1.4759977 1.6543009 -0.08556852
vt 0.14507002 0.56563
vn -0.7800263 0.6256618 0.010312845
v -1.476 1.15314 -0.08557
vt 0.14507002 0.50739
vn -0.7546575 -0.6560429 0.009998474
v -1.329 1.15314 0.28743
vt 0.12959999 0.50739
vn -0.6811672 -0.45628732 0.5725497
v -1.3289977 1.6543009 0.28743145
vt 0.12959999 0.56563
vn -0.6206473 0.33265355 0.7100271
v -0.90147 1.15314 0.51365006
vt 0.11535001 0.50744
vn -0.012765843 -0.27516633 0.9613119
v -0.9014679 1.6543009 0.51365155
vt 0.11535001 0.56546
vn -0.0052231704 0.9136527 0.40646216
vt 0.0026599765 0.56546
vt 0.0026599765 0.50744
v -0.90147 1.08018 0.43483
vn -0.01545693 -0.42705417 0.904094
v -0.90147 1.08465 -0.60640997
vn -0.013863166 -0.5948723 -0.8037007
v -1.247 1.08428 -0.40357
vt 0.15999997 0.50739
vn -0.70457894 -0.36779708 -0.60687226
v -1.35628 1.08465 -0.08595
vn -0.9872254 -0.15932965 0.00018581835
v -1.247 1.08428 0.22043002
vn -0.75650996 -0.1577155 0.63467985
vt 0.02609998 0.58481
v -1.4882878 0.57600105 1.3250617
vt 0.101989985 0.76457
vn -0.6813143 0.70964515 0.17948431
v -1.4549978 0.2577412 1.7700615
vt 0.07700002 0.93308
vn -0.7250193 0.28764412 0.6257858
v -1.6059976 0.2577411 1.2980617
vt 0.02384001 0.76457
vn -0.9894956 0.13772494 0.043936577
v -1.3604379 0.53797114 1.6165717
vt 0.123000026 0.84366
vn -0.4771457 0.71714956 0.5079651
v -0.902488 0.6052613 1.7627115
vt 0.25071 0.88969
vn 0.018473769 0.8258452 0.56359416
v -0.9009978 0.2577414 1.9490616
vt 0.25175 0.98994
vn 0.017069826 0.16314888 0.9864538
v -0.40599784 0.2577415 1.7700617
vt 0.41956997 0.97164
vn 0.76057243 0.29157898 0.58009595
v -0.50523794 0.5379714 1.6165719
vt 0.3728 0.88118
vn 0.51876473 0.7158954 0.46730834
v -0.41029796 0.5760013 1.3250619
vt 0.40849 0.76457
vn 0.69568396 0.7020224 0.15227789
v -0.28799784 0.25774145 1.2980621
vt 0.48132002 0.76457
vn 0.9894357 0.14404678 0.016360734
v -0.90147793 0.6739212 1.3703417
vt 0.25071 0.76457
vn 0.018710008 0.9783862 0.20593777
v -0.9014677 0.63570076 -0.7916379
vt 0.49212003 0.34515
vn -0.024997607 0.22277646 -0.974549
vt 0.39767003 0.43107998
vt 0.49212003 0.43107998
v -0.40105772 0.6390009 -0.5053579
vt 0.39767003 0.34515
vn 0.83856034 0.058078837 -0.5417042
v -0.90099764 0.25774086 -0.75774777
vt 0.49212003 0.25767
vn -0.025009727 -0.088075064 -0.99579984
v -0.4434877 0.2577409 -0.4627578
vt 0.39767003 0.25767
vn 0.80699843 -0.05420397 -0.58806074
v -0.40555775 0.2577411 0.19925213
vn 0.9981021 0.057833098 -0.021154031
vt 0.32396996 0.43107998
vt 0.39767003 0.18193
vt 0.49212003 0.096000016
vt 0.49212003 0.18193
v -1.3447576 0.63900083 -0.5053581
vt 0.39767003 0.096000016
vn -0.8324241 0.05665129 -0.55123574
vt 0.49212003 0.008520007
v -1.3139976 0.2577409 -0.46275797
vt 0.39767003 0.008520007
vn -0.80265343 -0.050479945 -0.59430575
v -1.4189978 0.25774103 0.19925189
vn -0.9892323 0.07396859 -0.12628584
vt 0.32396996 0.18193
v -1.544 0.25774 0.82647
vn -0.9768151 0.15172799 -0.1510327
vt 0.04813999 0.09069002
vt 0.05238998 0.008520007
v -1.43072 0.67688 0.87746006
vn -0.69013375 0.7213308 0.05828599
vt 0.010649979 0.15526998
v -0.90147 0.78639 0.93350005
vt 0.11610001 0.18010998
vn 0.01866503 0.950123 0.3113165
v -1.32712 0.81507 0.49175
vt 0.22456002 0.14024997
vn -0.6989972 0.65657663 0.28339022
v -0.90146 0.92769 0.59637004
vt 0.19277 0.20616996
vn 0.000889824 0.80895144 0.5878748
vt 0.29044998 0.18193
vt 0.25979 0.23969
vt 0.29044998 0.43107998
vt 0.19277 0.45532
vt 0.25979 0.48883998
v -0.5002 0.81507 0.49175
vt 0.22456002 0.3894
vn 0.7336086 0.5910166 0.33543676
vt 0.11610001 0.42926002
v -0.46537 0.67688 0.87746
vn 0.71452725 0.69065446 0.1115675
vt 0.010649979 0.40442002
vt 0.04813999 0.33983004
v -0.35166 0.25774 0.82647
vn 0.9835773 0.15278576 -0.09608456
vt 0.05238998 0.25767
v 0.446 1.15314 0.28743
vn -0.69663656 -0.45387372 0.55560434
v 0.32900196 1.6543014 -0.08556851
vn -0.78716695 0.61667895 0.008682822
v 0.44600198 1.6543016 0.28743145
vn -0.6226147 0.3376768 0.7059216
v 0.329 1.15314 -0.08557
vn -0.7975522 -0.6031902 0.008495485
v 0.521 1.08428 0.22043
vn -0.768161 -0.17218472 0.61666936
v 0.42137 1.08465 -0.08595
vn -0.9862045 -0.16061117 0.040059917
v 0.521 1.08428 -0.40357
vn -0.71685153 -0.33144102 -0.6134091
v 0.446 1.15314 -0.48957
vn -0.69011384 -0.4990234 -0.52413607
v 0.44600207 1.6543014 -0.48956844
vn -0.6250877 0.33914897 -0.7030245
v 0.901 1.15314 -0.71332
vn 0.01223916 -0.33242857 -0.9430491
v 0.901002 1.6543014 -0.71331835
vn 0.005023947 0.91330826 -0.40723807
v 1.3290019 1.6543014 -0.48956823
vn 0.6237143 0.33419684 -0.70660657
v 1.329 1.15314 -0.48957
vn 0.67498285 -0.5004912 -0.5421316
v 1.4760017 1.6543016 -0.08556824
vn 0.7800261 0.6256621 0.01031321
v 1.476 1.15314 -0.08557
vn 0.7546575 -0.6560429 0.009998314
v 1.329 1.15314 0.28743
vn 0.6811673 -0.45628732 0.5725496
v 1.3290019 1.6543016 0.28743166
vn 0.62064695 0.33265373 0.71002734
v 0.90147 1.15314 0.51365
vn 0.012766048 -0.27516633 0.9613119
v 0.9014719 1.6543016 0.51365155
vn 0.005222665 0.91365266 0.4064622
v 0.90147 1.08018 0.43483
vn 0.015457122 -0.42705414 0.904094
v 0.90147 1.08465 -0.60641
vn 0.013862994 -0.59487236 -0.8037006
v 1.247 1.08428 -0.40356997
vn 0.7045788 -0.36779702 -0.6068724
v 1.35628 1.08465 -0.08595
vn 0.9872254 -0.15932965 0.00018560825
v 1.247 1.08428 0.22043
vn 0.7565101 -0.1577155 0.63467973
v 0.90147215 0.63570136 -0.79163796
vn 0.024997663 0.22277646 -0.974549
v 0.4010622 0.6390014 -0.5053581
vn -0.8385602 0.058078576 -0.5417044
v 0.9010022 0.25774145 -0.7577478
vn 0.025009934 -0.088075064 -0.99579984
v 0.44349226 0.25774145 -0.46275795
vn -0.8069983 -0.054204203 -0.588061
v 1.344762 0.6390015 -0.50535786
vn 0.8324242 0.05665154 -0.55123544
v 1.314002 0.2577415 -0.46275777
vn 0.80265355 -0.050479706 -0.5943055
v -0.50825804 2.6190004 -0.0727186
vt 0.30044 0.83247
vn 0.99894845 -0.035200145 0.029376473
v -0.6340079 1.397721 0.16522174
vt 0.29805 0.80305
vn 0.83545053 -0.038056232 0.5482465
v -0.59678805 2.6190007 0.19277135
vt 0.29805 0.83242
vn 0.6558414 -0.03865241 0.7539085
v -0.55102783 1.397681 -0.08594822
vt 0.30013 0.80305
vn 0.9989714 -0.035291713 0.028472787
v -0.6323378 1.3977206 -0.38910818
vt 0.29808998 0.80305
vn 0.8617098 -0.029637845 -0.5065351
v -0.59501797 2.6190002 -0.39727858
vt 0.29808998 0.83247
vn 0.68871766 -0.029195482 -0.7244416
v -0.9004978 1.397681 -0.5278082
vt 0.29053998 0.80305
vn -0.0131907165 -0.03113918 -0.99942803
v -0.9011979 2.6190004 -0.57037854
vt 0.28919 0.83247
vn -0.005841324 -0.03483755 -0.99937594
v -1.199188 2.6190004 -0.39727873
vt 0.28116 0.83247
vn -0.6910822 -0.03688697 -0.72183436
v -1.1436677 1.3977208 -0.3891083
vt 0.28443003 0.80305
vn -0.8562394 -0.04528601 -0.5145905
v -1.302608 2.6190004 -0.072718784
vt 0.27838004 0.83247
vn -0.9980637 -0.05511687 0.028827349
v -1.2305179 1.397681 -0.08594838
vt 0.28225 0.80305
vn -0.997881 -0.059194002 0.02701173
v -1.1435778 1.397721 0.16522162
vn -0.82923126 -0.053930674 0.55629754
v -1.199088 2.6190007 0.1941912
vn -0.6552152 -0.046646185 0.7540008
v -0.9004978 1.3976812 0.29378167
vn -0.010456526 -0.042927194 0.9990235
v -0.901198 2.6190007 0.34688127
vn -0.0024999883 -0.043437585 0.99905306
v -1.3139976 0.034470916 -0.46275792
vt 0.42435002 0.61421
vn -0.74404365 -0.58207256 -0.32801014
v -0.43957767 0.034471035 -0.46275774
vt 0.42435002 0.71211
vn 0.6306775 -0.73906225 -0.23671275
v -0.90099764 0.034470797 -0.75774777
vt 0.45088 0.66573
vn -0.023705646 -0.28658748 -0.9577608
v -1.4189976 0.034471035 0.19925195
vt 0.33637 0.60867
vn -0.5898529 -0.80004984 -0.10951606
v -0.40513775 0.034471154 0.19925219
vt 0.33637 0.72045
vn 0.8302047 -0.5540271 -0.061759032
v -0.35166 0.03447 0.82647
vt 0.23873997 0.73269
vn 0.70211154 -0.7072016 -0.08309874
v -1.544 0.03447 0.82647
vt 0.23873997 0.60101
vn -0.6987082 -0.70727795 -0.107540384
v -0.28799778 0.034471482 1.2980621
vt 0.15588999 0.74504
vn 0.5896193 -0.8045844 0.07066201
v -1.6059976 0.03447111 1.2980618
vt 0.15588999 0.59046
vn -0.81536216 -0.5630251 0.13486028
v -1.4549978 0.034471244 1.7700616
vt 0.07080001 0.61206
vn -0.38784635 -0.74235797 0.546333
v -0.40599778 0.03447154 1.7700619
vt 0.07080001 0.72049
vn 0.4924108 -0.59676284 0.63356584
v -0.90099776 0.034471437 1.9490618
vt 0.045409977 0.6663
vn 0.015236752 -0.46723878 0.8839999
v 0.55103195 1.3976817 -0.08594837
vn -0.9989714 -0.035292014 0.028472325
v 0.50826186 2.6190012 -0.07271878
vn -0.99894845 -0.03520045 0.029376008
v 0.63401204 1.3977215 0.16522163
vn -0.8354507 -0.038056485 0.54824626
v 0.63234204 1.3977213 -0.38910833
vn -0.86170965 -0.029638093 -0.5065355
v 0.5950219 2.6190012 -0.39727873
vn -0.6887175 -0.029195676 -0.72444177
v 0.900502 1.3976815 -0.5278082
vn 0.013190871 -0.031139174 -0.99942803
v 0.90120184 2.6190012 -0.5703786
vn 0.0058415066 -0.034837555 -0.99937594
v 1.1991918 2.6190012 -0.39727855
vn 0.6910824 -0.03688677 -0.7218341
v 1.1436719 1.3977213 -0.38910818
vn 0.8562396 -0.04528577 -0.5145901
v 1.3026118 2.6190012 -0.07271859
vn 0.9980637 -0.055116553 0.028827809
v 1.2305219 1.3976815 -0.08594823
vn 0.997881 -0.059193693 0.027012188
v 1.1435819 1.3977215 0.16522174
vn 0.82923114 -0.05393042 0.5562978
v 1.1990918 2.6190012 0.19419134
vn 0.6552151 -0.04664598 0.75400096
v 0.90050197 1.3976817 0.29378164
vn 0.010456372 -0.04292719 0.9990235
v 0.9012017 2.6190014 0.34688124
vn 0.0024998426 -0.04343758 0.99905306
v 0.59679186 2.6190014 0.19277121
vn -0.6558415 -0.038652617 0.7539084
v 1.544 0.03447 0.82647
vn 0.6987081 -0.7072779 -0.107540525
v 1.4190022 0.03447175 0.19925223
vn 0.5898533 -0.8000496 -0.1095158
v 0.35166 0.03447 0.82647
vn -0.70211154 -0.7072016 -0.08309859
v 1.3140022 0.03447151 -0.4627577
vn 0.74404395 -0.5820723 -0.32800972
v 0.9010022 0.034471393 -0.75774777
vn 0.02370594 -0.28658748 -0.95776075
v 0.4395823 0.03447151 -0.4627579
vn -0.6306772 -0.7390624 -0.23671308
v 0.40514222 0.03447163 0.199252
vn -0.8302045 -0.5540273 -0.06175942
v 1.4550021 0.034472182 1.7700619
vn 0.38784668 -0.7423577 0.5463333
v 0.901002 0.25774202 1.9490616
vn -0.017070318 0.16314888 0.9864538
v 1.4550018 0.25774214 1.7700617
vn 0.7250188 0.2876445 0.6257861
v 0.90147 0.78639 0.9335
vn -0.018664964 0.950123 0.3113165
v 0.90146 0.92769 0.59637
vn -0.00088969886 0.80895144 0.5878748
v 1.32712 0.81507 0.49175
vn 0.69899726 0.6565767 0.28339007
v 0.5002 0.81507 0.49175
vn -0.7336085 0.5910166 0.33543694
v 1.4882917 0.576002 1.3250619
vn 0.6813138 0.7096455 0.17948478
v 1.6060019 0.25774208 1.2980621
vn 0.98949546 0.1377255 0.04393724
v 1.3604419 0.53797203 1.6165719
vn 0.47714496 0.7171498 0.50796545
v 0.90249187 0.6052619 1.7627118
vn -0.018474596 0.8258452 0.5635942
v 0.90148187 0.6739218 1.3703418
vn -0.018710813 0.9783862 0.20593774
v 0.41030192 0.57600164 1.3250616
vn -0.69568443 0.70202196 0.15227741
v 0.50524193 0.5379718 1.6165717
vn -0.5187654 0.7158951 0.46730793
v 0.40600204 0.25774184 1.7700615
vn -0.7605729 0.29157853 0.5800956
v 0.28800207 0.25774172 1.2980617
vn -0.98943573 0.1440462 0.016360061
v 0.28800207 0.034471735 1.2980618
vn -0.58961874 -0.8045848 0.07066162
v 1.606002 0.034472123 1.2980621
vn 0.81536245 -0.5630246 0.13486083
v 0.4060021 0.03447187 1.7700616
vn -0.4924107 -0.5967633 0.6335656
v 0.90100205 0.03447205 1.9490618
vn -0.015236741 -0.4672388 0.8839999
o Mesh_6
g polygon_0
usemtl Joint_0_Object_6_Material_6
f 1433/988/1446 1435/990/1448 1434/989/1447
f 1436/991/1449 1438/993/1451 1437/992/1450
f 1439/994/1452 1441/996/1454 1440/995/1453
f 1442/997/1455 1439/994/1452 1440/995/1453
f 1442/997/1455 1440/995/1453 1443/995/1456
f 1442/997/1455 1443/995/1456 1444/997/1457
f 1442/997/1455 1444/997/1457 1445/998/1458
f 1442/997/1455 1445/998/1458 1446/998/1459
f 1439/994/1452 1442/997/1455 1446/998/1459
f 1447/999/1460 1439/994/1452 1446/998/1459
f 1447/999/1460 1446/998/1459 1448/1000/1461
f 1449/1001/1462 1447/999/1460 1448/1000/1461
f 1450/1002/1463 1449/1001/1462 1448/1000/1461
f 1450/1002/1463 1448/1000/1461 1451/1003/1464
f 1452/1004/1465 1450/1002/1463 1451/1003/1464
f 1452/1004/1465 1451/1003/1464 1453/1005/1466
f 1452/1004/1465 1453/1005/1466 1454/1006/1467
f 1455/1007/1468 1452/1004/1465 1454/1006/1467
f 1455/1007/1468 1454/1006/1467 1456/1008/1469
f 1457/1009/1470 1455/1007/1468 1456/1008/1469
f 1441/1010/1454 1457/1009/1470 1456/1008/1469
f 1440/1011/1453 1441/1010/1454 1456/1008/1469
f 1440/1011/1453 1456/1008/1469 1458/1008/1471
f 1443/1011/1456 1440/1011/1453 1458/1008/1471
f 1446/998/1459 1445/998/1458 1459/1000/1472
f 1448/1000/1461 1446/998/1459 1459/1000/1472
f 1451/1003/1464 1448/1000/1461 1459/1000/1472
f 1451/1003/1464 1459/1000/1472 1460/1012/1473
f 1453/1005/1466 1451/1003/1464 1460/1012/1473
f 1453/1005/1466 1460/1012/1473 1461/1005/1474
f 1453/1005/1466 1461/1005/1474 1462/1006/1475
f 1454/1006/1467 1453/1005/1466 1462/1006/1475
f 1454/1006/1467 1462/1006/1475 1458/1008/1471
f 1456/1008/1469 1454/1006/1467 1458/1008/1471
f 1449/1013/1462 1450/1013/1463 1452/1013/1465
f 1457/1013/1470 1449/1013/1462 1452/1013/1465
f 1457/1013/1470 1452/1013/1465 1455/1013/1468
f 1457/1013/1470 1441/1013/1454 1439/1013/1452
f 1449/1013/1462 1457/1013/1470 1439/1013/1452
f 1449/1013/1462 1439/1013/1452 1447/1013/1460
f 1463/1014/1476 1465/1016/1478 1464/1015/1477
f 1463/1014/1476 1464/1015/1477 1466/1017/1479
f 1467/1018/1480 1463/1014/1476 1466/1017/1479
f 1467/1018/1480 1466/1017/1479 1464/1015/1477
f 1467/1018/1480 1464/1015/1477 1468/1019/1481
f 1467/1018/1480 1468/1019/1481 1469/1020/1482
f 1470/1021/1483 1467/1018/1480 1469/1020/1482
f 1471/1022/1484 1470/1021/1483 1469/1020/1482
f 1471/1022/1484 1469/1020/1482 1472/1023/1485
f 1473/1024/1486 1463/1014/1476 1467/1018/1480
f 1471/1022/1484 1473/1024/1486 1467/1018/1480
f 1471/1022/1484 1467/1018/1480 1470/1021/1483
f 1474/1025/1487 1459/1027/1472 1445/1026/1458
f 1474/1025/1487 1445/1026/1458 1475/1028/1488
f 1476/1029/1489 1474/1025/1487 1475/1028/1488
f 1477/1030/1490 1476/1029/1489 1475/1028/1488
f 1478/988/1491 1477/1030/1490 1475/1028/1488
f 1444/1031/1457 1478/988/1491 1475/1028/1488
f 1444/1031/1457 1475/1028/1488 1445/1026/1458
f 1460/1032/1473 1459/1034/1472 1474/1033/1487
f 1479/1035/1492 1460/1032/1473 1474/1033/1487
f 1479/1035/1492 1474/1033/1487 1476/1036/1489
f 1479/1035/1492 1476/1036/1489 1480/1037/1493
f 1479/1035/1492 1480/1037/1493 1481/991/1494
f 1479/1035/1492 1481/991/1494 1461/1038/1474
f 1460/1032/1473 1479/1035/1492 1461/1038/1474
f 1482/992/1495 1465/1040/1478 1463/1039/1476
f 1483/993/1496 1482/992/1495 1463/1039/1476
f 1483/993/1496 1463/1039/1476 1473/1041/1486
f 1483/993/1496 1473/1041/1486 1484/1042/1497
f 1485/1043/1498 1483/993/1496 1484/1042/1497
f 1485/1043/1498 1484/1042/1497 1486/1044/1499
f 1462/1045/1475 1485/1043/1498 1486/1044/1499
f 1462/1045/1475 1486/1044/1499 1458/1046/1471
f 1443/1047/1456 1458/1049/1471 1486/1048/1499
f 1487/1050/1500 1443/1047/1456 1486/1048/1499
f 1487/1050/1500 1486/1048/1499 1484/1051/1497
f 1488/989/1501 1487/1050/1500 1484/1051/1497
f 1488/989/1501 1484/1051/1497 1473/1052/1486
f 1488/989/1501 1473/1052/1486 1471/1053/1484
f 1489/990/1502 1488/989/1501 1471/1053/1484
f 1489/990/1502 1471/1053/1484 1472/1054/1485
f 1488/989/1501 1489/990/1502 1478/988/1491
f 1487/1050/1500 1488/989/1501 1478/988/1491
f 1487/1050/1500 1478/988/1491 1444/1031/1457
f 1443/1047/1456 1487/1050/1500 1444/1031/1457
f 1485/1043/1498 1462/1045/1475 1461/1038/1474
f 1485/1043/1498 1461/1038/1474 1481/991/1494
f 1483/993/1496 1485/1043/1498 1481/991/1494
f 1483/993/1496 1481/991/1494 1482/992/1495
f 1490/995/1503 1492/996/1505 1491/994/1504
f 1490/995/1503 1491/994/1504 1493/997/1506
f 1494/995/1507 1490/995/1503 1493/997/1506
f 1495/997/1508 1494/995/1507 1493/997/1506
f 1496/998/1509 1495/997/1508 1493/997/1506
f 1497/998/1510 1496/998/1509 1493/997/1506
f 1497/998/1510 1493/997/1506 1491/994/1504
f 1497/998/1510 1491/994/1504 1498/999/1511
f 1499/1000/1512 1497/998/1510 1498/999/1511
f 1499/1000/1512 1498/999/1511 1500/1001/1513
f 1499/1000/1512 1500/1001/1513 1501/1002/1514
f 1502/1003/1515 1499/1000/1512 1501/1002/1514
f 1502/1003/1515 1501/1002/1514 1503/1004/1516
f 1504/1005/1517 1502/1003/1515 1503/1004/1516
f 1505/1006/1518 1504/1005/1517 1503/1004/1516
f 1505/1006/1518 1503/1004/1516 1506/1007/1519
f 1507/1008/1520 1505/1006/1518 1506/1007/1519
f 1507/1008/1520 1506/1007/1519 1508/1009/1521
f 1507/1008/1520 1508/1009/1521 1492/1010/1505
f 1507/1008/1520 1492/1010/1505 1490/1011/1503
f 1509/1008/1522 1507/1008/1520 1490/1011/1503
f 1509/1008/1522 1490/1011/1503 1494/1011/1507
f 1510/1000/1523 1496/998/1509 1497/998/1510
f 1510/1000/1523 1497/998/1510 1499/1000/1512
f 1510/1000/1523 1499/1000/1512 1502/1003/1515
f 1511/1012/1524 1510/1000/1523 1502/1003/1515
f 1511/1012/1524 1502/1003/1515 1504/1005/1517
f 1512/1005/1525 1511/1012/1524 1504/1005/1517
f 1513/1006/1526 1512/1005/1525 1504/1005/1517
f 1513/1006/1526 1504/1005/1517 1505/1006/1518
f 1509/1008/1522 1513/1006/1526 1505/1006/1518
f 1509/1008/1522 1505/1006/1518 1507/1008/1520
f 1508/1013/1521 1506/1013/1519 1503/1013/1516
f 1500/1013/1513 1508/1013/1521 1503/1013/1516
f 1500/1013/1513 1503/1013/1516 1501/1013/1514
f 1500/1013/1513 1498/1013/1511 1491/1013/1504
f 1508/1013/1521 1500/1013/1513 1491/1013/1504
f 1508/1013/1521 1491/1013/1504 1492/1013/1505
f 1496/1026/1509 1510/1027/1523 1514/1025/1527
f 1515/1028/1528 1496/1026/1509 1514/1025/1527
f 1515/1028/1528 1514/1025/1527 1516/1029/1529
f 1515/1028/1528 1516/1029/1529 1517/1030/1530
f 1515/1028/1528 1517/1030/1530 1433/988/1446
f 1515/1028/1528 1433/988/1446 1495/1031/1508
f 1496/1026/1509 1515/1028/1528 1495/1031/1508
f 1514/1033/1527 1510/1034/1523 1511/1032/1524
f 1518/1035/1531 1514/1033/1527 1511/1032/1524
f 1518/1035/1531 1511/1032/1524 1512/1038/1525
f 1518/1035/1531 1512/1038/1525 1436/991/1449
f 1518/1035/1531 1436/991/1449 1519/1037/1532
f 1518/1035/1531 1519/1037/1532 1516/1036/1529
f 1514/1033/1527 1518/1035/1531 1516/1036/1529
f 1520/1055/1533 1522/1057/1535 1521/1056/1534
f 1520/1055/1533 1521/1056/1534 1523/1058/1536
f 1520/1055/1533 1523/1058/1536 1524/1059/1537
f 1525/1060/1538 1520/1055/1533 1524/1059/1537
f 1525/1060/1538 1524/1059/1537 1526/1061/1539
f 1527/1062/1540 1525/1060/1538 1526/1061/1539
f 1528/1063/1541 1527/1062/1540 1526/1061/1539
f 1528/1063/1541 1526/1061/1539 1529/1064/1542
f 1530/1065/1543 1528/1063/1541 1529/1064/1542
f 1530/1065/1543 1529/1064/1542 1531/1066/1544
f 1530/1065/1543 1531/1066/1544 1532/1064/1545
f 1533/1063/1546 1530/1065/1543 1532/1064/1545
f 1533/1063/1546 1532/1064/1545 1534/1061/1547
f 1535/1062/1548 1533/1063/1546 1534/1061/1547
f 1522/1057/1535 1535/1062/1548 1534/1061/1547
f 1522/1057/1535 1534/1061/1547 1521/1056/1534
f 1536/1067/1549 1538/1069/1551 1537/1068/1550
f 1539/1070/1552 1536/1067/1549 1537/1068/1550
f 1539/1070/1552 1537/1068/1550 1540/1071/1553
f 1539/1070/1552 1540/1071/1553 1541/1072/1554
f 1542/1073/1555 1539/1070/1552 1541/1072/1554
f 1542/1073/1555 1541/1072/1554 1543/1074/1556
f 1544/1075/1557 1542/1073/1555 1543/1074/1556
f 1545/1076/1558 1544/1075/1557 1543/1074/1556
f 1545/1076/1558 1543/1074/1556 1546/1077/1559
f 1547/1078/1560 1545/1076/1558 1546/1077/1559
f 1547/1078/1560 1546/1077/1559 1468/1078/1481
f 1545/1076/1558 1547/1078/1560 1468/1078/1481
f 1545/1076/1558 1468/1078/1481 1464/1076/1477
f 1544/1075/1557 1545/1076/1558 1464/1076/1477
f 1544/1075/1557 1464/1076/1477 1465/1075/1478
f 1542/1073/1555 1544/1075/1557 1465/1075/1478
f 1542/1073/1555 1465/1075/1478 1482/1073/1495
f 1539/1070/1552 1542/1073/1555 1482/1073/1495
f 1539/1070/1552 1482/1073/1495 1481/1070/1494
f 1536/1067/1549 1539/1070/1552 1481/1070/1494
f 1536/1067/1549 1481/1070/1494 1480/1067/1493
f 1538/1069/1551 1536/1067/1549 1480/1067/1493
f 1538/1069/1551 1480/1067/1493 1476/1069/1489
f 1538/1069/1551 1476/1069/1489 1477/1068/1490
f 1537/1068/1550 1538/1069/1551 1477/1068/1490
f 1537/1068/1550 1477/1068/1490 1478/1071/1491
f 1540/1071/1553 1537/1068/1550 1478/1071/1491
f 1540/1071/1553 1478/1071/1491 1489/1072/1502
f 1541/1072/1554 1540/1071/1553 1489/1072/1502
f 1541/1072/1554 1489/1072/1502 1472/1074/1485
f 1543/1074/1556 1541/1072/1554 1472/1074/1485
f 1543/1074/1556 1472/1074/1485 1469/1077/1482
f 1546/1077/1559 1543/1074/1556 1469/1077/1482
f 1546/1077/1559 1469/1077/1482 1468/1078/1481
f 1548/1058/1561 1550/1056/1563 1549/1055/1562
f 1551/1059/1564 1548/1058/1561 1549/1055/1562
f 1551/1059/1564 1549/1055/1562 1552/1060/1565
f 1553/1061/1566 1551/1059/1564 1552/1060/1565
f 1553/1061/1566 1552/1060/1565 1554/1062/1567
f 1553/1061/1566 1554/1062/1567 1555/1063/1568
f 1556/1064/1569 1553/1061/1566 1555/1063/1568
f 1556/1064/1569 1555/1063/1568 1557/1065/1570
f 1558/1066/1571 1556/1064/1569 1557/1065/1570
f 1559/1064/1572 1558/1066/1571 1557/1065/1570
f 1559/1064/1572 1557/1065/1570 1560/1063/1573
f 1561/1061/1574 1559/1064/1572 1560/1063/1573
f 1561/1061/1574 1560/1063/1573 1562/1062/1575
f 1561/1061/1574 1562/1062/1575 1563/1057/1576
f 1550/1056/1563 1561/1061/1574 1563/1057/1576
f 1550/1056/1563 1563/1057/1576 1549/1055/1562
f 1564/1073/1577 1566/1072/1579 1565/1070/1578
f 1437/1073/1450 1564/1073/1577 1565/1070/1578
f 1436/1070/1449 1437/1073/1450 1565/1070/1578
f 1436/1070/1449 1565/1070/1578 1567/1067/1580
f 1519/1067/1532 1436/1070/1449 1567/1067/1580
f 1519/1067/1532 1567/1067/1580 1568/1069/1581
f 1516/1069/1529 1519/1067/1532 1568/1069/1581
f 1517/1068/1530 1516/1069/1529 1568/1069/1581
f 1569/1068/1582 1517/1068/1530 1568/1069/1581
f 1569/1068/1582 1568/1069/1581 1567/1067/1580
f 1569/1068/1582 1567/1067/1580 1565/1070/1578
f 1570/1071/1583 1569/1068/1582 1565/1070/1578
f 1570/1071/1583 1565/1070/1578 1566/1072/1579
f 1570/1071/1583 1566/1072/1579 1435/1072/1448
f 1570/1071/1583 1435/1072/1448 1433/1071/1446
f 1569/1068/1582 1570/1071/1583 1433/1071/1446
f 1569/1068/1582 1433/1071/1446 1517/1068/1530
f 1571/1076/1584 1573/1076/1586 1572/1078/1585
f 1574/1042/1587 1576/1043/1589 1575/1044/1588
f 1577/1050/1590 1574/1051/1587 1575/1048/1588
f 1573/1015/1586 1579/1016/1592 1578/1014/1591
f 1573/1015/1586 1578/1014/1591 1580/1017/1593
f 1581/1018/1594 1573/1015/1586 1580/1017/1593
f 1581/1018/1594 1580/1017/1593 1578/1014/1591
f 1581/1018/1594 1578/1014/1591 1582/1024/1595
f 1581/1018/1594 1582/1024/1595 1583/1022/1596
f 1584/1021/1597 1581/1018/1594 1583/1022/1596
f 1585/1020/1598 1584/1021/1597 1583/1022/1596
f 1585/1020/1598 1583/1022/1596 1586/1023/1599
f 1572/1019/1585 1573/1015/1586 1581/1018/1594
f 1585/1020/1598 1572/1019/1585 1581/1018/1594
f 1585/1020/1598 1581/1018/1594 1584/1021/1597
f 1586/1074/1599 1435/1072/1448 1566/1072/1579
f 1587/1074/1600 1586/1074/1599 1566/1072/1579
f 1587/1074/1600 1566/1072/1579 1564/1073/1577
f 1588/1075/1601 1587/1074/1600 1564/1073/1577
f 1579/1075/1592 1588/1075/1601 1564/1073/1577
f 1579/1075/1592 1564/1073/1577 1437/1073/1450
f 1578/1039/1591 1579/1040/1592 1437/992/1450
f 1578/1039/1591 1437/992/1450 1438/993/1451
f 1582/1041/1595 1578/1039/1591 1438/993/1451
f 1574/1042/1587 1582/1041/1595 1438/993/1451
f 1576/1043/1589 1574/1042/1587 1438/993/1451
f 1576/1043/1589 1438/993/1451 1436/991/1449
f 1576/1043/1589 1436/991/1449 1512/1038/1525
f 1576/1043/1589 1512/1038/1525 1513/1045/1526
f 1575/1044/1588 1576/1043/1589 1513/1045/1526
f 1575/1044/1588 1513/1045/1526 1509/1046/1522
f 1435/990/1448 1586/1054/1599 1583/1053/1596
f 1434/989/1447 1435/990/1448 1583/1053/1596
f 1434/989/1447 1583/1053/1596 1582/1052/1595
f 1434/989/1447 1582/1052/1595 1574/1051/1587
f 1434/989/1447 1574/1051/1587 1577/1050/1590
f 1433/988/1446 1434/989/1447 1577/1050/1590
f 1495/1031/1508 1433/988/1446 1577/1050/1590
f 1494/1047/1507 1495/1031/1508 1577/1050/1590
f 1494/1047/1507 1577/1050/1590 1575/1048/1588
f 1509/1049/1522 1494/1047/1507 1575/1048/1588
f 1585/1077/1598 1586/1074/1599 1587/1074/1600
f 1585/1077/1598 1587/1074/1600 1589/1077/1602
f 1572/1078/1585 1585/1077/1598 1589/1077/1602
f 1572/1078/1585 1589/1077/1602 1590/1078/1603
f 1571/1076/1584 1572/1078/1585 1590/1078/1603
f 1571/1076/1584 1590/1078/1603 1589/1077/1602
f 1571/1076/1584 1589/1077/1602 1587/1074/1600
f 1571/1076/1584 1587/1074/1600 1588/1075/1601
f 1573/1076/1586 1571/1076/1584 1588/1075/1601
f 1573/1076/1586 1588/1075/1601 1579/1075/1592
v 0.24516445 14.03581 0.68715894
vt 0.34127998 0.50909
vn -0.18968128 0.882563 -0.4302367
vt 0.33885002 0.5194
vn -0.2606262 0.8149811 -0.51757103
vt 0.33081 0.51933
vn -0.15185933 0.85092014 -0.50286543
vt 0.34589 0.51962
vn -0.3891717 0.7663721 -0.5110961
vt 0.34995997 0.52016
vn -0.10414253 0.85367244 -0.5102918
v 0.3777484 14.000638 0.53358907
vt 0.34967 0.51635
vn -0.33480957 0.5657712 0.7535287
vt 0.35038996 0.52047
vn -0.36170566 -0.8594393 -0.3612936
v -0.2451635 14.03581 0.68715894
vn 0.21602754 0.86264473 -0.45735782
vt 0.32375002 0.51913
vn -1.4027763E-07 0.8881026 -0.45964536
vn 0.15185907 0.8509202 -0.5028655
vt 0.32373 0.50752
v 0.22339742 14.26091 0.68218905
vt 0.32373 0.53109
vn -0.14561948 -0.86080045 -0.48766547
vt 0.32373 0.52019
vn 8.8767614E-08 -0.85817057 -0.5133647
vt 0.32950997 0.52069
vn -0.1324549 -0.8104364 -0.5706562
v -0.22339652 14.26091 0.68218905
vt 0.33972 0.52938
vn 0.15820383 -0.83452183 -0.52777344
vn 0.13245505 -0.8104364 -0.5706562
vt 0.33767998 0.52043
vn -0.26754433 -0.74292064 -0.61358696
vt 0.34569 0.52022
vn -0.25350997 -0.73394275 -0.63012755
v 0.37774837 14.288698 0.533589
vt 0.34133 0.52989
vn -0.6074687 -0.79156595 0.06637041
vt 0.34941 0.5232
v -0.37774754 14.288698 0.533589
vn 0.41681615 -0.8560623 0.30564958
vt 0.32373 0.53119
vt 0.32373 0.50927
v -0.3777475 14.000638 0.53358907
vt 0.34133 0.5109
vn 0.5947373 0.7960098 -0.11249881
vn 0.2606261 0.81498116 -0.5175711
vn 0.38917157 0.7663721 -0.51109624
vn 0.59562814 0.6506835 -0.470997
vn 0.76547456 -0.37657762 -0.5217643
vn 0.26754424 -0.7429207 -0.613587
vn 0.23470892 -0.7328256 -0.6386536
o Mesh_7
g polygon_0
usemtl Joint_0_Object_7_Material_7
f 1591/1079/1604 344/1081/1606 342/1080/1605
f 1591/1079/1604 342/1080/1605 340/1082/1607
f 1591/1079/1604 340/1082/1607 338/1083/1608
f 1592/1084/1609 1591/1079/1604 338/1083/1608
f 1592/1084/1609 338/1083/1608 375/1085/1610
f 1593/1079/1611 347/1081/1613 346/1086/1612
f 1591/1087/1604 1593/1079/1611 346/1086/1612
f 1591/1087/1604 346/1086/1612 344/1081/1606
f 1594/1088/1614 104/1090/1616 102/1089/1615
f 1595/1091/1617 1594/1088/1614 102/1089/1615
f 1595/1091/1617 102/1089/1615 116/1090/1618
f 379/1092/1619 104/1090/1616 1594/1091/1614
f 376/1093/1620 379/1092/1619 1594/1091/1614
f 375/1085/1610 376/1093/1620 1594/1091/1614
f 375/1085/1610 1594/1091/1614 1596/1094/1621
f 1592/1095/1609 375/1085/1610 1596/1094/1621
f 1594/1088/1614 1595/1091/1617 1597/1094/1622
f 1596/1096/1621 1594/1088/1614 1597/1094/1622
f 1592/1097/1609 1596/1096/1621 1597/1094/1622
f 1592/1097/1609 1597/1094/1622 1598/1098/1623
f 1591/1087/1604 1592/1097/1609 1598/1098/1623
f 1591/1087/1604 1598/1098/1623 1593/1079/1611
f 389/1080/1624 347/1081/1613 1593/1079/1611
f 393/1082/1625 389/1080/1624 1593/1079/1611
f 391/1083/1626 393/1082/1625 1593/1079/1611
f 391/1083/1626 1593/1079/1611 1598/1084/1623
f 397/1085/1627 391/1083/1626 1598/1084/1623
f 1595/1091/1617 116/1090/1618 382/1092/1628
f 1595/1091/1617 382/1092/1628 396/1093/1629
f 1595/1091/1617 396/1093/1629 397/1085/1627
f 1597/1094/1622 1595/1091/1617 397/1085/1627
f 1597/1094/1622 397/1085/1627 1598/1095/1623
v 2.75544 13.531441 -0.82602
vt 0.67475 0.68083
vn 0.8164956 1.3626742E-06 -0.57735175
v 2.75544 13.43084 -0.72542
vt 0.67737 0.67825
vn 0.3333351 -0.94280845 -3.5469018E-08
v 2.75544 13.531441 -0.62482
vt 0.67999 0.68083
vn 0.81649566 1.3626741E-06 0.57735157
v 2.75544 13.632041 -0.72542
vt 0.67737 0.68347
vn 0.3333337 0.9428089 -3.5468815E-08
v 1.94665 13.531441 -0.82601994
vt 0.67475 0.68082
vn -0.57734895 1.92711E-06 -0.8164975
v 1.94665 13.632041 -0.72541994
vn -0.57735074 0.81649625 6.143385E-08
v 1.94665 13.531441 -0.62481993
vt 0.67999 0.68082
vn -0.5773488 1.92711E-06 0.8164976
v 1.94665 13.43084 -0.72541994
vn -0.5773526 -0.816495 6.1433994E-08
v 2.75544 13.531441 0.16389
vn 0.81650907 1.3626966E-06 -0.5773326
v 2.75544 13.43084 0.2645
vn 0.33332774 -0.9428111 2.3329161E-05
v 2.75544 13.531441 0.3651
v 2.75544 13.632041 0.2645
vn 0.3333263 0.94281155 2.3329061E-05
v 1.94665 13.531441 0.16389
vn -0.5773681 1.9271738E-06 -0.81648403
v 1.94665 13.632041 0.2645
vn -0.57734114 0.81650305 2.0295814E-05
v 1.94665 13.531441 0.3651
v 1.94665 13.43084 0.2645
vn -0.577343 -0.81650174 2.0295878E-05
v -1.8402517 4.827382 0.3138923
vt 0.95625 0.49258
vn 0.8238337 -0.36435196 0.43421853
v -1.9678885 6.8665924 0.31389162
vt 0.95625 0.47412002
vn 0.15222 0.70723253 0.69039935
v -1.9678885 6.866592 -0.32910833
vt 0.97165 0.47412002
vn 0.7480471 0.5018761 -0.43421873
v -1.8402517 4.827382 -0.32910764
vt 0.97165 0.49258
vn 0.2727212 -0.6700543 -0.69039875
vt 0.99814 0.003970027
vt 0.99814 0.46755004
v -2.4600782 6.778432 -0.27760842
vt 0.92911 0.46755004
vn -0.49520183 0.59394276 -0.63404036
v -2.340272 4.828732 -0.27760777
vt 0.92911 0.003970027
vn -0.8050102 -0.45412245 -0.38174787
vt 0.75324 0.051800013
v -2.3402717 4.8287325 0.26239216
vn -0.38453776 -0.67091227 0.6340406
vt 0.92911 0.051800013
vt 0.75324 0.003970027
v -2.4600782 6.7784324 0.2623915
vn -0.8716393 0.30743128 0.38174728
vt 0.92911 0.49565
vt 0.75324 0.46755004
vt 0.75324 0.49565
v 3.53348 13.531371 -0.64533
vt 0.73281 0.74815
vn 0.41436177 0.0037058312 -0.91010475
v 4.079381 13.53137 -0.32635072
vt 0.75302 0.74815
vn 0.5044891 0.008223679 -0.86337894
v 3.9670005 13.591028 -0.32635075
vt 0.75302 0.74379
vn -0.0064816 0.99980915 0.01842998
v 3.9700406 13.47138 -0.32635075
vn -0.0029591182 -0.99991935 0.012352373
v 3.49777 13.471381 -0.60084
vt 0.73281 0.74379
vn 0.004208477 -0.9999886 0.002246698
v 3.46346 13.531371 -0.55593
vt 0.73281 0.73961
vn -0.4041125 -0.0011498862 0.9147086
v 3.8682408 13.53137 -0.32635075
vt 0.75302 0.73961
vn -0.49333623 -0.006082129 0.8698175
v 3.49777 13.591029 -0.60084
vn 0.0041790428 0.99998873 0.0022463605
v 2.94354 13.531371 -0.78459
vt 0.74537 0.74815
vn 0.15229166 0.0013892226 -0.98833466
v 2.94354 13.471381 -0.7247
vt 0.74537 0.74379
vn -3.4231005E-05 -1 2.5405785E-07
v 2.94354 13.531371 -0.66481
vt 0.74537 0.73961
vn -0.14363241 0.0013875536 0.98963016
v 2.94354 13.591029 -0.7247
vn -1.7598852E-08 1 2.5342337E-07
v 1.86998 13.531371 -0.78459
vt 0.63363 0.74815
vn -0.5776656 0.00094542175 -0.816273
v 1.86998 13.471491 -0.7247
vt 0.63363 0.74379
vn -0.5773746 -0.8164794 2.6789172E-07
v 1.86998 13.531371 -0.66481
vt 0.63363 0.73961
vn -0.57766527 0.00094542146 0.8162732
v 1.86998 13.591029 -0.7247
vn -0.57660496 0.8170231 2.6756447E-07
vt 0.71487 0.63416
vt 0.75165 0.73286
vt 0.71487 0.73286
vt 0.75165 0.63416
vt 0.67289 0.73286
vt 0.67289 0.63416
v 4.079381 13.53137 -0.13458075
vn 0.5044891 0.008223827 0.8633789
v 3.53348 13.531371 0.18440002
vn 0.41436195 0.0037058578 0.91010463
v 3.9670007 13.591028 -0.13458076
vn -0.006494284 0.99980885 -0.01844144
v 3.9700408 13.47138 -0.13458076
vn -0.002971658 -0.9999192 -0.012363021
v 3.49777 13.471381 0.13991
vn 0.004202292 -0.9999886 -0.002258454
v 3.46346 13.531371 0.09501
vn -0.4041153 -0.0011497415 -0.9147073
v 3.8682408 13.53137 -0.13458076
vn -0.49335253 -0.0060823234 -0.8698082
v 3.49777 13.591029 0.13991
vn 0.004172841 0.99998873 -0.0022581096
v 2.94354 13.531371 0.32366
vn 0.15229513 0.0013891608 0.9883341
v 2.94354 13.471381 0.26378
vn -3.1203428E-05 -1 4.1469077E-05
v 2.94354 13.531371 0.20389
vn -0.14364 0.0013875556 -0.98962903
v 2.94354 13.591029 0.26378
vn 3.0165743E-06 1 4.1478717E-05
v 1.86998 13.531371 0.32366
vn -0.57763314 0.0009454033 0.8162959
v 1.86998 13.471491 0.26378
vn -0.5773907 -0.816468 3.419635E-05
v 1.86998 13.531371 0.20389001
vn -0.5776655 0.00094542163 -0.81627303
v 1.86998 13.591029 0.26378
vn -0.576621 0.81701183 3.422443E-05
v 2.35069 13.61346 -0.23046
vt 0.8763 0.62656
vn -3.69784E-14 1 3.190121E-14
v 2.35069 13.61346 0.20416
vt 0.75723 0.62656
vn 6.5543313E-06 0.1504142 0.9886231
v 2.04376 13.61346 0.07703
vt 0.79206 0.7118
vn -0.6994141 0.1505071 0.6986899
v 2.65761 13.61346 0.07703
vt 0.79206 0.54132
vn 0.69942033 0.15050854 0.6986833
v 2.35069 13.498301 -0.23046
vn 2.243984E-06 -1 1.4620772E-06
v 1.91663 13.61346 -0.23046
vt 0.8763 0.74379
vn -0.9886071 0.15051912 9.075194E-08
v 2.04376 13.61346 -0.53795
vt 0.96054 0.7118
vn -0.69942564 0.15050545 -0.6986787
v 2.35069 13.61346 -0.66509
vt 0.99537 0.62656
vn 6.3440825E-06 0.15041429 -0.9886231
v 2.65761 13.61346 -0.53795
vt 0.96054 0.54132
vn 0.6994317 0.15050688 -0.6986723
v 2.78474 13.61346 -0.23046
vt 0.8763 0.50602
vn 0.9886067 0.15052205 -1.3407787E-07
v 4.5946407 13.53144 -0.3345007
vt 0.67085 0.63179
vn 0.5879203 1.8285228E-06 -0.80891883
v 4.5946407 13.432819 -0.2304607
vt 0.65246 0.63179
vn 0.5673402 -0.8234835 1.9954834E-05
v 4.5946407 13.630059 -0.23046073
vn 0.5673385 0.82348466 1.966347E-05
v 3.6894605 13.53144 -0.3345008
vt 0.67085 0.73567
vn -0.34154597 2.234528E-06 -0.93986505
v 3.6894605 13.630059 -0.23046078
vt 0.65246 0.73567
vn -0.80932426 0.5873622 1.3967987E-05
v 3.6894605 13.432819 -0.23046073
vn -0.80932564 -0.58736026 1.4175787E-05
v 3.6894605 13.53144 -0.12643078
vt 0.63463 0.73567
vn -0.34153053 2.3988368E-06 0.9398707
v 4.5946407 13.53144 -0.12643075
vt 0.63463 0.63179
vn 0.5879009 1.9699662E-06 0.808933
v 1.572029 8.399051 -0.7456867
vt 0.68987 0.27674
vn -0.12234108 -0.168863 0.9780174
v 1.5122491 7.7419505 -0.9119565
vt 0.69095 0.05781001
vn -0.09461355 -0.52398604 0.8464555
v 0.27983925 8.43259 -1.4684567
vn -0.6847339 -0.16201314 0.7105569
v 1.8407791 8.42813 -0.81464666
vt 0.73923 0.27674
vn 0.63273525 -0.08477098 0.76971424
v 1.4251391 9.061541 -0.695017
vt 0.66496 0.42825
vn -0.14305416 0.21014974 0.96714664
v 0.33962914 9.089701 -1.3021868
vn -0.7663049 0.29370862 0.5714123
v 0.19927931 8.47072 -1.7328167
vn -0.98955 -0.04267361 -0.13773076
v 0.4267293 7.7701197 -1.5191263
vt 0.69095 0.051240027
vn -0.71020085 -0.5560947 0.43170998
v 1.0797193 7.5450697 -1.4224162
vt 0.50379 0.013809979
vn -0.052377224 -0.99750364 0.047361474
v 1.6166991 7.6185393 -1.1044264
vt 0.73644 0.013809979
vn 0.4591055 -0.8856185 -0.07001428
v 1.759459 7.7715697 -0.9929665
vt 0.73644 0.051240027
vn 0.84275854 -0.4707487 0.2610626
v 1.845629 8.496791 -1.2302862
vn 0.9454971 0.112642094 -0.30552745
v 1.672349 9.09116 -0.77602696
vt 0.73644 0.42825
vn 0.7809031 0.46670088 0.41518754
v 1.508879 9.25217 -0.8358669
vt 0.69095 0.49376
vn 0.34045935 0.91278577 0.22563177
v 0.9603391 9.35379 -1.1250569
vt 0.50379 0.49376
vn -0.17860934 0.91499496 0.36177742
v 0.42334905 9.28034 -1.4430369
vn -0.33403626 0.93028677 -0.15161264
v 0.28060916 9.12728 -1.5544968
vn -0.74327123 0.5062406 -0.43734235
v 0.55343926 8.53032 -1.9530765
vn -0.22947133 0.14312242 -0.9627351
v 0.36770937 7.8076897 -1.7714365
vn -0.6813648 -0.4311899 -0.59145355
v 0.5311893 7.6467094 -1.7116063
vn -0.2152998 -0.86810756 -0.44725314
v 1.2405294 7.852849 -1.6956263
vt 0.50379 0.07095003
vn 0.4037018 -0.5292213 -0.7462906
v 1.7054191 7.8109393 -1.2541063
vn 0.76892555 -0.35270306 -0.5332486
v 1.2949692 8.547641 -1.7607365
vt 0.50379 0.29982996
vn 0.4842284 0.17296313 -0.8576751
v 0.61990935 7.8391094 -1.8612864
vn 0.03836318 -0.33374545 -0.9418823
v 0.5327991 9.1587 -1.6443567
vn -0.024514845 0.6185907 -0.7853309
v 1.153429 9.17243 -1.4786867
vt 0.50379 0.42825
vn 0.3168586 0.7865876 -0.52998173
v 1.6183189 9.13053 -1.0371667
vn 0.7060959 0.5996186 -0.37667778
o Mesh_8
g polygon_0
usemtl Joint_0_Object_8_Material_8
f 1599/1099/1630 1601/1101/1632 1600/1100/1631
f 1601/1101/1632 1599/1099/1630 1602/1102/1633
f 1603/1103/1634 1605/1104/1636 1604/1102/1635
f 1605/1104/1636 1603/1103/1634 1606/1100/1637
f 1607/1101/1638 1609/1099/1632 1608/1100/1639
f 1609/1099/1632 1607/1101/1638 1610/1102/1640
f 1611/1104/1641 1613/1103/1636 1612/1102/1642
f 1613/1103/1636 1611/1104/1641 1614/1100/1643
f 1615/1105/1644 1617/1107/1646 1616/1106/1645
f 1617/1107/1646 1615/1105/1644 1618/1108/1647
f 1618/1109/1647 1619/1111/1648 1617/1110/1646
f 1619/1111/1648 1618/1109/1647 1620/1112/1649
f 1618/1113/1647 1615/1114/1644 1621/1112/1650
f 1620/1115/1649 1618/1113/1647 1621/1112/1650
f 1622/1111/1651 1620/1115/1649 1621/1112/1650
f 1616/1110/1645 1622/1111/1651 1621/1112/1650
f 1616/1110/1645 1621/1112/1650 1615/1109/1644
f 1616/1116/1645 1617/1118/1646 1619/1117/1648
f 1622/1111/1651 1616/1116/1645 1619/1117/1648
f 1622/1111/1651 1619/1117/1648 1620/1115/1649
f 1623/1119/1652 1625/1121/1654 1624/1120/1653
f 1623/1119/1652 1624/1120/1653 1626/1121/1655
f 1627/1122/1656 1623/1119/1652 1626/1121/1655
f 1628/1123/1657 1627/1122/1656 1626/1121/1655
f 1628/1123/1657 1626/1121/1655 1629/1124/1658
f 1628/1123/1657 1629/1124/1658 1625/1121/1654
f 1630/1122/1659 1628/1123/1657 1625/1121/1654
f 1630/1122/1659 1625/1121/1654 1623/1119/1652
f 1631/1125/1660 1630/1122/1659 1623/1119/1652
f 1631/1125/1660 1623/1119/1652 1627/1122/1656
f 1632/1126/1661 1631/1125/1660 1627/1122/1656
f 1633/1127/1662 1632/1126/1661 1627/1122/1656
f 1633/1127/1662 1627/1122/1656 1628/1123/1657
f 1633/1127/1662 1628/1123/1657 1630/1122/1659
f 1634/1126/1663 1633/1127/1662 1630/1122/1659
f 1634/1126/1663 1630/1122/1659 1631/1125/1660
f 1635/1128/1664 1634/1126/1663 1631/1125/1660
f 1635/1128/1664 1631/1125/1660 1632/1126/1661
f 1636/1129/1665 1635/1128/1664 1632/1126/1661
f 1637/1130/1666 1636/1129/1665 1632/1126/1661
f 1637/1130/1666 1632/1126/1661 1633/1127/1662
f 1637/1130/1666 1633/1127/1662 1634/1126/1663
f 1638/1129/1667 1637/1130/1666 1634/1126/1663
f 1638/1129/1667 1634/1126/1663 1635/1128/1664
f 1637/1130/1666 1638/1129/1667 1635/1128/1664
f 1637/1130/1666 1635/1128/1664 1636/1129/1665
f 1602/1131/1633 1604/1133/1635 1605/1132/1636
f 1601/1134/1632 1602/1131/1633 1605/1132/1636
f 1600/1131/1631 1601/1134/1632 1605/1132/1636
f 1600/1131/1631 1605/1132/1636 1606/1133/1637
f 1600/1131/1631 1606/1133/1637 1603/1135/1634
f 1599/1136/1630 1600/1131/1631 1603/1135/1634
f 1602/1131/1633 1599/1136/1630 1603/1135/1634
f 1602/1131/1633 1603/1135/1634 1604/1133/1635
f 1639/1120/1668 1641/1121/1670 1640/1119/1669
f 1642/1121/1671 1639/1120/1668 1640/1119/1669
f 1642/1121/1671 1640/1119/1669 1643/1122/1672
f 1642/1121/1671 1643/1122/1672 1644/1123/1673
f 1645/1124/1674 1642/1121/1671 1644/1123/1673
f 1641/1121/1670 1645/1124/1674 1644/1123/1673
f 1641/1121/1670 1644/1123/1673 1646/1122/1675
f 1640/1119/1669 1641/1121/1670 1646/1122/1675
f 1640/1119/1669 1646/1122/1675 1647/1125/1676
f 1643/1122/1672 1640/1119/1669 1647/1125/1676
f 1643/1122/1672 1647/1125/1676 1648/1126/1677
f 1643/1122/1672 1648/1126/1677 1649/1127/1678
f 1644/1123/1673 1643/1122/1672 1649/1127/1678
f 1646/1122/1675 1644/1123/1673 1649/1127/1678
f 1646/1122/1675 1649/1127/1678 1650/1126/1679
f 1647/1125/1676 1646/1122/1675 1650/1126/1679
f 1647/1125/1676 1650/1126/1679 1651/1128/1680
f 1648/1126/1677 1647/1125/1676 1651/1128/1680
f 1648/1126/1677 1651/1128/1680 1652/1129/1681
f 1648/1126/1677 1652/1129/1681 1653/1130/1682
f 1649/1127/1678 1648/1126/1677 1653/1130/1682
f 1650/1126/1679 1649/1127/1678 1653/1130/1682
f 1650/1126/1679 1653/1130/1682 1654/1129/1683
f 1651/1128/1680 1650/1126/1679 1654/1129/1683
f 1651/1128/1680 1654/1129/1683 1653/1130/1682
f 1652/1129/1681 1651/1128/1680 1653/1130/1682
f 1612/1133/1642 1613/1135/1636 1610/1131/1640
f 1611/1132/1641 1612/1133/1642 1610/1131/1640
f 1611/1132/1641 1610/1131/1640 1607/1134/1638
f 1611/1132/1641 1607/1134/1638 1608/1131/1639
f 1614/1133/1643 1611/1132/1641 1608/1131/1639
f 1613/1135/1636 1614/1133/1643 1608/1131/1639
f 1613/1135/1636 1608/1131/1639 1609/1136/1632
f 1610/1131/1640 1613/1135/1636 1609/1136/1632
f 1655/1137/1684 1657/1139/1686 1656/1138/1685
f 1658/1140/1687 1655/1137/1684 1656/1138/1685
f 1659/1137/1688 1658/1140/1687 1656/1138/1685
f 1659/1137/1688 1656/1138/1685 1657/1139/1686
f 1660/1141/1689 1659/1137/1688 1657/1139/1686
f 1660/1141/1689 1657/1139/1686 1655/1137/1684
f 1660/1141/1689 1655/1137/1684 1661/1142/1690
f 1659/1137/1688 1660/1141/1689 1661/1142/1690
f 1662/1143/1691 1659/1137/1688 1661/1142/1690
f 1662/1143/1691 1661/1142/1690 1655/1137/1684
f 1662/1143/1691 1655/1137/1684 1663/1144/1692
f 1659/1137/1688 1662/1143/1691 1663/1144/1692
f 1659/1137/1688 1663/1144/1692 1664/1145/1693
f 1658/1140/1687 1659/1137/1688 1664/1145/1693
f 1655/1137/1684 1658/1140/1687 1664/1145/1693
f 1655/1137/1684 1664/1145/1693 1663/1144/1692
f 1665/1146/1694 1667/1147/1696 1666/1147/1695
f 1665/1146/1694 1666/1147/1695 1668/1148/1697
f 1667/1147/1696 1665/1146/1694 1668/1148/1697
f 1669/1149/1698 1667/1147/1696 1668/1148/1697
f 1670/1149/1699 1669/1149/1698 1668/1148/1697
f 1670/1149/1699 1668/1148/1697 1666/1147/1695
f 1670/1149/1699 1666/1147/1695 1671/1150/1700
f 1669/1149/1698 1670/1149/1699 1671/1150/1700
f 1667/1147/1696 1669/1149/1698 1671/1150/1700
f 1667/1147/1696 1671/1150/1700 1672/1151/1701
f 1666/1147/1695 1667/1147/1696 1672/1151/1701
f 1666/1147/1695 1672/1151/1701 1671/1150/1700
f 1673/1152/1702 1675/1152/1704 1674/1153/1703
f 1673/1152/1702 1674/1153/1703 1676/1154/1705
f 1673/1152/1702 1676/1154/1705 1677/1155/1706
f 1675/1152/1704 1673/1152/1702 1677/1155/1706
f 1675/1152/1704 1677/1155/1706 1678/1155/1707
f 1675/1152/1704 1678/1155/1707 1679/1154/1708
f 1675/1152/1704 1679/1154/1708 1680/1156/1709
f 1674/1153/1703 1675/1152/1704 1680/1156/1709
f 1674/1153/1703 1680/1156/1709 1681/1157/1710
f 1674/1153/1703 1681/1157/1710 1682/1158/1711
f 1674/1153/1703 1682/1158/1711 1683/1159/1712
f 1676/1154/1705 1674/1153/1703 1683/1159/1712
f 1676/1154/1705 1683/1159/1712 1684/1152/1713
f 1676/1154/1705 1684/1152/1713 1685/1160/1714
f 1677/1155/1706 1676/1154/1705 1685/1160/1714
f 1677/1155/1706 1685/1160/1714 1686/1161/1715
f 1677/1155/1706 1686/1161/1715 1687/1162/1716
f 1678/1155/1707 1677/1155/1706 1687/1162/1716
f 1678/1155/1707 1687/1162/1716 1688/1161/1717
f 1678/1155/1707 1688/1161/1717 1689/1160/1718
f 1679/1154/1708 1678/1155/1707 1689/1160/1718
f 1679/1154/1708 1689/1160/1718 1690/1152/1719
f 1679/1154/1708 1690/1152/1719 1691/1159/1720
f 1680/1156/1709 1679/1154/1708 1691/1159/1720
f 1680/1156/1709 1691/1159/1720 1692/1158/1721
f 1681/1157/1710 1680/1156/1709 1692/1158/1721
f 1681/1157/1710 1692/1158/1721 1693/1163/1722
f 1682/1158/1711 1681/1157/1710 1693/1163/1722
f 1682/1158/1711 1693/1163/1722 1694/1156/1723
f 1683/1159/1712 1682/1158/1711 1694/1156/1723
f 1684/1152/1713 1683/1159/1712 1694/1156/1723
f 1695/1164/1724 1684/1152/1713 1694/1156/1723
f 1695/1164/1724 1694/1156/1723 1693/1163/1722
f 1696/1156/1725 1695/1164/1724 1693/1163/1722
f 1696/1156/1725 1693/1163/1722 1692/1158/1721
f 1696/1156/1725 1692/1158/1721 1691/1159/1720
f 1696/1156/1725 1691/1159/1720 1690/1152/1719
f 1695/1164/1724 1696/1156/1725 1690/1152/1719
f 1697/1155/1726 1695/1164/1724 1690/1152/1719
f 1697/1155/1726 1690/1152/1719 1689/1160/1718
f 1697/1155/1726 1689/1160/1718 1688/1161/1717
f 1698/1165/1727 1697/1155/1726 1688/1161/1717
f 1698/1165/1727 1688/1161/1717 1687/1162/1716
f 1698/1165/1727 1687/1162/1716 1686/1161/1715
f 1699/1155/1728 1698/1165/1727 1686/1161/1715
f 1699/1155/1728 1686/1161/1715 1685/1160/1714
f 1699/1155/1728 1685/1160/1714 1684/1152/1713
f 1699/1155/1728 1684/1152/1713 1695/1164/1724
f 1698/1165/1727 1699/1155/1728 1695/1164/1724
f 1698/1165/1727 1695/1164/1724 1697/1155/1726
v -2.7465782 6.96357 0.36763942
vt 0.30675685 0.5249489
vn -0.8684304 0.31596863 0.38208973
v -2.567768 4.58633 -0.38285965
vt 0.30682665 0.52517205
vn -0.8069056 -0.44704658 -0.3860735
v -2.7465782 6.9635696 -0.38286048
vn -0.48969513 0.596809 -0.63562393
v -2.567768 4.5863304 0.36764026
vn -0.3790469 -0.6689719 0.63937473
v -1.5468183 4.56544 -0.4544394
vt 0.3072253 0.525174
vn -0.06515653 -0.7086565 -0.7025386
v -1.8012786 7.1542797 -0.45444027
vt 0.30712593 0.52493095
vn -0.19147769 0.6854266 -0.7025146
v -1.8012785 7.15428 0.43921962
vn -0.19013843 0.68593425 0.7023828
v -1.5468183 4.56544 0.4392205
vn -0.063753076 -0.7088863 0.7024356
v 2.78253 13.270419 -0.8593
vt 0.30891562 0.52435684
vn 0.08355327 -0.5359417 -0.8401103
v 1.6847706 13.531429 -1.0258107
vt 0.308487 0.52433234
vn -0.28428268 -0.00011514081 -0.9587405
v 1.6847706 13.270418 -0.8593008
vt 0.308487 0.52435684
vn -0.9486834 -0.17007427 -0.2665984
v 2.78253 13.53143 -1.0258099
vt 0.30891562 0.52433234
vn 0.17678957 -0.00012388744 -0.98424864
v 4.8454905 13.270418 -0.23045066
vt 0.30972105 0.52435684
vn 0.7543364 -0.6564881 1.0506426E-05
v 4.845491 13.531429 -0.50561064
vt 0.30972105 0.52433234
vn 0.7033457 -9.716481E-05 -0.710848
v 4.845491 13.792579 -0.23045075
vt 0.30972105 0.5243078
vn 0.633281 0.773922 8.55891E-06
v 2.78253 13.79258 -0.8593
vt 0.30891562 0.5243078
vn 0.05672635 0.81942326 -0.57037497
v 1.6847706 13.792579 -0.85930085
vt 0.308487 0.5243078
vn -0.5989399 0.7599409 -0.2525094
v 1.6847708 13.79258 0.39837903
vn -0.8633231 0.44248778 0.24264757
v 1.6847706 13.270419 0.3983791
vn -0.89442724 -0.24052139 0.37702703
v 1.6847707 13.53143 0.564889
vn -0.2842826 -0.00011500701 0.95874053
v 2.78253 13.270419 0.39838
vn 0.083550915 -0.5359419 0.8401104
v 2.78253 13.53143 0.56489
vn 0.17678909 -0.00012391049 0.98424876
v 4.8454905 13.531429 0.04467927
vn 0.7033329 -9.706808E-05 0.7108606
v 2.78253 13.79258 0.39838
vn 0.04751246 0.8772133 0.4777442
v 1.7309107 9.21504 -0.4509902
vt 0.308505 0.52473754
vn 0.74014467 0.4404602 0.5081148
v 1.5026907 9.42469 -0.4970703
vt 0.3084159 0.52471787
vn 0.27088502 0.88438904 0.38010177
v 1.6747907 9.32006 -0.79980016
vt 0.30848306 0.52472764
vn 0.66938883 0.7052735 -0.23346922
v 1.4040709 9.12602 -0.33916023
vt 0.3083774 0.5247459
vn -0.14763516 0.059280507 0.98726374
v 2.029681 8.35278 -0.63845974
vt 0.30862164 0.5248185
vn 0.6499247 -0.13750519 0.74745584
v 2.0588312 8.53934 -1.1948698
vt 0.30863303 0.52480096
vn 0.94771165 0.22722317 -0.22408096
v 1.3698212 8.65839 -1.8973199
vt 0.30836403 0.5247898
vn 0.47697523 0.34135813 -0.8099193
v 1.0927409 9.41774 -1.3843803
vt 0.30825585 0.5247185
vn 0.2457413 0.8906788 -0.3824952
v 0.792971 9.55796 -0.85892034
vt 0.3081388 0.52470535
vn -0.25722805 0.8350264 0.48637915
v 0.021731118 9.16495 -1.1369505
vt 0.30783767 0.52474225
vn -0.8094728 0.1517684 0.5672038
v 0.12032108 9.463611 -1.2948707
vt 0.30787617 0.5247142
vn -0.42782253 0.9035723 -0.02291197
v 0.2924511 9.35898 -1.5976204
vt 0.3079434 0.524724
vn -0.10287459 0.7258257 -0.6801425
v 0.41329122 8.58568 -2.1445801
vt 0.30799055 0.5247966
vn -0.27015433 0.25805897 -0.9275895
v -0.04138886 9.26494 -1.4738706
vt 0.30781305 0.5247328
vn -0.7922813 0.48003972 -0.37663266
v -0.060678713 8.411631 -1.8448902
vt 0.30780554 0.52481294
vn -0.9766375 -0.09653694 -0.19198944
v 0.23809138 7.549359 -2.03236
vt 0.30792212 0.5248939
vn -0.65307367 -0.37816936 -0.65611184
v 0.57193136 7.6433992 -2.1560898
vt 0.30805248 0.52488506
vn 0.044950183 -0.1942141 -0.9799288
v 1.3722112 7.702159 -1.9428797
vt 0.308365 0.5248795
vn 0.45166343 -0.3916129 -0.801648
v 1.9542711 7.6044793 -1.3582795
vt 0.3085922 0.5248887
vn 0.8178232 -0.21375151 -0.5342991
v 2.010401 7.4994597 -1.0094795
vt 0.30861413 0.5248986
vn 0.87950855 -0.41754636 0.22829781
v 1.6835611 7.4104395 -0.8976396
vt 0.30848652 0.52490693
vn -0.03272969 -0.6559392 0.7541038
v 1.6753911 8.264521 -0.5424499
vt 0.30848336 0.52482677
vn -0.09245183 -0.32182053 0.94227606
v 0.029871259 8.31084 -1.4921502
vt 0.30784088 0.5248224
vn -0.68737036 -0.32363337 0.6502179
v 0.30120137 7.4493494 -1.6954398
vt 0.3079468 0.5249033
vn -0.6760133 -0.67450494 0.29673067
v 0.46633136 7.339739 -1.9862897
vt 0.3080113 0.52491355
vn -0.15352191 -0.80049 -0.5793503
v 1.1760414 7.2064495 -1.6244295
vt 0.30828834 0.52492607
vn 0.036299493 -0.9931267 -0.11127311
v 1.8486712 7.3008194 -1.1884694
vt 0.30855095 0.52491724
vn 0.545284 -0.8194362 -0.17660628
o Mesh_9
g polygon_0
usemtl Joint_0_Object_9_Material_9
f 1700/1166/1729 1702/1166/1731 1701/1167/1730
f 1703/1167/1732 1700/1166/1729 1701/1167/1730
f 1704/1168/1733 1703/1167/1732 1701/1167/1730
f 1704/1168/1733 1701/1167/1730 1702/1166/1731
f 1705/1169/1734 1704/1168/1733 1702/1166/1731
f 1706/1169/1735 1705/1169/1734 1702/1166/1731
f 1706/1169/1735 1702/1166/1731 1700/1166/1729
f 1706/1169/1735 1700/1166/1729 1703/1167/1732
f 1707/1168/1736 1706/1169/1735 1703/1167/1732
f 1707/1168/1736 1703/1167/1732 1704/1168/1733
f 1708/1170/1737 1710/1172/1739 1709/1171/1738
f 1708/1170/1737 1709/1171/1738 1711/1173/1740
f 1712/1174/1741 1708/1170/1737 1711/1173/1740
f 1712/1174/1741 1711/1173/1740 1713/1175/1742
f 1714/1176/1743 1712/1174/1741 1713/1175/1742
f 1714/1176/1743 1713/1175/1742 1711/1173/1740
f 1715/1177/1744 1714/1176/1743 1711/1173/1740
f 1715/1177/1744 1711/1173/1740 1709/1171/1738
f 1716/1178/1745 1715/1177/1744 1709/1171/1738
f 1716/1178/1745 1709/1171/1738 1710/1172/1739
f 1717/1178/1746 1716/1178/1745 1710/1172/1739
f 1717/1178/1746 1710/1172/1739 1718/1172/1747
f 1719/1171/1748 1717/1178/1746 1718/1172/1747
f 1719/1171/1748 1718/1172/1747 1720/1170/1749
f 1721/1173/1750 1719/1171/1748 1720/1170/1749
f 1721/1173/1750 1720/1170/1749 1712/1174/1741
f 1722/1175/1751 1721/1173/1750 1712/1174/1741
f 1722/1175/1751 1712/1174/1741 1714/1176/1743
f 1721/1173/1750 1722/1175/1751 1714/1176/1743
f 1721/1173/1750 1714/1176/1743 1723/1177/1752
f 1719/1171/1748 1721/1173/1750 1723/1177/1752
f 1717/1178/1746 1719/1171/1748 1723/1177/1752
f 1716/1178/1745 1717/1178/1746 1723/1177/1752
f 1715/1177/1744 1716/1178/1745 1723/1177/1752
f 1715/1177/1744 1723/1177/1752 1714/1176/1743
f 1724/1179/1753 1726/1181/1755 1725/1180/1754
f 1724/1179/1753 1725/1180/1754 1727/1182/1756
f 1724/1179/1753 1727/1182/1756 1728/1183/1757
f 1724/1179/1753 1728/1183/1757 1729/1184/1758
f 1726/1181/1755 1724/1179/1753 1729/1184/1758
f 1726/1181/1755 1729/1184/1758 1730/1185/1759
f 1726/1181/1755 1730/1185/1759 1731/1186/1760
f 1725/1180/1754 1726/1181/1755 1731/1186/1760
f 1725/1180/1754 1731/1186/1760 1732/1187/1761
f 1727/1182/1756 1725/1180/1754 1732/1187/1761
f 1733/1188/1762 1727/1182/1756 1732/1187/1761
f 1734/1189/1763 1733/1188/1762 1732/1187/1761
f 1734/1189/1763 1732/1187/1761 1731/1186/1760
f 1735/1190/1764 1734/1189/1763 1731/1186/1760
f 1735/1190/1764 1731/1186/1760 1730/1185/1759
f 1735/1190/1764 1730/1185/1759 1736/1191/1765
f 1735/1190/1764 1736/1191/1765 1737/1192/1766
f 1734/1189/1763 1735/1190/1764 1737/1192/1766
f 1733/1188/1762 1734/1189/1763 1737/1192/1766
f 1738/1193/1767 1733/1188/1762 1737/1192/1766
f 1738/1193/1767 1737/1192/1766 1736/1191/1765
f 1739/1194/1768 1738/1193/1767 1736/1191/1765
f 1740/1195/1769 1739/1194/1768 1736/1191/1765
f 1740/1195/1769 1736/1191/1765 1730/1185/1759
f 1741/1196/1770 1740/1195/1769 1730/1185/1759
f 1742/1197/1771 1741/1196/1770 1730/1185/1759
f 1742/1197/1771 1730/1185/1759 1729/1184/1758
f 1743/1198/1772 1742/1197/1771 1729/1184/1758
f 1743/1198/1772 1729/1184/1758 1728/1183/1757
f 1744/1199/1773 1743/1198/1772 1728/1183/1757
f 1745/1200/1774 1744/1199/1773 1728/1183/1757
f 1745/1200/1774 1728/1183/1757 1727/1182/1756
f 1746/1201/1775 1745/1200/1774 1727/1182/1756
f 1746/1201/1775 1727/1182/1756 1733/1188/1762
f 1746/1201/1775 1733/1188/1762 1738/1193/1767
f 1747/1202/1776 1746/1201/1775 1738/1193/1767
f 1747/1202/1776 1738/1193/1767 1739/1194/1768
f 1748/1203/1777 1747/1202/1776 1739/1194/1768
f 1748/1203/1777 1739/1194/1768 1740/1195/1769
f 1748/1203/1777 1740/1195/1769 1741/1196/1770
f 1748/1203/1777 1741/1196/1770 1749/1204/1778
f 1747/1202/1776 1748/1203/1777 1749/1204/1778
f 1747/1202/1776 1749/1204/1778 1744/1199/1773
f 1746/1201/1775 1747/1202/1776 1744/1199/1773
f 1746/1201/1775 1744/1199/1773 1745/1200/1774
f 1741/1196/1770 1742/1197/1771 1750/1205/1779
f 1749/1204/1778 1741/1196/1770 1750/1205/1779
f 1744/1199/1773 1749/1204/1778 1750/1205/1779
f 1743/1198/1772 1744/1199/1773 1750/1205/1779
f 1743/1198/1772 1750/1205/1779 1742/1197/1771
v -1.2150987 8.64107 -1.5473205
vt 0.30990708 0.5197659
vn -0.7123812 0.21210055 -0.66897416
v -1.9663987 8.47758 -0.5440008
vt 0.31022298 0.5197885
vn -0.87021875 0.106434606 -0.48103124
v -1.2737887 8.11674 -1.5864604
vt 0.30993176 0.51983833
vn -0.7679159 0.05589885 -0.638107
v -1.1881288 9.16541 -1.4559907
vt 0.30989575 0.5196935
vn -0.6030367 0.19879523 -0.77254593
v -1.9777888 9.03751 -0.48872098
vt 0.31022775 0.51971114
vn -0.90872025 -0.0002079015 -0.4174056
v -2.1552086 8.39354 0.24123912
vt 0.31030238 0.5198001
vn -0.9916025 0.07174063 0.10760021
v -2.081249 9.03751 0.37846893
vt 0.31027126 0.51971114
vn -0.9675268 0.019517137 0.25201383
v -1.6759987 8.33498 1.065479
vt 0.31010085 0.51980823
vn -0.6890199 0.067126945 0.72162706
v -1.5642489 9.03751 1.0463989
vt 0.31005383 0.51971114
vn -0.67174673 -0.0033904242 0.74077314
v -0.9159989 8.274421 1.506449
vt 0.3097813 0.5198166
vn -0.2697168 0.05872057 0.9611476
v -0.924349 9.03751 1.4715091
vt 0.30978477 0.51971114
vn -0.31041563 -0.048174165 0.9493795
v -0.65178895 8.268531 1.4707294
vt 0.3096702 0.5198174
vn 0.032925818 -0.15508151 0.98735285
v 9.908315E-07 8.25404 1.6138893
vt 0.3093961 0.5198194
vn -3.4378804E-08 -0.19742444 0.9803181
v 1.1920929E-06 7.2423124 1.1348596
vt 0.3093961 0.5199592
vn 9.4704525E-08 -0.65841204 0.7526577
v -0.19109887 7.2631216 1.1163095
vt 0.30947644 0.5199563
vn 0.4261048 -0.42002866 0.8012557
v 1.2516975E-06 7.00116 0.082189664
vt 0.3093961 0.51999253
vn 1.7056085E-07 -0.87952125 0.4758597
v 0.19110113 7.2631216 1.1163096
vt 0.30931574 0.5199563
vn -0.4261048 -0.4200289 0.8012555
v 0.651791 8.268531 1.4707297
vt 0.30912197 0.5198174
vn -0.032925908 -0.15508153 0.98735285
v 0.9243509 9.03751 1.4715097
vt 0.3090074 0.51971114
vn 0.31041548 -0.048174072 0.94937956
v 8.820441E-07 9.03751 1.6734793
vt 0.3093961 0.51971114
vn -5.9862295E-08 -0.09601295 0.9953801
v -0.8427487 9.891001 1.570019
vt 0.30975044 0.51959324
vn -0.37240887 0.043015495 0.9270714
v -1.5827385 9.891001 1.1469092
vt 0.31006163 0.51959324
vn -0.65796447 0.05662444 0.7509171
v -2.0965686 9.891001 0.4932093
vt 0.3102777 0.51959324
vn -0.9543628 0.031640157 0.29696903
v -2.0182188 9.891001 -0.5693006
vt 0.3102448 0.51959324
vn -0.9371754 0.017869968 -0.34840044
v -1.3077092 9.891001 -1.3474706
vt 0.309946 0.51959324
vn -0.536705 0.008334397 -0.84372884
v 6.512214E-07 9.891001 -1.6551205
vt 0.3093961 0.51959324
vn -2.172561E-07 0.28690457 -0.9579592
v -2.153675E-08 10.589 -1.57049
vt 0.3093961 0.5194968
vn -1.06404954E-07 0.005241172 -0.9999863
v -1.23627 10.589 -1.40003
vt 0.3099159 0.5194968
vn -0.46635917 0.025955599 -0.8842146
v -1.73676 10.58979 -0.87754
vt 0.31012642 0.5194967
vn -0.82936054 0.10515336 -0.5487294
v -1.98953 10.589 -0.28049004
vt 0.3102327 0.5194968
vn -0.974964 0.12681657 -0.18265453
v -2.00879 10.589 0.40077007
vt 0.3102408 0.5194968
vn -0.93481493 0.15533079 0.31936407
v -1.49132 10.589 1.03216
vt 0.3100232 0.5194968
vn -0.6516567 0.13884898 0.7456974
v -0.8002 10.589 1.4679301
vt 0.30973256 0.5194968
vn -0.37574747 0.13430543 0.91693836
v 1.1836892E-06 9.891001 1.775039
vn 1.3722426E-07 0.07360216 0.9972877
v -2.153672E-08 10.589 1.6491902
vn 1.0521964E-07 0.14893574 0.9888469
v 0.80019987 10.589 1.4679301
vt 0.30905962 0.5194968
vn 0.37574765 0.13430543 0.91693825
v 0.842751 9.891001 1.5700191
vt 0.30904174 0.51959324
vn 0.3724091 0.0430156 0.9270713
v 1.49132 10.589 1.03216
vt 0.308769 0.5194968
vn 0.6516568 0.13884898 0.74569726
v 1.5827409 9.891001 1.1469091
vt 0.30873054 0.51959324
vn 0.65796465 0.056624625 0.75091696
v 2.0087898 10.589 0.40077007
vt 0.30855143 0.5194968
vn 0.93481505 0.15533079 0.3193639
v 2.0965707 9.891001 0.4932093
vt 0.30851448 0.51959324
vn 0.9543628 0.031640444 0.29696897
v 1.98953 10.589 -0.28049004
vt 0.30855948 0.5194968
vn 0.974964 0.12681657 -0.18265474
v 2.0182204 9.891001 -0.56930053
vt 0.30854744 0.51959324
vn 0.9371754 0.017870253 -0.34840053
v 1.73676 10.58979 -0.87754
vt 0.30866575 0.5194967
vn 0.8293604 0.10515337 -0.54872954
v 1.3077106 9.891001 -1.3474705
vt 0.30884624 0.51959324
vn 0.53670484 0.008334558 -0.8437289
v 1.2362698 10.589 -1.40003
vt 0.30887622 0.5194968
vn 0.466359 0.0259556 -0.8842147
v 1.188131 9.16541 -1.4559902
vt 0.30889648 0.5196935
vn 0.60303676 0.19879542 -0.7725458
v 1.9777907 9.03751 -0.4887201
vt 0.30856442 0.51971114
vn 0.9087205 -0.00020763234 -0.41740525
v 2.0812507 9.03751 0.37846988
vt 0.3085209 0.51971114
vn 0.96752673 0.019517427 0.25201422
v 1.5642505 9.03751 1.0463995
vt 0.30873835 0.51971114
vn 0.67174655 -0.0033902226 0.7407734
v 1.6760008 8.33498 1.0654798
vt 0.30869132 0.51980823
vn 0.68901974 0.067127146 0.7216272
v 0.9363409 7.5253115 1.5415094
vt 0.3090024 0.5199201
vn -0.009654089 -0.03866299 0.99920565
v 0.9160009 8.274421 1.5064496
vt 0.30901086 0.5198166
vn 0.26971662 0.058720652 0.96114767
v 1.7304809 7.6195307 1.0639299
vt 0.30866838 0.51990706
vn 0.7156014 0.0013237225 0.6985077
v 0.92200124 6.0997515 1.4528702
vt 0.30900836 0.52011704
vn -0.01314516 -0.088158265 0.9960197
v 0.16671121 6.7092204 0.9958396
vt 0.309326 0.5200328
vn -0.8189895 0.03944481 0.5724511
v 0.17128134 6.1000013 0.9763199
vt 0.30932403 0.52011704
vn -0.78186935 -0.038948413 0.6222245
v -0.23494858 6.10817 0.14213993
vt 0.30949485 0.5201159
vn -0.9900355 0.12354223 0.06758026
v -0.06742871 6.7092204 0.12737976
vt 0.30942446 0.5200328
vn -0.9827008 0.17589767 -0.057958324
v 0.17128146 6.100001 -0.7492399
vn -0.8245409 0.009736427 -0.56571865
v 0.121501386 6.7092204 -0.8511801
vt 0.309345 0.5200328
vn -0.853746 -0.27282584 -0.44349056
v 0.9220015 6.0997505 -1.2028797
vn -0.08603352 -0.1257674 -0.98832226
v 1.1604211 6.7209606 -1.3558798
vt 0.3089081 0.5200312
vn 0.26233497 -0.40603137 -0.8753965
v 1.7370012 6.100001 -0.74923956
vt 0.3086657 0.52011704
vn 0.7295738 -0.14825901 -0.6676387
v 1.9852312 7.257241 -0.75075984
vt 0.30856133 0.5199571
vn 0.85067165 -0.106321335 -0.5148335
v 2.182211 6.10817 0.0997405
vt 0.30847847 0.5201159
vn 0.9940695 -0.09154503 -0.05869679
v 2.2262409 7.65766 0.16787998
vt 0.30845994 0.5199018
vn 0.9919344 0.009887703 0.12636621
v 2.0138311 7.8769403 -0.6645201
vt 0.30854928 0.5198715
vn 0.8995436 0.086707614 -0.42813918
v 2.1552107 8.39354 0.24124013
vt 0.3084898 0.5198001
vn 0.9916024 0.071740925 0.10760066
v 1.9664009 8.47758 -0.54399997
vt 0.3085692 0.5197885
vn 0.8702189 0.10643487 -0.48103088
v 1.2737911 8.11674 -1.5864599
vt 0.30886042 0.51983833
vn 0.767916 0.055899087 -0.6381068
v 1.2902313 7.5499306 -1.6135199
vt 0.3088535 0.5199167
vn 0.6140075 -0.22390972 -0.7568747
v 1.4305115E-06 7.18182 -1.7613101
vt 0.3093961 0.51996756
vn 2.4158814E-07 -0.80416405 -0.5944074
v 1.3709068E-06 7.1333604 -0.9662602
vt 0.3093961 0.51997423
vn 2.456563E-07 -0.99563104 -0.093375064
v 1.2151012 8.64107 -1.54732
vt 0.3088851 0.5197659
vn 0.7123813 0.21210083 -0.6689739
v 1.737001 6.1000013 0.97632027
vn 0.78676295 -0.08328493 0.6116107
v 2.1137497 5.38246 0.020690015
vt 0.3085072 0.52021617
vn 0.99688274 -0.075090244 -0.02421411
v 1.6843698 5.3820004 -0.73718
vt 0.3086878 0.5202162
vn 0.68416893 0.052002404 -0.72746724
v 0.92200005 5.38246 -1.16131
vt 0.30900836 0.52021617
vn 5.4524394E-06 0.07457976 -0.9972151
v 0.15961002 5.3820004 -0.73718
vt 0.30932897 0.5202162
vn -0.68683445 0.07628945 -0.722799
v -0.26977006 5.38246 0.020690015
vt 0.30950952 0.52021617
vn -0.99986655 0.0011169093 -0.016300967
v 0.15961 5.3820004 0.90387
vn -0.737926 -0.060610827 0.6721545
v 0.922 5.3824506 1.36075
vn 5.8362566E-06 -0.103591315 0.99461997
v 1.6843699 5.3820004 0.90387
vn 0.7326311 -0.08278233 0.675573
v 1.5019319 1.8290024 0.5083216
vt 0.30876452 0.52070713
vn 0.67132396 -0.15219194 0.7253701
v 0.92200184 1.8290024 0.82674146
vt 0.30900836 0.52070713
vn 6.749785E-06 -0.21426815 0.9767749
v 1.6042715 2.4950016 0.66463155
vt 0.30872148 0.5206151
vn 0.6749431 -0.18133256 0.71524143
v 0.92200196 1.2733719 0.8086117
vt 0.30900836 0.5207839
vn 7.6114798E-06 0.30965057 0.9508504
v 0.34205192 1.8290021 0.50832134
vt 0.30925226 0.52070713
vn -0.6713186 -0.1521923 0.725375
v 0.38786194 1.2786818 0.4961315
vt 0.309233 0.5207832
vn -0.6151144 0.4548953 0.64397556
v -0.033208013 1.8290021 -0.03487864
vt 0.3094101 0.52070713
vn -0.9915479 -0.10891416 0.07050163
v 0.022752106 1.2791615 -0.033008482
vt 0.30938655 0.52078307
vn -0.9678327 0.25154802 0.0048490586
v 0.38786203 1.2786815 -0.84938824
vn -0.8105265 0.2992604 -0.50347793
v 0.21661216 0.77145165 -1.0958681
vt 0.309305 0.5208532
vn -0.836646 0.10347246 -0.53788185
v 0.5669122 0.9357916 -1.4528983
vt 0.30915773 0.5208305
vn -0.81514335 0.17736237 -0.55143803
v 0.92200214 1.2914617 -1.3179781
vt 0.30900836 0.5207814
vn 2.0812207E-05 0.7624947 -0.6469945
v 0.9220021 1.9850316 -1.5948082
vt 0.30900836 0.52068555
vn 2.232181E-05 0.724711 -0.689053
v 1.4561219 1.2786815 -0.849388
vt 0.30878377 0.5207832
vn 0.8105311 0.29925653 -0.5034728
v 0.9220021 1.8290019 -1.1821483
vn 1.1928731E-05 0.17864369 -0.98391384
v 0.34205198 1.8290019 -0.75754845
vn -0.7949935 -0.106187746 -0.59725165
v -0.15152806 2.4950016 0.030771093
vt 0.3094598 0.5206151
vn -0.9789356 -0.19155286 0.07065842
v 0.23971176 2.4950016 0.6646312
vt 0.3092953 0.5206151
vn -0.6749379 -0.18133801 0.715245
v 0.9220018 2.4950018 1.0352912
vt 0.30900836 0.5206151
vn 6.7555384E-06 -0.1380994 0.9904184
v 1.6868415 3.2440014 0.6685711
vt 0.3086868 0.52051157
vn 0.6766921 -0.09356628 0.7302966
v 2.0940514 3.244112 0.038391355
vt 0.30851555 0.52051157
vn 0.9891112 -0.12610714 0.07586906
v 1.9955118 2.4950018 0.030771593
vt 0.30855697 0.5206151
vn 0.9789365 -0.19154824 0.070658945
v 1.8771918 1.8290021 -0.0348782
vt 0.30860674 0.52070713
vn 0.9915479 -0.10891381 0.0705021
v 1.5019321 1.8290021 -0.7575482
vn 0.7949975 -0.10618782 -0.5972462
v 1.6042717 2.4950013 -0.9089683
vn 0.7572809 -0.15154102 -0.6352646
v 1.6868416 3.244001 -0.8621186
vn 0.7408222 -0.15358806 -0.6539061
v 2.2349012 4.145002 0.00012110656
vt 0.3084563 0.5203871
vn 0.9969369 -0.03836324 0.06815448
v 1.8039514 4.1450024 0.71448106
vt 0.3086375 0.5203871
vn 0.6849299 -0.03357636 0.727835
v 0.92200166 3.244112 1.0703009
vt 0.30900836 0.52051157
vn 6.6878756E-06 -0.07823534 0.99693495
v 0.15713167 3.2440014 0.6685707
vt 0.30933 0.52051157
vn -0.674143 -0.096435934 0.7322781
v -0.25007814 3.2441118 0.038390808
vt 0.3095013 0.52051157
vn -0.9890342 -0.12693384 0.07549324
v 0.23971188 2.4950013 -0.9089687
vn -0.75727546 -0.15154688 -0.63526964
v 0.92200196 2.4950013 -1.3281386
vn 7.219284E-06 -0.04942338 -0.9987779
v 0.92200184 3.2441115 -1.2761089
vn 7.1580375E-06 -0.41317204 -0.910653
v 1.4016815 3.8044407 -1.3834789
vt 0.30880666 0.5204342
vn 0.72003376 -0.06430457 -0.69095325
v 0.92200184 3.677191 -1.6910988
vt 0.30900836 0.5204518
vn 5.1616407E-06 -0.49637628 -0.8681075
v 0.9220017 4.510251 -1.921519
vt 0.30900836 0.5203367
vn 1.3674332E-05 0.87586784 -0.48255104
v 0.44231176 3.8044407 -1.3834791
vt 0.30921006 0.5204342
vn -0.7114921 -0.07529227 -0.6986488
v 0.15713185 3.244001 -0.862119
vn -0.7405568 -0.16242532 -0.65206873
v -0.3909183 4.145002 0.029870484
vt 0.30956042 0.5203871
vn -0.9950164 -0.04459879 0.089181416
v 0.04003167 4.145002 0.71448064
vt 0.30937922 0.5203871
vn -0.68024665 -0.029830778 0.73237604
v 0.92200154 4.1450024 1.1332107
vt 0.30900836 0.5203871
vn 4.779386E-06 -0.14911598 0.9888197
v 1.6771401 4.796 0.86247003
vt 0.30869085 0.5202972
vn 0.646609 -0.08087998 0.75852174
v 0.922 4.795731 1.2985198
vt 0.30900836 0.5202972
vn 5.789268E-06 -0.17651552 0.9842979
v 0.16683994 4.796 0.86247003
vt 0.30932593 0.5202972
vn -0.6466033 -0.080880865 0.7585265
v -0.25235 4.795731 0.02369999
vt 0.30950224 0.5202972
vn -0.9909524 0.085369356 0.103564195
v 1.7881393E-06 4.1450014 -0.9709392
vt 0.3093961 0.5203871
vn -0.7819005 0.117885575 -0.61215574
v 0.9220017 4.1450014 -1.420649
vn 0.005302254 0.61881346 -0.7855201
v 1.8039515 4.145002 -0.9709388
vn 0.77691376 0.12723236 -0.6166174
v 2.09633 4.795731 0.02369999
vt 0.3085146 0.5202972
vn 0.9924958 0.080284335 0.09223109
v 1.7555293 0.082678765 2.998532
vt 0.30869138 0.5209649
vn -0.5932966 -0.75824803 0.2702944
v 1.8169633 0.6187924 2.998292
vt 0.3086667 0.5208743
vn -0.6434183 0.53016925 0.5522079
v 2.1243098 -0.13463664 3.787142
vt 0.30854338 0.52097845
vn 0.22670569 -0.063432924 0.97189546
v 1.4708409 -0.17741227 2.0505624
vt 0.30880558 0.52099186
vn 0.03650106 -0.9728858 0.22838786
v 1.4635777 1.0206523 2.0689616
vt 0.3088085 0.5208188
vn 0.22302595 0.9614819 0.16066091
v 2.0690382 0.57489294 2.9138918
vt 0.30856556 0.5208804
vn 0.78489804 0.5944307 0.17489225
v 2.1373997 0.01270017 2.8706622
vt 0.30853814 0.5209746
vn 0.68254244 -0.7307798 -0.009832839
v 1.9934673 -0.17741212 1.9653821
vt 0.3085959 0.52099186
vn 0.87725073 -0.477965 0.044504616
v 1.8410563 0.93864214 2.003942
vt 0.30865705 0.52083015
vn 0.75125355 0.6597164 0.019810075
v 1.7832717 0.8773427 1.3613918
vt 0.3086462 0.5208386
vn 0.69333833 0.71851903 0.05488419
v 2.0212321 0.03940606 0.8855622
vt 0.3085462 0.5209242
vn 0.99828583 0.032951392 -0.048369642
v 1.915142 -0.1774137 0.8855623
vt 0.30859077 0.52099186
vn 0.33568788 -0.9413244 -0.034957085
v 1.751502 -0.054597735 0.14923234
vt 0.30865955 0.52099186
vn 0.58957195 -0.7977472 -0.12650812
v 1.9106321 0.35326302 0.14923225
vt 0.30859268 0.5209242
vn 0.9854431 -0.07100239 -0.1544687
v 1.4925423 -0.23199856 -0.80121756
vt 0.3087685 0.52099186
vn 0.5648716 -0.7741023 -0.28580725
v 1.630262 0.25774175 -1.0572976
vt 0.30871058 0.5209242
vn 0.7152189 -0.29234344 -0.63482064
v 0.9220023 -0.18350899 -1.1931976
vt 0.30900836 0.52099186
vn 5.424975E-06 -0.6674243 -0.74467766
v 0.3514424 -0.23199856 -0.80121785
vt 0.30924833 0.52099186
vn -0.47116753 -0.84921557 -0.23839904
v 0.09248221 -0.054597855 0.14923196
vt 0.30935723 0.52099186
vn -0.5895716 -0.79774743 -0.12650838
v -0.07115775 -0.1774137 0.8855618
vt 0.309426 0.52099186
vn -0.40032867 -0.9154097 -0.041977935
v -0.17724788 0.039405942 0.8855617
vt 0.30947065 0.5209242
vn -0.9982602 0.033094294 -0.048798785
v -0.060517788 -0.17741272 1.9657716
vt 0.30942154 0.52099186
vn -0.877567 -0.4765387 0.05279272
v 0.0607118 0.8773422 1.3613913
vt 0.30937058 0.5208386
vn -0.69300234 0.71888375 0.054350365
v 0.08583176 0.93864167 2.0006914
vt 0.30936003 0.52083015
vn -0.6597516 0.7451807 0.097126044
v 0.44814172 1.020652 2.0666313
vt 0.30920768 0.5208188
vn -0.21156047 0.9681178 0.13412744
v 0.9220017 1.039942 1.4661717
vt 0.30900836 0.52081615
vn -0.0001416707 0.99710107 0.076089084
v 0.9202915 1.1042427 2.1062813
vt 0.30900908 0.52080727
vn 0.0013959775 0.97583514 0.21850364
v 1.7345018 1.0130618 0.84310186
vt 0.3086667 0.52081984
vn 0.6555711 0.72624844 0.20685682
v 1.8212318 1.2791615 -0.03300806
vt 0.30863023 0.52078307
vn 0.9678326 0.25154826 0.0048494968
v 1.4561217 1.278682 0.4961318
vn 0.61511886 0.4548942 0.64397204
v 0.92200196 1.1878415 0.9486517
vt 0.30900836 0.5207957
vn 3.3613344E-06 0.904987 0.42543942
v 0.10948211 1.0130616 0.8431015
vt 0.30935 0.52081984
vn -0.6555696 0.7262496 0.20685759
v -0.06664783 0.35326296 0.14923178
vt 0.3094241 0.5209242
vn -0.98544306 -0.07100266 -0.15446915
v 0.21372223 0.25774175 -1.057298
vt 0.30930626 0.5209242
vn -0.71521324 -0.29234508 -0.63482624
v 0.92200226 0.3062312 -1.4125278
vt 0.30900836 0.5209242
vn 7.374237E-06 -0.35519272 -0.9347931
v 1.627372 0.7714517 -1.0958679
vt 0.30871177 0.5208532
vn 0.8366473 0.10347499 -0.53787947
v 0.92200226 0.8921819 -1.8013679
vt 0.30900836 0.5208366
vn 1.4398493E-05 -0.35480258 -0.9349413
v 0.9220021 1.8740611 -1.9670182
vt 0.30900836 0.52070093
vn 4.231768E-05 0.87218624 -0.48917398
v 1.277072 0.9357916 -1.4528979
vt 0.3088591 0.5208305
vn 0.8151516 0.17736068 -0.5514264
v 0.91993195 -0.17741239 2.1154618
vt 0.30900925 0.52099186
vn 0.003023143 -0.979096 0.20337655
v 0.44276214 -0.17741254 2.068202
vt 0.30920988 0.52099186
vn -0.034598775 -0.9718663 0.23297812
v 0.19227201 0.08267833 2.9929314
vt 0.30931526 0.5209649
vn 0.59694207 -0.7592643 0.25918725
v -0.175188 0.012699515 2.8742115
vt 0.30946976 0.5209746
vn -0.68257385 -0.73078084 0.0072286595
v -0.1088981 0.57489234 2.9157915
vt 0.30944186 0.5208804
vn -0.862568 0.48134115 0.15584351
v 0.13366175 0.61879194 2.9941611
vt 0.30933988 0.5208743
vn 0.4939839 0.6822806 0.53895557
v -0.13979787 -0.1346373 3.790092
vt 0.30945492 0.52097845
vn -0.2023657 -0.06343573 0.9772533
v 0.48948172 0.7551322 2.9874012
vt 0.30919027 0.5208555
vn -0.7648782 0.58715594 0.26497018
v 0.7437716 0.80923223 3.0193615
vt 0.30908334 0.52084804
vn 0.72991014 0.54212284 0.4163341
v 0.8082918 0.0826785 3.0078814
vt 0.30905616 0.5209649
vn 0.77068824 -0.61431026 0.16930048
v 0.418462 0.01852858 2.9588914
vt 0.30922014 0.5209738
vn -0.519352 -0.8475068 0.109570265
v 0.53691185 -0.17456731 4.144692
vt 0.3091703 0.52098393
vn -0.100308664 -0.09032054 0.9908483
v 1.1819644 0.80923235 3.0143917
vt 0.30892324 0.52084804
vn -0.71792835 0.54178923 0.43708503
v 1.448562 0.75513244 2.9760816
vt 0.30881667 0.5208555
vn 0.76987803 0.58809084 0.24786487
v 1.5225177 0.018528879 2.9458017
vt 0.30878717 0.5209738
vn 0.5222457 -0.84719807 0.09754476
v 1.1138265 0.082678586 3.0045216
vt 0.30895054 0.5209649
vn -0.7657143 -0.6141897 0.19092584
v 1.4291215 -0.1745671 4.1341925
vt 0.30882448 0.52098393
vn 0.12504272 -0.090325795 0.9880312
v 4.11214 12.87206 -1.09593
vt 0.3076669 0.5191814
vn 0.079639986 0.26426053 -0.96115756
v 4.3613896 12.87206 -1.07729
vt 0.3075621 0.5191814
vn 0.074229136 0.3281871 -0.94169176
v 4.24342 13.223849 -0.81194
vt 0.3076117 0.51913273
vn -0.028000357 0.75958234 -0.64980817
v 4.3613896 12.42592 -1.07729
vt 0.3075621 0.519243
vn 0.09776554 -0.2509392 -0.9630532
v 4.11214 12.42592 -1.09593
vt 0.3076669 0.519243
vn 0.089921 -0.26489115 -0.9600765
v 4.24342 11.98549 -0.81194
vt 0.3076117 0.51930386
vn 0.06632176 -0.7620701 -0.6440889
v 2.1403604 11.92075 -1.04857
vt 0.30849612 0.5193128
vn 0.2295797 -0.6106701 -0.75787544
v 2.28336 11.580729 -0.27499998
vt 0.30843592 0.51935977
vn 0.21754594 -0.9759943 0.010436911
v 4.24342 11.7271 -0.27157998
vt 0.3076117 0.51933956
vn 0.002514603 -0.9945236 0.10448249
v -1.4186494 13.78673 0.29202908
vt 0.30999267 0.519055
vn -0.84900945 0.0806438 0.5221874
v -1.1272 13.292529 0.6624299
vt 0.30987006 0.5191233
vn -0.72198963 0.12729277 0.68009377
v -1.39533 13.463221 0.23004997
vt 0.30998284 0.51909965
vn -0.7791471 0.16185905 0.60558367
v -1.1185294 13.62191 0.72589916
vt 0.30986643 0.5190778
vn -0.74997514 0.005343276 0.6614444
v -0.65757 13.16678 1.06252
vt 0.3096726 0.51914066
vn -0.46638048 0.023945933 0.88426006
v -0.66595936 13.50145 1.1452792
vt 0.3096761 0.5190944
vn -0.44243288 -0.034862325 0.8961238
v -2.153672E-08 13.099311 1.2361499
vt 0.3093961 0.51914996
vn 1.0616666E-07 -0.06709198 0.9977468
v 6.3857897E-07 13.44784 1.300039
vt 0.3093961 0.5191018
vn 1.6098275E-07 -0.024262724 0.9997057
v 0.6659605 13.50145 1.1452792
vt 0.309116 0.5190944
vn 0.4424331 -0.034862187 0.89612365
v 0.65757 13.16678 1.06252
vt 0.30911958 0.51914066
vn 0.46638066 0.023945928 0.88425994
v 1.1185305 13.62191 0.7258991
vt 0.30892575 0.5190778
vn 0.74997526 0.005343501 0.66144437
v 1.1272 13.292529 0.6624299
vt 0.3089221 0.5191233
vn 0.72198975 0.12729277 0.68009365
v 1.4186504 13.78673 0.29202902
vt 0.3087995 0.519055
vn 0.84900945 0.08064404 0.5221873
v 1.3953298 13.463221 0.23004997
vt 0.30880934 0.51909965
vn 0.77914715 0.16185904 0.6055835
v 1.79469 13.63279 -0.27498996
vt 0.30864143 0.5190762
vn 0.6829317 0.7197664 0.12466211
v 1.7731999 13.96947 -0.5218009
vt 0.30865043 0.51902974
vn 0.9581955 0.1303094 -0.2547173
v 1.3733 13.78718 -1.00328
vt 0.30881858 0.5190549
vn 0.72204334 -0.15383016 -0.67452925
v 1.35812 14.10665 -1.1201109
vt 0.30882502 0.5190108
vn 0.69710404 0.19277939 -0.6905665
v 0.8351899 14.17112 -1.5056407
vt 0.3090449 0.5190019
vn 0.48300958 0.118525386 -0.86755604
v 0.85442 13.84946 -1.42385
vt 0.3090368 0.5190463
vn 0.52607125 0.012327387 -0.8503512
v -9.954025E-06 14.16114 -1.8210707
vt 0.3093961 0.5190033
vn -2.846405E-06 -0.07682277 -0.99704474
v -1.0035118E-05 13.83402 -1.66919
vt 0.3093961 0.51904845
vn -3.2430808E-06 0.22692499 -0.97391224
v -0.85442007 13.84946 -1.42385
vt 0.30975533 0.5190463
vn -0.52607435 0.012327783 -0.85034925
v -0.8351898 14.17112 -1.505641
vt 0.30974728 0.5190019
vn -0.48301077 0.11853089 -0.8675546
v -1.3733 13.78718 -1.00328
vt 0.3099736 0.5190549
vn -0.72204345 -0.15383016 -0.67452914
v -1.3581196 14.10665 -1.1201108
vt 0.30996716 0.5190108
vn -0.6971043 0.19277914 -0.6905663
v -1.7731996 13.96947 -0.5218008
vt 0.31014168 0.51902974
vn -0.95819557 0.13030909 -0.25471726
v 1.6281298 11.25654 -0.86225
vt 0.30871147 0.5194046
vn 0.78458387 -0.14269178 -0.60337985
v 1.16075 11.278041 -1.40295
vt 0.308908 0.5194016
vn 0.41690156 -0.12862472 -0.8998049
v 1.9285101 11.08897 -0.27603996
vt 0.30858517 0.5194277
vn 0.97566843 0.042185385 -0.2151547
v 1.9042599 11.25282 0.42410004
vt 0.3085953 0.51940507
vn 0.92720723 0.07040277 0.36787266
v 1.4369901 11.22169 1.01075
vt 0.30879188 0.5194094
vn 0.59521794 0.10271229 0.7969729
v 0.75956 11.18622 1.4058502
vt 0.30907667 0.51941425
vn 0.35642773 0.136651 0.9242758
v -2.1536778E-08 11.17949 1.55918
vt 0.3093961 0.5194152
vn 1.0551649E-07 0.12906045 0.99163675
v -0.75956 11.18622 1.4058502
vt 0.3097155 0.51941425
vn -0.35642758 0.136651 0.92427593
v -1.43699 11.22169 1.01075
vt 0.31000036 0.5194094
vn -0.5952178 0.102712296 0.796973
v -1.9042602 11.25282 0.42410004
vt 0.31019688 0.51940507
vn -0.9272072 0.070402786 0.36787283
v -1.92851 11.08897 -0.27603996
vt 0.31020707 0.5194277
vn -0.97566843 0.042185385 -0.2151545
v -1.62813 11.25654 -0.86225
vt 0.31008077 0.5194046
vn -0.784584 -0.14269178 -0.6033797
v -1.16075 11.278041 -1.40295
vt 0.3098842 0.5194016
vn -0.41690174 -0.12862471 -0.8998048
v -2.1536778E-08 11.278041 -1.59922
vt 0.3093961 0.5194016
vn -1.0607868E-07 -0.078426324 -0.99691993
v 3.2215667E-07 12.20885 -1.7961206
vt 0.3093961 0.519273
vn 2.4377702E-08 -0.6145505 -0.7888775
v 1.1917101 12.288581 -1.5496707
vt 0.308895 0.519262
vn 0.4861037 -0.32271907 -0.8121303
v 1.2713301 12.4492 -1.7678305
vt 0.3088615 0.5192398
vn 0.6345609 -0.5179137 -0.5736706
v 1.4832801 12.70958 -1.25314
vt 0.30877233 0.5192038
vn 0.47736448 0.33354306 -0.8129405
v 1.6258601 12.20329 -1.36368
vt 0.30871236 0.51927376
vn 0.30996755 -0.12965095 -0.9418656
v 1.8337001 11.77419 -1.0124
vt 0.30862498 0.51933306
vn 0.42066172 -0.5927179 -0.68682545
v 1.9813598 11.41046 -0.27603996
vt 0.30856293 0.5193833
vn 0.80460745 -0.5866589 -0.09186031
v 1.8337 11.77419 0.40303
vn 0.6404553 -0.41031662 0.6491974
v 1.6258601 12.20329 0.75432
vn 0.4110373 0.05961695 0.9096671
v 1.2745504 12.09637 0.94236916
vt 0.30886012 0.51928854
vn 0.4776954 0.19509807 0.8565885
v 1.4832801 12.70958 0.64377
vn 0.16785733 0.3446648 0.9235963
v 1.1792005 12.659781 0.8586891
vt 0.30890024 0.5192107
vn 0.5539621 0.2638773 0.7896169
v 1.3969998 13.262731 0.38023996
vt 0.30880868 0.51912737
vn 0.40674666 0.54092103 0.7361804
v 1.7606199 13.283561 0.42708004
vt 0.30865574 0.5191245
vn -0.062108707 0.70196277 0.70950043
v 1.8420099 12.77536 0.6803
vt 0.30862153 0.5191947
vn -0.033165228 0.29691705 0.9543272
v 1.95372 12.31866 0.75891006
vt 0.30857456 0.51925784
vn 0.17960249 -0.2626788 0.94802046
v 2.14036 11.92075 0.43920004
vn 0.23335278 -0.6269648 0.7432776
v 1.95372 12.31866 -1.36828
vn 0.17959088 -0.2626802 -0.9480223
v 1.8420099 12.77536 -1.28967
vn -0.03316967 0.2969131 -0.95432824
v 1.76062 13.283561 -1.03645
vn -0.06155547 0.7129165 -0.69854206
v 1.397 13.262731 -0.98962
vn 0.5893623 0.3163619 -0.74334866
v 0.8984802 13.136681 -1.5351706
vt 0.30901825 0.51914483
vn 0.5230906 0.26512548 -0.8099906
v 1.2163701 12.77164 -1.7519307
vt 0.30888462 0.5191952
vn 0.5465681 0.43816084 -0.7136375
v 2.2021686E-07 12.34982 -2.3324707
vt 0.3093961 0.5192535
vn -9.4246865E-08 -0.2367644 -0.97156715
v -1.2713296 12.4492 -1.7678306
vt 0.30993068 0.5192398
vn -0.63456076 -0.5179138 -0.57367057
v -1.1917095 12.288581 -1.5496706
vt 0.30989718 0.519262
vn -0.48610377 -0.32271916 -0.8121302
v -1.2745491 12.09637 0.9423692
vt 0.30993205 0.51928854
vn -0.47769538 0.19509795 0.85658854
v -0.6880391 12.00382 1.3148692
vt 0.3096854 0.5193013
vn -0.37111884 0.15417789 0.91569644
v 8.619836E-07 11.96515 1.4733889
vt 0.3093961 0.51930666
vn 1.1606172E-07 0.15598324 0.9877597
v 0.6880408 12.00382 1.3148692
vt 0.30910677 0.5193013
vn 0.37111905 0.154178 0.9156963
v 0.6766806 12.58035 1.2126089
vt 0.30911154 0.51922166
vn 0.39004034 0.2151282 0.8953147
v 7.724848E-07 12.52112 1.3714893
vt 0.3093961 0.5192298
vn 9.861015E-08 0.22092244 0.9752914
v -0.67667925 12.58035 1.2126089
vt 0.30968058 0.51922166
vn -0.39004022 0.2151281 0.8953148
v -1.1791993 12.659781 0.8586891
vt 0.30989194 0.5192107
vn -0.553962 0.2638772 0.789617
v -1.2163696 12.77164 -1.7519306
vt 0.30990756 0.5191952
vn -0.54656845 0.43816057 -0.71363735
v 1.90229E-07 12.75784 -2.1773107
vt 0.3093961 0.51919717
vn -2.683528E-07 0.6066515 -0.79496795
v 2.0446441E-07 13.071441 -1.8178707
vt 0.3093961 0.51915383
vn -1.4689961E-08 0.2553807 -0.9668406
v -0.89847964 13.136681 -1.5351707
vt 0.30977392 0.51914483
vn -0.5230924 0.26512292 -0.8099902
v 0.90289 8.25741 -2.05612
vt 0.30901647 0.51981896
vn 0.9351092 0.022193508 -0.35366404
v 0.68955 7.707501 -2.10832
vt 0.3091061 0.51989496
vn 0.64577496 -0.57224864 -0.50547624
v 0.45899996 8.960791 -1.95175
vt 0.3092031 0.51972175
vn 0.7100946 0.59962696 -0.36907074
v -2.153675E-08 9.44676 -2.01699
vt 0.3093961 0.51965463
vn -7.6112165E-08 0.69882107 -0.7152965
v -0.45900002 8.960791 -1.95175
vt 0.3095891 0.51972175
vn -0.7100947 0.59962696 -0.36907056
v -0.9028901 8.25741 -2.05612
vt 0.30977577 0.51981896
vn -0.9351093 0.022193508 -0.35366386
v -0.68955004 7.707501 -2.10832
vt 0.30968606 0.51989496
vn -0.6457751 -0.57224864 -0.5054761
v 4.24342 13.49099 -0.27157998
vt 0.3076117 0.51909584
vn -0.08829396 0.9960905 -0.0028256078
v 2.6136906 13.525869 -0.27499077
vt 0.30829704 0.519091
vn 0.12351362 0.98923564 0.07846849
v 2.5589504 13.193969 -1.0194907
vt 0.30832005 0.5191369
vn 0.08599201 0.6702372 -0.7371483
v 3.8819108 13.203798 0.3777694
vt 0.3077637 0.51913553
vn -0.0034242165 0.7047345 0.7094629
v 2.5589504 13.19397 0.41011918
vn 0.07929934 0.6356754 0.76787263
v 3.7543707 12.649169 0.6288294
vt 0.30781734 0.5192121
vn 0.019370517 0.038593076 0.99906725
v 2.4225907 12.65123 0.66125923
vt 0.3083774 0.5192119
vn 0.14794146 0.11769136 0.98196846
v 2.14406 13.270061 0.43920004
vt 0.3084945 0.51912636
vn 0.110357724 0.68954885 0.71578187
v 2.21845 13.604919 -0.27498996
vt 0.30846322 0.5190801
vn 0.09445085 0.9954109 0.015368464
v 2.1440601 13.270061 -1.04857
vn 0.11176186 0.70042545 -0.7049209
v 2.4225905 12.651229 -1.2706305
vn 0.16738214 0.11195812 -0.9795145
v 3.6001303 12.651229 -1.1724405
vt 0.3078822 0.5192119
vn 0.074346624 0.029400166 -0.996799
v 4.5800004 13.59174 -0.26800075
vt 0.3074702 0.51908195
vn -0.053064067 0.99846464 -0.015889864
v 4.990681 13.299459 -0.7820306
vt 0.30729747 0.5191223
vn -0.35240608 0.64796364 -0.6752431
v 4.9906807 12.649059 -1.0370505
vt 0.30729747 0.5192122
vn -0.40319127 -0.05319359 -0.91356844
v 4.9906807 12.06854 -0.78203034
vt 0.30729747 0.51929235
vn -0.27521342 -0.7227286 -0.6339723
v 4.5800004 11.6959505 -0.2680004
vt 0.3074702 0.51934385
vn 0.14228435 -0.9856647 -0.09066521
v 4.6384807 12.046209 0.37869948
vt 0.3074456 0.51929545
vn 0.06041537 -0.7775421 0.6259219
v 3.8819108 12.011199 0.3777696
vt 0.3077637 0.51930034
vn 0.041873377 -0.68330866 0.7289279
v 4.568111 13.232449 0.3786993
vt 0.3074752 0.51913154
vn -0.13349348 0.724303 0.67643523
v 4.990681 13.291859 0.42024934
vt 0.30729747 0.5191234
vn -0.41720527 0.6798626 0.6030975
v 4.990681 13.4883995 -0.26496068
vt 0.30729747 0.5190962
vn -0.41664547 0.9055291 -0.08014794
v 5.089951 13.370978 -0.91242063
vt 0.30725574 0.51911247
vn -0.36769196 0.6456993 -0.6692347
v 5.0899506 12.648359 -1.1741904
vt 0.30725574 0.51921225
vn -0.3843883 -0.042492967 -0.92219305
v 5.0899506 11.990649 -0.91242033
vt 0.30725574 0.51930314
vn -0.38634306 -0.6822106 -0.6207478
v 5.089951 11.748539 -0.26477042
vt 0.30725574 0.5193366
vn -0.3368107 -0.9415468 -0.0069476403
v 4.990681 11.857959 -0.26496038
vt 0.30729747 0.5193215
vn -0.3078692 -0.94503266 0.11013572
v 4.990681 12.091239 0.41660953
vt 0.30729747 0.51928926
vn -0.4706463 -0.53838044 0.6990269
v 4.7270303 12.649169 0.63340926
vt 0.30740833 0.5192121
vn -0.037898645 -0.0022396087 0.9992791
v 4.990681 12.649009 0.64451927
vn -0.54449075 0.018704636 0.8385583
v 5.089951 12.648339 0.76221937
vn -0.37138578 0.006468486 0.9284561
v 5.089951 11.99449 0.5385695
vt 0.30725574 0.5193026
vn -0.39308363 -0.6431119 0.65718514
v 5.9671407 12.135379 0.42889953
vt 0.3068869 0.5192832
vn 0.7852865 -0.53742987 0.30739915
v 5.9671407 11.907169 -0.25971037
vt 0.3068869 0.5193147
vn 0.7784078 -0.61323273 -0.13426436
v 5.96714 12.135378 -0.78958035
vn 0.786583 -0.32605457 -0.52438116
v 5.9671407 12.648599 -0.99354035
vt 0.3068869 0.51921225
vn 0.7803749 0.10873547 -0.61578536
v 5.9671407 13.231178 -0.7895805
vt 0.3068869 0.5191318
vn 0.7865092 0.5258311 -0.3238903
v 5.089951 13.599039 -0.26477075
vt 0.30725574 0.51908094
vn -0.3346334 0.94047695 -0.059359774
v 5.089951 13.382949 0.53657913
vt 0.30725574 0.5191108
vn -0.38798475 0.6895544 0.6115411
v 5.9671407 13.231179 0.4288993
vn 0.7861756 0.30368245 0.5382424
v 5.9671407 12.6486 0.61705947
vn 0.76330745 -0.11722126 0.6353118
v 5.5088305 12.671669 -0.19039053
vt 0.3070796 0.519209
vn 0.9999251 0.004933706 0.01120482
v 5.9671407 13.435889 -0.25971067
vt 0.3068869 0.51910347
vn 0.77696824 0.6250156 0.07533902
v 6.263701 13.020489 0.31755936
vt 0.30676216 0.51916087
vn 0.2872402 0.50524986 0.81376636
v 5.4587607 13.07276 0.39235932
vt 0.30710065 0.51915365
vn 0.109034784 0.344456 0.93244916
v 5.4587607 13.369849 -0.22143066
vt 0.30710065 0.5191126
vn 0.077787384 0.9807021 0.17936707
v 6.263701 12.54056 0.31755942
vt 0.30676216 0.51922715
vn 0.27768153 -0.49466252 0.82353014
v 5.4587607 12.423129 0.39240944
vt 0.30710065 0.5192434
vn 0.15709744 -0.68385684 0.71250284
v 6.263701 12.260328 -0.24200039
vt 0.30676216 0.5192659
vn 0.25385353 -0.9671984 -0.009260581
v 5.4587607 12.138549 -0.22143044
vt 0.30710065 0.5192827
vn 0.15883279 -0.9751771 -0.15427813
v 6.2637005 12.540539 -0.79795045
vn 0.30964792 -0.5125126 -0.8009051
v 5.4587603 12.423169 -0.8731604
vn 0.13958083 -0.35311383 -0.9251096
v 6.263701 13.020468 -0.7979505
vn 0.29961237 0.48243073 -0.8230997
v 5.4587607 13.07276 -0.87783056
vn 0.09577748 0.68467075 -0.7225321
v 6.263701 13.318989 -0.24200058
vt 0.30676216 0.5191196
vn 0.284267 0.9587451 0.00033862452
v 6.4558315 12.969218 0.23305942
vt 0.3066814 0.51916796
vn 0.7189992 0.4533604 0.5267869
v 6.455831 12.588728 0.23305945
vt 0.3066814 0.51922053
vn 0.7088277 -0.26641667 0.65313524
v 6.455831 12.320699 -0.2420004
vt 0.3066814 0.51925755
vn 0.6504728 -0.75356215 0.09502294
v 6.455831 12.588728 -0.7134405
vn 0.68523586 -0.47393292 -0.5530275
v 6.455831 12.969238 -0.7134405
vn 0.7133069 0.27162176 -0.64607644
v 6.455831 13.212858 -0.24200055
vt 0.3066814 0.5191343
vn 0.7041675 0.7031143 -0.09888639
v 6.6273007 12.767648 -0.24200048
vt 0.30660927 0.5191958
vn 0.9999992 0.0008547948 -0.000918739
v -2.1536778E-08 7.36221 -2.25182
vt 0.3093961 0.51994264
vn -3.9164625E-08 -0.9297994 -0.36806673
v 1.450881E-06 7.68192 -3.0049496
vt 0.3093961 0.5198985
vn 1.8535681E-07 -0.94942075 -0.31400672
v 0.7367313 8.20626 -2.92822
vt 0.30908632 0.519826
vn 0.7874398 -0.60862213 -0.097558245
v 0.9997312 8.87127 -2.81312
vt 0.3089757 0.51973414
vn 0.8948078 0.32111505 0.310168
v 1.2092753E-06 9.344451 -2.7491806
vt 0.3093961 0.51966876
vn -4.2550587E-07 0.9797972 0.19999371
v -0.99972856 8.87127 -2.81312
vt 0.30981648 0.51973414
vn -0.89480805 0.32111666 0.31016564
v -0.73672855 8.20626 -2.9282203
vt 0.30970585 0.519826
vn -0.7874397 -0.60862225 -0.097558774
v 1.5521807E-06 7.7202907 -4.2838097
vt 0.3093961 0.51989317
vn 1.7320626E-07 -0.9722451 -0.23396486
v 1.14725 8.494281 -4.2044296
vt 0.3089137 0.51978624
vn 0.7225945 -0.6708313 -0.16686079
v 1.4171699 9.06863 -3.8563397
vt 0.30880022 0.5197069
vn 0.9076971 0.19222403 0.37300915
v 9.992044E-06 9.7104 -3.4931
vt 0.3093961 0.51961815
vn 2.1497178E-06 0.8098827 0.58659196
v -1.41717 9.06863 -3.8563397
vt 0.30999202 0.5197069
vn -0.90769625 0.1922238 0.3730115
v -1.14725 8.494281 -4.20443
vt 0.30987853 0.51978624
vn -0.72259456 -0.6708314 -0.16686065
v -2.1536835E-08 8.190261 -4.8936
vt 0.3093961 0.51982826
vn -5.5550977E-08 -0.852906 -0.5220645
v -2.1536835E-08 8.93426 -6.4521
vt 0.3093961 0.51972544
vn -6.305763E-08 -0.8054885 -0.5926114
v -1.14725 9.42332 -5.93428
vt 0.30987853 0.51965785
vn -0.8600541 -0.23358646 -0.4535906
v -1.4096102 10.66034 -5.18631
vt 0.30998886 0.51948696
vn -0.8292882 0.356826 0.4300655
v -2.1536778E-08 10.46169 -3.9399397
vt 0.3093961 0.5195144
vn 1.3650322E-06 0.67626816 0.73665553
v 1.40961 10.66034 -5.1863093
vt 0.30880332 0.51948696
vn 0.8292883 0.35682604 0.4300653
v 1.14725 9.42332 -5.9342794
vt 0.3089137 0.51965785
vn 0.86005396 -0.23358646 -0.45359078
v 6.598209E-07 10.269849 -7.34654
vt 0.3093961 0.5195409
vn -1.6878083E-07 0.4447581 -0.8956508
v 7.933461E-07 10.256779 -6.82349
vt 0.3093961 0.5195427
vn -1.7437974E-07 0.25621113 -0.96662086
v 1.0140908 10.451628 -6.4966006
vt 0.30896962 0.51951575
vn 0.74129903 0.025952345 -0.670673
v 1.0909699 11.743251 -5.3274693
vt 0.3089373 0.5193373
vn 0.8997806 0.35419837 0.25483036
v -2.1536806E-08 11.87308 -4.99193
vt 0.3093961 0.51931936
vn 1.05586224E-07 0.1239219 0.992292
v -2.1536778E-08 10.998549 -4.74899
vt 0.3093961 0.51944023
vn 8.6138826E-08 0.58708286 0.80952686
v -1.09097 11.743251 -5.32747
vt 0.30985487 0.5193373
vn -0.8997805 0.35419834 0.2548305
v -2.1536778E-08 13.13151 -4.83904
vt 0.3093961 0.5191455
vn 6.19451E-08 0.8130771 0.58215606
v -2.1536806E-08 12.77489 -5.20756
vt 0.3093961 0.5191948
vn 5.3514107E-08 0.8643317 0.5029221
v -0.66648 13.06124 -5.87939
vt 0.30967635 0.5191552
vn -0.88571817 0.3445789 0.31107688
v -2.1536806E-08 13.4132 -5.53631
vt 0.3093961 0.5191066
vn 1.03109834E-07 0.246986 0.96901906
v 0.66647995 13.06124 -5.8793893
vt 0.30911583 0.5191552
vn 0.8857182 0.34457886 0.31107667
v 0.87743986 11.69477 -6.3471193
vt 0.30902714 0.51934403
vn 0.7617759 0.13969399 -0.63260025
v 0.48767006 12.988601 -6.4983296
vt 0.309191 0.5191653
vn 0.8327556 0.2716834 -0.4823963
v -2.1536835E-08 12.955409 -6.77233
vt 0.3093961 0.51916987
vn -1.0640586E-07 -0.003232577 -0.9999948
v -2.1536806E-08 11.69249 -6.72156
vt 0.3093961 0.51934433
vn -1.0617771E-07 0.0655291 -0.99785066
v -1.0140889 10.451628 -6.496601
vt 0.3098225 0.51951575
vn -0.7412992 0.025952399 -0.6706727
v -0.87744 11.69477 -6.34712
vt 0.3097651 0.51934403
vn -0.76177603 0.13969399 -0.6326001
v -0.48767 12.988601 -6.49833
vt 0.3096012 0.5191653
vn -0.83275574 0.2716834 -0.48239613
v -1.79469 13.63279 -0.27498996
vt 0.31015074 0.5190762
vn -0.6829317 0.7197664 0.124662265
v -1.70707 14.31792 -0.44699
vt 0.3101139 0.51898164
vn -0.9948577 -0.08407523 -0.05647509
v -1.33504 14.14726 0.24932003
vt 0.3099575 0.5190052
vn -0.87789625 -0.016811952 0.47855565
v -1.10986 14.00329 0.70277
vt 0.3098628 0.5190251
vn -0.8169177 -0.13063653 0.56176466
v -0.85775 13.918021 0.9287499
vt 0.30975676 0.5190368
vn -0.62758017 -0.04694801 0.77713513
v -0.47148004 13.83152 1.15908
vt 0.3095944 0.5190488
vn -0.39572126 -0.05448881 0.9167528
v -2.153672E-08 13.784751 1.2941401
vt 0.3093961 0.51905525
vn 1.03604876E-07 -0.22795646 0.9736713
v 0.47147998 13.83152 1.15908
vt 0.30919784 0.5190488
vn 0.39572144 -0.054488815 0.9167527
v 0.85775006 13.918021 0.9287499
vt 0.30903542 0.5190368
vn 0.62758034 -0.046948012 0.7771351
v 1.1098598 14.00329 0.70277
vt 0.30892938 0.5190251
vn 0.81691784 -0.13063653 0.56176454
v 1.33504 14.14726 0.24932002
vt 0.30883467 0.5190052
vn 0.87789637 -0.016811945 0.47855547
v 1.70707 14.31792 -0.44699
vt 0.30867827 0.51898164
vn 0.9948577 -0.08407523 -0.0564753
v 1.2257398 14.44825 -1.01272
vt 0.3088807 0.5189636
vn 0.7704907 0.096423484 -0.6301164
v 0.7185401 14.489611 -1.3888
vt 0.30909395 0.51895785
vn 0.47073796 0.10122841 -0.8764466
v 9.9920435E-06 14.489611 -1.66138
vt 0.3093961 0.51895785
vn 2.600241E-06 0.28037402 -0.95989084
v -0.71854 14.489611 -1.3888
vt 0.30969822 0.51895785
vn -0.47073442 0.10122904 -0.8764484
v -1.22574 14.44825 -1.01272
vt 0.30991155 0.5189636
vn -0.7704908 0.096423484 -0.6301163
v -1.5048096 14.856 -0.61345094
vt 0.31002885 0.51890725
vn -0.5321011 0.11062404 -0.8394229
v -2.0055895 14.621201 -0.84824085
vt 0.31023943 0.5189397
vn -0.8698207 0.47717178 -0.12537555
v -1.4583296 14.63552 0.37273902
vt 0.3100093 0.5189377
vn -0.90639657 -0.105444424 0.40905595
v -1.1875194 14.517039 0.7901389
vt 0.30989546 0.5189541
vn -0.7327441 -0.12349877 0.66920406
v -0.9086194 14.44424 1.0361689
vt 0.30977815 0.5189642
vn -0.5147319 -0.087140955 0.85291123
v -0.46305946 14.29308 1.2196388
vt 0.30959082 0.51898503
vn -0.51705074 -0.08250659 0.85196906
v -0.21622947 14.23775 1.3648093
vt 0.309487 0.51899266
vn -0.4722134 -0.28591722 0.83382607
v 5.6618524E-07 14.2189 1.4919591
vt 0.3093961 0.5189953
vn 2.3655579E-07 -0.39250234 0.91975105
v 0.21623054 14.23775 1.3648092
vt 0.3093052 0.51899266
vn 0.47221375 -0.28591707 0.83382595
v 0.46306047 14.29308 1.2196388
vt 0.30920136 0.51898503
vn 0.5170509 -0.08250643 0.85196894
v 0.90862036 14.44424 1.0361689
vt 0.30901402 0.5189642
vn 0.51473206 -0.087140806 0.8529112
v 1.1875203 14.517039 0.79013896
vt 0.30889678 0.5189541
vn 0.7327443 -0.123498544 0.669204
v 1.4583303 14.63552 0.37273902
vt 0.30878282 0.5189377
vn 0.9063966 -0.10544414 0.40905592
v 2.0055897 14.621201 -0.84824085
vt 0.30855274 0.5189397
vn 0.86982054 0.47717208 -0.12537555
v 1.5048099 14.856 -0.6134509
vt 0.30876327 0.51890725
vn 0.5321008 0.11062423 -0.83942306
v 1.4902029 15.46242 -0.732501
vt 0.30876946 0.51882344
vn 0.8659892 -0.0845844 -0.49285722
v 1.0273899 14.802291 -1.370821
vt 0.30896407 0.51891464
vn 0.5881417 -0.2613799 -0.76535606
v 1.0016136E-05 14.753779 -1.6822908
vt 0.3093961 0.5189214
vn 4.2830416E-06 -0.499915 -0.8660745
v -1.0273898 14.802291 -1.370821
vt 0.3098281 0.51891464
vn -0.58814013 -0.26137954 -0.76535743
v -1.4902029 15.46242 -0.732501
vt 0.3100227 0.51882344
vn -0.8659892 -0.084584646 -0.49285713
v -1.6848996 15.184959 -0.28854096
vt 0.3101046 0.51886183
vn -0.97642624 0.208865 -0.05447219
v -1.9208497 15.07961 -0.61904097
vt 0.3102038 0.5188764
vn -0.90769154 -0.22936854 -0.351406
v -1.6727095 14.822451 -0.4681009
vt 0.31009948 0.5189119
vn -0.97963727 0.058118377 -0.19217989
v -1.4642395 15.08808 0.32064897
vt 0.3100118 0.5188752
vn -0.9293004 -0.05223586 0.3656121
v -1.7010397 15.52402 -0.33445096
vt 0.3101114 0.518815
vn -0.9997548 -0.0008364909 -0.022129128
v -1.41659 16.287954 -1.0243009
vt 0.30999184 0.5187094
vn -0.73928905 -0.30652225 -0.5995797
v -0.9208999 15.275978 -1.6133978
vt 0.30978334 0.51884925
vn -0.67681533 -0.3237474 -0.6611419
v 9.9530425E-06 14.74142 -2.0992906
vt 0.3093961 0.5189231
vn 6.7207066E-06 -0.5388427 -0.8424064
v 0.9208998 15.275978 -1.6133977
vt 0.30900884 0.51884925
vn 0.6768159 -0.32374495 -0.6611424
v 1.4165899 16.287954 -1.0243009
vt 0.3088004 0.5187094
vn 0.7392891 -0.306522 -0.59957975
v 1.70104 15.52402 -0.33445102
vt 0.30868077 0.518815
vn 0.9997548 -0.0008361942 -0.022129139
v 1.6849002 15.184959 -0.28854102
vt 0.30868757 0.51886183
vn 0.9764262 0.20886534 -0.054472204
v 1.92085 15.07961 -0.61904097
vt 0.3085884 0.5188764
vn 0.9076916 -0.22936827 -0.35140604
v 1.6727098 14.822451 -0.4681009
vt 0.3086927 0.5189119
vn 0.9796372 0.05811868 -0.1921799
v 1.4642402 15.08808 0.32064897
vt 0.30878037 0.5188752
vn 0.9293004 -0.052235566 0.365612
v 1.4911501 15.40024 0.39992893
vt 0.3087691 0.5188321
vn 0.9336436 0.009035387 0.35808948
v 1.2274302 15.00735 0.7852989
vt 0.30887997 0.5188863
vn 0.8137962 -0.13371094 0.56555915
v 0.8829803 14.921241 1.0473789
vt 0.3090248 0.51889825
vn 0.57709837 -0.21514584 0.787826
v 0.37922043 14.56035 1.251329
vt 0.30923665 0.5189481
vn 0.4930224 0.037028883 0.86922824
v 0.20645048 14.411921 1.445559
vt 0.3093093 0.5189686
vn 0.5583282 0.0010391471 0.8296196
v 5.530303E-07 14.404421 1.565599
vt 0.3093961 0.51896966
vn 9.5952615E-08 0.23058937 0.9730512
v -0.20644943 14.411921 1.4455593
vt 0.30948293 0.5189686
vn -0.558328 0.001038975 0.82961965
v -0.37921947 14.56035 1.251329
vt 0.30955553 0.5189481
vn -0.49302223 0.037028745 0.86922836
v -0.88297945 14.921241 1.0473788
vt 0.30976737 0.51889825
vn -0.57709813 -0.21514599 0.7878261
v -1.2274295 15.00735 0.7852989
vt 0.3099122 0.5188863
vn -0.81379604 -0.1337112 0.56555927
v -1.4911497 15.40024 0.39992893
vt 0.31002313 0.5188321
vn -0.9336435 0.009035113 0.35808954
v -1.5987897 15.857711 -0.26060098
vt 0.31006837 0.51876885
vn -0.9860842 0.045852467 0.15979838
v -1.6317198 16.339016 -0.632401
vt 0.3100822 0.5187024
vn -0.92252004 -0.38586342 0.008142201
v -2.02147 16.84693 -1.33375
vt 0.3102461 0.5186322
vn -0.604303 -0.61810654 -0.5027546
v -1.46077 16.89593 -1.6319299
vt 0.3100103 0.5186254
vn 0.07575447 -0.56895685 -0.8188708
v -1.78737 17.41688 -2.25381
vt 0.3101477 0.51855344
vn -0.027834397 -0.061339356 -0.99772877
v -1.21996 17.13632 -1.62708
vt 0.3099091 0.5185922
vn 0.700257 0.09365523 -0.7077209
v -1.7321 17.4457 -1.92722
vt 0.3101244 0.51854944
vn 0.13832381 -0.004824703 -0.99037534
v -2.17689 17.47451 -1.7351
vt 0.3103115 0.51854545
vn -0.6360828 -0.43861112 -0.63483775
v -2.4226997 17.01918 -0.99612
vt 0.31041485 0.5186084
vn -0.8860475 -0.45459133 0.090920895
v -1.5956497 16.59122 -0.3540011
vt 0.31006706 0.5186675
vn -0.8917792 0.23879649 0.3843257
v -1.7903596 16.63482 0.20652884
vt 0.31014895 0.5186615
vn -0.9081067 0.23489536 0.34665036
v -1.4211797 15.739301 0.3919989
vt 0.30999374 0.51878524
vn -0.89029336 0.019038089 0.45498934
v -1.2597195 15.30336 0.88397884
vt 0.3099258 0.51884544
vn -0.80761945 -0.050261516 0.58755815
v -0.9206495 15.228011 1.2376889
vt 0.30978322 0.51885587
vn -0.57768947 -0.07331975 0.812957
v -0.4524195 14.83512 1.268149
vt 0.30958635 0.5189101
vn -0.4246342 -0.30391327 0.85283214
v -0.17811951 14.58681 1.3640491
vt 0.309471 0.51894444
vn -0.44127405 0.2484956 0.8622802
v 5.1195E-07 14.58977 1.4591991
vt 0.3093961 0.518944
vn 4.8845273E-08 0.39298454 0.9195451
v 0.1781205 14.58681 1.364049
vt 0.30932117 0.51894444
vn 0.44127408 0.24849571 0.8622802
v 0.45242038 14.83512 1.2681489
vt 0.3092059 0.5189101
vn 0.42463455 -0.303913 0.852832
v 0.9206501 15.228011 1.237689
vt 0.30900896 0.51885587
vn 0.57768977 -0.07331956 0.81295687
v 1.2597202 15.30336 0.8839788
vt 0.30886638 0.51884544
vn 0.80761963 -0.050261267 0.587558
v 1.4211802 15.739301 0.39199883
vt 0.3087985 0.51878524
vn 0.8902934 0.019038355 0.45498928
v 1.5987899 15.857711 -0.26060098
vt 0.3087238 0.51876885
vn 0.98608416 0.045852754 0.15979837
v 1.6317196 16.339016 -0.63240105
vt 0.30870998 0.5187024
vn 0.92252016 -0.38586316 0.008142188
v 2.0214698 16.84693 -1.33375
vt 0.30854607 0.5186322
vn 0.6043029 -0.61810654 -0.50275475
v 1.46077 16.895927 -1.6319298
vt 0.30878186 0.5186254
vn -0.07575465 -0.56895685 -0.8188708
v 1.7873701 17.41688 -2.25381
vt 0.30864453 0.51855344
vn 0.027834184 -0.061339356 -0.99772877
v 1.2199601 17.13632 -1.62708
vt 0.30888307 0.5185922
vn -0.7002571 0.09365522 -0.70772076
v 1.7320999 17.4457 -1.92722
vt 0.30866778 0.51854944
vn -0.138324 -0.0048246766 -0.9903753
v 2.1768897 17.47451 -1.7351
vt 0.30848074 0.51854545
vn 0.6360827 -0.4386111 -0.63483787
v 2.4227 17.01918 -0.99612
vt 0.30837733 0.5186084
vn 0.8860475 -0.45459133 0.0909207
v 1.5956498 16.59122 -0.35400105
vt 0.30872512 0.5186675
vn 0.89177907 0.2387967 0.38432568
v 1.7903597 16.63482 0.20652881
vt 0.30864322 0.5186615
vn 0.9081066 0.23489563 0.3466503
v 1.3781699 16.2967 0.5482488
vt 0.30881655 0.5187082
vn 0.86444765 0.022713196 0.5022096
v 1.1520802 15.647811 0.87560886
vt 0.30891168 0.5187979
vn 0.75536317 0.10819087 0.6463136
v 0.82916033 15.561701 1.1213789
vt 0.30904746 0.51880974
vn 0.49598768 0.114712216 0.8607191
v 0.49009037 15.152659 1.4440289
vt 0.30919003 0.51886624
vn 0.30059114 0.036511455 0.953054
v 4.8121E-07 14.76255 1.408679
vt 0.3093961 0.5189202
vn 1.7017311E-07 -0.06386192 0.9979588
v -0.49008954 15.152659 1.444029
vt 0.30960214 0.51886624
vn -0.30059084 0.03651137 0.9530541
v -0.8291595 15.561701 1.1213788
vt 0.30974478 0.51880974
vn -0.49598753 0.11471208 0.8607192
v -1.1520796 15.647811 0.8756088
vt 0.30988055 0.5187979
vn -0.75536305 0.108190656 0.6463138
v -1.3781698 16.2967 0.548249
vt 0.30997562 0.5187082
vn -0.8644476 0.022712946 0.50220966
v -1.0259398 16.9104 0.39524877
vt 0.3098275 0.5186234
vn -0.5472759 0.7982593 0.25153753
v -1.0956999 16.97695 -0.28029114
vt 0.3098569 0.51861423
vn -0.43411243 0.6908276 0.57819
v -2.2475998 17.34303 -0.74118
vt 0.31034124 0.5185636
vn -0.57679576 0.26480225 0.7727784
v -2.49373 17.68584 -1.32206
vt 0.3104447 0.5185163
vn -0.99994534 0.010137426 -0.0025640954
v -2.2366807 18.23797 -2.1005912
vt 0.3103366 0.51844
vn -0.5689904 -0.38683683 -0.725677
v -2.0065413 18.269201 -2.2359314
vt 0.3102398 0.51843566
vn 0.3165531 -0.30152023 -0.8993774
v -1.5625508 18.11844 -1.8268912
vt 0.31005317 0.5184565
vn 0.8804312 0.39671862 -0.2597216
v -1.43166 17.74267 -1.58574
vt 0.3099981 0.51850843
vn 0.84465295 0.4590915 -0.27531153
v -1.09525 17.39126 -1.35836
vt 0.30985665 0.51855695
vn 0.79583365 0.54859716 -0.25630063
v -0.8015901 16.861591 -1.2046411
vt 0.30973315 0.51863015
vn 0.2261311 0.46437508 -0.856283
v -1.003077 16.491594 -1.443118
vt 0.3098179 0.5186813
vn -0.35621136 0.26819673 -0.89508885
v -0.6651102 16.08374 -1.9366909
vt 0.3096758 0.5187377
vn -0.46171692 0.35773018 -0.81169367
v -1.0210976E-05 15.266009 -2.5330808
vt 0.3093961 0.5188506
vn 1.5174642E-06 -0.25844207 -0.9660268
v 9.922596E-06 15.12477 -1.9681407
vt 0.3093961 0.5188701
vn 6.194916E-06 -0.4850446 -0.8744894
v 0.6651097 16.08374 -1.9366908
vt 0.30911636 0.5187377
vn 0.46171552 0.35772997 -0.81169456
v 1.0030767 16.491594 -1.443118
vt 0.30897427 0.5186813
vn 0.35621095 0.26819682 -0.895089
v 0.8015898 16.861591 -1.204641
vt 0.30905902 0.51863015
vn -0.22613156 0.464375 -0.8562829
v 1.09525 17.39126 -1.35836
vt 0.30893552 0.51855695
vn -0.7958337 0.5485971 -0.25630048
v 1.43166 17.74267 -1.58574
vt 0.30879408 0.51850843
vn -0.84465295 0.4590915 -0.27531135
v 1.5625488 18.11844 -1.8268905
vt 0.30873907 0.5184565
vn -0.8804314 0.39671844 -0.25972128
v 2.0065389 18.269201 -2.2359302
vt 0.30855238 0.51843566
vn -0.31655347 -0.30152008 -0.89937735
v 2.2366784 18.23797 -2.1005902
vt 0.3084556 0.51844
vn 0.5689902 -0.38683665 -0.7256774
v 2.4937298 17.68584 -1.32206
vt 0.30834746 0.5185163
vn 0.99994534 0.010137419 -0.0025643082
v 2.2476 17.34303 -0.74118
vt 0.30845094 0.5185636
vn 0.5767959 0.26480225 0.7727783
v 1.0957 16.97695 -0.28029114
vt 0.30893534 0.51861423
vn 0.43411228 0.69082767 0.57818997
v 1.0259397 16.9104 0.39524877
vt 0.30896467 0.5186234
vn 0.54727566 0.7982595 0.2515375
v 1.3313401 16.70903 1.503529
vt 0.30883622 0.51865125
vn 0.5420744 0.39572674 0.7413203
v 1.1003102 16.07114 1.0078187
vt 0.30893338 0.51873934
vn 0.7206451 -0.3200938 0.6149883
v 0.71376026 16.08955 1.3207086
vt 0.30909598 0.51873684
vn 0.35380563 -0.10971752 0.9288615
v 0.40103006 16.53048 1.1215289
vt 0.30922747 0.5186759
vn 0.22753912 0.4944766 0.8388795
v 0.55433 17.01197 0.4939788
vt 0.30916297 0.5186094
vn 0.275094 0.8346665 0.4771323
v 0.53055984 17.52794 -0.0458712
vt 0.309173 0.51853806
vn 0.34129298 0.90412796 0.2570444
v 0.91992956 17.22611 -0.71757114
vt 0.30900925 0.5185798
vn -0.013934684 0.9871425 -0.1592341
v 1.5544598 17.70822 -0.6831
vt 0.3087424 0.51851314
vn -0.28441215 0.7854833 0.54965967
v 2.2745397 17.886051 -1.18546
vt 0.3084396 0.5184886
vn 0.630316 0.53015584 0.56713015
v 2.4161286 18.353361 -1.9186403
vt 0.30838013 0.51842403
vn 0.9678041 0.18910858 0.166112
v 2.4877086 19.16664 -2.4827003
vt 0.30834997 0.5183117
vn 0.84569335 0.33595714 -0.41465116
v 2.2157688 18.51426 -1.8355404
vt 0.30846435 0.5184018
vn 0.37292904 0.8397886 0.39456183
v 2.1974685 18.94267 -1.9176904
vt 0.30847204 0.5183426
vn 0.48566416 0.8176138 -0.30925387
v 1.7837499 18.02839 -1.13485
vt 0.30864602 0.5184689
vn -0.51613265 0.73867434 0.43355194
v 0.4683997 16.967772 -1.3466811
vt 0.3091991 0.5186155
vn 0.33171898 0.6660211 -0.66811556
v 0.54150975 16.4925 -1.6747309
vt 0.3091684 0.51868117
vn 0.27492684 0.5851667 -0.7628861
v -1.0256541E-05 16.53499 -1.7432408
vt 0.3093961 0.5186753
vn -1.4802329E-06 0.5613935 -0.82754904
v 9.785027E-06 16.11525 -2.008761
vt 0.3093961 0.51873326
vn 1.4558279E-06 0.52997714 -0.8480119
v -0.5415101 16.4925 -1.6747307
vt 0.30962384 0.51868117
vn -0.2749279 0.58516794 -0.7628848
v -0.46840018 16.967772 -1.346681
vt 0.30959308 0.5186155
vn -0.3317171 0.6660214 -0.6681162
v -0.91993004 17.22611 -0.7175712
vt 0.30978292 0.5185798
vn 0.013934163 0.9871425 -0.15923412
v -1.5544602 17.70822 -0.6831
vt 0.31004977 0.51851314
vn 0.28441226 0.7854833 0.54965955
v -1.78375 18.02839 -1.13485
vt 0.31014615 0.5184689
vn 0.5161328 0.73867434 0.43355182
v -1.9996307 18.45932 -1.8591413
vt 0.31023693 0.5184094
vn 0.669444 0.73726505 0.09102138
v -1.8391807 18.41612 -2.0846415
vt 0.31016946 0.5184154
vn 0.9054488 0.36193165 -0.22173843
v -2.006541 18.88343 -2.5586615
vt 0.3102398 0.5183508
vn 0.38634476 0.83632576 -0.38896918
v -2.184401 18.77193 -2.3164015
vt 0.31031466 0.5183662
vn 0.0063067973 0.81512797 -0.5792466
v -2.4877105 19.16664 -2.4827015
vt 0.3104422 0.5183117
vn -0.8456935 0.33595693 -0.41465104
v -2.2157707 18.51426 -1.8355415
vt 0.3103279 0.5184018
vn -0.37292913 0.8397886 0.39456177
v 1.9996284 18.45932 -1.8591403
vt 0.30855525 0.5184094
vn -0.66944414 0.73726493 0.09102168
v 2.0065389 18.88343 -2.5586605
vt 0.30855238 0.5183508
vn -0.38634524 0.8363257 -0.3889688
v 2.1843984 18.77193 -2.3164003
vt 0.30847752 0.5183662
vn -0.0063074552 0.8151282 -0.57924634
v 1.8391786 18.41612 -2.0846405
vt 0.30862272 0.5184154
vn -0.905449 0.36193147 -0.2217381
v -0.5305601 17.52794 -0.04587119
vt 0.3096192 0.51853806
vn -0.34129176 0.9041285 0.25704396
v -0.5543299 17.01197 0.49397886
vt 0.3096292 0.5186094
vn -0.2750975 0.83466625 0.47713065
v -1.3313396 16.70903 1.503529
vt 0.30995595 0.51865125
vn -0.5420743 0.3957266 0.7413204
v -1.1003095 16.07114 1.0078188
vt 0.3098588 0.51873934
vn -0.72064483 -0.3200941 0.6149884
v -0.71375966 16.08955 1.3207088
vt 0.3096962 0.51873684
vn -0.35380536 -0.10971764 0.9288616
v -0.40935954 15.49173 1.311649
vt 0.30956823 0.51881945
vn -0.36169994 0.021310812 0.93205094
v 3.953578E-07 15.44529 1.438499
vt 0.3093961 0.5188258
vn 1.7153206E-07 -0.06980836 0.99756044
v 0.40936038 15.49173 1.3116488
vt 0.30922395 0.51881945
vn 0.36170024 0.021310925 0.9320509
v 0.33657032 16.05734 1.4909486
vt 0.30925453 0.51874125
vn 0.4340568 0.15042888 0.88823754
v 2.444126E-07 16.487331 1.3557386
vt 0.3093961 0.5186819
vn -4.2408496E-07 0.45722184 0.88935274
v -9.857255E-06 17.06133 1.2783188
vt 0.3093961 0.51860255
vn -3.7723137E-06 0.7011126 0.7130505
v 3.353125E-08 17.16554 0.5762487
vt 0.3093961 0.5185882
vn 9.602985E-07 0.9051605 0.42506996
v -1.0116823E-05 17.449831 -0.06214117
vt 0.3093961 0.51854885
vn 5.7339963E-07 0.9999205 0.012612425
v 0.48712975 17.376041 -0.825191
vt 0.30919123 0.5185591
vn 0.08431605 0.9194605 -0.3840355
v 9.759878E-06 17.0119 -1.405271
vt 0.3093961 0.5186094
vn -7.235281E-08 0.7270941 -0.68653786
v -0.48713017 17.376041 -0.8251911
vt 0.30960095 0.5185591
vn -0.08431671 0.91946095 -0.3840343
v -2.27454 17.886051 -1.18546
vt 0.31035256 0.5184886
vn -0.6303159 0.53015584 0.5671302
v -2.4161305 18.353361 -1.9186413
vt 0.31041205 0.51842403
vn -0.9678041 0.18910843 0.16611218
v -2.197471 18.94267 -1.9176915
vt 0.31032014 0.5183426
vn -0.48566464 0.81761354 -0.309254
v 3.6024971E-07 16.02503 1.7072786
vt 0.3093961 0.5187457
vn 1.2313275E-07 0.12891956 0.99165505
v -0.33656967 16.05734 1.4909486
vt 0.30953765 0.51874125
vn -0.43405667 0.1504288 0.8882376
v -0.40102977 16.53048 1.1215289
vt 0.3095647 0.5186759
vn -0.22754316 0.49447197 0.8388812
v 9.815079E-06 17.31097 -0.794341
vt 0.3093961 0.5185681
vn -3.2993285E-06 0.9488304 -0.31578615
v -4.3613906 12.87206 -1.07729
vt 0.31123006 0.5191814
vn -0.07422932 0.32818708 -0.9416917
v -4.11214 12.87206 -1.09593
vt 0.31112528 0.5191814
vn -0.079640195 0.26426053 -0.96115756
v -4.24342 13.223849 -0.81194
vt 0.31118047 0.51913273
vn 0.028000217 0.7595824 -0.6498081
v -4.3613906 12.42592 -1.07729
vt 0.31123006 0.519243
vn -0.097765744 -0.25093916 -0.96305317
v -4.11214 12.42592 -1.09593
vt 0.31112528 0.519243
vn -0.089921206 -0.26489115 -0.9600765
v -4.24342 11.98549 -0.81194
vt 0.31118047 0.51930386
vn -0.066321895 -0.7620701 -0.6440889
v -2.14036 11.92075 -1.04857
vt 0.31029612 0.5193128
vn -0.22957985 -0.6106701 -0.75787544
v -2.2833598 11.580729 -0.27499998
vt 0.31035626 0.51935977
vn -0.21754594 -0.9759943 0.010436958
v -4.24342 11.7271 -0.27157998
vt 0.31118047 0.51933956
vn -0.0025145807 -0.9945236 0.10448249
v 0.96603 13.41743 -1.6107
vt 0.30898988 0.51910603
vn 0.5436119 0.17049442 -0.8218381
v -1.0035117E-05 13.43385 -1.95547
vt 0.3093961 0.5191037
vn -2.1559667E-06 -0.037870266 -0.99928266
v -0.96603 13.41743 -1.6107
vt 0.3098023 0.51910603
vn -0.54361516 0.17049398 -0.82183594
v -1.397 13.262731 -0.98962003
vt 0.3099835 0.51912737
vn -0.58936244 0.31636187 -0.74334854
v -1.48328 12.70958 -1.25314
vt 0.31001985 0.5192038
vn -0.47736466 0.33354306 -0.81294036
v -1.62586 12.20329 -1.36368
vt 0.3100798 0.51927376
vn -0.30996773 -0.12965095 -0.9418655
v -1.8337 11.77419 -1.0124
vt 0.3101672 0.51933306
vn -0.42066187 -0.59271795 -0.6868254
v -1.98136 11.41046 -0.27603996
vt 0.3102293 0.5193833
vn -0.8046074 -0.5866589 -0.09186014
v -1.8337001 11.77419 0.40303004
vn -0.6404552 -0.41031662 0.6491975
v -1.62586 12.20329 0.75432
vn -0.41103712 0.05961695 0.9096672
v -1.48328 12.70958 0.64377
vn -0.16785713 0.34466484 0.9235963
v -1.3970001 13.262731 0.38023996
vn -0.40674648 0.54092103 0.73618054
v -1.7606201 13.283561 0.42708004
vt 0.31013644 0.5191245
vn 0.06210885 0.70196277 0.7095004
v -1.84201 12.77536 0.6803
vt 0.31017065 0.5191947
vn 0.033165425 0.29691702 0.95432717
v -1.95372 12.31866 0.75891
vt 0.31021762 0.51925784
vn -0.1796023 -0.26267883 0.9480205
v -2.1403604 11.92075 0.43920004
vn -0.23335263 -0.6269648 0.7432776
v -1.95372 12.31866 -1.36828
vn -0.17959107 -0.26268014 -0.94802225
v -1.84201 12.77536 -1.28967
vn 0.033169467 0.29691306 -0.95432824
v -1.76062 13.283561 -1.03645
vn 0.06155532 0.7129165 -0.69854206
v 6.848186E-07 15.019448 -5.6001515
vt 0.3093961 0.51888466
vn -1.8424561E-07 0.9987007 0.050960474
v 3.968637E-07 13.963629 -6.4082007
vt 0.3093961 0.5190306
vn -3.195601E-07 0.97173744 -0.23606431
v 1.7020989E-07 14.305947 -6.7978125
vt 0.3093961 0.51898324
vn -5.2109505E-07 0.5836568 -0.81200045
v -0.34204793 1.8290017 0.5083216
vt 0.3095399 0.52070713
vn 0.6713184 -0.15219204 0.7253752
v -0.92199796 1.8290017 0.82674146
vt 0.30978382 0.52070713
vn -6.8099052E-06 -0.21426815 0.9767749
v -0.23970813 2.495001 0.6646315
vt 0.30949688 0.5206151
vn 0.6749377 -0.18133776 0.7152452
v -0.9219979 1.2733712 0.8086117
vt 0.30978382 0.5207839
vn -7.91765E-06 0.3096506 0.9508504
v -1.5019279 1.8290017 0.50832134
vt 0.31002766 0.52070713
vn -0.67132413 -0.15219218 0.72536993
v -1.4561179 1.2786813 0.4961315
vt 0.3100084 0.5207832
vn -0.6151193 0.4548941 0.64397186
v -1.8771877 1.8290017 -0.03487866
vt 0.3101855 0.52070713
vn -0.9915479 -0.10891404 0.07050163
v -1.8212278 1.279161 -0.033008497
vt 0.31016195 0.52078307
vn -0.9678327 0.25154814 0.0048490553
v -1.4561176 1.278681 -0.84938824
vn -0.8105311 0.29925624 -0.503473
v -1.6273675 0.7714511 -1.0958681
vt 0.3100804 0.5208532
vn -0.83664715 0.103474736 -0.5378797
v -1.2770677 0.935791 -1.4528981
vt 0.30993313 0.5208305
vn -0.8151515 0.17736042 -0.5514267
v -0.9219977 1.291461 -1.3179783
vt 0.30978382 0.5207814
vn -2.1068932E-05 0.7624947 -0.6469945
v -0.9219977 1.9850309 -1.5948083
vt 0.30978382 0.52068555
vn -2.2553482E-05 0.72471094 -0.68905306
v -0.38785782 1.278681 -0.849388
vt 0.30955923 0.5207832
vn 0.8105265 0.29926077 -0.5034777
v -0.9219978 1.8290012 -1.1821483
vn -1.18503995E-05 0.17864367 -0.98391384
v -1.5019277 1.8290014 -0.75754845
vn -0.79499733 -0.10618805 -0.5972465
v -1.9955078 2.4950008 0.030771077
vt 0.3102352 0.5206151
vn -0.97893643 -0.19154854 0.07065849
v -1.6042681 2.495001 0.6646311
vt 0.3100707 0.5206151
vn -0.67494327 -0.18133278 0.71524125
v -0.921998 2.4950013 1.0352912
vt 0.30978382 0.5206151
vn -6.854326E-06 -0.13809942 0.9904184
v -0.15712821 3.2440007 0.6685712
vt 0.3094622 0.52051157
vn 0.67414284 -0.09643571 0.7322784
v 0.25008178 3.2441113 0.03839134
vt 0.3092909 0.52051157
vn 0.9890342 -0.12693354 0.07549371
v 0.15153193 2.4950008 0.030771576
vt 0.30933237 0.5206151
vn 0.97893566 -0.19155255 0.070658885
v 0.033212006 1.8290017 -0.03487822
vt 0.30938208 0.52070713
vn 0.9915479 -0.10891393 0.0705021
v -0.34204787 1.8290014 -0.7575482
vn 0.7949937 -0.106187515 -0.59725136
v -0.23970795 2.4950006 -0.9089684
vn 0.75727564 -0.15154667 -0.63526946
v -0.1571281 3.2440004 -0.86211854
vn 0.8239232 -0.14735673 -0.547208
v 0.3909217 4.1450014 0.029871073
vt 0.3092317 0.5203871
vn 0.9972024 -0.022910666 0.07115131
v -0.040028393 4.1450014 0.714481
vt 0.30941296 0.5203871
vn 0.6802465 -0.02983057 0.7323762
v -0.92199814 3.2441113 1.0703009
vt 0.30978382 0.52051157
vn -6.816354E-06 -0.07823535 0.99693495
v -1.6868382 3.2440004 0.6685708
vt 0.31010544 0.52051157
vn -0.6766923 -0.09356651 0.7302963
v -2.094048 3.244111 0.038390797
vt 0.31027663 0.52051157
vn -0.9891112 -0.12610744 0.07586861
v -1.6042678 2.4950006 -0.90896875
vn -0.7572807 -0.15154122 -0.63526475
v -0.92199785 2.4950006 -1.3281386
vn -7.029495E-06 -0.04942338 -0.9987779
v -0.92199796 3.2441108 -1.2761089
vn -6.809088E-06 -0.41317204 -0.910653
v -0.4423081 3.8044403 -1.3834788
vt 0.3095821 0.5204342
vn 0.6806693 -0.03371313 -0.7318147
v -0.92199796 3.6771903 -1.6910988
vt 0.30978382 0.5204518
vn -4.7800086E-06 -0.49637625 -0.8681075
v -0.9219981 4.5102506 -1.921519
vt 0.30978382 0.5203367
vn -1.4012596E-05 0.8758679 -0.48255104
v -1.401678 3.8044403 -1.383479
vt 0.30998552 0.5204342
vn -0.7200335 -0.06430477 -0.6909534
v -1.6868379 3.2440004 -0.8621189
vn -0.74082196 -0.15358824 -0.6539063
v -2.234898 4.1450014 0.000120478755
vt 0.31033587 0.5203871
vn -0.996937 -0.03836353 0.06815403
v -1.8039482 4.1450014 0.7144806
vt 0.31015468 0.5203871
vn -0.68493 -0.033576585 0.72783476
v -0.92199826 4.1450014 1.1332107
vt 0.30978382 0.5203871
vn -4.8726424E-06 -0.14911598 0.9888197
v -0.16683997 4.796 0.86247003
vt 0.30946624 0.5202972
vn 0.6466034 -0.080880865 0.7585264
v 0.25234994 4.795731 0.02369999
vt 0.30928993 0.5202972
vn 0.9909175 0.085385375 0.10388402
v -0.040226698 4.145032 -0.97100544
vt 0.30941302 0.5203871
vn 0.8319722 0.18863517 -0.52176535
v -0.9219981 4.145001 -1.420649
vn -0.014545899 0.6043005 -0.7966237
v -1.8039479 4.145001 -0.9709393
vn -0.7769136 0.1272321 -0.6166177
v -2.0963302 4.795731 0.02369999
vt 0.31027758 0.5202972
vn -0.9924958 0.080284335 0.092231296
v -1.67714 4.796 0.86247003
vt 0.31010133 0.5202972
vn -0.6466089 -0.08087998 0.75852185
v -0.92200005 4.795731 1.2985198
vt 0.30978382 0.5202972
vn -5.579797E-06 -0.17651552 0.9842979
v -0.92200005 5.3824506 1.36075
vt 0.30978382 0.52021617
vn -5.624589E-06 -0.103591315 0.99461997
v -1.68437 5.3820004 0.90387
vt 0.31010437 0.5202162
vn -0.73263097 -0.08278232 0.6755731
v -2.11375 5.38246 0.020690015
vt 0.31028497 0.52021617
vn -0.99688274 -0.075090244 -0.024213897
v -1.6843702 5.3820004 -0.73718
vn -0.68416905 0.052002408 -0.7274671
v -0.922 5.38246 -1.16131
vn -5.66466E-06 0.07457976 -0.9972151
v -0.15961005 5.3820004 -0.73718
vt 0.3094632 0.5202162
vn 0.68683434 0.07628944 -0.7227991
v 0.26977 5.38246 0.020690015
vt 0.30928266 0.52021617
vn 0.99986655 0.0011169093 -0.01630118
v -0.15961006 5.3820004 0.90387
vn 0.7379261 -0.060610827 0.67215437
v -0.92199856 6.0997515 1.4528702
vt 0.30978382 0.52011704
vn 0.013145037 -0.08815827 0.9960198
v -1.7369983 6.100001 0.9763199
vt 0.31012648 0.52011704
vn -0.78676313 -0.08328516 0.6116105
v -2.182208 6.10817 0.0997399
vt 0.3103137 0.5201159
vn -0.99406946 -0.09154532 -0.058697242
v -1.7369982 6.1000004 -0.7492399
vn -0.7295735 -0.14825921 -0.66763896
v -0.9219983 6.0997505 -1.2028797
vn 0.08603374 -0.12576735 -0.9883222
v -0.17127848 6.100001 -0.7492395
vt 0.30946815 0.52011704
vn 0.82454103 0.009736676 -0.56571835
v 0.23495138 6.10817 0.14214048
vt 0.30929732 0.5201159
vn 0.9900354 0.12354251 0.06758071
v -0.1712786 6.1000013 0.9763203
vn 0.78186923 -0.038948182 0.62222475
v -0.16670871 6.7092204 0.9958401
vt 0.30946618 0.5200328
vn 0.81898934 0.039445035 0.57245135
v 0.06743139 6.7092204 0.12738022
vt 0.30936772 0.5200328
vn 0.98270077 0.17589796 -0.05795787
v -0.121498525 6.70922 -0.85117966
vt 0.30944717 0.5200328
vn 0.85374624 -0.27282563 -0.44349024
v -1.1604184 6.7209606 -1.35588
vt 0.30988407 0.5200312
vn -0.26233461 -0.40603143 -0.8753965
v -1.9852282 7.257241 -0.7507604
vt 0.31023085 0.5199571
vn -0.8506714 -0.106321566 -0.5148339
v -2.2262387 7.65766 0.16787937
vt 0.31033224 0.5199018
vn -0.9919345 0.0098874075 0.12636578
v -1.7304785 7.61953 1.0639293
vt 0.3101238 0.51990706
vn -0.71560156 0.001323508 0.6985074
v -0.9363387 7.5253115 1.5415094
vt 0.30978978 0.5199201
vn 0.00965394 -0.03866299 0.99920565
v -1.2902285 7.5499306 -1.6135201
vt 0.30993867 0.5199167
vn -0.6140073 -0.22390987 -0.7568748
v -2.0138285 7.87694 -0.6645206
vt 0.3102429 0.5198715
vn -0.89954346 0.08670734 -0.42813954
v -1.9106276 0.35326236 0.14923179
vt 0.3101995 0.5209242
vn -0.98544306 -0.07100254 -0.15446915
v -1.7344978 1.013061 0.8431014
vt 0.31012547 0.52081984
vn -0.65557134 0.7262483 0.20685647
v -0.9219979 1.1878409 0.94865155
vt 0.30978382 0.5207957
vn -3.864578E-06 0.904987 0.4254394
v -0.3878579 1.2786813 0.4961318
vn 0.61511403 0.45489553 0.6439758
v -0.022747993 1.279161 -0.033008076
vt 0.30940568 0.52078307
vn 0.9678326 0.25154814 0.0048494935
v -0.21660775 0.7714511 -1.0958679
vt 0.30948722 0.5208532
vn 0.8366462 0.10347271 -0.5378816
v -0.56690776 0.935791 -1.452898
vt 0.30963445 0.5208305
vn 0.81514347 0.17736265 -0.5514378
v -0.9219978 1.8740604 -1.9670184
vt 0.30978382 0.52070093
vn -4.265307E-05 0.87218624 -0.48917398
v -0.9219976 0.89218134 -1.8013679
vt 0.30978382 0.5208366
vn -1.4073394E-05 -0.35480258 -0.9349413
v -0.9219976 0.30623066 -1.4125278
vt 0.30978382 0.5209242
vn -7.0489773E-06 -0.35519272 -0.9347931
v -1.6302575 0.2577411 -1.057298
vt 0.3100816 0.5209242
vn -0.71521854 -0.29234368 -0.63482094
v -1.4925375 -0.23199928 -0.8012179
vt 0.31002373 0.52099186
vn -0.56487125 -0.77410245 -0.28580752
v -0.92199755 -0.18350971 -1.1931977
vt 0.30978382 0.52099186
vn -4.9821406E-06 -0.6674244 -0.7446776
v -0.21371764 0.25774115 -1.0572976
vt 0.30948597 0.5209242
vn 0.71521354 -0.2923448 -0.63482594
v -0.44275776 -0.1774129 2.0682025
vt 0.30958223 0.52099186
vn 0.034599405 -0.9718663 0.23297817
v -0.41845793 0.018528193 2.9588919
vt 0.3095721 0.5209738
vn 0.5193526 -0.84750646 0.109570585
v -0.48947817 0.75513184 2.9874015
vt 0.3096019 0.5208555
vn 0.76487774 0.58715636 0.26497075
v -0.9199277 -0.17741302 2.115462
vt 0.30978292 0.52099186
vn -0.0030224938 -0.979096 0.20337655
v -0.8082879 0.082677945 3.0078816
vt 0.309736 0.5209649
vn -0.77068794 -0.6143107 0.16929999
v -0.5369079 -0.1745677 4.144692
vt 0.30962187 0.52098393
vn 0.10030836 -0.09032049 0.99084836
v -0.7437682 0.8092317 3.0193615
vt 0.30970883 0.52084804
vn -0.72991073 0.5421224 0.41633356
v -0.9202882 1.1042421 2.1062815
vt 0.3097831 0.52080727
vn -0.0013967843 0.97583514 0.21850364
v -0.44813824 1.0206517 2.0666318
vt 0.30958456 0.5208188
vn 0.21155971 0.9681179 0.1341276
v -0.13365811 0.6187918 2.9941616
vt 0.3094523 0.5208743
vn -0.49398464 0.6822803 0.5389552
v -0.19226801 0.082678124 2.9929318
vt 0.3094769 0.5209649
vn -0.5969416 -0.7592647 0.25918692
v 0.06052226 -0.17741278 1.965772
vt 0.30937064 0.52099186
vn 0.8775673 -0.47653818 0.05279331
v 0.17519194 0.012699544 2.874212
vt 0.30932242 0.5209746
vn 0.6825744 -0.7307804 0.0072291214
v 0.13980198 -0.13463727 3.790092
vt 0.30933732 0.52097845
vn 0.20236535 -0.06343567 0.9772534
v 0.1089018 0.5748923 2.915792
vt 0.30935025 0.5208804
vn 0.86256766 0.4813416 0.15584406
v -0.085828185 0.93864155 2.000692
vt 0.30943215 0.52083015
vn 0.6597511 0.7451812 0.09712648
v -0.060708106 0.8773421 1.3613917
vt 0.3094216 0.5208386
vn 0.69300187 0.71888417 0.05435084
v 0.17725217 0.039405584 0.8855622
vt 0.30932152 0.5209242
vn 0.99826026 0.033094607 -0.048798315
v 0.071162164 -0.1774143 0.8855623
vt 0.30936623 0.52099186
vn 0.40032905 -0.91540945 -0.041977752
v -0.09247774 -0.05459833 0.14923233
vt 0.309435 0.52099186
vn 0.58957183 -0.79774725 -0.1265081
v -1.9151376 -0.1774143 0.8855618
vt 0.3102014 0.52099186
vn -0.3356875 -0.9413246 -0.034957245
v -1.7514975 -0.05459833 0.14923194
vt 0.31013262 0.52099186
vn -0.58957165 -0.7977474 -0.12650836
v -2.0212278 0.039405346 0.8855616
vt 0.310246 0.5209242
vn -0.99828583 0.03295109 -0.04837011
v -1.9951344 -0.17741334 1.9653814
vt 0.31019628 0.52099186
vn -0.8772505 -0.47796553 0.044504035
v -1.783268 0.87734157 1.3613912
vt 0.31014597 0.5208386
vn -0.6933388 0.7185187 0.05488371
v -1.8427246 0.938641 2.0039415
vt 0.31013513 0.52083015
vn -0.75125396 0.6597159 0.01980956
v -1.465246 1.0206513 2.0689611
vt 0.30998367 0.5208188
vn -0.22302672 0.9614818 0.16066076
v -0.9219981 1.0399415 1.4661715
vt 0.30978382 0.52081615
vn 0.00014090212 0.99710107 0.07608909
v -0.10947806 1.0130612 0.84310186
vt 0.30944216 0.52081984
vn 0.6555693 0.72624975 0.2068579
v 0.06665218 0.35326242 0.14923224
vt 0.30936807 0.5209242
vn 0.9854431 -0.07100238 -0.15446869
v -0.3514377 -0.23199928 -0.8012177
vt 0.30954385 0.52099186
vn 0.47116798 -0.8492154 -0.23839885
v -1.4725082 -0.17741317 2.050562
vt 0.3099866 0.52099186
vn -0.03650043 -0.9728858 0.22838782
v -1.7571969 0.08267768 2.9985313
vt 0.3101008 0.5209649
vn 0.59329706 -0.7582476 0.27029473
v -2.139067 0.012698889 2.8706613
vt 0.3102541 0.5209746
vn -0.68254197 -0.73078024 -0.009833301
v -2.070707 0.5748917 2.9138913
vt 0.31022662 0.5208804
vn -0.7848984 0.5944303 0.1748917
v -1.818631 0.61879134 2.9982915
vt 0.31012547 0.5208743
vn 0.64341766 0.5301696 0.5522083
v -2.1259782 -0.13463792 3.7871413
vt 0.3102488 0.52097845
vn -0.22670603 -0.06343305 0.9718954
v -1.1837716 0.8092316 3.014391
vt 0.30986893 0.52084804
vn 0.71792775 0.54178965 0.43708554
v -1.4503696 0.75513154 2.976081
vt 0.3099755 0.5208555
vn -0.7698785 0.5880904 0.24786441
v -1.5243249 0.018527895 2.9458013
vt 0.31000507 0.5209738
vn -0.5222451 -0.84719837 0.097544424
v -1.1156338 0.082677856 3.0045214
vt 0.3098417 0.5209649
vn 0.76571465 -0.61418915 0.1909263
v -1.4309282 -0.17456797 4.1341915
vt 0.3099677 0.52098393
vn -0.12504303 -0.09032588 0.98803115
v -3.6001294 12.651231 -1.1724405
vt 0.31091 0.5192119
vn -0.07434692 0.029400248 -0.996799
v -2.4225895 12.651231 -1.2706305
vt 0.3104148 0.5192119
vn -0.16738246 0.1119582 -0.9795144
v -2.14406 13.270061 -1.04857
vt 0.31029767 0.51912636
vn -0.11176201 0.7004254 -0.70492095
v -2.2184498 13.604919 -0.27498996
vt 0.31032896 0.5190801
vn -0.09445085 0.9954109 0.015368485
v -2.1440601 13.270061 0.43920004
vn -0.110357575 0.68954885 0.71578187
v -2.422589 12.651231 0.66125923
vn -0.14794114 0.11769124 0.9819685
v -3.7543688 12.649171 0.62882936
vt 0.31097484 0.5192121
vn -0.019370211 0.038592976 0.99906725
v -3.8819087 12.011201 0.37776947
vt 0.31102848 0.51930034
vn -0.041872997 -0.68330866 0.7289279
v -4.638479 12.046211 0.37869948
vt 0.3113466 0.51929545
vn -0.060415007 -0.77754205 0.625922
v -4.579999 11.695952 -0.26800042
vt 0.31132197 0.51934385
vn -0.14228415 -0.9856648 -0.09066532
v -4.990679 12.068542 -0.7820304
vt 0.3114947 0.51929235
vn 0.2752134 -0.72272843 -0.6339726
v -4.990679 11.857961 -0.2649604
vt 0.3114947 0.5193215
vn 0.30786943 -0.9450326 0.11013565
v -4.9906783 12.091241 0.41660947
vt 0.3114947 0.51928926
vn 0.47064653 -0.5383803 0.69902676
v -4.7270284 12.649171 0.6334094
vt 0.31138384 0.5192121
vn 0.037898947 -0.0022396883 0.9992791
v -3.881909 13.2038 0.3777694
vt 0.31102848 0.51913553
vn 0.0034242852 0.7047344 0.709463
v -2.558949 13.193971 0.4101193
vt 0.31047213 0.5191369
vn -0.07929921 0.63567525 0.7678728
v -2.613689 13.525871 -0.27499065
vt 0.3104952 0.519091
vn -0.12351379 0.9892356 0.078468576
v -2.5589492 13.193971 -1.0194905
vn -0.085992366 0.6702372 -0.73714817
v -4.24342 13.49099 -0.27157998
vt 0.31118047 0.51909584
vn 0.08829396 0.9960905 -0.0028256264
v -4.5681086 13.2324505 0.37869942
vt 0.31131697 0.51913154
vn 0.13349353 0.7243029 0.67643535
v -4.990679 13.291861 0.4202494
vt 0.3114947 0.5191234
vn 0.4172053 0.67986244 0.6030977
v -4.9906783 12.649011 0.64451927
vt 0.3114947 0.5192122
vn 0.5444909 0.018704578 0.8385582
v -5.089948 12.648341 0.7622194
vt 0.31153643 0.51921225
vn 0.37138596 0.006468409 0.92845607
v -5.089948 11.994492 0.5385695
vt 0.31153643 0.5193026
vn 0.39308393 -0.6431117 0.65718514
v -5.0899487 11.748541 -0.26477045
vt 0.31153643 0.5193366
vn 0.33681086 -0.9415467 -0.0069477297
v -5.0899487 11.990651 -0.91242033
vt 0.31153643 0.51930314
vn 0.38634297 -0.68221045 -0.6207479
v -4.990679 12.649061 -1.0370504
vn 0.40319094 -0.053193502 -0.91356856
v -5.0899487 12.648361 -1.1741904
vn 0.384388 -0.042492874 -0.92219317
v -4.990679 13.29946 -0.7820305
vt 0.3114947 0.5191223
vn 0.35240567 0.64796376 -0.675243
v -5.0899487 13.370979 -0.91242045
vt 0.31153643 0.51911247
vn 0.3676916 0.64569944 -0.6692347
v -4.990679 13.488401 -0.26496056
vt 0.3114947 0.5190962
vn 0.41664526 0.9055292 -0.080147885
v -4.579999 13.591741 -0.2680006
vt 0.31132197 0.51908195
vn 0.053063847 0.9984647 -0.01588978
v -5.0899487 13.59904 -0.2647706
vt 0.31153643 0.51908094
vn 0.3346332 0.940477 -0.059359703
v -5.9671392 13.23118 -0.78958046
vt 0.31190526 0.5191318
vn -0.7865094 0.52583104 -0.3238902
v -5.9671392 12.648602 -0.99354035
vt 0.31190526 0.51921225
vn -0.780375 0.10873547 -0.6157853
v -5.9671392 12.135381 -0.7895804
vt 0.31190526 0.5192832
vn -0.78658295 -0.32605457 -0.5243812
v -5.967139 11.907171 -0.25971037
vt 0.31190526 0.5193147
vn -0.77840775 -0.61323273 -0.13426444
v -5.967139 12.135381 0.42889953
vn -0.7852864 -0.5374299 0.30739918
v -5.967139 12.648602 0.61705947
vn -0.7633072 -0.11722134 0.6353119
v -5.967139 13.23118 0.42889947
vn -0.7861756 0.3036824 0.53824246
v -5.0899487 13.38295 0.5365793
vt 0.31153643 0.5191108
vn 0.38798475 0.68955433 0.6115412
v -5.9671392 13.43589 -0.25971052
vt 0.31190526 0.51910347
vn -0.7769682 0.62501556 0.075339094
v -5.508829 12.671671 -0.19039047
vt 0.31171256 0.519209
vn -0.9999251 0.0049336697 0.011204833
v -6.263698 13.02049 0.31755942
vt 0.31203002 0.51916087
vn -0.28724003 0.5052497 0.8137665
v -5.4587584 13.36985 -0.22143054
vt 0.31169152 0.5191126
vn -0.077787526 0.9807021 0.17936715
v -5.458758 13.072762 0.39235932
vt 0.31169152 0.51915365
vn -0.10903453 0.34445587 0.9324493
v -6.2636986 13.31899 -0.24200046
vt 0.31203002 0.5191196
vn -0.2842672 0.95874506 0.0003387139
v -5.4587584 13.072762 -0.87783056
vn -0.09577787 0.6846708 -0.722532
v -6.2636986 13.02047 -0.79795045
vn -0.29961267 0.48243067 -0.8230996
v -5.4587584 12.423171 -0.8731604
vt 0.31169152 0.5192434
vn -0.139581 -0.35311365 -0.9251097
v -6.2636986 12.540542 -0.7979504
vt 0.31203002 0.51922715
vn -0.309648 -0.51251245 -0.80090517
v -5.4587584 12.138551 -0.22143044
vt 0.31169152 0.5192827
vn -0.15883264 -0.97517717 -0.15427826
v -6.2636986 12.260331 -0.24200037
vt 0.31203002 0.5192659
vn -0.25385335 -0.9671984 -0.009260665
v -5.458758 12.423131 0.3924095
vn -0.15709703 -0.68385684 0.7125028
v -6.263698 12.540562 0.31755948
vn -0.27768114 -0.49466258 0.82353026
v -6.4558277 12.588731 0.23305957
vt 0.31211078 0.51922053
vn -0.70882744 -0.26641676 0.65313536
v -6.4558277 12.96922 0.23305951
vt 0.31211078 0.51916796
vn -0.71899915 0.4533603 0.5267871
v -6.4558287 13.21286 -0.24200045
vt 0.31211078 0.5191343
vn -0.7041676 0.70311415 -0.09888632
v -6.4558287 12.96924 -0.7134404
vn -0.713307 0.2716217 -0.64607644
v -6.4558287 12.588731 -0.71344036
vn -0.68523586 -0.4739328 -0.55302763
v -6.455828 12.320702 -0.24200036
vt 0.31211078 0.51925755
vn -0.6504727 -0.7535622 0.09502291
v -6.627298 12.767651 -0.24200039
vt 0.3121829 0.5191958
vn -0.9999992 0.00085475895 -0.0009187267
o Mesh_10
g polygon_0
usemtl Joint_0_Object_10_Material_10
f 1751/1206/1780 1753/1208/1782 1752/1207/1781
f 1754/1209/1783 1751/1206/1780 1752/1207/1781
f 1755/1210/1784 1754/1209/1783 1752/1207/1781
f 1755/1210/1784 1752/1207/1781 1756/1211/1785
f 1757/1212/1786 1755/1210/1784 1756/1211/1785
f 1757/1212/1786 1756/1211/1785 1758/1213/1787
f 1759/1214/1788 1757/1212/1786 1758/1213/1787
f 1759/1214/1788 1758/1213/1787 1760/1215/1789
f 1761/1216/1790 1759/1214/1788 1760/1215/1789
f 1761/1216/1790 1760/1215/1789 1762/1217/1791
f 1763/1218/1792 1761/1216/1790 1762/1217/1791
f 1764/1219/1793 1763/1218/1792 1762/1217/1791
f 1764/1219/1793 1762/1217/1791 1765/1220/1794
f 1764/1219/1793 1765/1220/1794 1766/1221/1795
f 1764/1219/1793 1766/1221/1795 1767/1222/1796
f 1764/1219/1793 1767/1222/1796 1768/1223/1797
f 1763/1218/1792 1764/1219/1793 1768/1223/1797
f 1763/1218/1792 1768/1223/1797 1769/1224/1798
f 1763/1218/1792 1769/1224/1798 1770/1225/1799
f 1761/1216/1790 1763/1218/1792 1770/1225/1799
f 1761/1216/1790 1770/1225/1799 1771/1226/1800
f 1761/1216/1790 1771/1226/1800 1772/1227/1801
f 1759/1214/1788 1761/1216/1790 1772/1227/1801
f 1759/1214/1788 1772/1227/1801 1773/1228/1802
f 1757/1212/1786 1759/1214/1788 1773/1228/1802
f 1757/1212/1786 1773/1228/1802 1774/1229/1803
f 1755/1210/1784 1757/1212/1786 1774/1229/1803
f 1755/1210/1784 1774/1229/1803 1775/1230/1804
f 1754/1209/1783 1755/1210/1784 1775/1230/1804
f 1776/1231/1805 1754/1209/1783 1775/1230/1804
f 1777/1232/1806 1776/1231/1805 1775/1230/1804
f 1778/1233/1807 1777/1232/1806 1775/1230/1804
f 1779/1234/1808 1778/1233/1807 1775/1230/1804
f 1779/1234/1808 1775/1230/1804 1774/1229/1803
f 1780/1235/1809 1779/1234/1808 1774/1229/1803
f 1780/1235/1809 1774/1229/1803 1773/1228/1802
f 1781/1236/1810 1780/1235/1809 1773/1228/1802
f 1781/1236/1810 1773/1228/1802 1772/1227/1801
f 1782/1237/1811 1781/1236/1810 1772/1227/1801
f 1782/1237/1811 1772/1227/1801 1771/1226/1800
f 1783/1238/1812 1782/1237/1811 1771/1226/1800
f 1783/1238/1812 1771/1226/1800 1784/1231/1813
f 1785/1232/1814 1783/1238/1812 1784/1231/1813
f 1786/1239/1815 1785/1232/1814 1784/1231/1813
f 1786/1239/1815 1784/1231/1813 1787/1240/1816
f 1788/1241/1817 1786/1239/1815 1787/1240/1816
f 1788/1241/1817 1787/1240/1816 1789/1242/1818
f 1790/1243/1819 1788/1241/1817 1789/1242/1818
f 1790/1243/1819 1789/1242/1818 1791/1244/1820
f 1792/1245/1821 1790/1243/1819 1791/1244/1820
f 1792/1245/1821 1791/1244/1820 1793/1246/1822
f 1794/1247/1823 1792/1245/1821 1793/1246/1822
f 1794/1247/1823 1793/1246/1822 1795/1248/1824
f 1796/1249/1825 1794/1247/1823 1795/1248/1824
f 1777/1232/1806 1796/1249/1825 1795/1248/1824
f 1776/1231/1805 1777/1232/1806 1795/1248/1824
f 1797/1250/1826 1776/1231/1805 1795/1248/1824
f 1798/1251/1827 1797/1250/1826 1795/1248/1824
f 1798/1251/1827 1795/1248/1824 1793/1246/1822
f 1799/1252/1828 1798/1251/1827 1793/1246/1822
f 1799/1252/1828 1793/1246/1822 1791/1244/1820
f 1800/1253/1829 1799/1252/1828 1791/1244/1820
f 1800/1253/1829 1791/1244/1820 1789/1242/1818
f 1769/1224/1798 1800/1253/1829 1789/1242/1818
f 1769/1224/1798 1789/1242/1818 1787/1240/1816
f 1770/1225/1799 1769/1224/1798 1787/1240/1816
f 1770/1225/1799 1787/1240/1816 1784/1231/1813
f 1771/1226/1800 1770/1225/1799 1784/1231/1813
f 1801/1254/1830 1803/1256/1832 1802/1255/1831
f 1804/1257/1833 1801/1254/1830 1802/1255/1831
f 1805/1258/1834 1804/1257/1833 1802/1255/1831
f 1805/1258/1834 1802/1255/1831 1806/1259/1835
f 1807/1260/1836 1805/1258/1834 1806/1259/1835
f 1808/1261/1837 1807/1260/1836 1806/1259/1835
f 1808/1261/1837 1806/1259/1835 1809/1262/1838
f 1810/1260/1839 1808/1261/1837 1809/1262/1838
f 1810/1260/1839 1809/1262/1838 1811/1263/1840
f 1812/1258/1841 1810/1260/1839 1811/1263/1840
f 1812/1258/1841 1811/1263/1840 1813/1264/1842
f 1814/1265/1843 1812/1258/1841 1813/1264/1842
f 1814/1265/1843 1813/1264/1842 1815/1266/1844
f 1816/1267/1845 1814/1265/1843 1815/1266/1844
f 1817/1268/1846 1816/1267/1845 1815/1266/1844
f 1817/1268/1846 1815/1266/1844 1818/1269/1847
f 1819/1270/1848 1817/1268/1846 1818/1269/1847
f 1820/1271/1849 1819/1270/1848 1818/1269/1847
f 1821/1272/1850 1820/1271/1849 1818/1269/1847
f 1822/1273/1851 1821/1272/1850 1818/1269/1847
f 1822/1273/1851 1818/1269/1847 1815/1266/1844
f 1822/1273/1851 1815/1266/1844 1813/1264/1842
f 1823/1274/1852 1822/1273/1851 1813/1264/1842
f 1823/1274/1852 1813/1264/1842 1811/1263/1840
f 1824/1275/1853 1823/1274/1852 1811/1263/1840
f 1766/1221/1795 1824/1275/1853 1811/1263/1840
f 1766/1221/1795 1811/1263/1840 1809/1262/1838
f 1766/1221/1795 1809/1262/1838 1806/1259/1835
f 1767/1222/1796 1766/1221/1795 1806/1259/1835
f 1767/1222/1796 1806/1259/1835 1802/1255/1831
f 1768/1223/1797 1767/1222/1796 1802/1255/1831
f 1768/1223/1797 1802/1255/1831 1803/1256/1832
f 1769/1224/1798 1768/1223/1797 1803/1256/1832
f 1800/1253/1829 1769/1224/1798 1803/1256/1832
f 1800/1253/1829 1803/1256/1832 1801/1254/1830
f 1799/1252/1828 1800/1253/1829 1801/1254/1830
f 1799/1252/1828 1801/1254/1830 1819/1270/1848
f 1798/1251/1827 1799/1252/1828 1819/1270/1848
f 1798/1251/1827 1819/1270/1848 1820/1271/1849
f 1797/1250/1826 1798/1251/1827 1820/1271/1849
f 1825/1276/1854 1797/1250/1826 1820/1271/1849
f 1825/1276/1854 1820/1271/1849 1821/1272/1850
f 1819/1270/1848 1801/1254/1830 1804/1257/1833
f 1817/1268/1846 1819/1270/1848 1804/1257/1833
f 1817/1268/1846 1804/1257/1833 1826/1265/1855
f 1816/1267/1845 1817/1268/1846 1826/1265/1855
f 1816/1267/1845 1826/1265/1855 1827/1277/1856
f 1814/1265/1843 1816/1267/1845 1827/1277/1856
f 1814/1265/1843 1827/1277/1856 1828/1278/1857
f 1812/1258/1841 1814/1265/1843 1828/1278/1857
f 1812/1258/1841 1828/1278/1857 1829/1279/1858
f 1812/1258/1841 1829/1279/1858 1830/1280/1859
f 1810/1260/1839 1812/1258/1841 1830/1280/1859
f 1810/1260/1839 1830/1280/1859 1831/1281/1860
f 1808/1261/1837 1810/1260/1839 1831/1281/1860
f 1807/1260/1836 1808/1261/1837 1831/1281/1860
f 1807/1260/1836 1831/1281/1860 1832/1280/1861
f 1805/1258/1834 1807/1260/1836 1832/1280/1861
f 1805/1258/1834 1832/1280/1861 1833/1279/1862
f 1805/1258/1834 1833/1279/1862 1834/1278/1863
f 1805/1258/1834 1834/1278/1863 1826/1265/1855
f 1804/1257/1833 1805/1258/1834 1826/1265/1855
f 1835/1282/1864 1837/1284/1866 1836/1283/1865
f 1838/1285/1867 1835/1282/1864 1836/1283/1865
f 1838/1285/1867 1836/1283/1865 1839/1286/1868
f 1840/1287/1869 1838/1285/1867 1839/1286/1868
f 1840/1287/1869 1839/1286/1868 1841/1288/1870
f 1842/1289/1871 1840/1287/1869 1841/1288/1870
f 1842/1289/1871 1841/1288/1870 1843/1287/1872
f 1844/1290/1873 1842/1289/1871 1843/1287/1872
f 1845/1291/1874 1844/1290/1873 1843/1287/1872
f 1846/1292/1875 1845/1291/1874 1843/1287/1872
f 1846/1292/1875 1843/1287/1872 1847/1293/1876
f 1848/1294/1877 1846/1292/1875 1847/1293/1876
f 1849/1283/1878 1848/1294/1877 1847/1293/1876
f 1849/1283/1878 1847/1293/1876 1843/1287/1872
f 1850/1286/1879 1849/1283/1878 1843/1287/1872
f 1850/1286/1879 1843/1287/1872 1841/1288/1870
f 1851/1295/1880 1850/1286/1879 1841/1288/1870
f 1851/1295/1880 1841/1288/1870 1839/1286/1868
f 1852/1296/1881 1851/1295/1880 1839/1286/1868
f 1852/1296/1881 1839/1286/1868 1836/1283/1865
f 1853/1297/1882 1852/1296/1881 1836/1283/1865
f 1853/1297/1882 1836/1283/1865 1837/1284/1866
f 1854/1298/1883 1853/1297/1882 1837/1284/1866
f 1855/1299/1884 1854/1298/1883 1837/1284/1866
f 1856/1300/1885 1855/1299/1884 1837/1284/1866
f 1856/1300/1885 1837/1284/1866 1835/1282/1864
f 1856/1300/1885 1835/1282/1864 1857/1301/1886
f 1858/1282/1887 1856/1300/1885 1857/1301/1886
f 1858/1282/1887 1857/1301/1886 1848/1294/1877
f 1858/1282/1887 1848/1294/1877 1849/1283/1878
f 1858/1282/1887 1849/1283/1878 1859/1284/1888
f 1856/1300/1885 1858/1282/1887 1859/1284/1888
f 1855/1299/1884 1856/1300/1885 1859/1284/1888
f 1855/1299/1884 1859/1284/1888 1860/1298/1889
f 1855/1299/1884 1860/1298/1889 1861/1302/1890
f 1854/1298/1883 1855/1299/1884 1861/1302/1890
f 1854/1298/1883 1861/1302/1890 1862/1303/1891
f 1854/1298/1883 1862/1303/1891 1863/1304/1892
f 1853/1297/1882 1854/1298/1883 1863/1304/1892
f 1853/1297/1882 1863/1304/1892 1864/1305/1893
f 1852/1296/1881 1853/1297/1882 1864/1305/1893
f 1852/1296/1881 1864/1305/1893 1865/1306/1894
f 1851/1295/1880 1852/1296/1881 1865/1306/1894
f 1851/1295/1880 1865/1306/1894 1866/1296/1895
f 1850/1286/1879 1851/1295/1880 1866/1296/1895
f 1849/1283/1878 1850/1286/1879 1866/1296/1895
f 1849/1283/1878 1866/1296/1895 1867/1297/1896
f 1859/1284/1888 1849/1283/1878 1867/1297/1896
f 1860/1298/1889 1859/1284/1888 1867/1297/1896
f 1860/1298/1889 1867/1297/1896 1868/1304/1897
f 1869/1307/1898 1860/1298/1889 1868/1304/1897
f 1869/1307/1898 1868/1304/1897 1870/1308/1899
f 1871/1309/1900 1869/1307/1898 1870/1308/1899
f 1872/1310/1901 1871/1309/1900 1870/1308/1899
f 1872/1310/1901 1870/1308/1899 1868/1304/1897
f 1873/1305/1902 1872/1310/1901 1868/1304/1897
f 1873/1305/1902 1868/1304/1897 1867/1297/1896
f 1873/1305/1902 1867/1297/1896 1866/1296/1895
f 1873/1305/1902 1866/1296/1895 1865/1306/1894
f 1874/1311/1903 1873/1305/1902 1865/1306/1894
f 1874/1311/1903 1865/1306/1894 1864/1305/1893
f 1875/1312/1904 1874/1311/1903 1864/1305/1893
f 1875/1312/1904 1864/1305/1893 1863/1304/1892
f 1876/1313/1905 1875/1312/1904 1863/1304/1892
f 1876/1313/1905 1863/1304/1892 1862/1303/1891
f 1876/1313/1905 1862/1303/1891 1877/1314/1906
f 1876/1313/1905 1877/1314/1906 1878/1315/1907
f 1876/1313/1905 1878/1315/1907 1879/1316/1908
f 1875/1312/1904 1876/1313/1905 1879/1316/1908
f 1875/1312/1904 1879/1316/1908 1880/1317/1909
f 1874/1311/1903 1875/1312/1904 1880/1317/1909
f 1874/1311/1903 1880/1317/1909 1881/1318/1910
f 1873/1305/1902 1874/1311/1903 1881/1318/1910
f 1872/1310/1901 1873/1305/1902 1881/1318/1910
f 1872/1310/1901 1881/1318/1910 1882/1313/1911
f 1871/1309/1900 1872/1310/1901 1882/1313/1911
f 1869/1307/1898 1871/1309/1900 1882/1313/1911
f 1869/1307/1898 1882/1313/1911 1883/1303/1912
f 1860/1298/1889 1869/1307/1898 1883/1303/1912
f 1861/1302/1890 1860/1298/1889 1883/1303/1912
f 1861/1302/1890 1883/1303/1912 1884/1319/1913
f 1862/1303/1891 1861/1302/1890 1884/1319/1913
f 1877/1314/1906 1862/1303/1891 1884/1319/1913
f 1877/1314/1906 1884/1319/1913 1834/1278/1863
f 1877/1314/1906 1834/1278/1863 1833/1279/1862
f 1878/1315/1907 1877/1314/1906 1833/1279/1862
f 1879/1316/1908 1878/1315/1907 1833/1279/1862
f 1879/1316/1908 1833/1279/1862 1832/1280/1861
f 1880/1317/1909 1879/1316/1908 1832/1280/1861
f 1880/1317/1909 1832/1280/1861 1831/1281/1860
f 1880/1317/1909 1831/1281/1860 1830/1280/1859
f 1881/1318/1910 1880/1317/1909 1830/1280/1859
f 1882/1313/1911 1881/1318/1910 1830/1280/1859
f 1882/1313/1911 1830/1280/1859 1829/1279/1858
f 1882/1313/1911 1829/1279/1858 1828/1278/1857
f 1883/1303/1912 1882/1313/1911 1828/1278/1857
f 1884/1319/1913 1883/1303/1912 1828/1278/1857
f 1884/1319/1913 1828/1278/1857 1827/1277/1856
f 1834/1278/1863 1884/1319/1913 1827/1277/1856
f 1834/1278/1863 1827/1277/1856 1826/1265/1855
f 1885/1320/1914 1887/1322/1916 1886/1321/1915
f 1888/1323/1917 1885/1320/1914 1886/1321/1915
f 1889/1324/1918 1888/1323/1917 1886/1321/1915
f 1890/1325/1919 1889/1324/1918 1886/1321/1915
f 1890/1325/1919 1886/1321/1915 1887/1322/1916
f 1891/1326/1920 1890/1325/1919 1887/1322/1916
f 1891/1326/1920 1887/1322/1916 1885/1320/1914
f 1891/1326/1920 1885/1320/1914 1892/1327/1921
f 1890/1325/1919 1891/1326/1920 1892/1327/1921
f 1890/1325/1919 1892/1327/1921 1893/1328/1922
f 1889/1324/1918 1890/1325/1919 1893/1328/1922
f 1894/1329/1923 1889/1324/1918 1893/1328/1922
f 1894/1329/1923 1893/1328/1922 1892/1327/1921
f 1895/1330/1924 1894/1329/1923 1892/1327/1921
f 1895/1330/1924 1892/1327/1921 1896/1331/1925
f 1895/1330/1924 1896/1331/1925 1897/1332/1926
f 1898/1333/1927 1895/1330/1924 1897/1332/1926
f 1898/1333/1927 1897/1332/1926 1899/1334/1928
f 1900/1335/1929 1898/1333/1927 1899/1334/1928
f 1901/1336/1930 1900/1335/1929 1899/1334/1928
f 1902/1337/1931 1901/1336/1930 1899/1334/1928
f 1902/1337/1931 1899/1334/1928 1897/1332/1926
f 1903/1338/1932 1902/1337/1931 1897/1332/1926
f 1903/1338/1932 1897/1332/1926 1896/1331/1925
f 1903/1338/1932 1896/1331/1925 1904/1339/1933
f 1905/1340/1934 1903/1338/1932 1904/1339/1933
f 1905/1340/1934 1904/1339/1933 1906/1341/1935
f 1907/1342/1936 1905/1340/1934 1906/1341/1935
f 1907/1342/1936 1906/1341/1935 1908/1343/1937
f 1907/1342/1936 1908/1343/1937 1909/1344/1938
f 1910/1345/1939 1907/1342/1936 1909/1344/1938
f 1910/1345/1939 1909/1344/1938 1911/1346/1940
f 1910/1345/1939 1911/1346/1940 1889/1324/1918
f 1910/1345/1939 1889/1324/1918 1894/1329/1923
f 1912/1347/1941 1910/1345/1939 1894/1329/1923
f 1912/1347/1941 1894/1329/1923 1895/1330/1924
f 1912/1347/1941 1895/1330/1924 1898/1333/1927
f 1912/1347/1941 1898/1333/1927 1913/1348/1942
f 1912/1347/1941 1913/1348/1942 1914/1294/1943
f 1912/1347/1941 1914/1294/1943 1915/1349/1944
f 1910/1345/1939 1912/1347/1941 1915/1349/1944
f 1910/1345/1939 1915/1349/1944 1916/1350/1945
f 1907/1342/1936 1910/1345/1939 1916/1350/1945
f 1905/1340/1934 1907/1342/1936 1916/1350/1945
f 1905/1340/1934 1916/1350/1945 1917/1351/1946
f 1903/1338/1932 1905/1340/1934 1917/1351/1946
f 1902/1337/1931 1903/1338/1932 1917/1351/1946
f 1902/1337/1931 1917/1351/1946 1918/1352/1947
f 1901/1336/1930 1902/1337/1931 1918/1352/1947
f 1901/1336/1930 1918/1352/1947 1919/1353/1948
f 1900/1335/1929 1901/1336/1930 1919/1353/1948
f 1900/1335/1929 1919/1353/1948 1920/1354/1949
f 1898/1333/1927 1900/1335/1929 1920/1354/1949
f 1913/1348/1942 1898/1333/1927 1920/1354/1949
f 1913/1348/1942 1920/1354/1949 1848/1294/1877
f 1913/1348/1942 1848/1294/1877 1857/1301/1886
f 1914/1294/1943 1913/1348/1942 1857/1301/1886
f 1914/1294/1943 1857/1301/1886 1835/1282/1864
f 1914/1294/1943 1835/1282/1864 1838/1285/1867
f 1915/1349/1944 1914/1294/1943 1838/1285/1867
f 1915/1349/1944 1838/1285/1867 1840/1287/1869
f 1916/1350/1945 1915/1349/1944 1840/1287/1869
f 1916/1350/1945 1840/1287/1869 1842/1289/1871
f 1917/1351/1946 1916/1350/1945 1842/1289/1871
f 1917/1351/1946 1842/1289/1871 1844/1290/1873
f 1918/1352/1947 1917/1351/1946 1844/1290/1873
f 1919/1353/1948 1918/1352/1947 1844/1290/1873
f 1919/1353/1948 1844/1290/1873 1845/1291/1874
f 1921/1355/1950 1919/1353/1948 1845/1291/1874
f 1922/1356/1951 1921/1355/1950 1845/1291/1874
f 1922/1356/1951 1845/1291/1874 1846/1292/1875
f 1922/1356/1951 1846/1292/1875 1923/1357/1952
f 1921/1355/1950 1922/1356/1951 1923/1357/1952
f 1919/1353/1948 1921/1355/1950 1923/1357/1952
f 1920/1354/1949 1919/1353/1948 1923/1357/1952
f 1848/1294/1877 1920/1354/1949 1923/1357/1952
f 1848/1294/1877 1923/1357/1952 1846/1292/1875
f 1892/1327/1921 1885/1320/1914 1888/1323/1917
f 1896/1331/1925 1892/1327/1921 1888/1323/1917
f 1896/1331/1925 1888/1323/1917 1924/1358/1953
f 1904/1339/1933 1896/1331/1925 1924/1358/1953
f 1904/1339/1933 1924/1358/1953 1925/1359/1954
f 1906/1341/1935 1904/1339/1933 1925/1359/1954
f 1906/1341/1935 1925/1359/1954 1926/1360/1955
f 1906/1341/1935 1926/1360/1955 1927/1361/1956
f 1906/1341/1935 1927/1361/1956 1928/1362/1957
f 1908/1343/1937 1906/1341/1935 1928/1362/1957
f 1908/1343/1937 1928/1362/1957 1929/1363/1958
f 1909/1344/1938 1908/1343/1937 1929/1363/1958
f 1925/1359/1954 1909/1344/1938 1929/1363/1958
f 1926/1360/1955 1925/1359/1954 1929/1363/1958
f 1926/1360/1955 1929/1363/1958 1930/1364/1959
f 1927/1361/1956 1926/1360/1955 1930/1364/1959
f 1928/1362/1957 1927/1361/1956 1930/1364/1959
f 1928/1362/1957 1930/1364/1959 1929/1363/1958
f 1909/1344/1938 1925/1359/1954 1931/1365/1960
f 1911/1346/1940 1909/1344/1938 1931/1365/1960
f 1911/1346/1940 1931/1365/1960 1932/1366/1961
f 1924/1358/1953 1911/1346/1940 1932/1366/1961
f 1924/1358/1953 1932/1366/1961 1933/1367/1962
f 1924/1358/1953 1933/1367/1962 1934/1368/1963
f 1925/1359/1954 1924/1358/1953 1934/1368/1963
f 1931/1365/1960 1925/1359/1954 1934/1368/1963
f 1931/1365/1960 1934/1368/1963 1935/1369/1964
f 1932/1366/1961 1931/1365/1960 1935/1369/1964
f 1933/1367/1962 1932/1366/1961 1935/1369/1964
f 1933/1367/1962 1935/1369/1964 1934/1368/1963
f 1911/1346/1940 1924/1358/1953 1936/1370/1965
f 1911/1346/1940 1936/1370/1965 1937/1371/1966
f 1889/1324/1918 1911/1346/1940 1937/1371/1966
f 1888/1323/1917 1889/1324/1918 1937/1371/1966
f 1888/1323/1917 1937/1371/1966 1938/1372/1967
f 1924/1358/1953 1888/1323/1917 1938/1372/1967
f 1924/1358/1953 1938/1372/1967 1939/1373/1968
f 1936/1370/1965 1924/1358/1953 1939/1373/1968
f 1936/1370/1965 1939/1373/1968 1940/1374/1969
f 1937/1371/1966 1936/1370/1965 1940/1374/1969
f 1938/1372/1967 1937/1371/1966 1940/1374/1969
f 1938/1372/1967 1940/1374/1969 1939/1373/1968
f 1941/1375/1970 1943/1377/1972 1942/1376/1971
f 1941/1375/1970 1942/1376/1971 1944/1378/1973
f 1945/1379/1974 1941/1375/1970 1944/1378/1973
f 1945/1379/1974 1944/1378/1973 1946/1380/1975
f 1947/1381/1976 1945/1379/1974 1946/1380/1975
f 1948/1382/1977 1947/1381/1976 1946/1380/1975
f 1948/1382/1977 1946/1380/1975 1949/1383/1978
f 1950/1384/1979 1952/1386/1981 1951/1385/1980
f 1953/1387/1982 1950/1384/1979 1951/1385/1980
f 1953/1387/1982 1951/1385/1980 1954/1388/1983
f 1955/1389/1984 1953/1387/1982 1954/1388/1983
f 1955/1389/1984 1954/1388/1983 1956/1390/1985
f 1957/1391/1986 1955/1389/1984 1956/1390/1985
f 1958/1392/1987 1957/1391/1986 1956/1390/1985
f 1958/1392/1987 1956/1390/1985 1959/1393/1988
f 1960/1394/1989 1958/1392/1987 1959/1393/1988
f 1960/1394/1989 1959/1393/1988 1961/1395/1990
f 1962/1396/1991 1960/1394/1989 1961/1395/1990
f 1962/1396/1991 1961/1395/1990 1963/1397/1992
f 1962/1396/1991 1963/1397/1992 1964/1398/1993
f 1965/1399/1994 1962/1396/1991 1964/1398/1993
f 1965/1399/1994 1964/1398/1993 1966/1400/1995
f 1967/1401/1996 1965/1399/1994 1966/1400/1995
f 1968/1402/1997 1967/1401/1996 1966/1400/1995
f 1968/1402/1997 1966/1400/1995 1969/1403/1998
f 1970/1404/1999 1968/1402/1997 1969/1403/1998
f 1970/1404/1999 1969/1403/1998 1971/1405/2000
f 1970/1404/1999 1971/1405/2000 1972/1406/2001
f 1973/1407/2002 1970/1404/1999 1972/1406/2001
f 1973/1407/2002 1972/1406/2001 1974/1408/2003
f 1975/1409/2004 1973/1407/2002 1974/1408/2003
f 1975/1409/2004 1974/1408/2003 1976/1410/2005
f 1796/1249/1825 1978/1412/2007 1977/1411/2006
f 1794/1247/1823 1796/1249/1825 1977/1411/2006
f 1794/1247/1823 1977/1411/2006 1979/1413/2008
f 1792/1245/1821 1794/1247/1823 1979/1413/2008
f 1790/1243/1819 1792/1245/1821 1979/1413/2008
f 1790/1243/1819 1979/1413/2008 1980/1414/2009
f 1788/1241/1817 1790/1243/1819 1980/1414/2009
f 1788/1241/1817 1980/1414/2009 1981/1415/2010
f 1786/1239/1815 1788/1241/1817 1981/1415/2010
f 1786/1239/1815 1981/1415/2010 1982/1416/2011
f 1785/1232/1814 1786/1239/1815 1982/1416/2011
f 1785/1232/1814 1982/1416/2011 1983/1417/2012
f 1785/1232/1814 1983/1417/2012 1984/1418/2013
f 1783/1238/1812 1785/1232/1814 1984/1418/2013
f 1783/1238/1812 1984/1418/2013 1985/1419/2014
f 1782/1237/1811 1783/1238/1812 1985/1419/2014
f 1782/1237/1811 1985/1419/2014 1986/1420/2015
f 1781/1236/1810 1782/1237/1811 1986/1420/2015
f 1781/1236/1810 1986/1420/2015 1987/1421/2016
f 1780/1235/1809 1781/1236/1810 1987/1421/2016
f 1779/1234/1808 1780/1235/1809 1987/1421/2016
f 1779/1234/1808 1987/1421/2016 1988/1422/2017
f 1778/1233/1807 1779/1234/1808 1988/1422/2017
f 1778/1233/1807 1988/1422/2017 1989/1423/2018
f 1778/1233/1807 1989/1423/2018 1990/1424/2019
f 1777/1232/1806 1778/1233/1807 1990/1424/2019
f 1796/1249/1825 1777/1232/1806 1990/1424/2019
f 1978/1412/2007 1796/1249/1825 1990/1424/2019
f 1978/1412/2007 1990/1424/2019 1991/1425/2020
f 1992/1426/2021 1978/1412/2007 1991/1425/2020
f 1992/1426/2021 1991/1425/2020 1993/1427/2022
f 1992/1426/2021 1993/1427/2022 1994/1428/2023
f 1992/1426/2021 1994/1428/2023 1995/1429/2024
f 1978/1412/2007 1992/1426/2021 1995/1429/2024
f 1977/1411/2006 1978/1412/2007 1995/1429/2024
f 1977/1411/2006 1995/1429/2024 1996/1430/2025
f 1977/1411/2006 1996/1430/2025 1997/1431/2026
f 1979/1413/2008 1977/1411/2006 1997/1431/2026
f 1980/1414/2009 1979/1413/2008 1997/1431/2026
f 1980/1414/2009 1997/1431/2026 1998/1430/2027
f 1980/1414/2009 1998/1430/2027 1999/1429/2028
f 1981/1415/2010 1980/1414/2009 1999/1429/2028
f 2000/1432/2029 1981/1415/2010 1999/1429/2028
f 2000/1432/2029 1999/1429/2028 2001/1428/2030
f 2002/1433/2031 2000/1432/2029 2001/1428/2030
f 2002/1433/2031 2001/1428/2030 2003/1434/2032
f 1961/1395/1990 2002/1433/2031 2003/1434/2032
f 1963/1397/1992 1961/1395/1990 2003/1434/2032
f 1964/1398/1993 1963/1397/1992 2003/1434/2032
f 2004/1435/2033 1964/1398/1993 2003/1434/2032
f 2004/1435/2033 2003/1434/2032 2001/1428/2030
f 2005/1436/2034 2004/1435/2033 2001/1428/2030
f 2005/1436/2034 2001/1428/2030 1999/1429/2028
f 2006/1437/2035 2005/1436/2034 1999/1429/2028
f 2006/1437/2035 1999/1429/2028 1998/1430/2027
f 2007/1381/2036 2006/1437/2035 1998/1430/2027
f 2007/1381/2036 1998/1430/2027 1997/1431/2026
f 1948/1382/1977 2007/1381/2036 1997/1431/2026
f 1947/1381/1976 1948/1382/1977 1997/1431/2026
f 1947/1381/1976 1997/1431/2026 1996/1430/2025
f 2008/1437/2037 1947/1381/1976 1996/1430/2025
f 2008/1437/2037 1996/1430/2025 1995/1429/2024
f 2009/1436/2038 2008/1437/2037 1995/1429/2024
f 2009/1436/2038 1995/1429/2024 1994/1428/2023
f 2010/1435/2039 2009/1436/2038 1994/1428/2023
f 2010/1435/2039 1994/1428/2023 2011/1434/2040
f 1964/1398/1993 2010/1435/2039 2011/1434/2040
f 1966/1400/1995 1964/1398/1993 2011/1434/2040
f 1966/1400/1995 2011/1434/2040 1969/1403/1998
f 2012/1438/2041 2011/1434/2040 1994/1428/2023
f 2013/1439/2042 2012/1438/2041 1994/1428/2023
f 2013/1439/2042 1994/1428/2023 1993/1427/2022
f 2014/1440/2043 2013/1439/2042 1993/1427/2022
f 2014/1440/2043 1993/1427/2022 1991/1425/2020
f 2015/1441/2044 2014/1440/2043 1991/1425/2020
f 2016/1442/2045 2015/1441/2044 1991/1425/2020
f 1989/1423/2018 2016/1442/2045 1991/1425/2020
f 1989/1423/2018 1991/1425/2020 1990/1424/2019
f 2017/1443/2046 1985/1419/2014 1984/1418/2013
f 2018/1444/2047 2017/1443/2046 1984/1418/2013
f 2018/1444/2047 1984/1418/2013 1983/1417/2012
f 2019/1445/2048 2018/1444/2047 1983/1417/2012
f 2020/1446/2049 2019/1445/2048 1983/1417/2012
f 2020/1446/2049 1983/1417/2012 1982/1416/2011
f 2000/1432/2029 2020/1446/2049 1982/1416/2011
f 2000/1432/2029 1982/1416/2011 1981/1415/2010
f 2020/1446/2049 2000/1432/2029 2002/1433/2031
f 2021/1447/2050 2020/1446/2049 2002/1433/2031
f 2021/1447/2050 2002/1433/2031 1961/1395/1990
f 2021/1447/2050 1961/1395/1990 1959/1393/1988
f 2022/1448/2051 2021/1447/2050 1959/1393/1988
f 2022/1448/2051 1959/1393/1988 1956/1390/1985
f 2022/1448/2051 1956/1390/1985 1954/1388/1983
f 2023/1449/2052 2022/1448/2051 1954/1388/1983
f 2023/1449/2052 1954/1388/1983 1951/1385/1980
f 2023/1449/2052 1951/1385/1980 2024/1450/2053
f 2018/1444/2047 2023/1449/2052 2024/1450/2053
f 2018/1444/2047 2024/1450/2053 2017/1443/2046
f 2023/1449/2052 2018/1444/2047 2019/1445/2048
f 2022/1448/2051 2023/1449/2052 2019/1445/2048
f 2021/1447/2050 2022/1448/2051 2019/1445/2048
f 2021/1447/2050 2019/1445/2048 2020/1446/2049
f 2014/1440/2043 2015/1441/2044 2025/1451/2054
f 2014/1440/2043 2025/1451/2054 2026/1452/2055
f 2013/1439/2042 2014/1440/2043 2026/1452/2055
f 2012/1438/2041 2013/1439/2042 2026/1452/2055
f 2027/1453/2056 2012/1438/2041 2026/1452/2055
f 2028/1454/2057 2027/1453/2056 2026/1452/2055
f 2028/1454/2057 2026/1452/2055 2025/1451/2054
f 1821/1272/1850 2030/1456/2059 2029/1455/2058
f 1825/1276/1854 1821/1272/1850 2029/1455/2058
f 1825/1276/1854 2029/1455/2058 2031/1457/2060
f 1797/1250/1826 1825/1276/1854 2031/1457/2060
f 1797/1250/1826 2031/1457/2060 2032/1458/2061
f 1776/1231/1805 1797/1250/1826 2032/1458/2061
f 1754/1209/1783 1776/1231/1805 2032/1458/2061
f 1754/1209/1783 2032/1458/2061 2033/1459/2062
f 1751/1206/1780 1754/1209/1783 2033/1459/2062
f 1751/1206/1780 2033/1459/2062 2034/1460/2063
f 1753/1208/1782 1751/1206/1780 2034/1460/2063
f 1753/1208/1782 2034/1460/2063 2035/1461/2064
f 2036/1462/2065 2038/1464/2067 2037/1463/2066
f 2039/1465/2068 2036/1462/2065 2037/1463/2066
f 2039/1465/2068 2037/1463/2066 2040/1464/2069
f 2041/1466/2070 2039/1465/2068 2040/1464/2069
f 2042/1467/2071 2041/1466/2070 2040/1464/2069
f 2043/1468/2072 2042/1467/2071 2040/1464/2069
f 2043/1468/2072 2040/1464/2069 2037/1463/2066
f 2044/1469/2073 2043/1468/2072 2037/1463/2066
f 2045/1468/2074 2044/1469/2073 2037/1463/2066
f 2045/1468/2074 2037/1463/2066 2038/1464/2067
f 2046/1467/2075 2045/1468/2074 2038/1464/2067
f 2047/1470/2076 2046/1467/2075 2038/1464/2067
f 1941/1375/1970 2047/1470/2076 2038/1464/2067
f 1943/1377/1972 1941/1375/1970 2038/1464/2067
f 1943/1377/1972 2038/1464/2067 2036/1462/2065
f 1943/1377/1972 2036/1462/2065 2048/1471/2077
f 1943/1377/1972 2048/1471/2077 2049/1472/2078
f 1942/1376/1971 1943/1377/1972 2049/1472/2078
f 1942/1376/1971 2049/1472/2078 2050/1473/2079
f 1944/1378/1973 1942/1376/1971 2050/1473/2079
f 1944/1378/1973 2050/1473/2079 2051/1474/2080
f 1946/1380/1975 1944/1378/1973 2051/1474/2080
f 1946/1380/1975 2051/1474/2080 2052/1475/2081
f 1949/1383/1978 1946/1380/1975 2052/1475/2081
f 1949/1383/1978 2052/1475/2081 2053/1476/2082
f 1949/1383/1978 2053/1476/2082 2054/1477/2083
f 1948/1382/1977 1949/1383/1978 2054/1477/2083
f 2007/1381/2036 1948/1382/1977 2054/1477/2083
f 2007/1381/2036 2054/1477/2083 2041/1466/2070
f 2007/1381/2036 2041/1466/2070 2042/1467/2071
f 2006/1437/2035 2007/1381/2036 2042/1467/2071
f 2005/1436/2034 2006/1437/2035 2042/1467/2071
f 2005/1436/2034 2042/1467/2071 2043/1468/2072
f 2004/1435/2033 2005/1436/2034 2043/1468/2072
f 2004/1435/2033 2043/1468/2072 2044/1469/2073
f 1964/1398/1993 2004/1435/2033 2044/1469/2073
f 2010/1435/2039 1964/1398/1993 2044/1469/2073
f 2010/1435/2039 2044/1469/2073 2045/1468/2074
f 2009/1436/2038 2010/1435/2039 2045/1468/2074
f 2009/1436/2038 2045/1468/2074 2046/1467/2075
f 2008/1437/2037 2009/1436/2038 2046/1467/2075
f 1947/1381/1976 2008/1437/2037 2046/1467/2075
f 1947/1381/1976 2046/1467/2075 2047/1470/2076
f 1945/1379/1974 1947/1381/1976 2047/1470/2076
f 1945/1379/1974 2047/1470/2076 1941/1375/1970
f 2036/1462/2065 2039/1465/2068 2055/1478/2084
f 2048/1471/2077 2036/1462/2065 2055/1478/2084
f 2048/1471/2077 2055/1478/2084 2056/1479/2085
f 2048/1471/2077 2056/1479/2085 2057/1480/2086
f 2049/1472/2078 2048/1471/2077 2057/1480/2086
f 2049/1472/2078 2057/1480/2086 2058/1481/2087
f 2049/1472/2078 2058/1481/2087 2059/1482/2088
f 2050/1473/2079 2049/1472/2078 2059/1482/2088
f 2050/1473/2079 2059/1482/2088 2060/1483/2089
f 2051/1474/2080 2050/1473/2079 2060/1483/2089
f 2051/1474/2080 2060/1483/2089 2061/1484/2090
f 2051/1474/2080 2061/1484/2090 2062/1485/2091
f 2052/1475/2081 2051/1474/2080 2062/1485/2091
f 2053/1476/2082 2052/1475/2081 2062/1485/2091
f 2053/1476/2082 2062/1485/2091 2063/1486/2092
f 2053/1476/2082 2063/1486/2092 2064/1487/2093
f 2054/1477/2083 2053/1476/2082 2064/1487/2093
f 2041/1466/2070 2054/1477/2083 2064/1487/2093
f 2039/1465/2068 2041/1466/2070 2064/1487/2093
f 2055/1478/2084 2039/1465/2068 2064/1487/2093
f 2056/1479/2085 2055/1478/2084 2064/1487/2093
f 2065/1473/2094 2056/1479/2085 2064/1487/2093
f 2065/1473/2094 2064/1487/2093 2063/1486/2092
f 2066/1482/2095 2065/1473/2094 2063/1486/2092
f 2067/1488/2096 2066/1482/2095 2063/1486/2092
f 2067/1488/2096 2063/1486/2092 2062/1485/2091
f 2067/1488/2096 2062/1485/2091 2061/1484/2090
f 2068/1489/2097 2067/1488/2096 2061/1484/2090
f 2069/1490/2098 2068/1489/2097 2061/1484/2090
f 2069/1490/2098 2061/1484/2090 2060/1483/2089
f 2070/1489/2099 2069/1490/2098 2060/1483/2089
f 2070/1489/2099 2060/1483/2089 2059/1482/2088
f 2071/1491/2100 2070/1489/2099 2059/1482/2088
f 2071/1491/2100 2059/1482/2088 2058/1481/2087
f 2072/1492/2101 2071/1491/2100 2058/1481/2087
f 2073/1493/2102 2072/1492/2101 2058/1481/2087
f 2073/1493/2102 2058/1481/2087 2057/1480/2086
f 2073/1493/2102 2057/1480/2086 2056/1479/2085
f 2074/1494/2103 2073/1493/2102 2056/1479/2085
f 2074/1494/2103 2056/1479/2085 2065/1473/2094
f 2074/1494/2103 2065/1473/2094 2066/1482/2095
f 2075/1492/2104 2074/1494/2103 2066/1482/2095
f 2076/1491/2105 2075/1492/2104 2066/1482/2095
f 2076/1491/2105 2066/1482/2095 2067/1488/2096
f 2076/1491/2105 2067/1488/2096 2068/1489/2097
f 2077/1495/2106 2076/1491/2105 2068/1489/2097
f 2077/1495/2106 2068/1489/2097 2069/1490/2098
f 2077/1495/2106 2069/1490/2098 2070/1489/2099
f 2077/1495/2106 2070/1489/2099 2071/1491/2100
f 2077/1495/2106 2071/1491/2100 2072/1492/2101
f 2078/1496/2107 2077/1495/2106 2072/1492/2101
f 2078/1496/2107 2072/1492/2101 2073/1493/2102
f 2078/1496/2107 2073/1493/2102 2074/1494/2103
f 2078/1496/2107 2074/1494/2103 2075/1492/2104
f 2077/1495/2106 2078/1496/2107 2075/1492/2104
f 2077/1495/2106 2075/1492/2104 2076/1491/2105
f 2079/1497/2108 2081/1499/2110 2080/1498/2109
f 2082/1500/2111 2079/1497/2108 2080/1498/2109
f 2082/1500/2111 2080/1498/2109 2083/1501/2112
f 2084/1502/2113 2082/1500/2111 2083/1501/2112
f 2084/1502/2113 2083/1501/2112 2085/1503/2114
f 2086/1500/2115 2084/1502/2113 2085/1503/2114
f 2086/1500/2115 2085/1503/2114 2087/1501/2116
f 2088/1497/2117 2086/1500/2115 2087/1501/2116
f 2088/1497/2117 2087/1501/2116 2089/1498/2118
f 2090/1504/2119 2088/1497/2117 2089/1498/2118
f 2090/1504/2119 2089/1498/2118 2081/1499/2110
f 2090/1504/2119 2081/1499/2110 2079/1497/2108
f 2091/1505/2120 2090/1504/2119 2079/1497/2108
f 2092/1506/2121 2091/1505/2120 2079/1497/2108
f 2092/1506/2121 2079/1497/2108 2082/1500/2111
f 2093/1507/2122 2092/1506/2121 2082/1500/2111
f 2093/1507/2122 2082/1500/2111 2084/1502/2113
f 2094/1506/2123 2093/1507/2122 2084/1502/2113
f 2094/1506/2123 2084/1502/2113 2086/1500/2115
f 2095/1505/2124 2094/1506/2123 2086/1500/2115
f 2095/1505/2124 2086/1500/2115 2088/1497/2117
f 2096/1508/2125 2095/1505/2124 2088/1497/2117
f 2096/1508/2125 2088/1497/2117 2090/1504/2119
f 2096/1508/2125 2090/1504/2119 2091/1505/2120
f 2097/1509/2126 2096/1508/2125 2091/1505/2120
f 2097/1509/2126 2091/1505/2120 2092/1506/2121
f 2097/1509/2126 2092/1506/2121 2093/1507/2122
f 2097/1509/2126 2093/1507/2122 2094/1506/2123
f 2097/1509/2126 2094/1506/2123 2095/1505/2124
f 2096/1508/2125 2097/1509/2126 2095/1505/2124
f 2030/1456/2059 1821/1272/1850 1822/1273/1851
f 2030/1456/2059 1822/1273/1851 1823/1274/1852
f 2098/1510/2127 2030/1456/2059 1823/1274/1852
f 2098/1510/2127 1823/1274/1852 2035/1461/2064
f 2098/1510/2127 2035/1461/2064 2099/1511/2128
f 2030/1456/2059 2098/1510/2127 2099/1511/2128
f 2030/1456/2059 2099/1511/2128 2100/1512/2129
f 2029/1455/2058 2030/1456/2059 2100/1512/2129
f 2029/1455/2058 2100/1512/2129 2101/1513/2130
f 2031/1457/2060 2029/1455/2058 2101/1513/2130
f 2031/1457/2060 2101/1513/2130 2102/1514/2131
f 2032/1458/2061 2031/1457/2060 2102/1514/2131
f 2033/1459/2062 2032/1458/2061 2102/1514/2131
f 2033/1459/2062 2102/1514/2131 2103/1515/2132
f 2034/1460/2063 2033/1459/2062 2103/1515/2132
f 2034/1460/2063 2103/1515/2132 2104/1516/2133
f 2035/1461/2064 2034/1460/2063 2104/1516/2133
f 2099/1511/2128 2035/1461/2064 2104/1516/2133
f 2099/1511/2128 2104/1516/2133 2105/1517/2134
f 2100/1512/2129 2099/1511/2128 2105/1517/2134
f 2100/1512/2129 2105/1517/2134 2106/1518/2135
f 2101/1513/2130 2100/1512/2129 2106/1518/2135
f 2101/1513/2130 2106/1518/2135 2107/1519/2136
f 2101/1513/2130 2107/1519/2136 2108/1520/2137
f 2102/1514/2131 2101/1513/2130 2108/1520/2137
f 2103/1515/2132 2102/1514/2131 2108/1520/2137
f 2103/1515/2132 2108/1520/2137 2109/1521/2138
f 2103/1515/2132 2109/1521/2138 2110/1522/2139
f 2104/1516/2133 2103/1515/2132 2110/1522/2139
f 2105/1517/2134 2104/1516/2133 2110/1522/2139
f 2105/1517/2134 2110/1522/2139 2111/1523/2140
f 2106/1518/2135 2105/1517/2134 2111/1523/2140
f 2112/1524/2141 2106/1518/2135 2111/1523/2140
f 2112/1524/2141 2111/1523/2140 2110/1522/2139
f 2113/1525/2142 2112/1524/2141 2110/1522/2139
f 2113/1525/2142 2110/1522/2139 2109/1521/2138
f 2114/1526/2143 2113/1525/2142 2109/1521/2138
f 2115/1527/2144 2114/1526/2143 2109/1521/2138
f 2115/1527/2144 2109/1521/2138 2108/1520/2137
f 2115/1527/2144 2108/1520/2137 2107/1519/2136
f 2116/1528/2145 2115/1527/2144 2107/1519/2136
f 2117/1529/2146 2116/1528/2145 2107/1519/2136
f 2117/1529/2146 2107/1519/2136 2106/1518/2135
f 2117/1529/2146 2106/1518/2135 2112/1524/2141
f 2118/1530/2147 2117/1529/2146 2112/1524/2141
f 2118/1530/2147 2112/1524/2141 2113/1525/2142
f 2118/1530/2147 2113/1525/2142 2119/1531/2148
f 2117/1529/2146 2118/1530/2147 2119/1531/2148
f 2117/1529/2146 2119/1531/2148 2120/1532/2149
f 2116/1528/2145 2117/1529/2146 2120/1532/2149
f 2116/1528/2145 2120/1532/2149 2121/1533/2150
f 2116/1528/2145 2121/1533/2150 2122/1534/2151
f 2116/1528/2145 2122/1534/2151 2123/1535/2152
f 2115/1527/2144 2116/1528/2145 2123/1535/2152
f 2114/1526/2143 2115/1527/2144 2123/1535/2152
f 2114/1526/2143 2123/1535/2152 2122/1534/2151
f 2124/1536/2153 2114/1526/2143 2122/1534/2151
f 2125/1537/2154 2124/1536/2153 2122/1534/2151
f 2125/1537/2154 2122/1534/2151 2121/1533/2150
f 2125/1537/2154 2121/1533/2150 2126/1538/2155
f 2124/1536/2153 2125/1537/2154 2126/1538/2155
f 2127/1539/2156 2124/1536/2153 2126/1538/2155
f 2128/1540/2157 2127/1539/2156 2126/1538/2155
f 2129/1541/2158 2128/1540/2157 2126/1538/2155
f 2129/1541/2158 2126/1538/2155 2121/1533/2150
f 2129/1541/2158 2121/1533/2150 2130/1542/2159
f 2131/1543/2160 2129/1541/2158 2130/1542/2159
f 2132/1544/2161 2131/1543/2160 2130/1542/2159
f 2133/1545/2162 2132/1544/2161 2130/1542/2159
f 2120/1532/2149 2133/1545/2162 2130/1542/2159
f 2120/1532/2149 2130/1542/2159 2121/1533/2150
f 2133/1545/2162 2120/1532/2149 2119/1531/2148
f 2134/1546/2163 2133/1545/2162 2119/1531/2148
f 2134/1546/2163 2119/1531/2148 2113/1525/2142
f 2134/1546/2163 2113/1525/2142 2114/1526/2143
f 2134/1546/2163 2114/1526/2143 2124/1536/2153
f 2135/1547/2164 2134/1546/2163 2124/1536/2153
f 2135/1547/2164 2124/1536/2153 2127/1539/2156
f 2135/1547/2164 2127/1539/2156 2136/1548/2165
f 2135/1547/2164 2136/1548/2165 2132/1544/2161
f 2135/1547/2164 2132/1544/2161 2133/1545/2162
f 2134/1546/2163 2135/1547/2164 2133/1545/2162
f 1976/1410/2005 2137/1549/2166 1950/1384/1979
f 2138/1550/2167 1976/1410/2005 1950/1384/1979
f 2139/1551/2168 2138/1550/2167 1950/1384/1979
f 2139/1551/2168 1950/1384/1979 1953/1387/1982
f 2140/1552/2169 2139/1551/2168 1953/1387/1982
f 2141/1553/2170 2140/1552/2169 1953/1387/1982
f 2141/1553/2170 1953/1387/1982 1955/1389/1984
f 2142/1554/2171 2141/1553/2170 1955/1389/1984
f 2142/1554/2171 1955/1389/1984 1957/1391/1986
f 2143/1555/2172 2142/1554/2171 1957/1391/1986
f 2144/1556/2173 2143/1555/2172 1957/1391/1986
f 2144/1556/2173 1957/1391/1986 1958/1392/1987
f 2145/1557/2174 2144/1556/2173 1958/1392/1987
f 2145/1557/2174 1958/1392/1987 1960/1394/1989
f 2146/1558/2175 2145/1557/2174 1960/1394/1989
f 2147/1559/2176 2146/1558/2175 1960/1394/1989
f 2147/1559/2176 1960/1394/1989 1962/1396/1991
f 2148/1560/2177 2147/1559/2176 1962/1396/1991
f 2148/1560/2177 1962/1396/1991 1965/1399/1994
f 2149/1561/2178 2148/1560/2177 1965/1399/1994
f 2149/1561/2178 1965/1399/1994 1967/1401/1996
f 2150/1562/2179 2149/1561/2178 1967/1401/1996
f 2150/1562/2179 1967/1401/1996 1968/1402/1997
f 2151/1563/2180 2150/1562/2179 1968/1402/1997
f 2151/1563/2180 1968/1402/1997 1970/1404/1999
f 2151/1563/2180 1970/1404/1999 1973/1407/2002
f 2152/1564/2181 2151/1563/2180 1973/1407/2002
f 2152/1564/2181 1973/1407/2002 1975/1409/2004
f 2153/1565/2182 2152/1564/2181 1975/1409/2004
f 2153/1565/2182 1975/1409/2004 1976/1410/2005
f 2153/1565/2182 1976/1410/2005 2138/1550/2167
f 2154/1566/2183 2153/1565/2182 2138/1550/2167
f 2155/1567/2184 2154/1566/2183 2138/1550/2167
f 2156/1568/2185 2155/1567/2184 2138/1550/2167
f 2156/1568/2185 2138/1550/2167 2139/1551/2168
f 2156/1568/2185 2139/1551/2168 2140/1552/2169
f 2157/1569/2186 2156/1568/2185 2140/1552/2169
f 2157/1569/2186 2140/1552/2169 2141/1553/2170
f 2158/1570/2187 2157/1569/2186 2141/1553/2170
f 2158/1570/2187 2141/1553/2170 2142/1554/2171
f 2159/1571/2188 2158/1570/2187 2142/1554/2171
f 2160/1572/2189 2159/1571/2188 2142/1554/2171
f 2160/1572/2189 2142/1554/2171 2143/1555/2172
f 2161/1573/2190 2160/1572/2189 2143/1555/2172
f 2162/1574/2191 2161/1573/2190 2143/1555/2172
f 2162/1574/2191 2143/1555/2172 2144/1556/2173
f 2163/1575/2192 2162/1574/2191 2144/1556/2173
f 2164/1576/2193 2163/1575/2192 2144/1556/2173
f 2164/1576/2193 2144/1556/2173 2145/1557/2174
f 2165/1577/2194 2164/1576/2193 2145/1557/2174
f 2165/1577/2194 2145/1557/2174 2146/1558/2175
f 2166/1578/2195 2165/1577/2194 2146/1558/2175
f 2166/1578/2195 2146/1558/2175 2147/1559/2176
f 2166/1578/2195 2147/1559/2176 2148/1560/2177
f 2167/1579/2196 2166/1578/2195 2148/1560/2177
f 2168/1580/2197 2167/1579/2196 2148/1560/2177
f 2168/1580/2197 2148/1560/2177 2149/1561/2178
f 2169/1581/2198 2168/1580/2197 2149/1561/2178
f 2170/1582/2199 2169/1581/2198 2149/1561/2178
f 2170/1582/2199 2149/1561/2178 2150/1562/2179
f 2171/1583/2200 2170/1582/2199 2150/1562/2179
f 2171/1583/2200 2150/1562/2179 2151/1563/2180
f 2171/1583/2200 2151/1563/2180 2152/1564/2181
f 2172/1584/2201 2171/1583/2200 2152/1564/2181
f 2172/1584/2201 2152/1564/2181 2153/1565/2182
f 2173/1585/2202 2172/1584/2201 2153/1565/2182
f 2173/1585/2202 2153/1565/2182 2154/1566/2183
f 2174/1586/2203 2173/1585/2202 2154/1566/2183
f 2175/1587/2204 2174/1586/2203 2154/1566/2183
f 2176/1588/2205 2175/1587/2204 2154/1566/2183
f 2176/1588/2205 2154/1566/2183 2155/1567/2184
f 2176/1588/2205 2155/1567/2184 2156/1568/2185
f 2175/1587/2204 2176/1588/2205 2156/1568/2185
f 2174/1586/2203 2175/1587/2204 2156/1568/2185
f 2174/1586/2203 2156/1568/2185 2177/1589/2206
f 2174/1586/2203 2177/1589/2206 2178/1590/2207
f 2173/1585/2202 2174/1586/2203 2178/1590/2207
f 2173/1585/2202 2178/1590/2207 2179/1591/2208
f 2173/1585/2202 2179/1591/2208 2180/1592/2209
f 2172/1584/2201 2173/1585/2202 2180/1592/2209
f 2171/1583/2200 2172/1584/2201 2180/1592/2209
f 2171/1583/2200 2180/1592/2209 2181/1593/2210
f 2171/1583/2200 2181/1593/2210 2182/1594/2211
f 2170/1582/2199 2171/1583/2200 2182/1594/2211
f 2169/1581/2198 2170/1582/2199 2182/1594/2211
f 2169/1581/2198 2182/1594/2211 2183/1595/2212
f 2169/1581/2198 2183/1595/2212 2184/1596/2213
f 2169/1581/2198 2184/1596/2213 2185/1597/2214
f 2168/1580/2197 2169/1581/2198 2185/1597/2214
f 2168/1580/2197 2185/1597/2214 2186/1598/2215
f 2168/1580/2197 2186/1598/2215 2187/1599/2216
f 2167/1579/2196 2168/1580/2197 2187/1599/2216
f 2166/1578/2195 2167/1579/2196 2187/1599/2216
f 2166/1578/2195 2187/1599/2216 2186/1598/2215
f 2166/1578/2195 2186/1598/2215 2185/1597/2214
f 2188/1600/2217 2166/1578/2195 2185/1597/2214
f 2188/1600/2217 2185/1597/2214 2184/1596/2213
f 2188/1600/2217 2184/1596/2213 2189/1601/2218
f 2188/1600/2217 2189/1601/2218 2190/1602/2219
f 2166/1578/2195 2188/1600/2217 2190/1602/2219
f 2165/1577/2194 2166/1578/2195 2190/1602/2219
f 2165/1577/2194 2190/1602/2219 2191/1603/2220
f 2164/1576/2193 2165/1577/2194 2191/1603/2220
f 2164/1576/2193 2191/1603/2220 2192/1604/2221
f 2163/1575/2192 2164/1576/2193 2192/1604/2221
f 2163/1575/2192 2192/1604/2221 2193/1605/2222
f 2162/1574/2191 2163/1575/2192 2193/1605/2222
f 2161/1573/2190 2162/1574/2191 2193/1605/2222
f 2161/1573/2190 2193/1605/2222 2194/1606/2223
f 2161/1573/2190 2194/1606/2223 2195/1607/2224
f 2160/1572/2189 2161/1573/2190 2195/1607/2224
f 2159/1571/2188 2160/1572/2189 2195/1607/2224
f 2159/1571/2188 2195/1607/2224 2196/1608/2225
f 2158/1570/2187 2159/1571/2188 2196/1608/2225
f 2158/1570/2187 2196/1608/2225 2197/1609/2226
f 2157/1569/2186 2158/1570/2187 2197/1609/2226
f 2157/1569/2186 2197/1609/2226 2198/1610/2227
f 2156/1568/2185 2157/1569/2186 2198/1610/2227
f 2177/1589/2206 2156/1568/2185 2198/1610/2227
f 2177/1589/2206 2198/1610/2227 2199/1611/2228
f 2178/1590/2207 2177/1589/2206 2199/1611/2228
f 2178/1590/2207 2199/1611/2228 2200/1612/2229
f 2178/1590/2207 2200/1612/2229 2201/1613/2230
f 2179/1591/2208 2178/1590/2207 2201/1613/2230
f 2179/1591/2208 2201/1613/2230 2202/1614/2231
f 2203/1615/2232 2179/1591/2208 2202/1614/2231
f 2203/1615/2232 2202/1614/2231 2204/1616/2233
f 2205/1617/2234 2203/1615/2232 2204/1616/2233
f 2206/1618/2235 2205/1617/2234 2204/1616/2233
f 2206/1618/2235 2204/1616/2233 2202/1614/2231
f 2207/1619/2236 2206/1618/2235 2202/1614/2231
f 2208/1620/2237 2207/1619/2236 2202/1614/2231
f 2208/1620/2237 2202/1614/2231 2201/1613/2230
f 2209/1621/2238 2208/1620/2237 2201/1613/2230
f 2209/1621/2238 2201/1613/2230 2200/1612/2229
f 2210/1622/2239 2209/1621/2238 2200/1612/2229
f 2211/1623/2240 2210/1622/2239 2200/1612/2229
f 2211/1623/2240 2200/1612/2229 2199/1611/2228
f 2212/1624/2241 2211/1623/2240 2199/1611/2228
f 2212/1624/2241 2199/1611/2228 2198/1610/2227
f 2212/1624/2241 2198/1610/2227 2197/1609/2226
f 2213/1625/2242 2212/1624/2241 2197/1609/2226
f 2214/1626/2243 2213/1625/2242 2197/1609/2226
f 2214/1626/2243 2197/1609/2226 2196/1608/2225
f 2215/1627/2244 2214/1626/2243 2196/1608/2225
f 2215/1627/2244 2196/1608/2225 2195/1607/2224
f 2215/1627/2244 2195/1607/2224 2194/1606/2223
f 2216/1628/2245 2215/1627/2244 2194/1606/2223
f 2217/1629/2246 2216/1628/2245 2194/1606/2223
f 2217/1629/2246 2194/1606/2223 2193/1605/2222
f 2217/1629/2246 2193/1605/2222 2192/1604/2221
f 2218/1630/2247 2217/1629/2246 2192/1604/2221
f 2218/1630/2247 2192/1604/2221 2191/1603/2220
f 2219/1631/2248 2218/1630/2247 2191/1603/2220
f 2220/1632/2249 2219/1631/2248 2191/1603/2220
f 2220/1632/2249 2191/1603/2220 2190/1602/2219
f 2220/1632/2249 2190/1602/2219 2189/1601/2218
f 2221/1633/2250 2220/1632/2249 2189/1601/2218
f 2222/1634/2251 2221/1633/2250 2189/1601/2218
f 2222/1634/2251 2189/1601/2218 2184/1596/2213
f 2223/1635/2252 2222/1634/2251 2184/1596/2213
f 2223/1635/2252 2184/1596/2213 2183/1595/2212
f 2224/1636/2253 2223/1635/2252 2183/1595/2212
f 2224/1636/2253 2183/1595/2212 2225/1637/2254
f 2226/1638/2255 2224/1636/2253 2225/1637/2254
f 2226/1638/2255 2225/1637/2254 2227/1639/2256
f 2226/1638/2255 2227/1639/2256 2228/1640/2257
f 2224/1636/2253 2226/1638/2255 2228/1640/2257
f 2224/1636/2253 2228/1640/2257 2229/1641/2258
f 2224/1636/2253 2229/1641/2258 2230/1642/2259
f 2223/1635/2252 2224/1636/2253 2230/1642/2259
f 2223/1635/2252 2230/1642/2259 2231/1643/2260
f 2222/1634/2251 2223/1635/2252 2231/1643/2260
f 2222/1634/2251 2231/1643/2260 2232/1644/2261
f 2221/1633/2250 2222/1634/2251 2232/1644/2261
f 2221/1633/2250 2232/1644/2261 2233/1645/2262
f 2221/1633/2250 2233/1645/2262 2234/1646/2263
f 2220/1632/2249 2221/1633/2250 2234/1646/2263
f 2219/1631/2248 2220/1632/2249 2234/1646/2263
f 2219/1631/2248 2234/1646/2263 2235/1647/2264
f 2219/1631/2248 2235/1647/2264 2236/1648/2265
f 2218/1630/2247 2219/1631/2248 2236/1648/2265
f 2218/1630/2247 2236/1648/2265 2237/1649/2266
f 2217/1629/2246 2218/1630/2247 2237/1649/2266
f 2216/1628/2245 2217/1629/2246 2237/1649/2266
f 2215/1627/2244 2216/1628/2245 2237/1649/2266
f 2214/1626/2243 2215/1627/2244 2237/1649/2266
f 2214/1626/2243 2237/1649/2266 2238/1650/2267
f 2213/1625/2242 2214/1626/2243 2238/1650/2267
f 2213/1625/2242 2238/1650/2267 2239/1651/2268
f 2213/1625/2242 2239/1651/2268 2240/1652/2269
f 2212/1624/2241 2213/1625/2242 2240/1652/2269
f 2211/1623/2240 2212/1624/2241 2240/1652/2269
f 2211/1623/2240 2240/1652/2269 2241/1653/2270
f 2210/1622/2239 2211/1623/2240 2241/1653/2270
f 2210/1622/2239 2241/1653/2270 2242/1654/2271
f 2209/1621/2238 2210/1622/2239 2242/1654/2271
f 2209/1621/2238 2242/1654/2271 2243/1655/2272
f 2209/1621/2238 2243/1655/2272 2244/1656/2273
f 2208/1620/2237 2209/1621/2238 2244/1656/2273
f 2208/1620/2237 2244/1656/2273 2245/1657/2274
f 2207/1619/2236 2208/1620/2237 2245/1657/2274
f 2207/1619/2236 2245/1657/2274 2246/1658/2275
f 2206/1618/2235 2207/1619/2236 2246/1658/2275
f 2206/1618/2235 2246/1658/2275 2247/1659/2276
f 2206/1618/2235 2247/1659/2276 2248/1660/2277
f 2206/1618/2235 2248/1660/2277 2249/1661/2278
f 2205/1617/2234 2206/1618/2235 2249/1661/2278
f 2205/1617/2234 2249/1661/2278 2250/1662/2279
f 2205/1617/2234 2250/1662/2279 2251/1663/2280
f 2203/1615/2232 2205/1617/2234 2251/1663/2280
f 2203/1615/2232 2251/1663/2280 2252/1664/2281
f 2179/1591/2208 2203/1615/2232 2252/1664/2281
f 2179/1591/2208 2252/1664/2281 2253/1665/2282
f 2180/1592/2209 2179/1591/2208 2253/1665/2282
f 2180/1592/2209 2253/1665/2282 2254/1666/2283
f 2180/1592/2209 2254/1666/2283 2255/1667/2284
f 2181/1593/2210 2180/1592/2209 2255/1667/2284
f 2182/1594/2211 2181/1593/2210 2255/1667/2284
f 2182/1594/2211 2255/1667/2284 2254/1666/2283
f 2182/1594/2211 2254/1666/2283 2256/1668/2285
f 2183/1595/2212 2182/1594/2211 2256/1668/2285
f 2183/1595/2212 2256/1668/2285 2257/1669/2286
f 2225/1637/2254 2183/1595/2212 2257/1669/2286
f 2225/1637/2254 2257/1669/2286 2258/1670/2287
f 2227/1639/2256 2225/1637/2254 2258/1670/2287
f 2227/1639/2256 2258/1670/2287 2259/1671/2288
f 2227/1639/2256 2259/1671/2288 2260/1672/2289
f 2228/1640/2257 2227/1639/2256 2260/1672/2289
f 2228/1640/2257 2260/1672/2289 2261/1673/2290
f 2228/1640/2257 2261/1673/2290 2262/1674/2291
f 2228/1640/2257 2262/1674/2291 2263/1675/2292
f 2229/1641/2258 2228/1640/2257 2263/1675/2292
f 2229/1641/2258 2263/1675/2292 2264/1676/2293
f 2230/1642/2259 2229/1641/2258 2264/1676/2293
f 2230/1642/2259 2264/1676/2293 2265/1677/2294
f 2231/1643/2260 2230/1642/2259 2265/1677/2294
f 2231/1643/2260 2265/1677/2294 2266/1678/2295
f 2231/1643/2260 2266/1678/2295 2267/1679/2296
f 2232/1644/2261 2231/1643/2260 2267/1679/2296
f 2233/1645/2262 2232/1644/2261 2267/1679/2296
f 2233/1645/2262 2267/1679/2296 2268/1680/2297
f 2233/1645/2262 2268/1680/2297 2269/1681/2298
f 2234/1646/2263 2233/1645/2262 2269/1681/2298
f 2235/1647/2264 2234/1646/2263 2269/1681/2298
f 2270/1682/2299 2235/1647/2264 2269/1681/2298
f 2270/1682/2299 2269/1681/2298 2268/1680/2297
f 2271/1683/2300 2270/1682/2299 2268/1680/2297
f 2272/1684/2301 2271/1683/2300 2268/1680/2297
f 2272/1684/2301 2268/1680/2297 2267/1679/2296
f 2273/1685/2302 2272/1684/2301 2267/1679/2296
f 2273/1685/2302 2267/1679/2296 2266/1678/2295
f 2274/1686/2303 2273/1685/2302 2266/1678/2295
f 2275/1687/2304 2274/1686/2303 2266/1678/2295
f 2275/1687/2304 2266/1678/2295 2265/1677/2294
f 2276/1688/2305 2275/1687/2304 2265/1677/2294
f 2276/1688/2305 2265/1677/2294 2264/1676/2293
f 2277/1689/2306 2276/1688/2305 2264/1676/2293
f 2277/1689/2306 2264/1676/2293 2263/1675/2292
f 2277/1689/2306 2263/1675/2292 2278/1690/2307
f 2277/1689/2306 2278/1690/2307 2279/1691/2308
f 2276/1688/2305 2277/1689/2306 2279/1691/2308
f 2276/1688/2305 2279/1691/2308 2280/1692/2309
f 2276/1688/2305 2280/1692/2309 2281/1693/2310
f 2275/1687/2304 2276/1688/2305 2281/1693/2310
f 2275/1687/2304 2281/1693/2310 2260/1672/2289
f 2275/1687/2304 2260/1672/2289 2259/1671/2288
f 2274/1686/2303 2275/1687/2304 2259/1671/2288
f 2274/1686/2303 2259/1671/2288 2258/1670/2287
f 2282/1694/2311 2274/1686/2303 2258/1670/2287
f 2283/1695/2312 2282/1694/2311 2258/1670/2287
f 2283/1695/2312 2258/1670/2287 2257/1669/2286
f 2283/1695/2312 2257/1669/2286 2256/1668/2285
f 2284/1696/2313 2283/1695/2312 2256/1668/2285
f 2285/1697/2314 2284/1696/2313 2256/1668/2285
f 2285/1697/2314 2256/1668/2285 2254/1666/2283
f 2285/1697/2314 2254/1666/2283 2253/1665/2282
f 2284/1696/2313 2285/1697/2314 2253/1665/2282
f 2286/1698/2315 2284/1696/2313 2253/1665/2282
f 2286/1698/2315 2253/1665/2282 2252/1664/2281
f 2286/1698/2315 2252/1664/2281 2251/1663/2280
f 2287/1699/2316 2286/1698/2315 2251/1663/2280
f 2288/1700/2317 2287/1699/2316 2251/1663/2280
f 2288/1700/2317 2251/1663/2280 2250/1662/2279
f 2289/1701/2318 2288/1700/2317 2250/1662/2279
f 2289/1701/2318 2250/1662/2279 2249/1661/2278
f 2290/1702/2319 2289/1701/2318 2249/1661/2278
f 2290/1702/2319 2249/1661/2278 2248/1660/2277
f 2291/1703/2320 2290/1702/2319 2248/1660/2277
f 2292/1704/2321 2291/1703/2320 2248/1660/2277
f 2292/1704/2321 2248/1660/2277 2247/1659/2276
f 2293/1705/2322 2292/1704/2321 2247/1659/2276
f 2293/1705/2322 2247/1659/2276 2246/1658/2275
f 2294/1706/2323 2293/1705/2322 2246/1658/2275
f 2294/1706/2323 2246/1658/2275 2295/1707/2324
f 2294/1706/2323 2295/1707/2324 2296/1708/2325
f 2293/1705/2322 2294/1706/2323 2296/1708/2325
f 2293/1705/2322 2296/1708/2325 2291/1703/2320
f 2292/1704/2321 2293/1705/2322 2291/1703/2320
f 2261/1673/2290 2260/1672/2289 2281/1693/2310
f 2297/1709/2326 2261/1673/2290 2281/1693/2310
f 2297/1709/2326 2281/1693/2310 2280/1692/2309
f 2297/1709/2326 2280/1692/2309 2279/1691/2308
f 2298/1710/2327 2297/1709/2326 2279/1691/2308
f 2299/1711/2328 2298/1710/2327 2279/1691/2308
f 2299/1711/2328 2279/1691/2308 2278/1690/2307
f 2299/1711/2328 2278/1690/2307 2263/1675/2292
f 2298/1710/2327 2299/1711/2328 2263/1675/2292
f 2298/1710/2327 2263/1675/2292 2262/1674/2291
f 2300/1712/2329 2298/1710/2327 2262/1674/2291
f 2300/1712/2329 2262/1674/2291 2261/1673/2290
f 2300/1712/2329 2261/1673/2290 2297/1709/2326
f 2298/1710/2327 2300/1712/2329 2297/1709/2326
f 2301/1713/2330 2243/1655/2272 2242/1654/2271
f 2302/1714/2331 2301/1713/2330 2242/1654/2271
f 2303/1715/2332 2302/1714/2331 2242/1654/2271
f 2303/1715/2332 2242/1654/2271 2241/1653/2270
f 2304/1716/2333 2303/1715/2332 2241/1653/2270
f 2304/1716/2333 2241/1653/2270 2240/1652/2269
f 2304/1716/2333 2240/1652/2269 2239/1651/2268
f 2305/1717/2334 2304/1716/2333 2239/1651/2268
f 2306/1718/2335 2305/1717/2334 2239/1651/2268
f 2306/1718/2335 2239/1651/2268 2238/1650/2267
f 2307/1719/2336 2306/1718/2335 2238/1650/2267
f 2307/1719/2336 2238/1650/2267 2237/1649/2266
f 2307/1719/2336 2237/1649/2266 2236/1648/2265
f 2308/1720/2337 2307/1719/2336 2236/1648/2265
f 2308/1720/2337 2236/1648/2265 2235/1647/2264
f 2308/1720/2337 2235/1647/2264 2270/1682/2299
f 2309/1721/2338 2308/1720/2337 2270/1682/2299
f 2309/1721/2338 2270/1682/2299 2271/1683/2300
f 2310/1722/2339 2309/1721/2338 2271/1683/2300
f 2311/1723/2340 2310/1722/2339 2271/1683/2300
f 2311/1723/2340 2271/1683/2300 2272/1684/2301
f 2312/1724/2341 2311/1723/2340 2272/1684/2301
f 2312/1724/2341 2272/1684/2301 2273/1685/2302
f 2313/1725/2342 2312/1724/2341 2273/1685/2302
f 2314/1726/2343 2313/1725/2342 2273/1685/2302
f 2314/1726/2343 2273/1685/2302 2274/1686/2303
f 2314/1726/2343 2274/1686/2303 2282/1694/2311
f 2315/1727/2344 2314/1726/2343 2282/1694/2311
f 2315/1727/2344 2282/1694/2311 2283/1695/2312
f 2315/1727/2344 2283/1695/2312 2284/1696/2313
f 2315/1727/2344 2284/1696/2313 2286/1698/2315
f 2315/1727/2344 2286/1698/2315 2287/1699/2316
f 2316/1728/2345 2315/1727/2344 2287/1699/2316
f 2316/1728/2345 2287/1699/2316 2288/1700/2317
f 2301/1713/2330 2316/1728/2345 2288/1700/2317
f 2243/1655/2272 2301/1713/2330 2288/1700/2317
f 2243/1655/2272 2288/1700/2317 2289/1701/2318
f 2244/1656/2273 2243/1655/2272 2289/1701/2318
f 2244/1656/2273 2289/1701/2318 2317/1729/2346
f 2245/1657/2274 2244/1656/2273 2317/1729/2346
f 2245/1657/2274 2317/1729/2346 2318/1730/2347
f 2246/1658/2275 2245/1657/2274 2318/1730/2347
f 2295/1707/2324 2246/1658/2275 2318/1730/2347
f 2296/1708/2325 2295/1707/2324 2318/1730/2347
f 2296/1708/2325 2318/1730/2347 2317/1729/2346
f 2296/1708/2325 2317/1729/2346 2319/1731/2348
f 2291/1703/2320 2296/1708/2325 2319/1731/2348
f 2290/1702/2319 2291/1703/2320 2319/1731/2348
f 2290/1702/2319 2319/1731/2348 2317/1729/2346
f 2289/1701/2318 2290/1702/2319 2317/1729/2346
f 2307/1719/2336 2308/1720/2337 2309/1721/2338
f 2320/1732/2349 2307/1719/2336 2309/1721/2338
f 2320/1732/2349 2309/1721/2338 2310/1722/2339
f 2320/1732/2349 2310/1722/2339 2321/1733/2350
f 2307/1719/2336 2320/1732/2349 2321/1733/2350
f 2306/1718/2335 2307/1719/2336 2321/1733/2350
f 2305/1717/2334 2306/1718/2335 2321/1733/2350
f 2322/1734/2351 2305/1717/2334 2321/1733/2350
f 2322/1734/2351 2321/1733/2350 2310/1722/2339
f 2322/1734/2351 2310/1722/2339 2311/1723/2340
f 2302/1714/2331 2322/1734/2351 2311/1723/2340
f 2302/1714/2331 2311/1723/2340 2312/1724/2341
f 2301/1713/2330 2302/1714/2331 2312/1724/2341
f 2301/1713/2330 2312/1724/2341 2313/1725/2342
f 2316/1728/2345 2301/1713/2330 2313/1725/2342
f 2316/1728/2345 2313/1725/2342 2323/1735/2352
f 2315/1727/2344 2316/1728/2345 2323/1735/2352
f 2314/1726/2343 2315/1727/2344 2323/1735/2352
f 2314/1726/2343 2323/1735/2352 2313/1725/2342
f 2322/1734/2351 2302/1714/2331 2303/1715/2332
f 2305/1717/2334 2322/1734/2351 2303/1715/2332
f 2305/1717/2334 2303/1715/2332 2304/1716/2333
f 2324/1736/2353 2326/1738/2355 2325/1737/2354
f 2327/1739/2356 2324/1736/2353 2325/1737/2354
f 2327/1739/2356 2325/1737/2354 2328/1740/2357
f 2329/1741/2358 2327/1739/2356 2328/1740/2357
f 2329/1741/2358 2328/1740/2357 2330/1742/2359
f 2329/1741/2358 2330/1742/2359 2331/1743/2360
f 2332/1744/2361 2329/1741/2358 2331/1743/2360
f 2333/1745/2362 1969/1403/1998 2011/1434/2040
f 2333/1745/2362 2011/1434/2040 2012/1438/2041
f 2334/1746/2363 2333/1745/2362 2012/1438/2041
f 2334/1746/2363 2012/1438/2041 2027/1453/2056
f 2334/1746/2363 2027/1453/2056 2028/1454/2057
f 2334/1746/2363 2028/1454/2057 2335/1747/2364
f 2334/1746/2363 2335/1747/2364 1971/1405/2000
f 2333/1745/2362 2334/1746/2363 1971/1405/2000
f 2333/1745/2362 1971/1405/2000 1969/1403/1998
f 2336/1748/2365 2335/1747/2364 2028/1454/2057
f 2337/1749/2366 2336/1748/2365 2028/1454/2057
f 2337/1749/2366 2028/1454/2057 2025/1451/2054
f 2337/1749/2366 2025/1451/2054 2015/1441/2044
f 2337/1749/2366 2015/1441/2044 2016/1442/2045
f 2338/1750/2367 2337/1749/2366 2016/1442/2045
f 2338/1750/2367 2016/1442/2045 1989/1423/2018
f 2338/1750/2367 1989/1423/2018 1988/1422/2017
f 2339/1751/2368 2338/1750/2367 1988/1422/2017
f 2340/1752/2369 2339/1751/2368 1988/1422/2017
f 2340/1752/2369 1988/1422/2017 1987/1421/2016
f 2340/1752/2369 1987/1421/2016 1986/1420/2015
f 2341/1751/2370 2340/1752/2369 1986/1420/2015
f 2342/1750/2371 2341/1751/2370 1986/1420/2015
f 2342/1750/2371 1986/1420/2015 1985/1419/2014
f 2342/1750/2371 1985/1419/2014 2017/1443/2046
f 2343/1749/2372 2342/1750/2371 2017/1443/2046
f 2343/1749/2372 2017/1443/2046 2024/1450/2053
f 2344/1748/2373 2343/1749/2372 2024/1450/2053
f 2344/1748/2373 2024/1450/2053 1951/1385/1980
f 2344/1748/2373 1951/1385/1980 1952/1386/1981
f 2344/1748/2373 1952/1386/1981 2137/1549/2166
f 2344/1748/2373 2137/1549/2166 2345/1753/2374
f 2343/1749/2372 2344/1748/2373 2345/1753/2374
f 2343/1749/2372 2345/1753/2374 2346/1754/2375
f 2342/1750/2371 2343/1749/2372 2346/1754/2375
f 2342/1750/2371 2346/1754/2375 2347/1755/2376
f 2341/1751/2370 2342/1750/2371 2347/1755/2376
f 2341/1751/2370 2347/1755/2376 2348/1742/2377
f 2340/1752/2369 2341/1751/2370 2348/1742/2377
f 2340/1752/2369 2348/1742/2377 2331/1743/2360
f 2340/1752/2369 2331/1743/2360 2330/1742/2359
f 2339/1751/2368 2340/1752/2369 2330/1742/2359
f 2339/1751/2368 2330/1742/2359 2349/1755/2378
f 2338/1750/2367 2339/1751/2368 2349/1755/2378
f 2338/1750/2367 2349/1755/2378 2350/1754/2379
f 2337/1749/2366 2338/1750/2367 2350/1754/2379
f 2337/1749/2366 2350/1754/2379 2351/1753/2380
f 2336/1748/2365 2337/1749/2366 2351/1753/2380
f 2336/1748/2365 2351/1753/2380 2137/1549/2166
f 2336/1748/2365 2137/1549/2166 1974/1408/2003
f 2336/1748/2365 1974/1408/2003 1972/1406/2001
f 2335/1747/2364 2336/1748/2365 1972/1406/2001
f 2335/1747/2364 1972/1406/2001 1971/1405/2000
f 2129/1541/2158 2131/1543/2160 2352/1756/2381
f 2128/1540/2157 2129/1541/2158 2352/1756/2381
f 2127/1539/2156 2128/1540/2157 2352/1756/2381
f 2136/1548/2165 2127/1539/2156 2352/1756/2381
f 2353/1757/2382 2136/1548/2165 2352/1756/2381
f 2353/1757/2382 2352/1756/2381 2131/1543/2160
f 2354/1758/2383 2353/1757/2382 2131/1543/2160
f 2354/1758/2383 2131/1543/2160 2132/1544/2161
f 2354/1758/2383 2132/1544/2161 2136/1548/2165
f 2353/1757/2382 2354/1758/2383 2136/1548/2165
f 2355/1759/2384 2357/1761/2386 2356/1760/2385
f 2358/1762/2387 2355/1759/2384 2356/1760/2385
f 2358/1762/2387 2356/1760/2385 2359/1763/2388
f 2360/1764/2389 2358/1762/2387 2359/1763/2388
f 2360/1764/2389 2359/1763/2388 2361/1765/2390
f 2362/1766/2391 2360/1764/2389 2361/1765/2390
f 2362/1766/2391 2361/1765/2390 2363/1764/2392
f 2364/1767/2393 2362/1766/2391 2363/1764/2392
f 2365/1768/2394 2364/1767/2393 2363/1764/2392
f 2366/1769/2395 2365/1768/2394 2363/1764/2392
f 2366/1769/2395 2363/1764/2392 2367/1770/2396
f 2368/1771/2397 2366/1769/2395 2367/1770/2396
f 2369/1760/2398 2368/1771/2397 2367/1770/2396
f 2369/1760/2398 2367/1770/2396 2363/1764/2392
f 2370/1763/2399 2369/1760/2398 2363/1764/2392
f 2370/1763/2399 2363/1764/2392 2361/1765/2390
f 2371/1772/2400 2370/1763/2399 2361/1765/2390
f 2371/1772/2400 2361/1765/2390 2359/1763/2388
f 2372/1773/2401 2371/1772/2400 2359/1763/2388
f 2372/1773/2401 2359/1763/2388 2356/1760/2385
f 2373/1774/2402 2372/1773/2401 2356/1760/2385
f 2373/1774/2402 2356/1760/2385 2357/1761/2386
f 2374/1775/2403 2373/1774/2402 2357/1761/2386
f 2375/1776/2404 2374/1775/2403 2357/1761/2386
f 2376/1777/2405 2375/1776/2404 2357/1761/2386
f 2376/1777/2405 2357/1761/2386 2355/1759/2384
f 2376/1777/2405 2355/1759/2384 2377/1778/2406
f 2378/1759/2407 2376/1777/2405 2377/1778/2406
f 2378/1759/2407 2377/1778/2406 2368/1771/2397
f 2378/1759/2407 2368/1771/2397 2369/1760/2398
f 2378/1759/2407 2369/1760/2398 2379/1761/2408
f 2376/1777/2405 2378/1759/2407 2379/1761/2408
f 2375/1776/2404 2376/1777/2405 2379/1761/2408
f 2375/1776/2404 2379/1761/2408 2380/1775/2409
f 2375/1776/2404 2380/1775/2409 2381/1779/2410
f 2374/1775/2403 2375/1776/2404 2381/1779/2410
f 2374/1775/2403 2381/1779/2410 2382/1780/2411
f 2374/1775/2403 2382/1780/2411 2383/1781/2412
f 2373/1774/2402 2374/1775/2403 2383/1781/2412
f 2373/1774/2402 2383/1781/2412 2384/1782/2413
f 2372/1773/2401 2373/1774/2402 2384/1782/2413
f 2372/1773/2401 2384/1782/2413 2385/1783/2414
f 2371/1772/2400 2372/1773/2401 2385/1783/2414
f 2371/1772/2400 2385/1783/2414 2386/1773/2415
f 2370/1763/2399 2371/1772/2400 2386/1773/2415
f 2369/1760/2398 2370/1763/2399 2386/1773/2415
f 2369/1760/2398 2386/1773/2415 2387/1774/2416
f 2379/1761/2408 2369/1760/2398 2387/1774/2416
f 2380/1775/2409 2379/1761/2408 2387/1774/2416
f 2380/1775/2409 2387/1774/2416 2388/1781/2417
f 2389/1784/2418 2380/1775/2409 2388/1781/2417
f 2389/1784/2418 2388/1781/2417 2390/1785/2419
f 2391/1786/2420 2389/1784/2418 2390/1785/2419
f 2392/1787/2421 2391/1786/2420 2390/1785/2419
f 2392/1787/2421 2390/1785/2419 2388/1781/2417
f 2393/1782/2422 2392/1787/2421 2388/1781/2417
f 2393/1782/2422 2388/1781/2417 2387/1774/2416
f 2393/1782/2422 2387/1774/2416 2386/1773/2415
f 2393/1782/2422 2386/1773/2415 2385/1783/2414
f 2394/1788/2423 2393/1782/2422 2385/1783/2414
f 2394/1788/2423 2385/1783/2414 2384/1782/2413
f 2395/1789/2424 2394/1788/2423 2384/1782/2413
f 2395/1789/2424 2384/1782/2413 2383/1781/2412
f 2396/1790/2425 2395/1789/2424 2383/1781/2412
f 2396/1790/2425 2383/1781/2412 2382/1780/2411
f 2397/1791/2426 2396/1790/2425 2382/1780/2411
f 2398/1792/2427 2397/1791/2426 2382/1780/2411
f 2398/1792/2427 2382/1780/2411 2381/1779/2410
f 2399/1793/2428 2398/1792/2427 2381/1779/2410
f 2399/1793/2428 2381/1779/2410 2380/1775/2409
f 2399/1793/2428 2380/1775/2409 2389/1784/2418
f 2400/1790/2429 2399/1793/2428 2389/1784/2418
f 2400/1790/2429 2389/1784/2418 2391/1786/2420
f 2400/1790/2429 2391/1786/2420 2392/1787/2421
f 2401/1789/2430 2400/1790/2429 2392/1787/2421
f 2401/1789/2430 2392/1787/2421 2393/1782/2422
f 2401/1789/2430 2393/1782/2422 2394/1788/2423
f 2402/1794/2431 2401/1789/2430 2394/1788/2423
f 2402/1794/2431 2394/1788/2423 2395/1789/2424
f 2403/1795/2432 2402/1794/2431 2395/1789/2424
f 2403/1795/2432 2395/1789/2424 2396/1790/2425
f 2404/1796/2433 2403/1795/2432 2396/1790/2425
f 2404/1796/2433 2396/1790/2425 2397/1791/2426
f 2404/1796/2433 2397/1791/2426 2405/1797/2434
f 2403/1795/2432 2404/1796/2433 2405/1797/2434
f 2403/1795/2432 2405/1797/2434 2406/1798/2435
f 2402/1794/2431 2403/1795/2432 2406/1798/2435
f 2402/1794/2431 2406/1798/2435 2407/1799/2436
f 2402/1794/2431 2407/1799/2436 2408/1798/2437
f 2401/1789/2430 2402/1794/2431 2408/1798/2437
f 2400/1790/2429 2401/1789/2430 2408/1798/2437
f 2400/1790/2429 2408/1798/2437 2409/1797/2438
f 2400/1790/2429 2409/1797/2438 2410/1800/2439
f 2399/1793/2428 2400/1790/2429 2410/1800/2439
f 2398/1792/2427 2399/1793/2428 2410/1800/2439
f 2398/1792/2427 2410/1800/2439 2411/1801/2440
f 2398/1792/2427 2411/1801/2440 2412/1800/2441
f 2397/1791/2426 2398/1792/2427 2412/1800/2441
f 2405/1797/2434 2397/1791/2426 2412/1800/2441
f 2405/1797/2434 2412/1800/2441 2413/1802/2442
f 2406/1798/2435 2405/1797/2434 2413/1802/2442
f 2406/1798/2435 2413/1802/2442 2414/1803/2443
f 2407/1799/2436 2406/1798/2435 2414/1803/2443
f 2407/1799/2436 2414/1803/2443 2415/1804/2444
f 2407/1799/2436 2415/1804/2444 2416/1803/2445
f 2408/1798/2437 2407/1799/2436 2416/1803/2445
f 2408/1798/2437 2416/1803/2445 2417/1802/2446
f 2409/1797/2438 2408/1798/2437 2417/1802/2446
f 2410/1800/2439 2409/1797/2438 2417/1802/2446
f 2410/1800/2439 2417/1802/2446 2418/1805/2447
f 2411/1801/2440 2410/1800/2439 2418/1805/2447
f 2411/1801/2440 2418/1805/2447 2419/1806/2448
f 2411/1801/2440 2419/1806/2448 2420/1805/2449
f 2412/1800/2441 2411/1801/2440 2420/1805/2449
f 2413/1802/2442 2412/1800/2441 2420/1805/2449
f 2421/1807/2450 2413/1802/2442 2420/1805/2449
f 2421/1807/2450 2420/1805/2449 2419/1806/2448
f 2422/1808/2451 2421/1807/2450 2419/1806/2448
f 2422/1808/2451 2419/1806/2448 2418/1805/2447
f 2423/1809/2452 2422/1808/2451 2418/1805/2447
f 2423/1809/2452 2418/1805/2447 2417/1802/2446
f 2424/1810/2453 2423/1809/2452 2417/1802/2446
f 2424/1810/2453 2417/1802/2446 2416/1803/2445
f 2425/1811/2454 2424/1810/2453 2416/1803/2445
f 2425/1811/2454 2416/1803/2445 2415/1804/2444
f 2426/1812/2455 2425/1811/2454 2415/1804/2444
f 2426/1812/2455 2415/1804/2444 2414/1803/2443
f 2427/1813/2456 2426/1812/2455 2414/1803/2443
f 2427/1813/2456 2414/1803/2443 2413/1802/2442
f 2428/1814/2457 2427/1813/2456 2413/1802/2442
f 2428/1814/2457 2413/1802/2442 2421/1807/2450
f 1765/1220/1794 2428/1814/2457 2421/1807/2450
f 1766/1221/1795 1765/1220/1794 2421/1807/2450
f 1766/1221/1795 2421/1807/2450 2422/1808/2451
f 1766/1221/1795 2422/1808/2451 2423/1809/2452
f 1824/1275/1853 1766/1221/1795 2423/1809/2452
f 1823/1274/1852 1824/1275/1853 2423/1809/2452
f 1823/1274/1852 2423/1809/2452 2424/1810/2453
f 2429/1815/2458 1823/1274/1852 2424/1810/2453
f 2429/1815/2458 2424/1810/2453 2425/1811/2454
f 2430/1816/2459 2429/1815/2458 2425/1811/2454
f 2430/1816/2459 2425/1811/2454 2426/1812/2455
f 2362/1766/2391 2364/1767/2393 2431/1817/2460
f 2362/1766/2391 2431/1817/2460 2432/1818/2461
f 2360/1764/2389 2362/1766/2391 2432/1818/2461
f 2360/1764/2389 2432/1818/2461 2433/1819/2462
f 2358/1762/2387 2360/1764/2389 2433/1819/2462
f 2358/1762/2387 2433/1819/2462 2434/1771/2463
f 2355/1759/2384 2358/1762/2387 2434/1771/2463
f 2377/1778/2406 2355/1759/2384 2434/1771/2463
f 2377/1778/2406 2434/1771/2463 2435/1820/2464
f 2368/1771/2397 2377/1778/2406 2435/1820/2464
f 2368/1771/2397 2435/1820/2464 2436/1821/2465
f 2368/1771/2397 2436/1821/2465 2437/1822/2466
f 2366/1769/2395 2368/1771/2397 2437/1822/2466
f 2366/1769/2395 2437/1822/2466 2438/1823/2467
f 2365/1768/2394 2366/1769/2395 2438/1823/2467
f 2439/1824/2468 2365/1768/2394 2438/1823/2467
f 2439/1824/2468 2438/1823/2467 2437/1822/2466
f 2439/1824/2468 2437/1822/2466 2440/1825/2469
f 2365/1768/2394 2439/1824/2468 2440/1825/2469
f 2364/1767/2393 2365/1768/2394 2440/1825/2469
f 2364/1767/2393 2440/1825/2469 2441/1826/2470
f 2431/1817/2460 2364/1767/2393 2441/1826/2470
f 2442/1827/2471 2431/1817/2460 2441/1826/2470
f 2443/1828/2472 2442/1827/2471 2441/1826/2470
f 2443/1828/2472 2441/1826/2470 2440/1825/2469
f 2444/1829/2473 2443/1828/2472 2440/1825/2469
f 2436/1821/2465 2444/1829/2473 2440/1825/2469
f 2436/1821/2465 2440/1825/2469 2437/1822/2466
f 2445/1830/2474 2447/1832/2476 2446/1831/2475
f 2448/1833/2477 2445/1830/2474 2446/1831/2475
f 2449/1834/2478 2448/1833/2477 2446/1831/2475
f 2450/1835/2479 2449/1834/2478 2446/1831/2475
f 2450/1835/2479 2446/1831/2475 2447/1832/2476
f 2450/1835/2479 2447/1832/2476 2451/1836/2480
f 2449/1834/2478 2450/1835/2479 2451/1836/2480
f 2448/1833/2477 2449/1834/2478 2451/1836/2480
f 2452/1837/2481 2448/1833/2477 2451/1836/2480
f 2452/1837/2481 2451/1836/2480 2447/1832/2476
f 2453/1838/2482 2452/1837/2481 2447/1832/2476
f 2453/1838/2482 2447/1832/2476 2445/1830/2474
f 2454/1839/2483 2453/1838/2482 2445/1830/2474
f 2455/1840/2484 2454/1839/2483 2445/1830/2474
f 2455/1840/2484 2445/1830/2474 2456/1841/2485
f 2455/1840/2484 2456/1841/2485 2457/1842/2486
f 2455/1840/2484 2457/1842/2486 2458/1843/2487
f 2454/1839/2483 2455/1840/2484 2458/1843/2487
f 2459/1844/2488 2454/1839/2483 2458/1843/2487
f 2459/1844/2488 2458/1843/2487 2457/1842/2486
f 2459/1844/2488 2457/1842/2486 2456/1841/2485
f 2459/1844/2488 2456/1841/2485 2460/1845/2489
f 2454/1839/2483 2459/1844/2488 2460/1845/2489
f 2453/1838/2482 2454/1839/2483 2460/1845/2489
f 2461/1846/2490 2453/1838/2482 2460/1845/2489
f 2461/1846/2490 2460/1845/2489 2456/1841/2485
f 2462/1847/2491 2461/1846/2490 2456/1841/2485
f 2462/1847/2491 2456/1841/2485 2463/1848/2492
f 2464/1849/2493 2462/1847/2491 2463/1848/2492
f 2464/1849/2493 2463/1848/2492 2465/1850/2494
f 2466/1851/2495 2464/1849/2493 2465/1850/2494
f 2467/1852/2496 2466/1851/2495 2465/1850/2494
f 2467/1852/2496 2465/1850/2494 2468/1853/2497
f 2469/1854/2498 2467/1852/2496 2468/1853/2497
f 2469/1854/2498 2468/1853/2497 2470/1855/2499
f 2469/1854/2498 2470/1855/2499 2471/1856/2500
f 2472/1857/2501 2469/1854/2498 2471/1856/2500
f 2472/1857/2501 2471/1856/2500 2452/1837/2481
f 2472/1857/2501 2452/1837/2481 2453/1838/2482
f 2472/1857/2501 2453/1838/2482 2461/1846/2490
f 2473/1858/2502 2472/1857/2501 2461/1846/2490
f 2473/1858/2502 2461/1846/2490 2462/1847/2491
f 2474/1859/2503 2473/1858/2502 2462/1847/2491
f 2474/1859/2503 2462/1847/2491 2464/1849/2493
f 2475/1860/2504 2474/1859/2503 2464/1849/2493
f 2475/1860/2504 2464/1849/2493 2466/1851/2495
f 2475/1860/2504 2466/1851/2495 2442/1827/2471
f 2475/1860/2504 2442/1827/2471 2443/1828/2472
f 2475/1860/2504 2443/1828/2472 2444/1829/2473
f 2474/1859/2503 2475/1860/2504 2444/1829/2473
f 2474/1859/2503 2444/1829/2473 2436/1821/2465
f 2474/1859/2503 2436/1821/2465 2435/1820/2464
f 2473/1858/2502 2474/1859/2503 2435/1820/2464
f 2473/1858/2502 2435/1820/2464 2434/1771/2463
f 2473/1858/2502 2434/1771/2463 2433/1819/2462
f 2472/1857/2501 2473/1858/2502 2433/1819/2462
f 2472/1857/2501 2433/1819/2462 2432/1818/2461
f 2469/1854/2498 2472/1857/2501 2432/1818/2461
f 2467/1852/2496 2469/1854/2498 2432/1818/2461
f 2467/1852/2496 2432/1818/2461 2431/1817/2460
f 2466/1851/2495 2467/1852/2496 2431/1817/2460
f 2466/1851/2495 2431/1817/2460 2442/1827/2471
f 2463/1848/2492 2456/1841/2485 2445/1830/2474
f 2463/1848/2492 2445/1830/2474 2448/1833/2477
f 2465/1850/2494 2463/1848/2492 2448/1833/2477
f 2465/1850/2494 2448/1833/2477 2476/1861/2505
f 2468/1853/2497 2465/1850/2494 2476/1861/2505
f 2468/1853/2497 2476/1861/2505 2477/1862/2506
f 2468/1853/2497 2477/1862/2506 2478/1863/2507
f 2468/1853/2497 2478/1863/2507 2479/1864/2508
f 2470/1855/2499 2468/1853/2497 2479/1864/2508
f 2471/1856/2500 2470/1855/2499 2479/1864/2508
f 2471/1856/2500 2479/1864/2508 2480/1865/2509
f 2476/1861/2505 2471/1856/2500 2480/1865/2509
f 2477/1862/2506 2476/1861/2505 2480/1865/2509
f 2477/1862/2506 2480/1865/2509 2481/1866/2510
f 2478/1863/2507 2477/1862/2506 2481/1866/2510
f 2479/1864/2508 2478/1863/2507 2481/1866/2510
f 2479/1864/2508 2481/1866/2510 2480/1865/2509
f 2482/1867/2511 2448/1833/2477 2452/1837/2481
f 2483/1868/2512 2482/1867/2511 2452/1837/2481
f 2483/1868/2512 2452/1837/2481 2471/1856/2500
f 2483/1868/2512 2471/1856/2500 2476/1861/2505
f 2484/1869/2513 2483/1868/2512 2476/1861/2505
f 2484/1869/2513 2476/1861/2505 2448/1833/2477
f 2485/1870/2514 2484/1869/2513 2448/1833/2477
f 2485/1870/2514 2448/1833/2477 2482/1867/2511
f 2486/1871/2515 2485/1870/2514 2482/1867/2511
f 2486/1871/2515 2482/1867/2511 2483/1868/2512
f 2486/1871/2515 2483/1868/2512 2484/1869/2513
f 2485/1870/2514 2486/1871/2515 2484/1869/2513
f 2035/1461/2064 1823/1274/1852 2429/1815/2458
f 1753/1208/1782 2035/1461/2064 2429/1815/2458
f 1753/1208/1782 2429/1815/2458 2430/1816/2459
f 1752/1207/1781 1753/1208/1782 2430/1816/2459
f 1756/1211/1785 1752/1207/1781 2430/1816/2459
f 1756/1211/1785 2430/1816/2459 2426/1812/2455
f 1756/1211/1785 2426/1812/2455 2427/1813/2456
f 1758/1213/1787 1756/1211/1785 2427/1813/2456
f 1758/1213/1787 2427/1813/2456 2428/1814/2457
f 1760/1215/1789 1758/1213/1787 2428/1814/2457
f 1762/1217/1791 1760/1215/1789 2428/1814/2457
f 1762/1217/1791 2428/1814/2457 1765/1220/1794
f 2328/1740/2357 2325/1737/2354 2487/1872/2516
f 2330/1742/2359 2328/1740/2357 2487/1872/2516
f 2330/1742/2359 2487/1872/2516 2488/1873/2517
f 2349/1755/2378 2330/1742/2359 2488/1873/2517
f 2350/1754/2379 2349/1755/2378 2488/1873/2517
f 2350/1754/2379 2488/1873/2517 2489/1874/2518
f 2351/1753/2380 2350/1754/2379 2489/1874/2518
f 2351/1753/2380 2489/1874/2518 2490/1875/2519
f 2137/1549/2166 2351/1753/2380 2490/1875/2519
f 2345/1753/2374 2137/1549/2166 2490/1875/2519
f 2345/1753/2374 2490/1875/2519 2491/1874/2520
f 2346/1754/2375 2345/1753/2374 2491/1874/2520
f 2346/1754/2375 2491/1874/2520 2492/1873/2521
f 2347/1755/2376 2346/1754/2375 2492/1873/2521
f 2348/1742/2377 2347/1755/2376 2492/1873/2521
f 2348/1742/2377 2492/1873/2521 2493/1876/2522
f 2348/1742/2377 2493/1876/2522 2494/1877/2523
f 2331/1743/2360 2348/1742/2377 2494/1877/2523
f 2332/1744/2361 2331/1743/2360 2494/1877/2523
f 2332/1744/2361 2494/1877/2523 2495/1878/2524
f 2332/1744/2361 2495/1878/2524 2496/1879/2525
f 2329/1741/2358 2332/1744/2361 2496/1879/2525
f 2497/1880/2526 2329/1741/2358 2496/1879/2525
f 2498/1881/2527 2497/1880/2526 2496/1879/2525
f 2498/1881/2527 2496/1879/2525 2495/1878/2524
f 2499/1882/2528 2498/1881/2527 2495/1878/2524
f 2500/1883/2529 2499/1882/2528 2495/1878/2524
f 2500/1883/2529 2495/1878/2524 2494/1877/2523
f 2500/1883/2529 2494/1877/2523 2493/1876/2522
f 2501/1884/2530 2500/1883/2529 2493/1876/2522
f 2502/1885/2531 2501/1884/2530 2493/1876/2522
f 2502/1885/2531 2493/1876/2522 2492/1873/2521
f 2502/1885/2531 2492/1873/2521 2491/1874/2520
f 2503/1886/2532 2502/1885/2531 2491/1874/2520
f 2503/1886/2532 2491/1874/2520 2490/1875/2519
f 2503/1886/2532 2490/1875/2519 2489/1874/2518
f 2504/1885/2533 2503/1886/2532 2489/1874/2518
f 2504/1885/2533 2489/1874/2518 2488/1873/2517
f 2504/1885/2533 2488/1873/2517 2487/1872/2516
f 2504/1885/2533 2487/1872/2516 2325/1737/2354
f 2504/1885/2533 2325/1737/2354 2326/1738/2355
f 2504/1885/2533 2326/1738/2355 2505/1887/2534
f 2503/1886/2532 2504/1885/2533 2505/1887/2534
f 2503/1886/2532 2505/1887/2534 2501/1884/2530
f 2502/1885/2531 2503/1886/2532 2501/1884/2530
f 2501/1884/2530 2505/1887/2534 2506/1888/2535
f 2500/1883/2529 2501/1884/2530 2506/1888/2535
f 2500/1883/2529 2506/1888/2535 2507/1889/2536
f 2500/1883/2529 2507/1889/2536 2508/1890/2537
f 2499/1882/2528 2500/1883/2529 2508/1890/2537
f 2499/1882/2528 2508/1890/2537 2509/1891/2538
f 2499/1882/2528 2509/1891/2538 2510/1892/2539
f 2498/1881/2527 2499/1882/2528 2510/1892/2539
f 2498/1881/2527 2510/1892/2539 2511/1893/2540
f 2497/1880/2526 2498/1881/2527 2511/1893/2540
f 2497/1880/2526 2511/1893/2540 2512/1894/2541
f 2513/1890/2542 2497/1880/2526 2512/1894/2541
f 2513/1890/2542 2512/1894/2541 2514/1891/2543
f 2515/1895/2544 2513/1890/2542 2514/1891/2543
f 2515/1895/2544 2514/1891/2543 2516/1896/2545
f 2515/1895/2544 2516/1896/2545 2517/1897/2546
f 2515/1895/2544 2517/1897/2546 2518/1898/2547
f 2326/1738/2355 2515/1895/2544 2518/1898/2547
f 2505/1887/2534 2326/1738/2355 2518/1898/2547
f 2506/1888/2535 2505/1887/2534 2518/1898/2547
f 2507/1889/2536 2506/1888/2535 2518/1898/2547
f 2507/1889/2536 2518/1898/2547 2517/1897/2546
f 2519/1899/2548 2507/1889/2536 2517/1897/2546
f 2519/1899/2548 2517/1897/2546 2516/1896/2545
f 2520/1900/2549 2519/1899/2548 2516/1896/2545
f 2521/1901/2550 2520/1900/2549 2516/1896/2545
f 2521/1901/2550 2516/1896/2545 2514/1891/2543
f 2522/1902/2551 2521/1901/2550 2514/1891/2543
f 2522/1902/2551 2514/1891/2543 2512/1894/2541
f 2523/1903/2552 2522/1902/2551 2512/1894/2541
f 2523/1903/2552 2512/1894/2541 2511/1893/2540
f 2524/1902/2553 2523/1903/2552 2511/1893/2540
f 2524/1902/2553 2511/1893/2540 2510/1892/2539
f 2525/1901/2554 2524/1902/2553 2510/1892/2539
f 2525/1901/2554 2510/1892/2539 2509/1891/2538
f 2526/1900/2555 2525/1901/2554 2509/1891/2538
f 2527/1904/2556 2526/1900/2555 2509/1891/2538
f 2527/1904/2556 2509/1891/2538 2508/1890/2537
f 2527/1904/2556 2508/1890/2537 2507/1889/2536
f 2527/1904/2556 2507/1889/2536 2519/1899/2548
f 2528/1905/2557 2527/1904/2556 2519/1899/2548
f 2528/1905/2557 2519/1899/2548 2520/1900/2549
f 2529/1906/2558 2528/1905/2557 2520/1900/2549
f 2529/1906/2558 2520/1900/2549 2521/1901/2550
f 2529/1906/2558 2521/1901/2550 2522/1902/2551
f 2529/1906/2558 2522/1902/2551 2523/1903/2552
f 2529/1906/2558 2523/1903/2552 2524/1902/2553
f 2529/1906/2558 2524/1902/2553 2525/1901/2554
f 2529/1906/2558 2525/1901/2554 2526/1900/2555
f 2528/1905/2557 2529/1906/2558 2526/1900/2555
f 2528/1905/2557 2526/1900/2555 2527/1904/2556
f 2530/1907/2559 2532/1909/2561 2531/1908/2560
f 2533/1910/2562 2530/1907/2559 2531/1908/2560
f 2533/1910/2562 2531/1908/2560 2534/1909/2563
f 2535/1907/2564 2533/1910/2562 2534/1909/2563
f 2535/1907/2564 2534/1909/2563 2536/1911/2565
f 2537/1912/2566 2535/1907/2564 2536/1911/2565
f 2537/1912/2566 2536/1911/2565 2538/1913/2567
f 2539/1914/2568 2537/1912/2566 2538/1913/2567
f 2539/1914/2568 2538/1913/2567 2540/1911/2569
f 2541/1912/2570 2539/1914/2568 2540/1911/2569
f 2541/1912/2570 2540/1911/2569 2532/1909/2561
f 2541/1912/2570 2532/1909/2561 2530/1907/2559
f 2542/1915/2571 2541/1912/2570 2530/1907/2559
f 2543/1916/2572 2542/1915/2571 2530/1907/2559
f 2543/1916/2572 2530/1907/2559 2533/1910/2562
f 2544/1917/2573 2543/1916/2572 2533/1910/2562
f 2544/1917/2573 2533/1910/2562 2535/1907/2564
f 2545/1916/2574 2544/1917/2573 2535/1907/2564
f 2545/1916/2574 2535/1907/2564 2537/1912/2566
f 2546/1915/2575 2545/1916/2574 2537/1912/2566
f 2546/1915/2575 2537/1912/2566 2539/1914/2568
f 2547/1918/2576 2546/1915/2575 2539/1914/2568
f 2547/1918/2576 2539/1914/2568 2541/1912/2570
f 2547/1918/2576 2541/1912/2570 2542/1915/2571
f 2548/1919/2577 2547/1918/2576 2542/1915/2571
f 2548/1919/2577 2542/1915/2571 2543/1916/2572
f 2548/1919/2577 2543/1916/2572 2544/1917/2573
f 2548/1919/2577 2544/1917/2573 2545/1916/2574
f 2548/1919/2577 2545/1916/2574 2546/1915/2575
f 2547/1918/2576 2548/1919/2577 2546/1915/2575
f 1974/1408/2003 2137/1549/2166 1976/1410/2005
f 2137/1549/2166 1952/1386/1981 1950/1384/1979
f 2515/1895/2544 2326/1738/2355 2324/1736/2353
f 2513/1890/2542 2515/1895/2544 2324/1736/2353
f 2513/1890/2542 2324/1736/2353 2327/1739/2356
f 2497/1880/2526 2513/1890/2542 2327/1739/2356
f 2497/1880/2526 2327/1739/2356 2329/1741/2358
v 7.9074078 12.107777 -0.8232847
vt 0.31017506 0.5161714
vn -0.55090374 0.28754428 0.78346884
v 7.976572 12.184904 -0.82451415
vt 0.3102957 0.5164971
vn -0.4533539 0.11329202 0.88410133
v 8.072428 11.972031 -0.84100103
vt 0.31046295 0.5155982
vn 0.32732978 -0.19608691 0.9243404
v 7.9064374 12.193931 -0.9762898
vt 0.3101734 0.5165352
vn -0.9173717 0.30795878 -0.25217173
v 7.9021387 12.279303 -0.9829291
vt 0.31016588 0.5168958
vn -0.948244 -0.28483227 -0.1403711
v 8.094177 12.335265 -1.1396374
vt 0.31050086 0.51713204
vn -0.41467604 -0.023284761 -0.9096712
v 7.848468 12.323691 -0.9501153
vt 0.3100723 0.5170832
vn -0.54573715 -0.69460034 -0.46872318
v 7.9758415 12.269817 -0.82343054
vt 0.3102944 0.5168557
vn -0.43141592 -0.55801016 0.7088759
v 8.223031 12.318683 -0.86078674
vt 0.31072563 0.51706207
vn 0.44179773 -0.12204612 0.88877416
v 8.316526 12.103563 -0.997461
vt 0.31088877 0.51615363
vn 0.92291737 -0.3298223 0.19859695
v 8.210962 11.940556 -0.9735
vt 0.3107046 0.5154652
vn 0.80318546 -0.5904493 0.07913761
v 8.246392 12.11259 -1.1492368
vt 0.31076634 0.5161917
vn 0.3844568 -0.3359549 -0.85984147
v 8.152392 11.9482355 -1.0993466
vt 0.31060243 0.5154977
vn 0.38770527 -0.57386273 -0.72136414
v 8.121141 11.845964 -0.95128876
vt 0.31054795 0.5150658
vn 0.54667085 -0.81844836 0.17689952
v 7.6194715 11.810464 -0.7770518
vt 0.30967283 0.5149159
vn -0.7997915 -0.5061816 0.3226668
v 7.8987484 12.0140705 -0.8326397
vt 0.31015998 0.5157757
vn -0.5658129 0.23720846 0.78967583
v 7.8491774 12.115272 -0.94929904
vt 0.3100735 0.51620305
vn -0.9796267 0.1917936 -0.059555158
v 7.968626 11.985391 -1.065637
vt 0.31028187 0.5156546
vn -0.50855464 -0.077549286 -0.85753036
v 8.0735855 11.852227 -1.0533059
vt 0.31046492 0.51509225
vn 0.0044996627 -0.7407411 -0.6717756
v 7.85153 12.020147 -0.9348236
vt 0.3100776 0.5158013
vn -0.92831147 0.31423777 -0.198727
v 8.541085 12.145076 -0.41918784
vt 0.3111403 0.51632893
vn 0.17156234 -0.18875764 0.9669214
v 8.290586 12.216385 -0.42598242
vt 0.31070328 0.51663005
vn -0.6416966 -0.37318805 0.6700419
v 8.420461 12.503038 -0.3675304
vt 0.31092983 0.5178406
vn 0.15867378 -0.04426625 0.98633826
v 8.300597 12.129756 -0.45804787
vt 0.31072074 0.51626426
vn -0.7659679 -0.33634746 0.5478719
v 8.266451 12.219491 -0.61505294
vt 0.3106612 0.51664317
vn -0.8121969 -0.2681736 -0.51809186
v 8.1902275 12.349696 -0.6219977
vt 0.31052828 0.517193
vn -0.6535941 -0.6320132 -0.41638222
v 8.215648 12.348679 -0.42331654
vt 0.31057256 0.5171887
vn -0.43127543 -0.7274709 0.53365505
v 8.023463 12.414332 -0.3987385
vt 0.3102373 0.5174659
vn 0.051178925 -0.8166314 0.574886
v 8.137932 12.687021 -0.31673694
vt 0.31043696 0.5186175
vn 0.4008331 -0.14187706 0.90509874
v 7.896324 12.390793 -0.37684077
vt 0.31001556 0.5173666
vn 0.38670102 -0.9050412 0.17709549
v 8.166938 12.697826 -0.21482499
vt 0.3103801 0.51866317
vn 0.7828269 -0.24249683 -0.5730422
v 8.003794 12.3452835 -0.14301574
vt 0.31009555 0.51717436
vn 0.3024146 -0.8787002 -0.36936623
v 8.136365 12.390971 -0.13354711
vt 0.3103268 0.5173673
vn 0.16355856 -0.7905537 -0.590147
v 7.993958 12.34655 0.082216024
vt 0.31007838 0.5171797
vn 0.337365 -0.93247956 0.12909997
v 8.126855 12.392195 0.08424187
vt 0.31031018 0.5173725
vn 0.00541279 -0.7933413 0.6087531
v 8.150172 12.699984 0.16911301
vt 0.3103509 0.5186722
vn 0.43015996 -0.10921623 0.8961218
v 8.088242 12.675522 0.2490074
vt 0.3104905 0.518569
vn 0.56999135 -0.1860797 -0.80030257
v 7.7932687 12.371608 0.25776526
vt 0.30997598 0.5172855
vn 0.48989424 -0.8655908 0.10371242
v 7.900745 12.438007 0.28977627
vt 0.3101635 0.5175659
vn 0.22922 -0.85107064 -0.47237384
v 7.745961 12.3996315 0.45332575
vt 0.30989343 0.5174039
vn 0.1861981 -0.7428112 0.64308774
v 7.5178237 12.348773 0.4288295
vt 0.30949545 0.51718915
vn 0.21063389 -0.8721777 0.44151953
v 7.522937 12.367777 -0.24200043
vt 0.3095044 0.51726943
vn 0.062220123 -0.99804395 -0.0060824445
v 7.868369 12.39439 -0.5958344
vt 0.3099668 0.5173818
vn 0.18294388 -0.98137516 -0.05860399
v 7.997466 12.417678 -0.60238874
vt 0.310192 0.5174801
vn -0.18524301 -0.78936905 -0.5853047
v 8.37612 12.508745 -0.7148951
vt 0.31085253 0.5178647
vn -0.076603346 -0.046400085 -0.9959814
v 8.505366 12.149673 -0.6990097
vt 0.31107795 0.51634836
vn -0.07596563 -0.12999839 -0.9885999
v 8.641802 12.482384 -0.6722634
vt 0.31131595 0.5177534
vn 0.70672613 0.21740323 -0.67325634
v 8.690197 12.264101 -0.650388
vt 0.3114004 0.5168315
vn 0.8353141 0.043628223 -0.5480392
v 8.706846 12.261666 -0.5077388
vt 0.31142938 0.51682127
vn 0.9411226 0.07282292 0.33012882
v 8.665938 12.479277 -0.48319295
vt 0.31135803 0.51774025
vn 0.8298186 0.27874443 0.4834281
v 8.503173 12.765069 -0.45274982
vt 0.31107414 0.51894706
vn 0.71697813 0.5798997 0.38685754
v 8.477812 12.768333 -0.65143096
vt 0.3110299 0.5189609
vn 0.65048635 0.5253579 -0.54851305
v 8.315219 12.912532 -0.6348202
vt 0.3107463 0.5195698
vn 0.48810726 0.5710446 -0.660045
v 8.341215 12.909185 -0.43117005
vt 0.3107916 0.5195557
vn 0.65724975 0.54703236 0.5184384
v 8.161333 13.143136 -0.40539303
vt 0.3104778 0.5205437
vn 0.68383247 0.6509782 0.32954597
v 8.162695 13.159098 -0.138296
vt 0.3103727 0.52061105
vn 0.5765103 0.80836165 -0.11911027
v 7.6241736 13.175087 -0.24200055
vt 0.309681 0.52067864
vn 0.07789303 0.9968825 -0.012569074
v 8.156669 13.117096 0.087044865
vt 0.31036222 0.5204337
vn 0.5820563 0.8095419 0.076501876
v 7.614357 13.098816 0.42882937
vt 0.3096639 0.52035654
vn 0.10577223 0.9045631 0.41301075
v 7.2318344 13.243447 -0.24200064
vt 0.30899662 0.52096725
vn 0.1292288 0.9916147 0.0004960651
v 7.2197633 13.1574545 0.3606493
vt 0.30897558 0.52060413
vn 0.083495 0.80999833 0.58045787
v 6.486431 13.299761 -0.24200079
vt 0.30769634 0.52120507
vn 0.04055348 0.9991693 -0.0040118685
v 7.219764 13.1574545 -0.87921095
vn 0.010208266 0.78676194 -0.61717224
v 6.48255 13.150531 -0.7623027
vt 0.30768955 0.5205749
vn -0.14253545 0.7939345 -0.59105974
v 6.4754515 12.877554 -0.9081927
vt 0.30767715 0.5194221
vn -0.19822232 0.08328055 -0.9766126
v 6.263701 13.020469 -0.79795074
vt 0.30730778 0.5200257
vn -0.63952744 0.39345926 -0.6604502
v 6.263701 12.54054 -0.7979507
vt 0.30730778 0.517999
vn -0.6426409 -0.3553012 -0.67880315
v 6.477222 12.385189 -0.76111263
vt 0.30768025 0.51734287
vn -0.2057892 -0.77181655 -0.60162276
v 6.263701 12.260329 -0.24200067
vt 0.30730778 0.5168156
vn -0.49317324 -0.8498392 -0.18588585
v 6.6013064 12.303756 -0.2420006
vt 0.30789673 0.516999
vn 0.10720336 -0.968389 -0.22523367
v 6.8761916 12.14215 0.12670946
vt 0.30837625 0.5163166
vn 0.3602577 -0.852984 -0.37766746
v 6.950098 12.315949 0.0024694353
vt 0.30850512 0.5170505
vn 0.36020163 -0.8885333 -0.284189
v 7.0482583 12.19075 0.4706059
vt 0.30867636 0.5165218
vn 0.59446186 -0.77730197 -0.2059536
v 7.127269 12.242145 -0.87921077
vt 0.30881417 0.5167388
vn -0.060022347 -0.80357945 -0.5921634
v 7.1713557 12.817932 -1.0185609
vt 0.30889112 0.51917034
vn 0.021616869 0.06282183 -0.99779063
v 7.6143575 13.098816 -0.90199447
vn 0.188704 0.81959283 -0.54097915
v 8.146247 13.102302 -0.6252898
vt 0.3104515 0.52037126
vn 0.5628046 0.7679601 -0.30575886
v 8.089276 12.693283 -0.6979029
vt 0.31035215 0.518644
vn 0.7993632 -0.3431196 -0.49324188
v 7.743785 12.316811 -0.7620653
vt 0.30988967 0.51705414
vn 0.21422665 -0.8181276 0.5336425
v 7.5168467 12.31119 -0.90199435
vt 0.30949378 0.51703036
vn 0.067940295 -0.89514863 -0.44055986
v 7.570739 12.759913 -1.0432243
vt 0.30958784 0.51892537
vn 0.009998137 -0.014366253 -0.9998468
v 8.065586 12.904554 -1.0638994
vt 0.31056446 0.5194121
vn 0.33433074 0.62159234 -0.7084109
v 8.101627 12.99883 -0.8985436
vt 0.31062782 0.5193923
vn 0.7653498 0.5729141 0.29327315
v 8.153994 12.609047 -0.8108767
vt 0.31060517 0.51828825
vn 0.43512434 0.00818812 0.90033317
v 7.924014 12.313968 -0.78662837
vt 0.31020403 0.5170421
vn 0.001060305 -0.758348 0.6518491
v 7.6711245 12.326162 -0.9193069
vt 0.3097629 0.5170936
vn -0.026164394 -0.8029996 -0.595405
v 8.020812 12.626188 -1.099091
vt 0.3103729 0.5183606
vn -0.23052374 -0.055782106 -0.97146654
v 8.261625 12.710649 -1.1512871
vt 0.31085086 0.518407
vn 0.42896423 0.26553938 -0.863411
v 8.336861 12.700926 -0.98779994
vt 0.31098258 0.51836604
vn 0.89004517 0.3435653 0.2996373
v 8.315249 12.4515915 -1.1655056
vt 0.3108865 0.5176233
vn 0.59882545 -0.058436055 -0.7987448
v 8.388952 12.442106 -1.0060068
vt 0.31101513 0.51758325
vn 0.9985448 -0.019495362 0.05028218
v 8.508134 12.595709 0.18451983
vt 0.3109753 0.5182319
vn 0.0022352466 -0.030584723 0.99952966
v 8.3173685 12.375616 0.096533656
vt 0.31064248 0.5173025
vn -0.23559833 -0.8553537 0.46137133
v 8.326646 12.374422 -0.1159305
vt 0.3106587 0.5172974
vn -0.13335285 -0.8721196 -0.47077006
v 8.524356 12.593621 -0.1869502
vt 0.31100357 0.5182231
vn 0.10538489 -0.04426518 -0.9934458
v 8.31508 12.9901905 -0.12911081
vt 0.31063855 0.5198978
vn 0.5064612 0.63615644 -0.58206713
v 8.305569 12.991415 0.08867815
vt 0.31062192 0.519903
vn 0.36497754 0.69337654 0.62130535
v 8.529124 12.88861 0.10055977
vt 0.3110119 0.51946884
vn 0.5072393 0.7131247 0.48390242
v 8.538403 12.887416 -0.111904405
vt 0.31102812 0.5194638
vn 0.48801 0.7450784 -0.45464763
v 8.766461 12.675296 -0.095698416
vt 0.31142592 0.51856804
vn 0.6547116 0.4986557 -0.56806266
v 8.757632 12.676433 0.106485695
vt 0.31141055 0.5185728
vn 0.64373565 0.47335544 0.6012812
v 8.746794 12.296194 0.16460413
vt 0.3113916 0.5169671
vn 0.034930695 -0.11945696 0.99222475
v 8.473858 12.316695 0.090292335
vt 0.31091547 0.51705366
vn -0.61176026 -0.5267984 0.59011257
v 8.482688 12.315558 -0.11189177
vt 0.31093097 0.51704884
vn -0.41195196 -0.6475953 -0.6410273
v 8.759862 12.294512 -0.13463593
vt 0.31141436 0.51695997
vn 0.14147559 -0.14401685 -0.97940993
v 8.889037 12.474318 -0.071428925
vt 0.3116398 0.5177193
vn 0.8238076 0.37242126 -0.42736802
v 8.882109 12.475577 0.09645414
vt 0.31162763 0.5177247
vn 0.8103669 0.34649083 0.47249296
v 8.93955 12.32676 0.0848245
vt 0.31172788 0.51709616
vn 0.8131187 -0.05857068 0.5791437
v 8.945111 12.325693 -0.051328674
vt 0.31173754 0.5170917
vn 0.90914714 0.027588772 -0.41556028
v 8.709333 11.72986 0.01728727
vt 0.31132627 0.5145755
vn 0.19575758 -0.98057264 -0.012503088
v 8.610014 12.109588 0.0716548
vt 0.31115305 0.516179
vn -0.6847199 -0.46992984 0.5570678
v 8.523655 12.193174 0.08238837
vt 0.31100237 0.516532
vn -0.6920794 -0.56985146 0.44305238
v 8.530986 12.19223 -0.08547896
vt 0.31101513 0.51652807
vn -0.69012994 -0.5109933 -0.51245147
v 8.615958 12.108823 -0.06448327
vt 0.31116343 0.5161758
vn -0.652459 -0.5642534 -0.5058808
v 8.128335 13.058753 0.3337506
vt 0.31056046 0.51995564
vn 0.60890007 0.75179076 -0.2530838
v 8.104397 13.006966 0.5322459
vt 0.31051868 0.5199686
vn 0.29781294 0.7018907 0.64703697
v 7.570739 12.759913 0.56871563
vn 0.041335963 0.05808175 0.9974557
v 7.2815003 12.724042 0.6086555
vt 0.30908322 0.5187738
vn 0.553793 0.20486633 0.80705833
v 7.2625985 12.455362 0.8430863
vt 0.30905026 0.5176393
vn 0.98896265 0.13802882 -0.05386031
v 7.0832744 12.095238 0.5887038
vt 0.30873746 0.51611847
vn 0.5104835 -0.29710114 -0.80693096
v 7.330157 12.294897 0.8642369
vt 0.3091681 0.5169616
vn 0.8801897 0.4389938 -0.18041769
v 7.080658 12.502358 1.0136151
vt 0.30873287 0.51783776
vn 0.41244698 0.578254 0.70392466
v 6.9856443 12.86699 0.70858085
vt 0.30856717 0.5193775
vn 0.048922896 0.6931597 0.71912175
v 6.4830027 13.167945 0.24759918
vt 0.30769038 0.5206484
vn -0.15780243 0.8338153 0.529009
v 6.263701 13.318989 -0.24200085
vt 0.30730778 0.5212863
vn -0.47745267 0.8786495 -0.0037533927
v 5.989871 12.76808 -0.2420008
vt 0.30683017 0.5189599
vn -0.9999396 -0.010948152 -0.0009785724
v 6.2637005 12.54056 0.31755924
vn -0.8835245 -0.15520784 0.4419221
v 6.2637005 13.075357 0.31755912
vt 0.30730778 0.52002573
vn -0.7064886 0.423731 0.56685615
v 6.4329424 12.833098 0.5160038
vt 0.30760306 0.5192344
vn -0.61819345 0.32398838 0.7161483
v 6.686348 12.619242 0.8798954
vt 0.30804503 0.5183313
vn -0.50655127 0.3811749 0.7733767
v 6.9405966 12.327072 1.1653397
vt 0.3084886 0.5170975
vn -0.3461738 0.093573034 0.93349224
v 7.1079774 12.194408 1.1934485
vt 0.30878055 0.51653725
vn -0.13630502 0.13923219 0.980834
v 7.31212 12.158508 1.1122823
vt 0.30913663 0.5163856
vn 0.6569754 0.5115194 0.55383337
v 7.4061904 12.164202 0.8920354
vt 0.30930078 0.5164097
vn 0.90332234 0.28978407 -0.31628144
v 7.180453 11.994256 0.65187246
vt 0.30890703 0.515692
vn 0.34744778 -0.3503933 -0.86977273
v 6.846208 12.031528 0.68103385
vt 0.30832392 0.5158494
vn -0.28860882 -0.90594417 -0.30979046
v 6.6888633 12.07825 0.29508013
vt 0.30804944 0.5160467
vn -0.086231746 -0.99377507 -0.0705355
v 6.3741426 12.213014 0.439785
vt 0.30750048 0.5166158
vn -0.7862139 -0.5075004 0.35257787
v 8.001342 12.686707 0.60396373
vt 0.3103389 0.5186162
vn -0.12668914 -0.044311985 0.99095225
v 8.282437 12.843751 0.58405125
vt 0.31082928 0.51927936
vn 0.4548555 0.52467865 0.7195962
v 8.33173 12.837406 0.38270444
vt 0.31091523 0.51925254
vn 0.7023022 0.52176285 -0.48428822
v 8.313102 12.416916 0.32363898
vt 0.3108828 0.51747686
vn 0.27206275 -0.10205848 -0.95685214
v 8.062661 12.368192 0.3403892
vt 0.3104459 0.5172711
vn -0.38339686 -0.7545809 -0.5325546
v 7.851452 12.444351 0.49112314
vt 0.31007743 0.5175927
vn -0.30379438 -0.7713395 0.55923563
v 8.229023 12.427737 0.6670712
vt 0.31073606 0.5175226
vn -0.23622404 -0.066900596 0.9693929
v 8.403586 12.655429 0.62115884
vt 0.31104064 0.5184841
vn 0.67105037 0.38687912 0.63246816
v 8.451677 12.64924 0.4247247
vt 0.3111245 0.518458
vn 0.86986005 0.40197337 -0.28593865
v 8.540247 12.394352 0.4593938
vt 0.311279 0.51738155
vn 0.9031017 0.16400382 -0.39687553
v 8.494484 12.400242 0.64632326
vt 0.3111992 0.5174065
vn 0.6434801 0.16597964 0.7472511
v 8.33198 12.073204 0.6721043
vt 0.3109157 0.5160254
vn -0.23305146 -0.09784989 0.96752906
v 8.135422 12.215508 0.53507096
vt 0.31057286 0.51662636
vn -0.9099238 -0.16898029 0.37879336
v 8.014571 12.374381 0.5368234
vt 0.31036198 0.51729727
vn -0.66600645 -0.6825653 0.30089876
v 8.181186 12.209618 0.34814137
vt 0.3106526 0.5166015
vn -0.5378499 -0.3599852 -0.76231766
v 8.399711 12.064486 0.3954478
vt 0.31103384 0.5159886
vn 0.2768787 -0.20655142 -0.9384427
v 8.565151 12.172678 0.48989284
vt 0.31132245 0.51644546
vn 0.9714663 0.008748631 -0.23701634
v 8.52759 12.177685 0.64518714
vt 0.3112569 0.5164666
vn 0.7683543 -0.002457067 0.64002
v 8.52323 12.025983 0.63423216
vt 0.31124932 0.515826
vn 0.59031284 -0.3739519 0.7153257
v 8.553587 12.021895 0.5082725
vt 0.3113023 0.51580876
vn 0.9101518 -0.3413629 -0.23472355
v 8.116478 11.592424 0.48875797
vt 0.31053978 0.51399505
vn -0.20710744 -0.97717404 -0.04730158
v 8.163232 11.961752 0.5481223
vt 0.31062138 0.5155547
vn -0.9110152 -0.15273494 0.38304484
v 8.118699 12.067549 0.5485539
vt 0.31054366 0.5160015
vn -0.94618607 -0.18732283 0.26389796
v 8.156693 12.062658 0.3933618
vt 0.31060994 0.5159809
vn -0.71951735 -0.19471236 -0.6666197
v 8.194043 11.957787 0.42226958
vt 0.31067508 0.515538
vn -0.7055427 -0.26058424 -0.6590186
v 8.346634 12.028153 -0.47981012
vt 0.31080103 0.51583517
vn -0.77838826 -0.28329983 0.5602258
v 8.330386 12.030245 -0.6071001
vt 0.31077278 0.515844
vn -0.8301845 -0.22272709 -0.51106393
v 8.28056 12.132335 -0.6150231
vt 0.3106858 0.5162751
vn -0.86477065 -0.32726833 -0.38087678
v 8.300231 11.66236 -0.53761846
vt 0.3107201 0.51429045
vn -0.16217582 -0.98650986 -0.022302892
v 8.706276 12.111945 -0.5243421
vt 0.31142843 0.516189
vn 0.9032223 -0.2866692 0.31939024
v 8.689583 12.113892 -0.6515778
vt 0.31139934 0.5161972
vn 0.67292833 -0.3239462 -0.665001
v 6.5723777 12.191072 0.7544899
vt 0.30784625 0.5165231
vn -0.73660463 -0.53016305 0.41992947
v 6.8067307 12.058238 0.9754433
vt 0.30825508 0.51596224
vn -0.69673014 -0.5021642 0.5122483
v 6.980207 11.937817 1.0121996
vt 0.3085577 0.51545364
vn -0.6298721 -0.6398483 0.44029018
v 7.1142573 11.816107 1.0938408
vt 0.30879152 0.5149397
vn -0.52773005 -0.6619692 0.53225726
v 7.216231 12.020896 1.2384973
vt 0.30896938 0.5158045
vn 0.07294076 0.008519886 0.9972999
v 7.622316 11.725897 1.0782604
vt 0.30967772 0.51455873
vn 0.7079103 -0.6368477 0.30543095
v 7.1433263 11.819531 0.8728387
vt 0.30884218 0.51495415
vn -0.24834092 -0.89906716 -0.3605621
v 7.2663345 11.927773 0.72973645
vt 0.30905682 0.51541126
vn 0.55103654 -0.42043775 -0.72082657
v 7.4555106 12.0122175 0.9981834
vt 0.3093868 0.5157679
vn 0.9284926 0.21862057 -0.30017754
v 7.3461375 11.807809 0.8860714
vt 0.309196 0.5149046
vn 0.4315971 -0.5482687 -0.7163278
v -7.9686227 11.985393 -1.0656369
vt 0.30298555 0.5156546
vn 0.50855505 -0.07754918 -0.8575301
v -7.6194687 11.810465 -0.7770517
vt 0.3035946 0.5149159
vn 0.7997915 -0.5061809 0.32266787
v -7.851527 12.020149 -0.9348235
vt 0.30318975 0.5158013
vn 0.9283115 0.31423834 -0.198726
v -8.073582 11.852229 -1.0533057
vt 0.30280244 0.51509225
vn -0.0044999546 -0.7407412 -0.6717754
v -8.121138 11.845966 -0.9512887
vt 0.30271947 0.5150658
vn -0.5466708 -0.8184483 0.1768994
v -8.15239 11.948237 -1.0993466
vt 0.30266494 0.5154977
vn -0.3877054 -0.5738626 -0.7213642
v -8.246389 12.112592 -1.1492367
vt 0.30250096 0.5161917
vn -0.3844571 -0.33595482 -0.85984135
v -8.094173 12.335267 -1.1396372
vt 0.3027665 0.51713204
vn 0.41467658 -0.023284769 -0.90967095
v -8.315247 12.451593 -1.1655054
vt 0.30238092 0.5176233
vn -0.59882563 -0.058435977 -0.79874474
v -8.316523 12.103565 -0.99746114
vt 0.30237865 0.51615363
vn -0.9229174 -0.32982245 0.19859692
v -8.388948 12.442108 -1.0060068
vt 0.3022523 0.51758325
vn -0.99854475 -0.019495402 0.05028211
v -8.223027 12.318685 -0.8607868
vt 0.30254173 0.51706207
vn -0.44179758 -0.12204629 0.8887742
v -8.336857 12.700928 -0.98779994
vt 0.30228472 0.51836604
vn -0.8900452 0.34356514 0.2996373
v -8.15399 12.609049 -0.8108766
vt 0.30266213 0.51828825
vn -0.43512413 0.008187955 0.9003333
v -7.9240108 12.31397 -0.78662837
vt 0.30306333 0.5170421
vn -0.001060086 -0.7583481 0.651849
v -7.9758387 12.269819 -0.8234305
vt 0.3029729 0.5168557
vn 0.43141624 -0.55800927 0.70887643
v -7.8484645 12.323693 -0.95011526
vt 0.30319512 0.5170832
vn 0.5457377 -0.6946003 -0.46872264
v -7.902136 12.2793045 -0.98292905
vt 0.30310148 0.5168958
vn 0.9482443 -0.28483132 -0.14037085
v -7.9064345 12.193933 -0.9762897
vt 0.30309403 0.5165352
vn 0.9173721 0.30795816 -0.25217128
v -7.8491745 12.115273 -0.94929904
vt 0.30319387 0.51620305
vn 0.9796267 0.19179381 -0.05955456
v -7.8987455 12.014072 -0.83263963
vt 0.30310738 0.5157757
vn 0.565813 0.23720846 0.7896758
v -8.072424 11.972033 -0.841001
vt 0.30280447 0.5155982
vn -0.32732952 -0.1960869 0.92434055
v -8.2109585 11.9405575 -0.97349995
vt 0.30256283 0.5154652
vn -0.80318546 -0.59044933 0.07913742
v -7.976568 12.184906 -0.8245141
vt 0.3029716 0.5164971
vn 0.45335484 0.11329246 0.88410085
v -7.9074044 12.107779 -0.8232846
vt 0.3030923 0.5161714
vn 0.55090445 0.2875437 0.7834685
v -8.020809 12.62619 -1.0990909
vt 0.30289447 0.5183606
vn 0.23052382 -0.055781607 -0.97146654
v -8.261622 12.71065 -1.1512868
vt 0.30241656 0.518407
vn -0.4289644 0.2655394 -0.8634109
v -8.065582 12.904556 -1.0638993
vt 0.3027029 0.5194121
vn -0.33433092 0.6215922 -0.7084109
v -7.570736 12.759914 -1.0432243
vt 0.3036796 0.51892537
vn -0.009998305 -0.014366134 -0.9998468
v -7.6711216 12.326163 -0.9193068
vt 0.30350447 0.5170936
vn 0.026164472 -0.8029995 -0.5954051
v -7.743782 12.316812 -0.7620652
vt 0.30337775 0.51705414
vn -0.21422637 -0.8181276 0.53364253
v -8.076604 12.693285 -0.6979028
vt 0.30291522 0.518644
vn -0.799363 -0.34311953 -0.49324208
v -8.101624 12.998832 -0.89854354
vt 0.30263948 0.5193923
vn -0.7653498 0.57291406 0.2932732
v -7.614354 13.098817 -0.9019942
vt 0.30360353 0.52035654
vn -0.18870418 0.81959283 -0.5409791
v -7.171352 12.817933 -1.0185606
vt 0.3043763 0.51917034
vn -0.021616917 0.06282194 -0.99779063
v -7.5168433 12.311191 -0.9019942
vt 0.30377358 0.51703036
vn -0.067940116 -0.89514863 -0.44056
v -7.8556895 12.394391 -0.5958343
vt 0.30330062 0.5173818
vn -0.18294363 -0.98137516 -0.058604103
v -7.984789 12.41768 -0.6023887
vt 0.30307543 0.5174801
vn 0.18524316 -0.7893689 -0.5853048
v -8.363447 12.508747 -0.7148951
vt 0.3024149 0.5178647
vn 0.07660305 -0.04639995 -0.99598145
v -8.177555 12.349698 -0.62199765
vt 0.30273914 0.517193
vn 0.653594 -0.6320132 -0.4163823
v -8.253778 12.219493 -0.61505294
vt 0.30260617 0.51664317
vn 0.81219685 -0.26817346 -0.518092
v -8.277914 12.216387 -0.42598242
vt 0.30256408 0.51663005
vn 0.64169663 -0.373188 0.6700419
v -8.202975 12.3486805 -0.42331654
vt 0.3026948 0.5171887
vn 0.43127567 -0.7274708 0.5336549
v -8.010786 12.414334 -0.3987384
vt 0.30303007 0.5174659
vn -0.05117867 -0.8166314 0.5748861
v -7.8836446 12.390794 -0.37684065
vt 0.30325186 0.5173666
vn -0.38670087 -0.9050413 0.17709544
v -7.5229335 12.367778 -0.2420003
vt 0.30376297 0.51726943
vn -0.06221988 -0.99804395 -0.0060825413
v -7.1272655 12.242146 -0.87921065
vt 0.30445313 0.5167388
vn 0.060022593 -0.80357933 -0.59216344
v -6.4754486 12.877555 -0.9081924
vt 0.3055902 0.5194221
vn 0.19822215 0.08328065 -0.9766127
v -7.2197604 13.157455 -0.87921065
vt 0.30429184 0.52060413
vn -0.010208426 0.78676194 -0.6171722
v -7.231831 13.243448 -0.2420004
vt 0.30427074 0.52096725
vn -0.12922896 0.9916147 0.00049612543
v -7.6241703 13.175088 -0.24200037
vt 0.30358636 0.52067864
vn -0.07789325 0.9968825 -0.012568991
v -8.1335745 13.1023035 -0.6252896
vt 0.30281585 0.52037126
vn -0.5628046 0.76795995 -0.3057588
v -8.302547 12.912534 -0.63482016
vt 0.3025211 0.5195698
vn -0.48810768 0.5710438 -0.6600454
v -8.465138 12.768335 -0.6514309
vt 0.3022375 0.5189609
vn -0.65048593 0.5253574 -0.54851407
v -8.629129 12.482386 -0.6722633
vt 0.3019514 0.5177534
vn -0.70672596 0.21740387 -0.6732563
v -8.492695 12.149675 -0.6990097
vt 0.3021894 0.51634836
vn 0.07596547 -0.12999813 -0.9885999
v -8.267887 12.132337 -0.61502314
vt 0.30258155 0.5162751
vn 0.8647707 -0.32726818 -0.38087696
v -8.287925 12.129758 -0.45804787
vt 0.30254662 0.51626426
vn 0.76596797 -0.33634746 0.5478718
v -8.528413 12.145078 -0.41918784
vt 0.30212712 0.51632893
vn -0.17156214 -0.18875767 0.9669214
v -8.407788 12.50304 -0.36753038
vt 0.30233753 0.5178406
vn -0.15867358 -0.04426635 0.9863383
v -8.125259 12.687023 -0.31673688
vt 0.30283034 0.5186175
vn -0.40083286 -0.14187717 0.90509886
v -8.132398 12.697828 -0.21482491
vt 0.30288726 0.51866317
vn -0.7828269 -0.24249677 -0.5730422
v -7.969251 12.345285 -0.14301568
vt 0.30317187 0.51717436
vn -0.30241448 -0.8787002 -0.36936644
v -7.9594164 12.346552 0.0822161
vt 0.30318904 0.5171797
vn -0.33736476 -0.9324796 0.12909989
v -8.101825 12.390973 -0.13354705
vt 0.3029406 0.5173673
vn -0.16355848 -0.79055357 -0.59014714
v -8.489816 12.593623 -0.18695018
vt 0.30226374 0.5182231
vn -0.105385 -0.044265065 -0.9934458
v -8.2805395 12.990192 -0.12911075
vt 0.30262887 0.5198978
vn -0.50646126 0.6361563 -0.5820671
v -8.503862 12.887418 -0.11190437
vt 0.3022393 0.5194638
vn -0.48801005 0.7450784 -0.45464757
v -8.2710285 12.991417 0.088678256
vt 0.30264544 0.519903
vn -0.3649776 0.69337636 0.6213055
v -8.494584 12.888612 0.100559756
vt 0.3022555 0.51946884
vn -0.5072394 0.7131246 0.48390248
v -8.731921 12.675298 -0.095698416
vt 0.3018415 0.51856804
vn -0.65471166 0.49865565 -0.56806266
v -8.725322 12.294514 -0.13463598
vt 0.30185294 0.51695997
vn -0.14147572 -0.14401671 -0.97940993
v -8.448148 12.31556 -0.11189177
vt 0.30233645 0.51704884
vn 0.4119519 -0.64759517 -0.64102745
v -8.292106 12.374424 -0.115930475
vt 0.30260867 0.5172974
vn 0.13335294 -0.8721195 -0.47077024
v -8.092315 12.392197 0.08424194
vt 0.30295718 0.5173725
vn -0.005412529 -0.79334134 0.6087531
v -8.115632 12.6999855 0.16911308
vt 0.30291653 0.5186722
vn -0.43015978 -0.10921633 0.89612186
v -8.088238 12.675523 0.24900751
vt 0.3027768 0.518569
vn -0.5699913 -0.18607959 -0.8003026
v -8.1221285 13.117098 0.087045
vt 0.3029052 0.5204337
vn -0.5820563 0.8095418 0.076501936
v -8.128155 13.1591 -0.13829589
vt 0.3028946 0.52061105
vn -0.5765105 0.8083616 -0.11911025
v -8.148661 13.143138 -0.4053929
vt 0.30278957 0.5205437
vn -0.6838325 0.650978 0.3295461
v -8.328543 12.909187 -0.43116996
vt 0.3024758 0.5195557
vn -0.6572498 0.5470322 0.5184385
v -8.4905 12.765071 -0.4527498
vt 0.30219328 0.51894706
vn -0.71697897 0.5798996 0.38685608
v -8.653266 12.479279 -0.48319292
vt 0.30190933 0.51774025
vn -0.8298186 0.278745 0.4834277
v -8.694174 12.261668 -0.5077389
vt 0.30183798 0.51682127
vn -0.9411226 0.07282288 0.33012894
v -7.614354 13.098817 0.4288296
vn -0.10577235 0.90456307 0.41301087
v -7.219761 13.157455 0.3606496
vn -0.08349509 0.8099982 0.580458
v -6.486428 13.299762 -0.24200045
vt 0.30557108 0.52120507
vn -0.0405537 0.9991693 -0.004011789
v -6.4825473 13.150532 -0.76230234
vt 0.30557787 0.5205749
vn 0.14253515 0.7939345 -0.59105986
v -6.263698 13.02047 -0.79795045
vt 0.30595958 0.5200257
vn 0.6395272 0.3934594 -0.66045034
v -6.2636976 13.31899 -0.24200046
vt 0.30595958 0.5212863
vn 0.47745246 0.8786496 -0.003753318
v -6.4830003 13.167946 0.2475995
vt 0.30557704 0.5206484
vn 0.15780233 0.8338153 0.529009
v -6.9856415 12.866991 0.70858115
vt 0.30470026 0.5193775
vn -0.048922874 0.6931595 0.719122
v -7.2814975 12.724043 0.6086557
vt 0.30418414 0.5187738
vn -0.55379283 0.20486623 0.8070584
v -7.570736 12.759914 0.5687158
vn -0.041335814 0.058081627 0.9974557
v -8.104393 13.006967 0.5322458
vt 0.30274868 0.5199686
vn -0.29781294 0.70189065 0.6470371
v -8.128331 13.058754 0.3337506
vt 0.30270696 0.51995564
vn -0.6089002 0.7517907 -0.25308374
v -8.331726 12.837408 0.3827045
vt 0.30235207 0.51925254
vn -0.70230234 0.5217628 -0.48428816
v -8.2824335 12.843752 0.58405125
vt 0.30243814 0.51927936
vn -0.45485553 0.5246785 0.71959645
v -8.001338 12.6867075 0.6039639
vt 0.30292845 0.5186162
vn 0.12668927 -0.044312034 0.99095225
v -7.7459583 12.399632 0.45332587
vt 0.30337393 0.5174039
vn -0.18619777 -0.7428112 0.6430878
v -7.517821 12.348774 0.4288296
vt 0.3037719 0.51718915
vn -0.2106336 -0.8721777 0.4415195
v -7.0482554 12.190751 0.47060615
vt 0.304591 0.5165218
vn -0.5944618 -0.7773019 -0.20595373
v -7.2625957 12.455363 0.8430864
vt 0.3042171 0.5176393
vn -0.98896265 0.13802877 -0.053860318
v -7.080655 12.502359 1.0136153
vt 0.3045345 0.51783776
vn -0.4124469 0.5782538 0.7039248
v -6.6863456 12.619243 0.8798956
vt 0.30522227 0.5183313
vn 0.5065511 0.38117495 0.7733768
v -6.43294 12.833099 0.51600415
vt 0.3056643 0.5192344
vn 0.61819327 0.32398832 0.71614844
v -6.263698 13.075358 0.31755948
vt 0.30595958 0.52002573
vn 0.70648855 0.42373097 0.5668563
v -5.9898677 12.768081 -0.24200043
vt 0.30643725 0.5189599
vn 0.9999396 -0.010948109 -0.0009785687
v -6.263698 12.540541 -0.7979503
vt 0.30595958 0.517999
vn 0.6426408 -0.35530117 -0.6788033
v -6.4772186 12.38519 -0.76111233
vt 0.30558717 0.51734287
vn 0.20578933 -0.77181643 -0.60162294
v -6.601303 12.303757 -0.24200036
vt 0.3053707 0.516999
vn -0.107203156 -0.96838903 -0.22523384
v -6.9500947 12.31595 0.0024695992
vt 0.30476224 0.5170505
vn -0.36020154 -0.8885333 -0.28418913
v -6.876189 12.142151 0.12670963
vt 0.30489117 0.5163166
vn -0.3602576 -0.852984 -0.3776676
v -6.2636976 12.26033 -0.24200037
vt 0.30595958 0.5168156
vn 0.4931734 -0.84983903 -0.18588594
v -6.263698 12.540561 0.31755954
vn 0.8835245 -0.15520781 0.44192213
v -6.3741403 12.213015 0.43978524
vt 0.30576694 0.5166158
vn 0.78621393 -0.50750035 0.35257787
v -6.688861 12.078251 0.29508036
vt 0.30521792 0.5160467
vn 0.08623195 -0.99377507 -0.0705356
v -6.846205 12.031529 0.6810341
vt 0.30494344 0.5158494
vn 0.2886088 -0.90594417 -0.3097906
v -7.0832715 12.095239 0.5887039
vt 0.3045299 0.51611847
vn -0.51048344 -0.29710105 -0.806931
v -7.330154 12.294898 0.8642371
vt 0.30409926 0.5169616
vn -0.8801898 0.43899375 -0.18041763
v -7.3121166 12.158509 1.1122825
vt 0.30413073 0.5163856
vn -0.6569755 0.5115193 0.55383325
v -7.1079745 12.194409 1.1934489
vt 0.30448687 0.51653725
vn 0.13630489 0.13923223 0.980834
v -6.9405937 12.327073 1.1653398
vt 0.3047788 0.5170975
vn 0.34617403 0.093573056 0.9334922
v -6.806728 12.058239 0.9754434
vt 0.30501235 0.51596224
vn 0.6967304 -0.5021639 0.51224834
v -6.572375 12.191073 0.7544901
vt 0.3054211 0.5165231
vn 0.73660463 -0.5301629 0.41992974
v -6.980204 11.937818 1.0121998
vt 0.30470967 0.51545364
vn 0.629872 -0.6398485 0.4402899
v -7.1142545 11.816108 1.0938411
vt 0.30447584 0.5149397
vn 0.5277298 -0.6619695 0.5322572
v -7.2162285 12.020897 1.2384975
vt 0.30429804 0.5158045
vn -0.0729413 0.008520143 0.99729985
v -7.6223125 11.725898 1.0782602
vt 0.30358964 0.51455873
vn -0.70791084 -0.6368473 0.3054305
v -7.143324 11.819532 0.8728387
vt 0.30442518 0.51495415
vn 0.24834076 -0.8990671 -0.36056247
v -7.18045 11.994257 0.6518726
vt 0.3043604 0.515692
vn -0.34744784 -0.35039318 -0.86977273
v -7.4061875 12.164203 0.8920358
vt 0.30396664 0.5164097
vn -0.90332234 0.289784 -0.3162814
v -7.4555078 12.012218 0.99818355
vt 0.30388057 0.5157679
vn -0.9284925 0.21862118 -0.30017754
v -7.346135 11.80781 0.8860715
vt 0.30407137 0.5149046
vn -0.43159735 -0.5482678 -0.7163282
v -7.2663317 11.927774 0.72973657
vt 0.30421054 0.51541126
vn -0.55103654 -0.42043713 -0.72082686
v -7.793266 12.371609 0.2577653
vt 0.30329144 0.5172855
vn -0.48989412 -0.8655908 0.103712365
v -7.9007425 12.438008 0.28977644
vt 0.30310392 0.5175659
vn -0.2292199 -0.85107046 -0.47237405
v -8.712254 12.296196 0.16460411
vt 0.30187577 0.5169671
vn -0.03493048 -0.11945702 0.99222475
v -8.489115 12.193176 0.08238833
vt 0.30226505 0.516532
vn 0.69207954 -0.5698514 0.44305226
v -8.575474 12.10959 0.07165475
vt 0.30211437 0.516179
vn 0.6847201 -0.46992975 0.5570677
v -8.439318 12.316697 0.09029235
vt 0.30235183 0.51705366
vn 0.61176044 -0.52679837 0.5901125
v -8.496446 12.192232 -0.08547899
vt 0.30225223 0.51652807
vn 0.69012994 -0.5109932 -0.51245165
v -8.581418 12.108825 -0.06448333
vt 0.302104 0.5161758
vn 0.65245914 -0.5642533 -0.50588083
v -8.674793 11.729862 0.01728718
vt 0.3019411 0.5145755
vn -0.19575739 -0.98057264 -0.012503246
v -8.90501 12.326762 0.08482446
vt 0.30153954 0.51709616
vn -0.81311864 -0.058570743 0.5791438
v -8.8475685 12.475579 0.0964541
vt 0.30163974 0.5177247
vn -0.8103669 0.3464907 0.47249305
v -8.910571 12.325695 -0.05132875
vt 0.30152982 0.5170917
vn -0.9091472 0.02758877 -0.41556028
v -8.282828 12.375618 0.09653367
vt 0.30262482 0.5173025
vn 0.23559855 -0.8553537 0.46137127
v -8.473594 12.595711 0.1845199
vt 0.30229205 0.5182319
vn -0.0022350722 -0.03058481 0.99952966
v -8.723092 12.6764345 0.10648568
vt 0.30185688 0.5185728
vn -0.6437356 0.4733554 0.6012813
v -8.854497 12.474319 -0.071428984
vt 0.30162764 0.5177193
vn -0.82380766 0.37242123 -0.427368
v -8.6936035 12.111947 -0.5243421
vt 0.301839 0.516189
vn -0.9032223 -0.28666925 0.31939027
v -8.67691 12.1138935 -0.6515779
vt 0.30186808 0.5161972
vn -0.6729283 -0.32394615 -0.66500103
v -8.677525 12.264103 -0.65038806
vt 0.301867 0.5168315
vn -0.8353141 0.043628294 -0.54803926
v -8.287559 11.662362 -0.5376185
vt 0.30254722 0.51429045
vn 0.16217595 -0.9865098 -0.022303095
v -8.3339615 12.028155 -0.47981012
vt 0.30246627 0.51583517
vn 0.7783884 -0.28329977 0.5602257
v -8.317714 12.030247 -0.6071002
vt 0.30249465 0.515844
vn 0.8301844 -0.22272702 -0.5110641
v -8.313098 12.416917 0.32363904
vt 0.30238461 0.51747686
vn -0.2720629 -0.10205842 -0.9568521
v -8.4516735 12.649241 0.4247247
vt 0.30214286 0.518458
vn -0.8698601 0.40197328 -0.28593865
v -8.403583 12.655431 0.62115896
vt 0.30222678 0.5184841
vn -0.67105025 0.38687906 0.63246834
v -8.229019 12.427738 0.6670713
vt 0.3025313 0.5175226
vn 0.23622414 -0.066900656 0.96939284
v -7.851449 12.444352 0.49112326
vt 0.30318987 0.5175927
vn 0.30379462 -0.7713393 0.55923575
v -8.062657 12.368193 0.34038925
vt 0.30282152 0.5172711
vn 0.38339633 -0.7545814 -0.53255445
v -8.181183 12.209619 0.34814143
vt 0.30261475 0.5166015
vn 0.53784835 -0.35998446 -0.7623191
v -8.014567 12.374382 0.5368235
vt 0.30290532 0.51729727
vn 0.666006 -0.68256605 0.30089808
v -8.135418 12.215509 0.535071
vt 0.30269456 0.51662636
vn 0.9099245 -0.16897945 0.37879214
v -8.15669 12.06266 0.39336175
vt 0.30265743 0.5159809
vn 0.7195166 -0.19471107 -0.6666209
v -8.399707 12.064487 0.3954478
vt 0.30223358 0.5159886
vn -0.2768788 -0.20655136 -0.9384427
v -8.540243 12.394354 0.4593938
vt 0.30198836 0.51738155
vn -0.9031016 0.1640038 -0.3968756
v -8.49448 12.400244 0.64632326
vt 0.30206823 0.5174065
vn -0.6434799 0.16597955 0.7472513
v -8.331976 12.073205 0.6721043
vt 0.3023517 0.5160254
vn 0.23305163 -0.09784992 0.967529
v -8.118695 12.06755 0.5485539
vt 0.30272377 0.5160015
vn 0.94618607 -0.18732274 0.26389802
v -8.194039 11.9577875 0.42226964
vt 0.30259228 0.515538
vn 0.70554256 -0.26058412 -0.6590187
v -8.116474 11.592425 0.4887579
vt 0.30272758 0.51399505
vn 0.20710763 -0.977174 -0.04730161
v -8.163228 11.961753 0.5481224
vt 0.30264604 0.5155547
vn 0.91101515 -0.15273494 0.38304496
v -8.523226 12.025985 0.6342321
vt 0.30201805 0.515826
vn -0.5903125 -0.37395203 0.71532583
v -8.553583 12.021897 0.5082725
vt 0.30196512 0.51580876
vn -0.9101518 -0.34136286 -0.23472369
v -8.565147 12.17268 0.48989278
vt 0.30194497 0.51644546
vn -0.97146624 0.008748612 -0.2370164
v -8.527586 12.177687 0.64518714
vt 0.30201048 0.5164666
vn -0.7683542 -0.0024571514 0.6400202
o Mesh_11
g polygon_0
usemtl Joint_0_Object_11_Material_11
f 2549/1920/2578 2551/1922/2580 2550/1921/2579
f 2552/1923/2581 2549/1920/2578 2550/1921/2579
f 2552/1923/2581 2550/1921/2579 2553/1924/2582
f 2554/1925/2583 2552/1923/2581 2553/1924/2582
f 2555/1926/2584 2554/1925/2583 2553/1924/2582
f 2556/1927/2585 2555/1926/2584 2553/1924/2582
f 2556/1927/2585 2553/1924/2582 2550/1921/2579
f 2557/1928/2586 2556/1927/2585 2550/1921/2579
f 2557/1928/2586 2550/1921/2579 2551/1922/2580
f 2558/1929/2587 2557/1928/2586 2551/1922/2580
f 2558/1929/2587 2551/1922/2580 2559/1930/2588
f 2560/1931/2589 2558/1929/2587 2559/1930/2588
f 2561/1932/2590 2560/1931/2589 2559/1930/2588
f 2562/1933/2591 2561/1932/2590 2559/1930/2588
f 2562/1933/2591 2559/1930/2588 2551/1922/2580
f 2563/1934/2592 2562/1933/2591 2551/1922/2580
f 2564/1935/2593 2563/1934/2592 2551/1922/2580
f 2564/1935/2593 2551/1922/2580 2549/1920/2578
f 2565/1936/2594 2564/1935/2593 2549/1920/2578
f 2565/1936/2594 2549/1920/2578 2552/1923/2581
f 2566/1937/2595 2565/1936/2594 2552/1923/2581
f 2566/1937/2595 2552/1923/2581 2554/1925/2583
f 2566/1937/2595 2554/1925/2583 2560/1931/2589
f 2566/1937/2595 2560/1931/2589 2561/1932/2590
f 2567/1938/2596 2566/1937/2595 2561/1932/2590
f 2567/1938/2596 2561/1932/2590 2562/1933/2591
f 2567/1938/2596 2562/1933/2591 2563/1934/2592
f 2566/1937/2595 2567/1938/2596 2563/1934/2592
f 2566/1937/2595 2563/1934/2592 2568/1939/2597
f 2565/1936/2594 2566/1937/2595 2568/1939/2597
f 2564/1935/2593 2565/1936/2594 2568/1939/2597
f 2564/1935/2593 2568/1939/2597 2563/1934/2592
f 2569/1940/2598 2571/1942/2600 2570/1941/2599
f 2572/1943/2601 2569/1940/2598 2570/1941/2599
f 2573/1944/2602 2572/1943/2601 2570/1941/2599
f 2574/1945/2603 2573/1944/2602 2570/1941/2599
f 2575/1946/2604 2574/1945/2603 2570/1941/2599
f 2575/1946/2604 2570/1941/2599 2571/1942/2600
f 2576/1947/2605 2575/1946/2604 2571/1942/2600
f 2576/1947/2605 2571/1942/2600 2577/1948/2606
f 2578/1949/2607 2576/1947/2605 2577/1948/2606
f 2578/1949/2607 2577/1948/2606 2579/1950/2608
f 2580/1951/2609 2578/1949/2607 2579/1950/2608
f 2580/1951/2609 2579/1950/2608 2581/1952/2610
f 2582/1953/2611 2580/1951/2609 2581/1952/2610
f 2582/1953/2611 2581/1952/2610 2583/1954/2612
f 2582/1953/2611 2583/1954/2612 2584/1955/2613
f 2582/1953/2611 2584/1955/2613 2585/1956/2614
f 2586/1957/2615 2582/1953/2611 2585/1956/2614
f 2586/1957/2615 2585/1956/2614 2587/1958/2616
f 2586/1957/2615 2587/1958/2616 2588/1959/2617
f 2586/1957/2615 2588/1959/2617 2589/1960/2618
f 2582/1953/2611 2586/1957/2615 2589/1960/2618
f 2582/1953/2611 2589/1960/2618 2590/1961/2619
f 2580/1951/2609 2582/1953/2611 2590/1961/2619
f 2578/1949/2607 2580/1951/2609 2590/1961/2619
f 2578/1949/2607 2590/1961/2619 2591/1962/2620
f 2576/1947/2605 2578/1949/2607 2591/1962/2620
f 2576/1947/2605 2591/1962/2620 2592/1963/2621
f 2575/1946/2604 2576/1947/2605 2592/1963/2621
f 2574/1945/2603 2575/1946/2604 2592/1963/2621
f 2574/1945/2603 2592/1963/2621 2593/1964/2622
f 2573/1944/2602 2574/1945/2603 2593/1964/2622
f 2594/1965/2623 2573/1944/2602 2593/1964/2622
f 2594/1965/2623 2593/1964/2622 2595/1966/2624
f 2596/1967/2625 2594/1965/2623 2595/1966/2624
f 2597/1968/2626 2596/1967/2625 2595/1966/2624
f 2597/1968/2626 2595/1966/2624 2598/1969/2627
f 2569/1940/2598 2597/1968/2626 2598/1969/2627
f 2571/1942/2600 2569/1940/2598 2598/1969/2627
f 2599/1970/2628 2571/1942/2600 2598/1969/2627
f 2600/1971/2629 2599/1970/2628 2598/1969/2627
f 2600/1971/2629 2598/1969/2627 2595/1966/2624
f 2600/1971/2629 2595/1966/2624 2593/1964/2622
f 2600/1971/2629 2593/1964/2622 2601/1972/2630
f 2599/1970/2628 2600/1971/2629 2601/1972/2630
f 2599/1970/2628 2601/1972/2630 2602/1973/2631
f 2571/1942/2600 2599/1970/2628 2602/1973/2631
f 2577/1948/2606 2571/1942/2600 2602/1973/2631
f 2577/1948/2606 2602/1973/2631 2603/1974/2632
f 2579/1950/2608 2577/1948/2606 2603/1974/2632
f 2604/1975/2633 2579/1950/2608 2603/1974/2632
f 2604/1975/2633 2603/1974/2632 2605/1976/2634
f 2606/1977/2635 2604/1975/2633 2605/1976/2634
f 2607/1978/2636 2606/1977/2635 2605/1976/2634
f 2607/1978/2636 2605/1976/2634 2608/1979/2637
f 2609/1980/2638 2607/1978/2636 2608/1979/2637
f 2610/1981/2639 2609/1980/2638 2608/1979/2637
f 2610/1981/2639 2608/1979/2637 2611/1980/2640
f 2612/1982/2641 2610/1981/2639 2611/1980/2640
f 2612/1982/2641 2611/1980/2640 2613/1983/2642
f 2614/1984/2643 2612/1982/2641 2613/1983/2642
f 2615/1985/2644 2614/1984/2643 2613/1983/2642
f 2615/1985/2644 2613/1983/2642 2616/1986/2645
f 2617/1987/2646 2615/1985/2644 2616/1986/2645
f 2617/1987/2646 2616/1986/2645 2618/1988/2647
f 2619/1989/2648 2617/1987/2646 2618/1988/2647
f 2619/1989/2648 2618/1988/2647 2620/1990/2649
f 2621/1991/2650 2619/1989/2648 2620/1990/2649
f 2589/1960/2618 2621/1991/2650 2620/1990/2649
f 2590/1961/2619 2589/1960/2618 2620/1990/2649
f 2590/1961/2619 2620/1990/2649 2618/1988/2647
f 2622/1992/2651 2590/1961/2619 2618/1988/2647
f 2622/1992/2651 2618/1988/2647 2616/1986/2645
f 2622/1992/2651 2616/1986/2645 2613/1983/2642
f 2623/1993/2652 2622/1992/2651 2613/1983/2642
f 2623/1993/2652 2613/1983/2642 2611/1980/2640
f 2624/1978/2653 2623/1993/2652 2611/1980/2640
f 2624/1978/2653 2611/1980/2640 2608/1979/2637
f 2624/1978/2653 2608/1979/2637 2605/1976/2634
f 2625/1994/2654 2624/1978/2653 2605/1976/2634
f 2625/1994/2654 2605/1976/2634 2603/1974/2632
f 2625/1994/2654 2603/1974/2632 2602/1973/2631
f 2625/1994/2654 2602/1973/2631 2601/1972/2630
f 2626/1995/2655 2625/1994/2654 2601/1972/2630
f 2626/1995/2655 2601/1972/2630 2593/1964/2622
f 2626/1995/2655 2593/1964/2622 2592/1963/2621
f 2626/1995/2655 2592/1963/2621 2591/1962/2620
f 2627/1996/2656 2626/1995/2655 2591/1962/2620
f 2628/1997/2657 2627/1996/2656 2591/1962/2620
f 2628/1997/2657 2591/1962/2620 2590/1961/2619
f 2628/1997/2657 2590/1961/2619 2622/1992/2651
f 2628/1997/2657 2622/1992/2651 2623/1993/2652
f 2629/1998/2658 2628/1997/2657 2623/1993/2652
f 2629/1998/2658 2623/1993/2652 2624/1978/2653
f 2630/1999/2659 2629/1998/2658 2624/1978/2653
f 2631/2000/2660 2630/1999/2659 2624/1978/2653
f 2631/2000/2660 2624/1978/2653 2625/1994/2654
f 2631/2000/2660 2625/1994/2654 2626/1995/2655
f 2632/2001/2661 2631/2000/2660 2626/1995/2655
f 2632/2001/2661 2626/1995/2655 2627/1996/2656
f 2633/2002/2662 2632/2001/2661 2627/1996/2656
f 2634/2003/2663 2633/2002/2662 2627/1996/2656
f 2634/2003/2663 2627/1996/2656 2628/1997/2657
f 2634/2003/2663 2628/1997/2657 2629/1998/2658
f 2635/2004/2664 2634/2003/2663 2629/1998/2658
f 2635/2004/2664 2629/1998/2658 2630/1999/2659
f 2636/2005/2665 2635/2004/2664 2630/1999/2659
f 2637/2006/2666 2636/2005/2665 2630/1999/2659
f 2637/2006/2666 2630/1999/2659 2631/2000/2660
f 2637/2006/2666 2631/2000/2660 2632/2001/2661
f 2557/1928/2586 2637/2006/2666 2632/2001/2661
f 2557/1928/2586 2632/2001/2661 2633/2002/2662
f 2556/1927/2585 2557/1928/2586 2633/2002/2662
f 2555/1926/2584 2556/1927/2585 2633/2002/2662
f 2555/1926/2584 2633/2002/2662 2634/2003/2663
f 2555/1926/2584 2634/2003/2663 2635/2004/2664
f 2554/1925/2583 2555/1926/2584 2635/2004/2664
f 2554/1925/2583 2635/2004/2664 2636/2005/2665
f 2554/1925/2583 2636/2005/2665 2638/2007/2667
f 2560/1931/2589 2554/1925/2583 2638/2007/2667
f 2558/1929/2587 2560/1931/2589 2638/2007/2667
f 2558/1929/2587 2638/2007/2667 2639/2008/2668
f 2557/1928/2586 2558/1929/2587 2639/2008/2668
f 2637/2006/2666 2557/1928/2586 2639/2008/2668
f 2636/2005/2665 2637/2006/2666 2639/2008/2668
f 2636/2005/2665 2639/2008/2668 2638/2007/2667
f 2640/2009/2669 2584/1955/2613 2583/1954/2612
f 2641/2010/2670 2640/2009/2669 2583/1954/2612
f 2642/2011/2671 2641/2010/2670 2583/1954/2612
f 2642/2011/2671 2583/1954/2612 2581/1952/2610
f 2643/2012/2672 2642/2011/2671 2581/1952/2610
f 2643/2012/2672 2581/1952/2610 2579/1950/2608
f 2644/2013/2673 2643/2012/2672 2579/1950/2608
f 2644/2013/2673 2579/1950/2608 2604/1975/2633
f 2644/2013/2673 2604/1975/2633 2606/1977/2635
f 2645/2014/2674 2644/2013/2673 2606/1977/2635
f 2645/2014/2674 2606/1977/2635 2584/1955/2613
f 2645/2014/2674 2584/1955/2613 2640/2009/2669
f 2645/2014/2674 2640/2009/2669 2646/2015/2675
f 2645/2014/2674 2646/2015/2675 2647/2016/2676
f 2644/2013/2673 2645/2014/2674 2647/2016/2676
f 2643/2012/2672 2644/2013/2673 2647/2016/2676
f 2648/2017/2677 2643/2012/2672 2647/2016/2676
f 2648/2017/2677 2647/2016/2676 2646/2015/2675
f 2649/2018/2678 2648/2017/2677 2646/2015/2675
f 2649/2018/2678 2646/2015/2675 2640/2009/2669
f 2650/2019/2679 2649/2018/2678 2640/2009/2669
f 2651/2020/2680 2650/2019/2679 2640/2009/2669
f 2651/2020/2680 2640/2009/2669 2641/2010/2670
f 2652/2021/2681 2651/2020/2680 2641/2010/2670
f 2652/2021/2681 2641/2010/2670 2642/2011/2671
f 2652/2021/2681 2642/2011/2671 2643/2012/2672
f 2653/2022/2682 2652/2021/2681 2643/2012/2672
f 2653/2022/2682 2643/2012/2672 2648/2017/2677
f 2654/2023/2683 2653/2022/2682 2648/2017/2677
f 2654/2023/2683 2648/2017/2677 2649/2018/2678
f 2655/2024/2684 2654/2023/2683 2649/2018/2678
f 2655/2024/2684 2649/2018/2678 2650/2019/2679
f 2655/2024/2684 2650/2019/2679 2656/2025/2685
f 2655/2024/2684 2656/2025/2685 2657/2026/2686
f 2654/2023/2683 2655/2024/2684 2657/2026/2686
f 2653/2022/2682 2654/2023/2683 2657/2026/2686
f 2658/2027/2687 2653/2022/2682 2657/2026/2686
f 2658/2027/2687 2657/2026/2686 2656/2025/2685
f 2658/2027/2687 2656/2025/2685 2650/2019/2679
f 2659/2028/2688 2658/2027/2687 2650/2019/2679
f 2660/2029/2689 2659/2028/2688 2650/2019/2679
f 2660/2029/2689 2650/2019/2679 2651/2020/2680
f 2661/2030/2690 2660/2029/2689 2651/2020/2680
f 2661/2030/2690 2651/2020/2680 2652/2021/2681
f 2661/2030/2690 2652/2021/2681 2653/2022/2682
f 2662/2031/2691 2661/2030/2690 2653/2022/2682
f 2662/2031/2691 2653/2022/2682 2658/2027/2687
f 2662/2031/2691 2658/2027/2687 2659/2028/2688
f 2662/2031/2691 2659/2028/2688 2660/2029/2689
f 2661/2030/2690 2662/2031/2691 2660/2029/2689
f 2585/1956/2614 2584/1955/2613 2606/1977/2635
f 2663/2032/2692 2585/1956/2614 2606/1977/2635
f 2663/2032/2692 2606/1977/2635 2607/1978/2636
f 2664/2033/2693 2663/2032/2692 2607/1978/2636
f 2665/1998/2694 2664/2033/2693 2607/1978/2636
f 2665/1998/2694 2607/1978/2636 2609/1980/2638
f 2665/1998/2694 2609/1980/2638 2666/2034/2695
f 2589/1960/2618 2665/1998/2694 2666/2034/2695
f 2621/1991/2650 2589/1960/2618 2666/2034/2695
f 2621/1991/2650 2666/2034/2695 2667/2035/2696
f 2668/2036/2697 2621/1991/2650 2667/2035/2696
f 2669/2037/2698 2668/2036/2697 2667/2035/2696
f 2670/2038/2699 2669/2037/2698 2667/2035/2696
f 2670/2038/2699 2667/2035/2696 2666/2034/2695
f 2671/2039/2700 2670/2038/2699 2666/2034/2695
f 2671/2039/2700 2666/2034/2695 2609/1980/2638
f 2672/2040/2701 2671/2039/2700 2609/1980/2638
f 2672/2040/2701 2609/1980/2638 2610/1981/2639
f 2673/2041/2702 2672/2040/2701 2610/1981/2639
f 2673/2041/2702 2610/1981/2639 2612/1982/2641
f 2673/2041/2702 2612/1982/2641 2614/1984/2643
f 2674/2042/2703 2673/2041/2702 2614/1984/2643
f 2674/2042/2703 2614/1984/2643 2615/1985/2644
f 2674/2042/2703 2615/1985/2644 2617/1987/2646
f 2674/2042/2703 2617/1987/2646 2675/1985/2704
f 2674/2042/2703 2675/1985/2704 2676/2043/2705
f 2673/2041/2702 2674/2042/2703 2676/2043/2705
f 2672/2040/2701 2673/2041/2702 2676/2043/2705
f 2672/2040/2701 2676/2043/2705 2677/2044/2706
f 2671/2039/2700 2672/2040/2701 2677/2044/2706
f 2671/2039/2700 2677/2044/2706 2678/2045/2707
f 2670/2038/2699 2671/2039/2700 2678/2045/2707
f 2670/2038/2699 2678/2045/2707 2679/2046/2708
f 2670/2038/2699 2679/2046/2708 2680/2047/2709
f 2670/2038/2699 2680/2047/2709 2681/2048/2710
f 2669/2037/2698 2670/2038/2699 2681/2048/2710
f 2669/2037/2698 2681/2048/2710 2682/2049/2711
f 2669/2037/2698 2682/2049/2711 2683/2050/2712
f 2668/2036/2697 2669/2037/2698 2683/2050/2712
f 2668/2036/2697 2683/2050/2712 2684/2051/2713
f 2621/1991/2650 2668/2036/2697 2684/2051/2713
f 2621/1991/2650 2684/2051/2713 2685/2052/2714
f 2619/1989/2648 2621/1991/2650 2685/2052/2714
f 2617/1987/2646 2619/1989/2648 2685/2052/2714
f 2617/1987/2646 2685/2052/2714 2686/2053/2715
f 2675/1985/2704 2617/1987/2646 2686/2053/2715
f 2675/1985/2704 2686/2053/2715 2677/2044/2706
f 2676/2043/2705 2675/1985/2704 2677/2044/2706
f 2665/1998/2694 2589/1960/2618 2588/1959/2617
f 2665/1998/2694 2588/1959/2617 2687/2054/2716
f 2664/2033/2693 2665/1998/2694 2687/2054/2716
f 2664/2033/2693 2687/2054/2716 2688/2055/2717
f 2664/2033/2693 2688/2055/2717 2689/2056/2718
f 2663/2032/2692 2664/2033/2693 2689/2056/2718
f 2585/1956/2614 2663/2032/2692 2689/2056/2718
f 2585/1956/2614 2689/2056/2718 2690/2057/2719
f 2587/1958/2616 2585/1956/2614 2690/2057/2719
f 2587/1958/2616 2690/2057/2719 2691/2058/2720
f 2587/1958/2616 2691/2058/2720 2692/2059/2721
f 2588/1959/2617 2587/1958/2616 2692/2059/2721
f 2687/2054/2716 2588/1959/2617 2692/2059/2721
f 2687/2054/2716 2692/2059/2721 2693/2060/2722
f 2688/2055/2717 2687/2054/2716 2693/2060/2722
f 2688/2055/2717 2693/2060/2722 2694/2061/2723
f 2688/2055/2717 2694/2061/2723 2695/2062/2724
f 2689/2056/2718 2688/2055/2717 2695/2062/2724
f 2690/2057/2719 2689/2056/2718 2695/2062/2724
f 2696/2063/2725 2690/2057/2719 2695/2062/2724
f 2696/2063/2725 2695/2062/2724 2694/2061/2723
f 2697/2064/2726 2696/2063/2725 2694/2061/2723
f 2697/2064/2726 2694/2061/2723 2693/2060/2722
f 2698/2065/2727 2697/2064/2726 2693/2060/2722
f 2699/2066/2728 2698/2065/2727 2693/2060/2722
f 2700/2067/2729 2699/2066/2728 2693/2060/2722
f 2700/2067/2729 2693/2060/2722 2692/2059/2721
f 2700/2067/2729 2692/2059/2721 2691/2058/2720
f 2701/2068/2730 2700/2067/2729 2691/2058/2720
f 2701/2068/2730 2691/2058/2720 2690/2057/2719
f 2702/2069/2731 2701/2068/2730 2690/2057/2719
f 2702/2069/2731 2690/2057/2719 2696/2063/2725
f 2703/2070/2732 2702/2069/2731 2696/2063/2725
f 2703/2070/2732 2696/2063/2725 2697/2064/2726
f 2704/2071/2733 2703/2070/2732 2697/2064/2726
f 2704/2071/2733 2697/2064/2726 2698/2065/2727
f 2704/2071/2733 2698/2065/2727 2705/2072/2734
f 2704/2071/2733 2705/2072/2734 2706/2073/2735
f 2703/2070/2732 2704/2071/2733 2706/2073/2735
f 2702/2069/2731 2703/2070/2732 2706/2073/2735
f 2707/2074/2736 2702/2069/2731 2706/2073/2735
f 2707/2074/2736 2706/2073/2735 2705/2072/2734
f 2707/2074/2736 2705/2072/2734 2698/2065/2727
f 2708/2075/2737 2707/2074/2736 2698/2065/2727
f 2709/2076/2738 2708/2075/2737 2698/2065/2727
f 2709/2076/2738 2698/2065/2727 2699/2066/2728
f 2710/2077/2739 2709/2076/2738 2699/2066/2728
f 2701/2068/2730 2710/2077/2739 2699/2066/2728
f 2701/2068/2730 2699/2066/2728 2700/2067/2729
f 2710/2077/2739 2701/2068/2730 2702/2069/2731
f 2710/2077/2739 2702/2069/2731 2711/2078/2740
f 2709/2076/2738 2710/2077/2739 2711/2078/2740
f 2708/2075/2737 2709/2076/2738 2711/2078/2740
f 2707/2074/2736 2708/2075/2737 2711/2078/2740
f 2707/2074/2736 2711/2078/2740 2702/2069/2731
f 2712/2079/2741 2714/2081/2743 2713/2080/2742
f 2715/2082/2744 2712/2079/2741 2713/2080/2742
f 2594/1965/2623 2715/2082/2744 2713/2080/2742
f 2594/1965/2623 2713/2080/2742 2714/2081/2743
f 2573/1944/2602 2594/1965/2623 2714/2081/2743
f 2572/1943/2601 2573/1944/2602 2714/2081/2743
f 2572/1943/2601 2714/2081/2743 2712/2079/2741
f 2569/1940/2598 2572/1943/2601 2712/2079/2741
f 2569/1940/2598 2712/2079/2741 2715/2082/2744
f 2569/1940/2598 2715/2082/2744 2716/2083/2745
f 2597/1968/2626 2569/1940/2598 2716/2083/2745
f 2596/1967/2625 2597/1968/2626 2716/2083/2745
f 2596/1967/2625 2716/2083/2745 2717/2084/2746
f 2594/1965/2623 2596/1967/2625 2717/2084/2746
f 2715/2082/2744 2594/1965/2623 2717/2084/2746
f 2715/2082/2744 2717/2084/2746 2716/2083/2745
f 2718/2085/2747 2678/2045/2707 2677/2044/2706
f 2718/2085/2747 2677/2044/2706 2686/2053/2715
f 2718/2085/2747 2686/2053/2715 2685/2052/2714
f 2718/2085/2747 2685/2052/2714 2684/2051/2713
f 2718/2085/2747 2684/2051/2713 2719/2086/2748
f 2678/2045/2707 2718/2085/2747 2719/2086/2748
f 2679/2046/2708 2678/2045/2707 2719/2086/2748
f 2679/2046/2708 2719/2086/2748 2720/2087/2749
f 2680/2047/2709 2679/2046/2708 2720/2087/2749
f 2680/2047/2709 2720/2087/2749 2721/2088/2750
f 2680/2047/2709 2721/2088/2750 2722/2089/2751
f 2681/2048/2710 2680/2047/2709 2722/2089/2751
f 2723/2090/2752 2681/2048/2710 2722/2089/2751
f 2723/2090/2752 2722/2089/2751 2721/2088/2750
f 2724/2091/2753 2723/2090/2752 2721/2088/2750
f 2724/2091/2753 2721/2088/2750 2720/2087/2749
f 2684/2051/2713 2724/2091/2753 2720/2087/2749
f 2684/2051/2713 2720/2087/2749 2719/2086/2748
f 2724/2091/2753 2684/2051/2713 2683/2050/2712
f 2725/2092/2754 2724/2091/2753 2683/2050/2712
f 2725/2092/2754 2683/2050/2712 2682/2049/2711
f 2726/2093/2755 2725/2092/2754 2682/2049/2711
f 2726/2093/2755 2682/2049/2711 2681/2048/2710
f 2726/2093/2755 2681/2048/2710 2723/2090/2752
f 2727/2094/2756 2726/2093/2755 2723/2090/2752
f 2727/2094/2756 2723/2090/2752 2724/2091/2753
f 2727/2094/2756 2724/2091/2753 2725/2092/2754
f 2726/2093/2755 2727/2094/2756 2725/2092/2754
f 2728/2095/2757 2730/2097/2759 2729/2096/2758
f 2731/2098/2760 2728/2095/2757 2729/2096/2758
f 2731/2098/2760 2729/2096/2758 2732/2099/2761
f 2731/2098/2760 2732/2099/2761 2733/2100/2762
f 2728/2095/2757 2731/2098/2760 2733/2100/2762
f 2728/2095/2757 2733/2100/2762 2734/2101/2763
f 2735/2102/2764 2728/2095/2757 2734/2101/2763
f 2736/2103/2765 2735/2102/2764 2734/2101/2763
f 2736/2103/2765 2734/2101/2763 2737/2104/2766
f 2738/2105/2767 2736/2103/2765 2737/2104/2766
f 2738/2105/2767 2737/2104/2766 2739/2106/2768
f 2740/2107/2769 2738/2105/2767 2739/2106/2768
f 2741/2108/2770 2740/2107/2769 2739/2106/2768
f 2742/2109/2771 2741/2108/2770 2739/2106/2768
f 2742/2109/2771 2739/2106/2768 2743/2110/2772
f 2744/2111/2773 2742/2109/2771 2743/2110/2772
f 2744/2111/2773 2743/2110/2772 2745/2112/2774
f 2735/2102/2764 2744/2111/2773 2745/2112/2774
f 2735/2102/2764 2745/2112/2774 2746/2113/2775
f 2728/2095/2757 2735/2102/2764 2746/2113/2775
f 2728/2095/2757 2746/2113/2775 2747/2114/2776
f 2730/2097/2759 2728/2095/2757 2747/2114/2776
f 2730/2097/2759 2747/2114/2776 2748/2115/2777
f 2729/2096/2758 2730/2097/2759 2748/2115/2777
f 2729/2096/2758 2748/2115/2777 2749/2116/2778
f 2732/2099/2761 2729/2096/2758 2749/2116/2778
f 2732/2099/2761 2749/2116/2778 2750/2117/2779
f 2733/2100/2762 2732/2099/2761 2750/2117/2779
f 2734/2101/2763 2733/2100/2762 2750/2117/2779
f 2737/2104/2766 2734/2101/2763 2750/2117/2779
f 2737/2104/2766 2750/2117/2779 2749/2116/2778
f 2739/2106/2768 2737/2104/2766 2749/2116/2778
f 2739/2106/2768 2749/2116/2778 2751/2118/2780
f 2743/2110/2772 2739/2106/2768 2751/2118/2780
f 2745/2112/2774 2743/2110/2772 2751/2118/2780
f 2746/2113/2775 2745/2112/2774 2751/2118/2780
f 2746/2113/2775 2751/2118/2780 2752/2119/2781
f 2747/2114/2776 2746/2113/2775 2752/2119/2781
f 2748/2115/2777 2747/2114/2776 2752/2119/2781
f 2749/2116/2778 2748/2115/2777 2752/2119/2781
f 2749/2116/2778 2752/2119/2781 2751/2118/2780
f 2753/2120/2782 2744/2111/2773 2735/2102/2764
f 2754/2121/2783 2753/2120/2782 2735/2102/2764
f 2754/2121/2783 2735/2102/2764 2736/2103/2765
f 2754/2121/2783 2736/2103/2765 2738/2105/2767
f 2754/2121/2783 2738/2105/2767 2740/2107/2769
f 2754/2121/2783 2740/2107/2769 2755/2122/2784
f 2753/2120/2782 2754/2121/2783 2755/2122/2784
f 2753/2120/2782 2755/2122/2784 2756/2123/2785
f 2753/2120/2782 2756/2123/2785 2757/2124/2786
f 2744/2111/2773 2753/2120/2782 2757/2124/2786
f 2742/2109/2771 2744/2111/2773 2757/2124/2786
f 2742/2109/2771 2757/2124/2786 2758/2125/2787
f 2741/2108/2770 2742/2109/2771 2758/2125/2787
f 2741/2108/2770 2758/2125/2787 2759/2126/2788
f 2741/2108/2770 2759/2126/2788 2760/2127/2789
f 2740/2107/2769 2741/2108/2770 2760/2127/2789
f 2755/2122/2784 2740/2107/2769 2760/2127/2789
f 2755/2122/2784 2760/2127/2789 2761/2128/2790
f 2756/2123/2785 2755/2122/2784 2761/2128/2790
f 2756/2123/2785 2761/2128/2790 2762/2129/2791
f 2756/2123/2785 2762/2129/2791 2763/2130/2792
f 2757/2124/2786 2756/2123/2785 2763/2130/2792
f 2758/2125/2787 2757/2124/2786 2763/2130/2792
f 2758/2125/2787 2763/2130/2792 2764/2131/2793
f 2759/2126/2788 2758/2125/2787 2764/2131/2793
f 2759/2126/2788 2764/2131/2793 2765/2132/2794
f 2766/2133/2795 2759/2126/2788 2765/2132/2794
f 2766/2133/2795 2765/2132/2794 2767/2134/2796
f 2768/2135/2797 2766/2133/2795 2767/2134/2796
f 2769/2136/2798 2768/2135/2797 2767/2134/2796
f 2770/2137/2799 2769/2136/2798 2767/2134/2796
f 2770/2137/2799 2767/2134/2796 2765/2132/2794
f 2771/2138/2800 2770/2137/2799 2765/2132/2794
f 2771/2138/2800 2765/2132/2794 2764/2131/2793
f 2772/2139/2801 2771/2138/2800 2764/2131/2793
f 2773/2140/2802 2772/2139/2801 2764/2131/2793
f 2773/2140/2802 2764/2131/2793 2763/2130/2792
f 2774/2141/2803 2773/2140/2802 2763/2130/2792
f 2774/2141/2803 2763/2130/2792 2762/2129/2791
f 2775/2142/2804 2774/2141/2803 2762/2129/2791
f 2776/2143/2805 2775/2142/2804 2762/2129/2791
f 2776/2143/2805 2762/2129/2791 2761/2128/2790
f 2777/2144/2806 2776/2143/2805 2761/2128/2790
f 2778/2145/2807 2777/2144/2806 2761/2128/2790
f 2779/2146/2808 2778/2145/2807 2761/2128/2790
f 2779/2146/2808 2761/2128/2790 2760/2127/2789
f 2779/2146/2808 2760/2127/2789 2759/2126/2788
f 2780/2147/2809 2779/2146/2808 2759/2126/2788
f 2780/2147/2809 2759/2126/2788 2766/2133/2795
f 2781/2148/2810 2780/2147/2809 2766/2133/2795
f 2782/2149/2811 2781/2148/2810 2766/2133/2795
f 2783/2150/2812 2782/2149/2811 2766/2133/2795
f 2783/2150/2812 2766/2133/2795 2768/2135/2797
f 2784/2151/2813 2783/2150/2812 2768/2135/2797
f 2785/2152/2814 2784/2151/2813 2768/2135/2797
f 2785/2152/2814 2768/2135/2797 2769/2136/2798
f 2786/2153/2815 2785/2152/2814 2769/2136/2798
f 2787/2154/2816 2786/2153/2815 2769/2136/2798
f 2787/2154/2816 2769/2136/2798 2770/2137/2799
f 2787/2154/2816 2770/2137/2799 2771/2138/2800
f 2788/2155/2817 2787/2154/2816 2771/2138/2800
f 2788/2155/2817 2771/2138/2800 2772/2139/2801
f 2789/2156/2818 2788/2155/2817 2772/2139/2801
f 2790/2157/2819 2789/2156/2818 2772/2139/2801
f 2790/2157/2819 2772/2139/2801 2773/2140/2802
f 2790/2157/2819 2773/2140/2802 2791/2158/2820
f 2790/2157/2819 2791/2158/2820 2792/2159/2821
f 2789/2156/2818 2790/2157/2819 2792/2159/2821
f 2789/2156/2818 2792/2159/2821 2793/2160/2822
f 2794/2161/2823 2789/2156/2818 2793/2160/2822
f 2794/2161/2823 2793/2160/2822 2795/2162/2824
f 2796/2163/2825 2794/2161/2823 2795/2162/2824
f 2797/2164/2826 2796/2163/2825 2795/2162/2824
f 2798/2165/2827 2797/2164/2826 2795/2162/2824
f 2798/2165/2827 2795/2162/2824 2793/2160/2822
f 2799/2166/2828 2798/2165/2827 2793/2160/2822
f 2800/2167/2829 2799/2166/2828 2793/2160/2822
f 2801/2168/2830 2800/2167/2829 2793/2160/2822
f 2801/2168/2830 2793/2160/2822 2792/2159/2821
f 2802/2169/2831 2801/2168/2830 2792/2159/2821
f 2802/2169/2831 2792/2159/2821 2791/2158/2820
f 2803/2170/2832 2802/2169/2831 2791/2158/2820
f 2803/2170/2832 2791/2158/2820 2804/2171/2833
f 2803/2170/2832 2804/2171/2833 2805/2172/2834
f 2796/2163/2825 2803/2170/2832 2805/2172/2834
f 2794/2161/2823 2796/2163/2825 2805/2172/2834
f 2794/2161/2823 2805/2172/2834 2806/2173/2835
f 2789/2156/2818 2794/2161/2823 2806/2173/2835
f 2789/2156/2818 2806/2173/2835 2807/2174/2836
f 2788/2155/2817 2789/2156/2818 2807/2174/2836
f 2788/2155/2817 2807/2174/2836 2808/2175/2837
f 2787/2154/2816 2788/2155/2817 2808/2175/2837
f 2787/2154/2816 2808/2175/2837 2809/2176/2838
f 2787/2154/2816 2809/2176/2838 2810/2177/2839
f 2786/2153/2815 2787/2154/2816 2810/2177/2839
f 2811/2178/2840 2786/2153/2815 2810/2177/2839
f 2782/2149/2811 2811/2178/2840 2810/2177/2839
f 2781/2148/2810 2782/2149/2811 2810/2177/2839
f 2781/2148/2810 2810/2177/2839 2809/2176/2838
f 2780/2147/2809 2781/2148/2810 2809/2176/2838
f 2780/2147/2809 2809/2176/2838 2808/2175/2837
f 2779/2146/2808 2780/2147/2809 2808/2175/2837
f 2779/2146/2808 2808/2175/2837 2807/2174/2836
f 2778/2145/2807 2779/2146/2808 2807/2174/2836
f 2778/2145/2807 2807/2174/2836 2806/2173/2835
f 2778/2145/2807 2806/2173/2835 2805/2172/2834
f 2778/2145/2807 2805/2172/2834 2812/2128/2841
f 2777/2144/2806 2778/2145/2807 2812/2128/2841
f 2777/2144/2806 2812/2128/2841 2813/2143/2842
f 2777/2144/2806 2813/2143/2842 2814/2179/2843
f 2776/2143/2805 2777/2144/2806 2814/2179/2843
f 2776/2143/2805 2814/2179/2843 2815/2180/2844
f 2775/2142/2804 2776/2143/2805 2815/2180/2844
f 2816/2181/2845 2775/2142/2804 2815/2180/2844
f 2817/2182/2846 2816/2181/2845 2815/2180/2844
f 2817/2182/2846 2815/2180/2844 2814/2179/2843
f 2818/2183/2847 2817/2182/2846 2814/2179/2843
f 2818/2183/2847 2814/2179/2843 2813/2143/2842
f 2819/2184/2848 2818/2183/2847 2813/2143/2842
f 2820/2185/2849 2819/2184/2848 2813/2143/2842
f 2821/2123/2850 2820/2185/2849 2813/2143/2842
f 2821/2123/2850 2813/2143/2842 2812/2128/2841
f 2822/2186/2851 2821/2123/2850 2812/2128/2841
f 2823/2187/2852 2822/2186/2851 2812/2128/2841
f 2823/2187/2852 2812/2128/2841 2805/2172/2834
f 2823/2187/2852 2805/2172/2834 2804/2171/2833
f 2823/2187/2852 2804/2171/2833 2824/2188/2853
f 2822/2186/2851 2823/2187/2852 2824/2188/2853
f 2822/2186/2851 2824/2188/2853 2825/2189/2854
f 2822/2186/2851 2825/2189/2854 2826/2190/2855
f 2821/2123/2850 2822/2186/2851 2826/2190/2855
f 2821/2123/2850 2826/2190/2855 2827/2191/2856
f 2821/2123/2850 2827/2191/2856 2828/2192/2857
f 2820/2185/2849 2821/2123/2850 2828/2192/2857
f 2820/2185/2849 2828/2192/2857 2829/2193/2858
f 2820/2185/2849 2829/2193/2858 2830/2194/2859
f 2820/2185/2849 2830/2194/2859 2831/2195/2860
f 2819/2184/2848 2820/2185/2849 2831/2195/2860
f 2819/2184/2848 2831/2195/2860 2832/2196/2861
f 2819/2184/2848 2832/2196/2861 2833/2197/2862
f 2818/2183/2847 2819/2184/2848 2833/2197/2862
f 2818/2183/2847 2833/2197/2862 2834/2198/2863
f 2817/2182/2846 2818/2183/2847 2834/2198/2863
f 2817/2182/2846 2834/2198/2863 2835/2199/2864
f 2816/2181/2845 2817/2182/2846 2835/2199/2864
f 2816/2181/2845 2835/2199/2864 2836/2200/2865
f 2775/2142/2804 2816/2181/2845 2836/2200/2865
f 2775/2142/2804 2836/2200/2865 2837/2201/2866
f 2774/2141/2803 2775/2142/2804 2837/2201/2866
f 2774/2141/2803 2837/2201/2866 2838/2202/2867
f 2773/2140/2802 2774/2141/2803 2838/2202/2867
f 2773/2140/2802 2838/2202/2867 2839/2203/2868
f 2828/2192/2857 2773/2140/2802 2839/2203/2868
f 2829/2193/2858 2828/2192/2857 2839/2203/2868
f 2840/2204/2869 2829/2193/2858 2839/2203/2868
f 2840/2204/2869 2839/2203/2868 2838/2202/2867
f 2841/2205/2870 2840/2204/2869 2838/2202/2867
f 2841/2205/2870 2838/2202/2867 2837/2201/2866
f 2841/2205/2870 2837/2201/2866 2836/2200/2865
f 2841/2205/2870 2836/2200/2865 2835/2199/2864
f 2842/2200/2871 2841/2205/2870 2835/2199/2864
f 2842/2200/2871 2835/2199/2864 2834/2198/2863
f 2842/2200/2871 2834/2198/2863 2833/2197/2862
f 2842/2200/2871 2833/2197/2862 2843/2206/2872
f 2841/2205/2870 2842/2200/2871 2843/2206/2872
f 2841/2205/2870 2843/2206/2872 2844/2207/2873
f 2840/2204/2869 2841/2205/2870 2844/2207/2873
f 2829/2193/2858 2840/2204/2869 2844/2207/2873
f 2829/2193/2858 2844/2207/2873 2845/2208/2874
f 2829/2193/2858 2845/2208/2874 2846/2209/2875
f 2830/2194/2859 2829/2193/2858 2846/2209/2875
f 2830/2194/2859 2846/2209/2875 2847/2210/2876
f 2831/2195/2860 2830/2194/2859 2847/2210/2876
f 2831/2195/2860 2847/2210/2876 2848/2211/2877
f 2831/2195/2860 2848/2211/2877 2849/2212/2878
f 2831/2195/2860 2849/2212/2878 2850/2213/2879
f 2832/2196/2861 2831/2195/2860 2850/2213/2879
f 2832/2196/2861 2850/2213/2879 2851/2214/2880
f 2832/2196/2861 2851/2214/2880 2852/2215/2881
f 2833/2197/2862 2832/2196/2861 2852/2215/2881
f 2843/2206/2872 2833/2197/2862 2852/2215/2881
f 2844/2207/2873 2843/2206/2872 2852/2215/2881
f 2845/2208/2874 2844/2207/2873 2852/2215/2881
f 2845/2208/2874 2852/2215/2881 2851/2214/2880
f 2853/2216/2882 2845/2208/2874 2851/2214/2880
f 2853/2216/2882 2851/2214/2880 2850/2213/2879
f 2853/2216/2882 2850/2213/2879 2849/2212/2878
f 2854/2217/2883 2853/2216/2882 2849/2212/2878
f 2855/2218/2884 2854/2217/2883 2849/2212/2878
f 2855/2218/2884 2849/2212/2878 2848/2211/2877
f 2855/2218/2884 2848/2211/2877 2856/2219/2885
f 2854/2217/2883 2855/2218/2884 2856/2219/2885
f 2854/2217/2883 2856/2219/2885 2857/2220/2886
f 2853/2216/2882 2854/2217/2883 2857/2220/2886
f 2845/2208/2874 2853/2216/2882 2857/2220/2886
f 2845/2208/2874 2857/2220/2886 2858/2221/2887
f 2846/2209/2875 2845/2208/2874 2858/2221/2887
f 2847/2210/2876 2846/2209/2875 2858/2221/2887
f 2847/2210/2876 2858/2221/2887 2859/2222/2888
f 2848/2211/2877 2847/2210/2876 2859/2222/2888
f 2848/2211/2877 2859/2222/2888 2860/2223/2889
f 2856/2219/2885 2848/2211/2877 2860/2223/2889
f 2856/2219/2885 2860/2223/2889 2861/2224/2890
f 2857/2220/2886 2856/2219/2885 2861/2224/2890
f 2857/2220/2886 2861/2224/2890 2862/2225/2891
f 2858/2221/2887 2857/2220/2886 2862/2225/2891
f 2859/2222/2888 2858/2221/2887 2862/2225/2891
f 2860/2223/2889 2859/2222/2888 2862/2225/2891
f 2860/2223/2889 2862/2225/2891 2861/2224/2890
f 2791/2158/2820 2773/2140/2802 2828/2192/2857
f 2863/2226/2892 2791/2158/2820 2828/2192/2857
f 2863/2226/2892 2828/2192/2857 2827/2191/2856
f 2863/2226/2892 2827/2191/2856 2864/2227/2893
f 2863/2226/2892 2864/2227/2893 2804/2171/2833
f 2791/2158/2820 2863/2226/2892 2804/2171/2833
f 2865/2228/2894 2867/2230/2896 2866/2229/2895
f 2868/2231/2897 2865/2228/2894 2866/2229/2895
f 2869/2232/2898 2868/2231/2897 2866/2229/2895
f 2870/2233/2899 2869/2232/2898 2866/2229/2895
f 2870/2233/2899 2866/2229/2895 2867/2230/2896
f 2871/2234/2900 2870/2233/2899 2867/2230/2896
f 2871/2234/2900 2867/2230/2896 2865/2228/2894
f 2872/2235/2901 2871/2234/2900 2865/2228/2894
f 2872/2235/2901 2865/2228/2894 2873/2236/2902
f 2872/2235/2901 2873/2236/2902 2874/2237/2903
f 2871/2234/2900 2872/2235/2901 2874/2237/2903
f 2871/2234/2900 2874/2237/2903 2799/2166/2828
f 2870/2233/2899 2871/2234/2900 2799/2166/2828
f 2869/2232/2898 2870/2233/2899 2799/2166/2828
f 2869/2232/2898 2799/2166/2828 2800/2167/2829
f 2868/2231/2897 2869/2232/2898 2800/2167/2829
f 2875/2238/2904 2868/2231/2897 2800/2167/2829
f 2875/2238/2904 2800/2167/2829 2801/2168/2830
f 2875/2238/2904 2801/2168/2830 2802/2169/2831
f 2875/2238/2904 2802/2169/2831 2876/2239/2905
f 2868/2231/2897 2875/2238/2904 2876/2239/2905
f 2865/2228/2894 2868/2231/2897 2876/2239/2905
f 2865/2228/2894 2876/2239/2905 2877/2240/2906
f 2873/2236/2902 2865/2228/2894 2877/2240/2906
f 2873/2236/2902 2877/2240/2906 2878/2241/2907
f 2874/2237/2903 2873/2236/2902 2878/2241/2907
f 2799/2166/2828 2874/2237/2903 2878/2241/2907
f 2798/2165/2827 2799/2166/2828 2878/2241/2907
f 2798/2165/2827 2878/2241/2907 2877/2240/2906
f 2797/2164/2826 2798/2165/2827 2877/2240/2906
f 2797/2164/2826 2877/2240/2906 2876/2239/2905
f 2796/2163/2825 2797/2164/2826 2876/2239/2905
f 2803/2170/2832 2796/2163/2825 2876/2239/2905
f 2803/2170/2832 2876/2239/2905 2802/2169/2831
f 2879/2242/2908 2881/2244/2910 2880/2243/2909
f 2882/2245/2911 2879/2242/2908 2880/2243/2909
f 2783/2150/2812 2882/2245/2911 2880/2243/2909
f 2783/2150/2812 2880/2243/2909 2881/2244/2910
f 2782/2149/2811 2783/2150/2812 2881/2244/2910
f 2811/2178/2840 2782/2149/2811 2881/2244/2910
f 2811/2178/2840 2881/2244/2910 2879/2242/2908
f 2786/2153/2815 2811/2178/2840 2879/2242/2908
f 2786/2153/2815 2879/2242/2908 2882/2245/2911
f 2786/2153/2815 2882/2245/2911 2883/2246/2912
f 2785/2152/2814 2786/2153/2815 2883/2246/2912
f 2784/2151/2813 2785/2152/2814 2883/2246/2912
f 2784/2151/2813 2883/2246/2912 2884/2247/2913
f 2783/2150/2812 2784/2151/2813 2884/2247/2913
f 2882/2245/2911 2783/2150/2812 2884/2247/2913
f 2882/2245/2911 2884/2247/2913 2883/2246/2912
f 2804/2171/2833 2864/2227/2893 2885/2248/2914
f 2824/2188/2853 2804/2171/2833 2885/2248/2914
f 2824/2188/2853 2885/2248/2914 2886/2249/2915
f 2825/2189/2854 2824/2188/2853 2886/2249/2915
f 2825/2189/2854 2886/2249/2915 2887/2250/2916
f 2825/2189/2854 2887/2250/2916 2888/2251/2917
f 2826/2190/2855 2825/2189/2854 2888/2251/2917
f 2826/2190/2855 2888/2251/2917 2889/2252/2918
f 2827/2191/2856 2826/2190/2855 2889/2252/2918
f 2864/2227/2893 2827/2191/2856 2889/2252/2918
f 2864/2227/2893 2889/2252/2918 2890/2253/2919
f 2885/2248/2914 2864/2227/2893 2890/2253/2919
f 2891/2254/2920 2885/2248/2914 2890/2253/2919
f 2892/2255/2921 2891/2254/2920 2890/2253/2919
f 2892/2255/2921 2890/2253/2919 2889/2252/2918
f 2892/2255/2921 2889/2252/2918 2888/2251/2917
f 2892/2255/2921 2888/2251/2917 2893/2256/2922
f 2891/2254/2920 2892/2255/2921 2893/2256/2922
f 2891/2254/2920 2893/2256/2922 2894/2257/2923
f 2891/2254/2920 2894/2257/2923 2895/2258/2924
f 2885/2248/2914 2891/2254/2920 2895/2258/2924
f 2885/2248/2914 2895/2258/2924 2896/2259/2925
f 2886/2249/2915 2885/2248/2914 2896/2259/2925
f 2887/2250/2916 2886/2249/2915 2896/2259/2925
f 2887/2250/2916 2896/2259/2925 2897/2260/2926
f 2888/2251/2917 2887/2250/2916 2897/2260/2926
f 2888/2251/2917 2897/2260/2926 2898/2261/2927
f 2893/2256/2922 2888/2251/2917 2898/2261/2927
f 2893/2256/2922 2898/2261/2927 2899/2262/2928
f 2894/2257/2923 2893/2256/2922 2899/2262/2928
f 2894/2257/2923 2899/2262/2928 2900/2263/2929
f 2895/2258/2924 2894/2257/2923 2900/2263/2929
f 2901/2264/2930 2895/2258/2924 2900/2263/2929
f 2902/2265/2931 2901/2264/2930 2900/2263/2929
f 2902/2265/2931 2900/2263/2929 2899/2262/2928
f 2902/2265/2931 2899/2262/2928 2898/2261/2927
f 2901/2264/2930 2902/2265/2931 2898/2261/2927
f 2901/2264/2930 2898/2261/2927 2903/2266/2932
f 2901/2264/2930 2903/2266/2932 2904/2267/2933
f 2895/2258/2924 2901/2264/2930 2904/2267/2933
f 2895/2258/2924 2904/2267/2933 2905/2268/2934
f 2896/2259/2925 2895/2258/2924 2905/2268/2934
f 2897/2260/2926 2896/2259/2925 2905/2268/2934
f 2897/2260/2926 2905/2268/2934 2906/2269/2935
f 2898/2261/2927 2897/2260/2926 2906/2269/2935
f 2903/2266/2932 2898/2261/2927 2906/2269/2935
f 2904/2267/2933 2903/2266/2932 2906/2269/2935
f 2904/2267/2933 2906/2269/2935 2905/2268/2934
v 0.23502044 14.1 0.773349
vt 0.34282 0.54923
vn 0.8508462 -0.19374095 0.4883905
v 0.34200045 14.12482 0.65299904
vt 0.35047996 0.55086
vn 0.758735 -0.19169065 0.622556
v 0.32841045 14.1 0.65299904
vt 0.34961998 0.54923
vn 0.7251 -0.39703292 0.5626678
v 0.21751046 14.12565 0.800999
vt 0.34055 0.55086
vn 0.5587292 -0.028684657 0.828854
v 0.34200045 14.205111 0.652999
vt 0.35047996 0.56172
vn 0.7652718 1.08764254E-07 0.6437073
v 0.21751045 14.205321 0.800999
vt 0.34055 0.56172
vn 0.42922264 5.607942E-08 0.9031987
v 4.975259E-07 14.12565 0.852999
vt 0.32413 0.55086
vn 1.9793306E-07 -0.19041589 0.9817035
v 4.8694824E-07 14.205321 0.8529989
vt 0.32413 0.56172
vn 1.5523126E-07 -9.081935E-09 1
v -0.2175095 14.205321 0.800999
vn -0.4292224 -7.248501E-08 0.90319884
v -0.21750948 14.12565 0.800999
vn -0.5587289 -0.02868483 0.82885414
v -0.3419995 14.205111 0.65299904
vn -0.76527166 -1.2045652E-07 0.6437074
v -0.3419995 14.12482 0.6529991
vn -0.7587348 -0.19169089 0.6225561
v -0.23501949 14.1 0.773349
vn -0.8508461 -0.1937412 0.48839054
v -0.3284095 14.1 0.6529991
vn -0.7250997 -0.39703318 0.56266785
v -0.1915595 14.10862 0.7699689
vn -0.79376197 0.15080942 0.5892355
v -0.3173495 14.0838 0.652999
vn -0.69386053 0.16160364 0.701742
v -0.3047395 14.10862 0.652999
vn -0.6750623 0.34297898 0.6531893
v -0.17205949 14.08297 0.79376894
vn -0.50861406 0.02094724 0.86073977
v -0.3173495 14.00351 0.6529989
vn -0.6958471 -1.7655096E-07 0.71819
v -0.17205948 14.003301 0.79376894
vn -0.4119092 -2.0356784E-07 0.91122496
v 5.009492E-07 14.08297 0.8385489
vn 2.6074193E-08 0.16619882 0.98609227
v 5.115262E-07 14.003301 0.8385489
vn 4.8824752E-08 -2.0378519E-07 1
v 0.17206049 14.003301 0.79376894
vn 0.41190925 -1.6779738E-07 0.9112249
v 0.17206047 14.08297 0.79376894
vn 0.508614 0.020947281 0.8607398
v 0.31735045 14.00351 0.652999
vn 0.6958471 -1.16146545E-07 0.71819
v 0.31735045 14.0838 0.652999
vn 0.69386053 0.16160369 0.701742
v 0.19156045 14.10862 0.76996887
vn 0.793762 0.15080948 0.5892354
v 0.30474046 14.10862 0.6529989
vn 0.67506224 0.342979 0.65318936
v -0.19866948 14.002891 0.77740896
vt 0.34029 0.54923
vn -0.4389876 -0.41728282 0.79571664
v -0.21987948 14.08674 0.809679
vt 0.34046996 0.55034
vn -0.48092023 -0.08820133 0.8723166
v -0.1738095 14.1 0.800999
vt 0.33793998 0.54923
vn -0.0143989725 -0.21350367 0.97683614
v 4.993494E-07 14.1 0.84280896
vt 0.32413 0.54923
vn 2.3256675E-07 -0.3692033 0.92934865
v 0.17381048 14.1 0.800999
vn 0.01439937 -0.2135037 0.97683614
v 0.21988046 14.08674 0.809679
vn 0.48092046 -0.08820118 0.8723165
v 0.19867046 14.002891 0.77740896
vn 0.43898794 -0.4172826 0.7957166
v 0.16274045 14.205741 0.7734589
vn 0.39085662 0.33611026 0.8568904
v 0.17393048 14.12188 0.8012489
vn 0.41811407 0.061803076 0.9062897
v 0.13749047 14.10862 0.793779
vn 0.015588462 0.18989962 0.9816798
v 4.961812E-07 14.10862 0.829769
vn 3.1856113E-09 0.3238504 0.9461083
v -0.13748951 14.10862 0.793779
vn -0.015588411 0.18989962 0.9816798
v -0.1739295 14.12188 0.80124897
vn -0.41811404 0.061803047 0.9062897
v -0.16273953 14.205741 0.7734589
vn -0.39085665 0.33611023 0.85689026
o Mesh_12
g polygon_0
usemtl Joint_0_Object_12_Material_12
f 2907/2270/2936 2909/2272/2938 2908/2271/2937
f 2910/2273/2939 2907/2270/2936 2908/2271/2937
f 2910/2273/2939 2908/2271/2937 2911/2274/2940
f 2910/2273/2939 2911/2274/2940 2912/2275/2941
f 2913/2276/2942 2910/2273/2939 2912/2275/2941
f 2913/2276/2942 2912/2275/2941 2914/2277/2943
f 2913/2276/2942 2914/2277/2943 2915/2275/2944
f 2916/2273/2945 2913/2276/2942 2915/2275/2944
f 2916/2273/2945 2915/2275/2944 2917/2274/2946
f 2916/2273/2945 2917/2274/2946 2918/2271/2947
f 2919/2270/2948 2916/2273/2945 2918/2271/2947
f 2919/2270/2948 2918/2271/2947 2920/2272/2949
f 2921/2270/2950 2923/2272/2952 2922/2271/2951
f 2924/2273/2953 2921/2270/2950 2922/2271/2951
f 2924/2273/2953 2922/2271/2951 2925/2274/2954
f 2924/2273/2953 2925/2274/2954 2926/2275/2955
f 2927/2276/2956 2924/2273/2953 2926/2275/2955
f 2927/2276/2956 2926/2275/2955 2928/2277/2957
f 2927/2276/2956 2928/2277/2957 2929/2275/2958
f 2930/2273/2959 2927/2276/2956 2929/2275/2958
f 2930/2273/2959 2929/2275/2958 2931/2274/2960
f 2930/2273/2959 2931/2274/2960 2932/2271/2961
f 2933/2270/2962 2930/2273/2959 2932/2271/2961
f 2933/2270/2962 2932/2271/2961 2934/2272/2963
f 2935/2278/2964 2937/2280/2966 2936/2279/2965
f 2919/2270/2948 2935/2278/2964 2936/2279/2965
f 2916/2273/2945 2919/2270/2948 2936/2279/2965
f 2916/2273/2945 2936/2279/2965 2937/2280/2966
f 2913/2276/2942 2916/2273/2945 2937/2280/2966
f 2913/2276/2942 2937/2280/2966 2938/2281/2967
f 2913/2276/2942 2938/2281/2967 2939/2280/2968
f 2910/2273/2939 2913/2276/2942 2939/2280/2968
f 2910/2273/2939 2939/2280/2968 2940/2279/2969
f 2907/2270/2936 2910/2273/2939 2940/2279/2969
f 2941/2278/2970 2907/2270/2936 2940/2279/2969
f 2941/2278/2970 2940/2279/2969 2939/2280/2968
f 2942/2278/2971 2944/2280/2973 2943/2279/2972
f 2933/2270/2962 2942/2278/2971 2943/2279/2972
f 2930/2273/2959 2933/2270/2962 2943/2279/2972
f 2930/2273/2959 2943/2279/2972 2944/2280/2973
f 2927/2276/2956 2930/2273/2959 2944/2280/2973
f 2927/2276/2956 2944/2280/2973 2945/2281/2974
f 2927/2276/2956 2945/2281/2974 2946/2280/2975
f 2924/2273/2953 2927/2276/2956 2946/2280/2975
f 2924/2273/2953 2946/2280/2975 2947/2279/2976
f 2921/2270/2950 2924/2273/2953 2947/2279/2976
f 2948/2278/2977 2921/2270/2950 2947/2279/2976
f 2948/2278/2977 2947/2279/2976 2946/2280/2975
v 8.035972 12.87599 0.15489951
vt 0.32104468 0.55666625
vn 0.14458808 0.7540901 0.64065784
v 8.022411 12.915249 0.1117495
vt 0.32104343 0.55667675
vn 0.1303679 0.77208585 -0.62200296
v 8.243601 12.860067 0.11174953
vt 0.32106358 0.55667675
vn 0.18839316 0.75517035 0.6278741
v 7.8633003 12.883259 0.1731295
vt 0.32102895 0.55666184
vn -0.052145943 0.9345799 0.35191077
v 7.8633003 12.883259 0.05636951
vt 0.32102895 0.55669034
vn -0.06957498 0.93729144 -0.34153196
v 8.035972 12.87599 0.06585952
vt 0.32104468 0.55668795
vn 0.19284801 0.7730292 -0.6043472
v 8.175961 12.898988 -0.061860465
vt 0.32105744 0.5567191
vn 0.15736008 0.824246 0.54392684
v 8.163921 12.937589 -0.11687047
vt 0.32105637 0.55673254
vn 0.11584907 0.9931583 -0.014686173
v 8.379311 12.879689 -0.11759044
vt 0.32107598 0.5567328
vn 0.22227105 0.820311 0.52695876
v 7.988331 12.914259 -0.05358048
vt 0.32104033 0.55671716
vn -0.021037953 0.95560503 0.29389882
v 7.988331 12.914259 -0.17819047
vt 0.32104033 0.55674756
vn -0.017414015 0.95005214 -0.31160516
v 8.175961 12.898988 -0.16750045
vt 0.32105744 0.55674493
vn 0.15637696 0.8030369 -0.5750461
vn 0.21337496 0.80073094 -0.55973303
v 8.107541 12.869988 -0.2856304
vt 0.32105118 0.5567737
vn 0.12574513 0.82593435 0.549564
v 8.092682 12.908288 -0.3397904
vt 0.32104987 0.5567869
vn 0.08781004 0.9957762 -0.026820173
v 8.312441 12.853119 -0.33979037
vt 0.3210699 0.5567869
vn 0.20702915 0.82466835 0.526366
v 7.901321 12.876259 -0.27889046
vt 0.3210324 0.5567721
vn -0.06399695 0.9519269 0.29956573
v 7.901321 12.876259 -0.40714043
vt 0.3210324 0.55680335
vn -0.041338038 0.94276136 -0.33089626
v 8.107541 12.869988 -0.38587043
vt 0.32105118 0.5567982
vn 0.14249603 0.7833003 -0.6050914
vn 0.19688688 0.78426665 -0.5883549
v 7.841971 12.807279 -0.50332034
vt 0.32102704 0.55682683
vn 0.16163112 0.7605852 0.628797
v 7.8264008 12.846748 -0.5470604
vt 0.32102555 0.5568375
vn 0.17887793 0.72294587 -0.667347
v 8.0449505 12.786238 -0.5470604
vt 0.32104552 0.5568375
vn 0.21094221 0.7618774 0.6124102
v 7.712171 12.820397 -0.49619034
vt 0.32101512 0.5568251
vn -0.060995936 0.93562686 0.34768072
v 7.712171 12.820397 -0.6018703
vt 0.32101512 0.5568509
vn -0.037011027 0.928578 -0.3692872
v 7.841971 12.806738 -0.58623034
vt 0.32102704 0.5568471
vn 0.20047908 0.7240884 -0.6599275
v 7.0846815 12.485299 0.7939394
vt 0.32095796 0.5565103
vn -0.42339796 -0.5481888 0.72126496
v 7.0357513 12.54484 0.8104694
vt 0.3209535 0.55650634
vn -0.5864923 0.027395234 0.80949134
v 7.2466416 12.545559 0.9107194
vt 0.32097274 0.55648184
vn -0.3663179 -0.5160069 0.7743049
v 6.9734716 12.4764385 0.7061595
vt 0.3209479 0.5565318
vn -0.7141839 -0.3081488 0.62847894
v 6.9734716 12.62198 0.7061594
vn -0.67873895 0.33542323 0.65330285
v 7.0846815 12.594039 0.7939394
vn -0.3677671 0.6034635 0.7075162
vn -0.348055 0.5907233 0.7279449
v -8.035968 12.875991 0.06585963
vt 0.31957996 0.55668795
vn -0.13036826 0.7720858 -0.62200296
v -8.022408 12.91525 0.11174962
vt 0.31958115 0.55667675
vn -0.03278912 0.88867027 0.45737308
v -8.243597 12.860069 0.111749634
vt 0.319561 0.55667675
vn -0.19284832 0.7730291 -0.60434717
v -7.863298 12.88326 0.056369625
vt 0.31959563 0.55669034
vn 0.06957468 0.93729156 -0.3415319
v -7.863298 12.88326 0.17312962
vt 0.31959563 0.55666184
vn 0.052145846 0.9345799 0.35191092
v -8.035968 12.875991 0.15489963
vt 0.31957996 0.55666625
vn -0.14458802 0.75409 0.64065796
vn -0.18839309 0.7551702 0.6278742
v -8.175958 12.89899 -0.16750035
vt 0.31956714 0.55674493
vn -0.1563773 0.80303687 -0.575046
v -8.1639185 12.937591 -0.11687036
vt 0.31956828 0.55673254
vn -0.115849264 0.9931582 -0.014686084
v -8.379308 12.879691 -0.117590345
vt 0.3195486 0.5567328
vn -0.21337527 0.8007309 -0.559733
v -7.9883275 12.91426 -0.17819035
vt 0.31958425 0.55674756
vn 0.017413717 0.95005214 -0.31160516
v -7.9883275 12.91426 -0.053580377
vt 0.31958425 0.55671716
vn 0.021037836 0.955605 0.29389894
v -8.175958 12.89899 -0.06186036
vt 0.31956714 0.5567191
vn -0.15736008 0.82424587 0.54392695
vn -0.22227104 0.8203109 0.5269589
v -8.107537 12.86999 -0.38587037
vt 0.3195734 0.5567982
vn -0.14249636 0.7833003 -0.60509133
v -8.092678 12.90829 -0.33979034
vt 0.3195747 0.5567869
vn -0.08781025 0.9957761 -0.026820088
v -8.312437 12.853121 -0.3397903
vt 0.3195547 0.5567869
vn -0.19688718 0.7842666 -0.58835477
v -7.901317 12.876261 -0.40714034
vt 0.31959218 0.55680335
vn 0.04133772 0.9427613 -0.3308962
v -7.901317 12.876261 -0.27889037
vt 0.31959218 0.5567721
vn 0.06399683 0.9519268 0.2995659
v -8.107537 12.86999 -0.28563035
vt 0.3195734 0.5567737
vn -0.12574512 0.82593423 0.5495642
vn -0.20702915 0.8246682 0.5263661
v -7.8419676 12.80674 -0.5862303
vt 0.3195976 0.5568471
vn -0.17887825 0.7229458 -0.66734695
v -7.8263974 12.84675 -0.5470603
vt 0.31959903 0.5568375
vn -0.03509811 0.89256495 0.44955093
v -8.044947 12.78624 -0.5470603
vt 0.31957906 0.5568375
vn -0.2004794 0.7240884 -0.65992737
v -7.7121677 12.820399 -0.6018703
vt 0.3196094 0.5568509
vn 0.037010707 0.9285781 -0.36928716
v -7.7121677 12.820399 -0.4961903
vt 0.3196094 0.5568251
vn 0.060995843 0.9356268 0.34768087
v -7.841967 12.807281 -0.5033203
vt 0.3195976 0.55682683
vn -0.16163105 0.7605851 0.628797
vn -0.21094212 0.76187736 0.61241025
v -7.0846777 12.594039 0.7939394
vt 0.31966662 0.5565103
vn 0.36776718 0.60346335 0.7075163
v -7.0357475 12.54484 0.81046945
vt 0.31967103 0.55650634
vn 0.58649236 0.027395021 0.80949134
v -7.2466373 12.545559 0.9107194
vt 0.31965184 0.55648184
vn 0.34805506 0.59072304 0.727945
v -6.973468 12.62198 0.7061595
vt 0.31967676 0.5565318
vn 0.6787391 0.33542302 0.6533029
v -6.973468 12.4764385 0.7061595
vn 0.7141839 -0.30814892 0.6284788
v -7.0846777 12.485299 0.7939394
vn 0.4233982 -0.54818887 0.72126484
vn 0.3663182 -0.5160069 0.7743048
o Mesh_13
g polygon_0
usemtl Joint_0_Object_13_Material_13
f 2949/2282/2978 2951/2284/2980 2950/2283/2979
f 2952/2285/2981 2949/2282/2978 2950/2283/2979
f 2953/2286/2982 2952/2285/2981 2950/2283/2979
f 2954/2287/2979 2953/2286/2982 2950/2283/2979
f 2954/2287/2979 2950/2283/2979 2951/2284/2983
f 2955/2288/2984 2957/2290/2986 2956/2289/2985
f 2958/2291/2987 2955/2288/2984 2956/2289/2985
f 2959/2292/2988 2958/2291/2987 2956/2289/2985
f 2960/2293/2989 2959/2292/2988 2956/2289/2985
f 2960/2293/2989 2956/2289/2985 2957/2290/2990
f 2961/2294/2991 2963/2296/2993 2962/2295/2992
f 2964/2297/2994 2961/2294/2991 2962/2295/2992
f 2965/2298/2995 2964/2297/2994 2962/2295/2992
f 2966/2299/2996 2965/2298/2995 2962/2295/2992
f 2966/2299/2996 2962/2295/2992 2963/2296/2997
f 2967/2300/2998 2969/2302/3000 2968/2301/2999
f 2970/2303/3001 2967/2300/2998 2968/2301/2999
f 2971/2304/3002 2970/2303/3001 2968/2301/2999
f 2972/2305/2999 2971/2304/3002 2968/2301/2999
f 2972/2305/2999 2968/2301/2999 2969/2302/3003
f 2973/2306/3004 2975/2308/3006 2974/2307/3005
f 2976/2309/3007 2973/2306/3004 2974/2307/3005
f 2977/2309/3008 2976/2309/3007 2974/2307/3005
f 2978/2306/3009 2977/2309/3008 2974/2307/3005
f 2978/2306/3009 2974/2307/3005 2975/2308/3010
f 2979/2310/3011 2981/2312/3013 2980/2311/3012
f 2982/2313/3014 2979/2310/3011 2980/2311/3012
f 2983/2314/3015 2982/2313/3014 2980/2311/3012
f 2984/2315/3016 2983/2314/3015 2980/2311/3012
f 2984/2315/3016 2980/2311/3012 2981/2312/3017
f 2985/2316/3018 2987/2318/3020 2986/2317/3019
f 2988/2319/3021 2985/2316/3018 2986/2317/3019
f 2989/2320/3022 2988/2319/3021 2986/2317/3019
f 2990/2321/3023 2989/2320/3022 2986/2317/3019
f 2990/2321/3023 2986/2317/3019 2987/2318/3024
f 2991/2322/3025 2993/2324/3027 2992/2323/3026
f 2994/2325/3028 2991/2322/3025 2992/2323/3026
f 2995/2326/3029 2994/2325/3028 2992/2323/3026
f 2996/2327/3030 2995/2326/3029 2992/2323/3026
f 2996/2327/3030 2992/2323/3026 2993/2324/3031
f 2997/2328/3032 2999/2330/3034 2998/2329/3033
f 3000/2331/3035 2997/2328/3032 2998/2329/3033
f 3001/2332/3036 3000/2331/3035 2998/2329/3033
f 3002/2333/3037 3001/2332/3036 2998/2329/3033
f 3002/2333/3037 2998/2329/3033 2999/2330/3038
f 3003/2334/3039 3005/2336/3041 3004/2335/3040
f 3006/2337/3042 3003/2334/3039 3004/2335/3040
f 3007/2337/3043 3006/2337/3042 3004/2335/3040
f 3008/2334/3044 3007/2337/3043 3004/2335/3040
f 3008/2334/3044 3004/2335/3040 3005/2336/3045
v 3.94396E-07 13.620151 -1.0489928
vn 1 0 0
v 8.2668066E-07 13.620151 0.5489098
v -1.3947592 13.394632 0.39358997
v 1.4146506 13.394632 0.39358965
v 1.4647323 11.581161 1.0643097
v -1.4699497 11.581161 1.0643101
v -1.3947594 13.394632 -0.8807226
v -1.4699502 11.581161 -1.0489924
v -1.3027829 10.34616 1.0643102
v 1.2902416 10.34616 1.06431
v 1.4647318 11.581161 -1.0489928
v 1.4146503 13.394632 -0.8807228
v -1.3027834 10.34616 -0.8561832
v -1.3144146 9.14836 1.0643102
v 1.3017617 9.14836 1.0643101
v 1.2902411 10.34616 -0.85618347
v -1.3144152 9.14836 -0.79870903
v -1.5700434 7.5384007 0.74940044
v 1.78697E-06 7.1581516 0.92375016
v 1.5700468 7.5384007 0.74940014
v 1.3017612 9.14836 -0.79870933
v 1.2762971E-06 7.1581516 -0.93926907
v -1.5700438 7.5384007 -0.62436867
v 1.5700464 7.538401 -0.62436897
v 4.146328 13.186847 -0.67300445
v 1.7576507 13.300217 -0.789934
v 1.7576506 12.170547 -0.7899338
v 1.757651 13.300217 0.39692545
v 1.0207307 12.751747 -0.20530444
v 1.7576509 12.170547 0.39692563
v 4.146328 13.186847 0.27999526
v 4.146328 12.283917 0.27999544
v 4.1463275 12.283917 -0.67300427
v 4.4382005 13.186846 0.2799952
v 3.8101637 12.749136 -0.20530464
v 4.4382005 13.186846 -0.67300445
v 4.4382005 12.283916 0.27999538
v 4.4382005 12.283916 -0.67300427
v 6.194521 13.031506 -0.60271484
v 6.194521 13.031507 0.20970516
v 6.194521 12.446606 0.20970528
v 6.194521 12.446605 -0.6027147
v 6.412701 12.474826 0.2799952
v 5.9689507 12.801266 -0.20530477
v 6.412701 13.015586 0.27999514
v 6.412701 12.474826 -0.67300445
v 6.412701 13.015586 -0.6730045
v 8.032511 12.927726 -0.51464486
v 8.032511 12.637495 -0.51464486
v 8.032511 12.637496 0.121625125
v 8.032511 12.927727 0.121625066
v -4.146326 13.186849 -0.67300344
v -1.7576492 12.1705475 -0.7899335
v -1.7576493 13.300218 -0.78993356
v -4.1463256 12.283919 -0.6730034
v -4.146325 12.283919 0.27999628
v -1.7576488 12.1705475 0.39692593
v -1.0207293 12.751748 -0.20530424
v -1.757649 13.300218 0.39692587
v -4.1463256 13.186849 0.27999628
v -4.438198 13.186848 0.27999628
v -4.438198 13.186848 -0.67300344
v -3.8101618 12.749138 -0.20530376
v -6.1945186 13.0315075 -0.6027134
v -4.438198 12.283918 -0.6730033
v -4.438198 12.283918 0.27999634
v -6.194518 13.0315075 0.20970659
v -6.194518 12.446608 0.20970665
v -6.1945186 12.446608 -0.60271335
v -1.5003481 4.6380005 0.7560018
v -1.5003482 4.6380005 -0.724978
v -1.64453 6.85186 -0.8957288
v -6.412698 12.474827 0.2799967
v -6.412698 13.015587 0.27999663
v -5.9689474 12.801267 -0.20530343
v -8.032507 12.927728 0.1216269
v -8.032507 12.637497 0.12162693
v -8.032507 12.927728 -0.5146431
v -6.412698 13.015587 -0.6730031
v -6.412698 12.474827 -0.6730031
v -8.032507 12.637497 -0.514643
v 1.4204301 0.04300213 0.53973275
v 1.2656288 1.1475718 0.39877248
v 1.2656288 1.1475717 -0.5502375
v 1.2373472 0.45636243 1.9132822
v 0.5065465 1.1475718 0.39877236
v 0.90640223 1.6210018 -0.09242578
v 0.5065465 1.1475716 -0.5502376
v 0.32289588 0.04300189 0.53973264
v 0.5400969 0.45636225 1.913282
v 0.540097 0.043002293 1.9132822
v 1.2373474 0.043002486 1.9132822
v 0.32289582 0.04300165 -0.70485723
v 1.42043 0.04300177 -0.7048571
v 0.24667847 4.638001 0.7560016
v 0.24667841 4.6380005 -0.7249782
v 0.091293156 6.85186 -0.895729
v 1.5003519 4.638001 0.7560017
v 1.5003519 4.6380005 -0.7249781
v 1.6445332 6.8518605 -0.8957288
v 0.9064014 7.6195507 0.0015506437
v 0.091293156 6.8342505 0.9024108
v 1.6445332 6.8342505 0.902411
v 1.4661487 4.429002 0.7118618
v 1.2780228 1.4137921 0.4166243
v 0.44618267 1.4137921 0.41662422
v 1.4661486 4.4290013 -0.67350805
v 0.90640175 5.0506225 0.0015514626
v 0.28357428 4.4290013 0.71186167
v 0.28357422 4.4290013 -0.67350817
v 0.44618264 1.436702 -0.5327557
v 1.2780228 1.436702 -0.5327555
v -1.420425 0.043001413 0.5397328
v -1.265624 1.147571 -0.5502374
v -1.265624 1.1475712 0.3987725
v -1.420425 0.043001056 -0.704857
v -0.32289082 0.043001175 -0.7048569
v -0.5065417 1.1475711 -0.5502373
v -0.90639764 1.6210012 -0.0924256
v -0.5065417 1.1475713 0.39877263
v -0.32289082 0.043001413 0.53973293
v -1.2373422 0.043001696 1.9132824
v -1.2373424 0.45636165 1.9132822
v -0.540092 0.45636183 1.9132823
v -0.5400919 0.04300189 1.9132824
v -0.2466746 4.638001 0.7560019
v -0.09128994 6.85186 -0.89572865
v -0.24667466 4.6380005 -0.7249779
v -0.09128988 6.8342505 0.9024112
v -1.64453 6.8342505 0.902411
v -0.9063984 7.6195507 0.0015508258
v -1.4661448 4.429001 0.71186185
v -0.44617808 1.4137912 0.41662452
v -1.2780181 1.4137912 0.4166244
v -0.28357047 4.429001 0.71186197
v -0.90639806 5.050622 0.0015516446
v -0.28357047 4.429001 -0.67350787
v -0.44617808 1.4367013 -0.53275526
v -1.2780181 1.436701 -0.53275543
v -1.4661448 4.429001 -0.673508
v 0.740622 14.263422 0.47835964
v 0.87751347 16.312891 0.4783594
v 0.8775132 16.312891 -0.7679505
v 4.889728E-07 16.615263 0.78942955
v 1.157332E-10 16.615263 -1.0790203
v 0.7406216 14.263422 -0.76795024
v 3.797545E-07 13.778599 -1.07902
v -0.7406209 14.263422 -0.76795006
v -0.87751293 16.312891 -0.7679502
v -0.74062055 14.263422 0.47835982
v 8.686111E-07 13.778599 0.7894297
v -0.87751263 16.312891 0.4783597
o Mesh_14
g polygon_0
usemtl Joint_0_Object_14_Material_14
f 3009//3046 3011//3046 3010//3046
f 3012//3046 3009//3046 3010//3046
f 3013//3046 3012//3046 3010//3046
f 3014//3046 3013//3046 3010//3046
f 3014//3046 3010//3046 3011//3046
f 3015//3046 3014//3046 3011//3046
f 3015//3046 3011//3046 3009//3046
f 3015//3046 3009//3046 3016//3046
f 3014//3046 3015//3046 3016//3046
f 3014//3046 3016//3046 3017//3046
f 3013//3046 3014//3046 3017//3046
f 3013//3046 3017//3046 3018//3046
f 3013//3046 3018//3046 3019//3046
f 3013//3046 3019//3046 3020//3046
f 3012//3046 3013//3046 3020//3046
f 3009//3046 3012//3046 3020//3046
f 3009//3046 3020//3046 3019//3046
f 3016//3046 3009//3046 3019//3046
f 3016//3046 3019//3046 3021//3046
f 3017//3046 3016//3046 3021//3046
f 3017//3046 3021//3046 3022//3046
f 3018//3046 3017//3046 3022//3046
f 3018//3046 3022//3046 3023//3046
f 3018//3046 3023//3046 3024//3046
f 3019//3046 3018//3046 3024//3046
f 3021//3046 3019//3046 3024//3046
f 3021//3046 3024//3046 3025//3046
f 3022//3046 3021//3046 3025//3046
f 3022//3046 3025//3046 3026//3046
f 3022//3046 3026//3046 3027//3046
f 3023//3046 3022//3046 3027//3046
f 3023//3046 3027//3046 3028//3046
f 3023//3046 3028//3046 3029//3046
f 3024//3046 3023//3046 3029//3046
f 3025//3046 3024//3046 3029//3046
f 3025//3046 3029//3046 3030//3046
f 3025//3046 3030//3046 3031//3046
f 3026//3046 3025//3046 3031//3046
f 3026//3046 3031//3046 3030//3046
f 3027//3046 3026//3046 3030//3046
f 3028//3046 3027//3046 3030//3046
f 3028//3046 3030//3046 3032//3046
f 3029//3046 3028//3046 3032//3046
f 3029//3046 3032//3046 3030//3046
f 3033//3046 3035//3046 3034//3046
f 3036//3046 3033//3046 3034//3046
f 3037//3046 3036//3046 3034//3046
f 3037//3046 3034//3046 3035//3046
f 3037//3046 3035//3046 3038//3046
f 3036//3046 3037//3046 3038//3046
f 3036//3046 3038//3046 3039//3046
f 3033//3046 3036//3046 3039//3046
f 3040//3046 3033//3046 3039//3046
f 3040//3046 3039//3046 3038//3046
f 3041//3046 3040//3046 3038//3046
f 3041//3046 3038//3046 3035//3046
f 3041//3046 3035//3046 3033//3046
f 3040//3046 3041//3046 3033//3046
f 3042//3046 3044//3046 3043//3046
f 3045//3046 3042//3046 3043//3046
f 3046//3046 3045//3046 3043//3046
f 3046//3046 3043//3046 3044//3046
f 3047//3046 3046//3046 3044//3046
f 3047//3046 3044//3046 3042//3046
f 3048//3046 3047//3046 3042//3046
f 3048//3046 3042//3046 3045//3046
f 3048//3046 3045//3046 3049//3046
f 3047//3046 3048//3046 3049//3046
f 3047//3046 3049//3046 3050//3046
f 3046//3046 3047//3046 3050//3046
f 3045//3046 3046//3046 3050//3046
f 3045//3046 3050//3046 3049//3046
f 3051//3046 3053//3046 3052//3046
f 3054//3046 3051//3046 3052//3046
f 3055//3046 3054//3046 3052//3046
f 3055//3046 3052//3046 3053//3046
f 3055//3046 3053//3046 3056//3046
f 3054//3046 3055//3046 3056//3046
f 3054//3046 3056//3046 3057//3046
f 3051//3046 3054//3046 3057//3046
f 3058//3046 3051//3046 3057//3046
f 3058//3046 3057//3046 3056//3046
f 3059//3046 3058//3046 3056//3046
f 3059//3046 3056//3046 3053//3046
f 3059//3046 3053//3046 3051//3046
f 3058//3046 3059//3046 3051//3046
f 3060//3046 3062//3046 3061//3046
f 3060//3046 3061//3046 3063//3046
f 3064//3046 3060//3046 3063//3046
f 3065//3046 3064//3046 3063//3046
f 3065//3046 3063//3046 3061//3046
f 3066//3046 3065//3046 3061//3046
f 3066//3046 3061//3046 3062//3046
f 3067//3046 3066//3046 3062//3046
f 3067//3046 3062//3046 3060//3046
f 3068//3046 3067//3046 3060//3046
f 3068//3046 3060//3046 3064//3046
f 3068//3046 3064//3046 3065//3046
f 3067//3046 3068//3046 3065//3046
f 3067//3046 3065//3046 3066//3046
f 3069//3046 3071//3046 3070//3046
f 3072//3046 3069//3046 3070//3046
f 3073//3046 3072//3046 3070//3046
f 3073//3046 3070//3046 3071//3046
f 3074//3046 3073//3046 3071//3046
f 3074//3046 3071//3046 3069//3046
f 3075//3046 3074//3046 3069//3046
f 3075//3046 3069//3046 3072//3046
f 3075//3046 3072//3046 3076//3046
f 3074//3046 3075//3046 3076//3046
f 3074//3046 3076//3046 3077//3046
f 3073//3046 3074//3046 3077//3046
f 3072//3046 3073//3046 3077//3046
f 3072//3046 3077//3046 3076//3046
f 3078//3046 3080//3046 3079//3046
f 3081//3046 3083//3046 3082//3046
f 3081//3046 3082//3046 3084//3046
f 3085//3046 3081//3046 3084//3046
f 3086//3046 3085//3046 3084//3046
f 3086//3046 3084//3046 3082//3046
f 3087//3046 3086//3046 3082//3046
f 3087//3046 3082//3046 3083//3046
f 3088//3046 3087//3046 3083//3046
f 3088//3046 3083//3046 3081//3046
f 3089//3046 3088//3046 3081//3046
f 3089//3046 3081//3046 3085//3046
f 3089//3046 3085//3046 3086//3046
f 3088//3046 3089//3046 3086//3046
f 3088//3046 3086//3046 3087//3046
f 3090//3046 3092//3046 3091//3046
f 3093//3046 3090//3046 3091//3046
f 3094//3046 3093//3046 3091//3046
f 3095//3046 3094//3046 3091//3046
f 3095//3046 3091//3046 3092//3046
f 3095//3046 3092//3046 3096//3046
f 3094//3046 3095//3046 3096//3046
f 3094//3046 3096//3046 3097//3046
f 3094//3046 3097//3046 3098//3046
f 3093//3046 3094//3046 3098//3046
f 3099//3046 3093//3046 3098//3046
f 3099//3046 3098//3046 3097//3046
f 3099//3046 3097//3046 3100//3046
f 3093//3046 3099//3046 3100//3046
f 3090//3046 3093//3046 3100//3046
f 3090//3046 3100//3046 3097//3046
f 3101//3046 3090//3046 3097//3046
f 3101//3046 3097//3046 3096//3046
f 3101//3046 3096//3046 3092//3046
f 3102//3046 3101//3046 3092//3046
f 3102//3046 3092//3046 3090//3046
f 3101//3046 3102//3046 3090//3046
f 3103//3046 3105//3046 3104//3046
f 3106//3046 3103//3046 3104//3046
f 3106//3046 3104//3046 3107//3046
f 3108//3046 3106//3046 3107//3046
f 3108//3046 3107//3046 3104//3046
f 3108//3046 3104//3046 3105//3046
f 3109//3046 3108//3046 3105//3046
f 3110//3046 3109//3046 3105//3046
f 3110//3046 3105//3046 3103//3046
f 3111//3046 3110//3046 3103//3046
f 3111//3046 3103//3046 3106//3046
f 3111//3046 3106//3046 3108//3046
f 3111//3046 3108//3046 3109//3046
f 3110//3046 3111//3046 3109//3046
f 3112//3046 3114//3046 3113//3046
f 3112//3046 3113//3046 3115//3046
f 3112//3046 3115//3046 3116//3046
f 3112//3046 3116//3046 3117//3046
f 3114//3046 3112//3046 3117//3046
f 3118//3046 3114//3046 3117//3046
f 3118//3046 3117//3046 3116//3046
f 3118//3046 3116//3046 3115//3046
f 3118//3046 3115//3046 3119//3046
f 3114//3046 3118//3046 3119//3046
f 3113//3046 3114//3046 3119//3046
f 3113//3046 3119//3046 3120//3046
f 3115//3046 3113//3046 3120//3046
f 3115//3046 3120//3046 3119//3046
f 3121//3046 3123//3046 3122//3046
f 3121//3046 3122//3046 3124//3046
f 3125//3046 3121//3046 3124//3046
f 3125//3046 3124//3046 3122//3046
f 3126//3046 3125//3046 3122//3046
f 3127//3046 3126//3046 3122//3046
f 3127//3046 3122//3046 3123//3046
f 3127//3046 3123//3046 3128//3046
f 3126//3046 3127//3046 3128//3046
f 3126//3046 3128//3046 3129//3046
f 3125//3046 3126//3046 3129//3046
f 3121//3046 3125//3046 3129//3046
f 3121//3046 3129//3046 3130//3046
f 3121//3046 3130//3046 3131//3046
f 3123//3046 3121//3046 3131//3046
f 3128//3046 3123//3046 3131//3046
f 3128//3046 3131//3046 3132//3046
f 3129//3046 3128//3046 3132//3046
f 3129//3046 3132//3046 3133//3046
f 3130//3046 3129//3046 3133//3046
f 3131//3046 3130//3046 3133//3046
f 3131//3046 3133//3046 3132//3046
f 3134//3046 3136//3046 3135//3046
f 3134//3046 3135//3046 3137//3046
f 3138//3046 3134//3046 3137//3046
f 3139//3046 3138//3046 3137//3046
f 3139//3046 3137//3046 3135//3046
f 3080//3046 3139//3046 3135//3046
f 3080//3046 3135//3046 3136//3046
f 3079//3046 3080//3046 3136//3046
f 3078//3046 3079//3046 3136//3046
f 3078//3046 3136//3046 3134//3046
f 3078//3046 3134//3046 3138//3046
f 3080//3046 3078//3046 3138//3046
f 3080//3046 3138//3046 3139//3046
f 3140//3046 3142//3046 3141//3046
f 3140//3046 3141//3046 3143//3046
f 3144//3046 3140//3046 3143//3046
f 3145//3046 3144//3046 3143//3046
f 3145//3046 3143//3046 3141//3046
f 3146//3046 3145//3046 3141//3046
f 3146//3046 3141//3046 3142//3046
f 3147//3046 3146//3046 3142//3046
f 3147//3046 3142//3046 3148//3046
f 3146//3046 3147//3046 3148//3046
f 3145//3046 3146//3046 3148//3046
f 3144//3046 3145//3046 3148//3046
f 3140//3046 3144//3046 3148//3046
f 3140//3046 3148//3046 3142//3046
f 3149//3046 3151//3046 3150//3046
f 3152//3046 3149//3046 3150//3046
f 3153//3046 3152//3046 3150//3046
f 3153//3046 3150//3046 3151//3046
f 3154//3046 3153//3046 3151//3046
f 3154//3046 3151//3046 3149//3046
f 3154//3046 3149//3046 3155//3046
f 3153//3046 3154//3046 3155//3046
f 3153//3046 3155//3046 3156//3046
f 3157//3046 3153//3046 3156//3046
f 3158//3046 3157//3046 3156//3046
f 3158//3046 3156//3046 3155//3046
f 3159//3046 3158//3046 3155//3046
f 3159//3046 3155//3046 3149//3046
f 3159//3046 3149//3046 3152//3046
f 3158//3046 3159//3046 3152//3046
f 3158//3046 3152//3046 3160//3046
f 3157//3046 3158//3046 3160//3046
f 3153//3046 3157//3046 3160//3046
f 3153//3046 3160//3046 3152//3046
v -1.47871 12.599441 -1.2268001
v -0.89080954 12.30395 -1.3676308
v -1.7265391 11.883728 -0.96123
v -0.8108296 13.030021 -1.3372207
v -1.328244 13.1513195 -0.8581361
v -1.7951586 12.831859 -1.0915471
v -1.6769001 13.156641 -0.8984088
v -1.289017 13.393411 -0.31504
v -1.6323773 13.351315 -0.29759076
v -1.2745982 13.135953 0.23562261
v -1.701039 13.169603 0.3036539
v -1.3715501 12.75391 0.54212105
v -1.8352002 12.736596 0.5636791
v -1.491445 12.26187 0.6841
v -1.0833691 12.13239 0.8803691
v -1.0135992 12.69314 0.7050292
v -0.5043492 12.052381 1.149049
v -0.50585926 12.618609 0.9596091
v 8.370271E-07 12.04001 1.2377889
v 7.3706497E-07 12.58472 1.0588689
v 0.50586057 12.618609 0.95960903
v 0.5043507 12.052381 1.149049
v 1.0136006 12.69314 0.70502913
v 1.0833706 12.13239 0.880369
v 1.3715501 12.75391 0.5421211
v 1.491445 12.26187 0.6840999
v 1.835202 12.736594 0.56367916
v 1.908693 12.43803 0.63268
v 1.6735368 11.887109 0.39847997
v 2.0616806 11.993299 0.30244997
v 1.8319879 11.623219 -0.36295316
v 2.2021942 11.728699 -0.31546003
v 1.7265391 11.883728 -0.9612299
v 2.0474422 12.000807 -0.93452007
v 1.47871 12.599441 -1.2268
v 0.89081025 12.30395 -1.3676307
v 0.8108302 13.030021 -1.3372207
v 3.0407864E-07 12.99691 -1.3785307
v 3.9977385E-07 12.22189 -1.4237208
v 0.9336512 11.54882 -1.2595707
v 5.068514E-07 11.512461 -1.3395933
v -0.93365026 11.54882 -1.2595708
v 2.5601094E-07 13.45342 -1.2984408
v 0.58930016 13.463381 -1.2070509
v 1.3282441 13.1513195 -0.85813606
v 1.7951599 12.831857 -1.0915473
v 2.3373756 12.698536 -1.1750406
v 3.7334514 12.732879 -0.97658056
v 4.264364 12.221723 -0.73845005
v 4.27295 11.915624 -0.25521004
v 3.8946154 12.159311 0.28637946
v 3.8450847 12.73287 0.44998932
v 2.3092546 12.720687 0.5770292
v 2.0406358 13.04964 0.30086997
v 1.7010415 13.169603 0.30365378
v 1.2745985 13.135953 0.23562256
v 0.96756643 13.181226 0.37752405
v 0.49634057 13.06391 0.77246904
v 6.520622E-07 13.022631 0.885139
v -0.49633932 13.06391 0.7724691
v -0.9675655 13.181226 0.37752405
v 2.484865 13.372838 -0.29961005
v 2.6443648 13.0701065 -0.87249064
v 2.4396775 13.10403 -0.90392005
v 2.717754 13.308899 -0.29314077
v 4.273838 13.311252 -0.26064
v 3.8946157 13.04312 0.28073925
v 2.6553395 13.073034 0.28941923
v 2.4288108 13.114073 0.33528998
v 2.0789833 13.269165 -0.29994
v 2.0564911 13.044948 -0.8765382
v 1.6323807 13.3513155 -0.29759088
v 1.6769024 13.15664 -0.8984088
v 1.2890173 13.393411 -0.31504002
v 4.251833 13.101143 -0.74785006
v 4.467725 13.439743 -0.24647072
v 4.616279 13.098909 -0.7562406
v 4.669415 13.3189535 -0.2552107
v 5.090629 13.2782345 -0.23594467
v 5.092529 13.1050205 -0.6558476
v 4.609762 12.732879 -0.9457106
v 5.093017 12.750259 -0.84739256
v 5.097742 12.219032 -0.67868143
v 4.609269 12.255743 -0.75438046
v 5.100403 12.06535 -0.23750047
v 4.674723 11.976531 -0.26772046
v 4.4721627 11.85022 -0.24957046
v 4.7241936 12.065432 0.41613948
v 4.4932013 12.186352 0.2920195
v 4.5628405 12.73287 0.47506934
v 1.0982648 13.297041 0.43958396
v 0.5467706 13.15185 0.8578889
v 6.5747645E-07 13.10605 0.9912391
v -0.54676926 13.15185 0.857889
v -1.0982636 13.297041 0.43958396
v 5.118931 11.926421 -0.24320441
v 5.1387453 12.155211 -0.7558884
v 5.134843 12.750259 -1.0160575
v 5.131798 13.208291 -0.8330866
v 5.128778 13.423977 -0.2619477
v 5.0867453 13.051641 0.28299326
v 4.9071965 13.090639 0.2810893
v 4.7235427 13.180961 0.40761924
v 4.4932013 13.039602 0.2976693
v 4.7947335 12.732879 0.5799592
v 4.9015203 12.162132 0.2920195
v 5.0899434 12.221482 0.2729934
v 5.1387215 12.172293 0.3731364
v 5.763391 12.034258 -0.25536942
v 5.766781 12.23688 -0.7013534
v 5.7640305 12.754769 -0.91147554
v 5.758361 13.131262 -0.75529456
v 5.754581 13.318602 -0.2668726
v 5.7641106 13.119539 0.34348536
v 5.806222 13.241091 -0.2668726
v 5.811691 13.0723915 -0.6864125
v 5.8198404 12.754769 -0.8260165
v 5.8221807 12.29182 -0.63916343
v 5.818591 12.108407 -0.2459994
v 5.8259606 12.314311 0.25332147
v 5.7688804 12.25833 0.31064147
v 5.1348424 12.750259 0.6230703
v 5.0999312 12.750259 0.44415438
v 4.9578543 12.732879 0.48483932
v 5.1315923 13.20273 0.41071427
v 5.7705307 12.754769 0.52101636
v 5.8221517 13.072802 0.28008735
v 5.8314905 12.754769 0.43934637
v 5.5010004 12.922987 0.062082008
v 5.501001 13.064955 -0.23073125
v 5.501001 12.9229765 -0.54808843
v 5.501001 12.569463 -0.5458469
v 5.501001 12.414598 -0.23073113
v 5.5010004 12.569474 0.062100694
v 6.268001 12.63329 -0.49664265
v 6.268001 12.485317 -0.23149212
v 6.2680006 12.633291 0.031273827
v 6.2680006 12.8867655 0.031273767
v 6.268001 13.029627 -0.23149222
v 6.268001 12.886777 -0.49664265
v 6.432661 12.656286 -0.446758
v 6.432661 12.535999 -0.23149212
v 6.432661 12.656275 -0.018619329
v 6.432661 12.862317 -0.018619359
v 6.432661 12.97842 -0.2314922
v 6.432661 12.862308 -0.44675803
v 6.543332 12.753173 -0.23149216
v 1.3589909 13.545978 -0.36304086
v 1.0148276 13.85245 0.51327395
v 0.5367805 13.70652 0.940309
v 5.974107E-07 13.664371 1.0809491
v -0.5367794 13.70652 0.94030905
v -1.0148267 13.85245 0.513274
v -1.3589902 13.545978 -0.36304083
v -1.1019896 13.56489 -0.94861066
v -1.0457995 13.472369 -0.9025507
v -0.5892997 13.463381 -1.2070508
v 2.2975837E-07 13.5553 -1.3805808
v 0.6233102 13.560221 -1.2803608
v 1.0458002 13.472369 -0.90255076
v 1.1019901 13.56489 -0.9486108
v 1.01259 14.2146 -0.88945085
v 1.2763644 14.096041 -0.27793092
v 0.9131239 13.96837 0.43710393
v 0.48486045 13.84244 0.80272895
v 5.514157E-07 13.803329 0.9032889
v -0.48485944 13.84244 0.80272895
v -0.9131231 13.96837 0.43710396
v -1.2763637 14.096041 -0.2779309
v -1.0125898 14.2146 -0.88945085
v -0.5785098 14.24533 -1.2450908
v -0.62330973 13.560221 -1.2803607
v 1.4570378E-07 14.2422 -1.335631
v 0.57851005 14.24533 -1.2450908
v 1.4872785E-07 14.32157 -1.2483908
v 0.52242005 14.32027 -1.131861
v -0.47417942 13.8062 0.795649
v -0.89451605 13.908061 0.424624
v -1.1387779 14.180882 -0.24867089
v -0.8984197 14.289141 -0.79319084
v -0.5224198 14.32027 -1.131861
v 0.89842004 14.289141 -0.79319084
v 1.1387783 14.180882 -0.2486709
v 0.894517 13.908061 0.42462397
v 0.10343565 13.03479 0.9261091
v 7.746562E-07 12.50666 1.2343891
v 0.14260577 12.473795 1.140409
v 6.652799E-07 13.05833 1.0007688
v -0.103434324 13.03479 0.9261091
v -0.14260422 12.473795 1.1404091
v -1.6317714 11.438521 0.38236
v -1.1367291 11.37659 0.9591199
v -1.6735368 11.887109 0.39847997
v -1.8319879 11.623219 -0.36295313
v -1.7486423 11.36342 -0.37345374
v -1.430452 11.436831 -1.0176901
v -2.2021942 11.728699 -0.31546
v -2.0474422 12.000807 -0.93452
v -2.3373744 12.698538 -1.1750405
v -2.0564895 13.044944 -0.8765383
v -2.0789828 13.269163 -0.29994008
v -2.0406353 13.049639 0.30086997
v -2.3092527 12.720688 0.5770292
v -1.908693 12.43803 0.63267994
v -2.0616806 11.993299 0.30244997
v -3.8946135 12.159313 0.28637934
v -4.27295 11.915624 -0.25521004
v -4.264364 12.221723 -0.73845
v -3.73345 12.732881 -0.97658056
v -2.6443634 13.070108 -0.87249064
v -2.4396777 13.10403 -0.9039201
v -2.4848654 13.372839 -0.29961005
v -2.7177527 13.308902 -0.2931407
v -4.273838 13.311252 -0.26064003
v -4.251833 13.101143 -0.74785
v -4.116643 12.907193 -0.97223014
v -4.132778 12.516064 -0.97165006
v -4.39097 12.516064 -0.9599999
v -4.382902 12.914263 -0.96315
v -4.6162767 13.098911 -0.75624055
v -4.4677224 13.439744 -0.24647062
v -4.7235413 13.180962 0.40761936
v -4.4932 13.039604 0.2976693
v -3.8946137 13.043122 0.28073925
v -2.6553378 13.073037 0.28941923
v -2.4288101 13.114072 0.33528993
v -3.8450825 12.732872 0.44998932
v -4.562839 12.732872 0.4750694
v -4.7947316 12.732881 0.57995933
v -4.9578524 12.732881 0.48483932
v -4.907195 13.090641 0.2810893
v -4.6694126 13.318954 -0.25521058
v -5.0906267 13.278235 -0.23594455
v -5.086744 13.051643 0.28299332
v -5.09993 12.750261 0.44415444
v -4.9015183 12.162134 0.29201943
v -4.7241917 12.0654335 0.41613942
v -4.4932 12.186354 0.29201943
v -4.4721603 11.850222 -0.24957049
v -4.674721 11.976533 -0.2677205
v -5.7633886 12.03426 -0.25536942
v -5.7667785 12.236882 -0.70135343
v -5.1387434 12.155213 -0.7558884
v -5.8221784 12.2918215 -0.6391634
v -5.8198385 12.754771 -0.8260164
v -5.7640285 12.754771 -0.91147554
v -5.8116884 13.072392 -0.68641245
v -5.7583585 13.131264 -0.7552945
v -5.8062196 13.241092 -0.2668725
v -5.7545786 13.318603 -0.2668725
v -5.7641087 13.119541 0.34348541
v -5.8221498 13.0728035 0.2800874
v -5.770529 12.754771 0.52101636
v -5.8314886 12.754771 0.43934643
v -5.7688785 12.258332 0.31064147
v -5.8259587 12.314313 0.25332153
v -5.1387196 12.172295 0.37313646
v -5.1189284 11.926423 -0.24320444
v -5.0977397 12.219034 -0.6786815
v -5.0930147 12.750261 -0.8473925
v -5.1348405 12.750261 -1.0160574
v -5.1317954 13.208292 -0.8330865
v -5.1287756 13.423978 -0.26194757
v -5.131591 13.202732 0.41071445
v -5.1348405 12.750261 0.62307036
v -5.0899415 12.221484 0.27299345
v -5.1004004 12.0653515 -0.23750046
v -4.6092668 12.255745 -0.75438046
v -4.6097603 12.732881 -0.9457106
v -5.0925264 13.105022 -0.65584755
v -5.5009985 12.922989 0.062082097
v -5.5009985 12.569476 0.062100723
v -5.8185883 12.108409 -0.2459994
v -5.5009985 12.4146 -0.23073108
v -6.267998 12.485319 -0.23149206
v -6.2679987 12.633293 0.031273946
v -6.2679987 12.886766 0.031273887
v -5.5009985 13.064957 -0.23073114
v -5.5009985 12.922978 -0.5480884
v -5.5009985 12.569465 -0.5458469
v -6.2679987 12.633293 -0.49664253
v -6.432658 12.656289 -0.4467579
v -6.432658 12.536002 -0.23149204
v -6.432658 12.656278 -0.018619254
v -6.432658 12.86232 -0.018619254
v -6.2679987 13.029629 -0.2314921
v -6.2679987 12.88678 -0.4966426
v -6.432658 12.86231 -0.4467579
v -6.5433292 12.753176 -0.23149206
v -6.432658 12.978422 -0.23149209
v -0.5232101 11.287421 1.21629
v 0 11.26764 1.29094
v 0.5232101 11.287421 1.2162901
v 1.1367291 11.37659 0.95912
v 1.6317714 11.438521 0.38236
v 1.7486423 11.36342 -0.3734537
v 1.430452 11.436831 -1.01769
v 0.9517506 10.4565525 -1.1896589
v -1.4210855E-14 10.4565525 -1.2784059
v -0.9517506 10.4565525 -1.1896589
v 1.7894231 10.4565525 -0.37927085
v 1.7355667 10.465533 0.41608092
v 1.2199972 10.4565525 1.0217271
v 0.57222056 10.4565525 1.2762783
v 0 10.4565525 1.3551548
v -0.57222056 10.4565525 1.2762784
v -1.2199972 10.4565525 1.0217271
v -1.7355667 10.465533 0.41608092
v -1.7894231 10.4565525 -0.37927088
v 4.116643 12.907193 -0.9722301
v 4.39097 12.516064 -0.96
v 4.132778 12.516064 -0.97165
v 4.382902 12.914263 -0.9631501
v 1.8463883 9.862317 -0.5720048
v 1.0660774 9.852237 -1.2519066
v -1.4210855E-14 9.852237 -1.3542478
v -1.0660774 9.852237 -1.2519066
v -1.8463883 9.862317 -0.57200485
v -1.9158341 9.862317 0.47344998
v -1.4249696 9.862317 1.1433084
v -0.57852435 9.852237 1.4930884
v 1.4210855E-14 9.852237 1.5465195
v 0.57852435 9.852237 1.4930882
v 1.4249696 9.862317 1.1433085
v 1.9158341 9.862317 0.47344998
v 1.8406821 9.412892 0.23286
v 1.6985689 9.411583 -0.3578348
v 0.9233871 9.412892 -1.03733
v 0 9.412892 -1.15127
v -0.9233871 9.412892 -1.03733
v -1.6985689 9.411583 -0.35783482
v -1.8406821 9.412892 0.23286
v -1.3940812 9.415032 0.94897985
v -0.54471177 9.412892 1.24331
v 0 9.412892 1.32037
v 0.54471177 9.412892 1.2433101
v 1.3940812 9.415032 0.9489799
v 1.3913736 9.03666 0.93929607
v 1.8249279 9.037512 0.23364499
v 1.6818955 9.037512 -0.35097477
v 0.9167009 9.037512 -1.03745
v 0 9.037512 -1.15127
v -0.9167009 9.037512 -1.03745
v -1.6818955 9.037512 -0.3509748
v -1.8249279 9.037512 0.23364499
v -1.3913736 9.03666 0.939296
v -0.54471177 9.037512 1.24331
v 0 9.037512 1.3218598
v 0.54471177 9.037512 1.2433101
o Mesh_15
g polygon_0
usemtl Joint_0_Object_15_Material_15
f 3161//3046 3163//3046 3162//3046
f 3161//3046 3162//3046 3164//3046
f 3161//3046 3164//3046 3165//3046
f 3166//3046 3161//3046 3165//3046
f 3167//3046 3166//3046 3165//3046
f 3167//3046 3165//3046 3168//3046
f 3169//3046 3167//3046 3168//3046
f 3169//3046 3168//3046 3170//3046
f 3171//3046 3169//3046 3170//3046
f 3171//3046 3170//3046 3172//3046
f 3173//3046 3171//3046 3172//3046
f 3174//3046 3173//3046 3172//3046
f 3175//3046 3174//3046 3172//3046
f 3175//3046 3172//3046 3176//3046
f 3177//3046 3175//3046 3176//3046
f 3177//3046 3176//3046 3178//3046
f 3179//3046 3177//3046 3178//3046
f 3179//3046 3178//3046 3180//3046
f 3179//3046 3180//3046 3181//3046
f 3182//3046 3179//3046 3181//3046
f 3182//3046 3181//3046 3183//3046
f 3184//3046 3182//3046 3183//3046
f 3184//3046 3183//3046 3185//3046
f 3186//3046 3184//3046 3185//3046
f 3186//3046 3185//3046 3187//3046
f 3186//3046 3187//3046 3188//3046
f 3189//3046 3186//3046 3188//3046
f 3189//3046 3188//3046 3190//3046
f 3191//3046 3189//3046 3190//3046
f 3191//3046 3190//3046 3192//3046
f 3193//3046 3191//3046 3192//3046
f 3193//3046 3192//3046 3194//3046
f 3193//3046 3194//3046 3195//3046
f 3196//3046 3193//3046 3195//3046
f 3196//3046 3195//3046 3197//3046
f 3196//3046 3197//3046 3198//3046
f 3196//3046 3198//3046 3199//3046
f 3200//3046 3196//3046 3199//3046
f 3201//3046 3200//3046 3199//3046
f 3202//3046 3201//3046 3199//3046
f 3162//3046 3202//3046 3199//3046
f 3162//3046 3199//3046 3198//3046
f 3164//3046 3162//3046 3198//3046
f 3203//3046 3164//3046 3198//3046
f 3203//3046 3198//3046 3197//3046
f 3204//3046 3203//3046 3197//3046
f 3205//3046 3204//3046 3197//3046
f 3205//3046 3197//3046 3195//3046
f 3206//3046 3205//3046 3195//3046
f 3206//3046 3195//3046 3194//3046
f 3207//3046 3206//3046 3194//3046
f 3208//3046 3207//3046 3194//3046
f 3209//3046 3208//3046 3194//3046
f 3209//3046 3194//3046 3192//3046
f 3210//3046 3209//3046 3192//3046
f 3211//3046 3210//3046 3192//3046
f 3211//3046 3192//3046 3190//3046
f 3212//3046 3211//3046 3190//3046
f 3213//3046 3212//3046 3190//3046
f 3213//3046 3190//3046 3188//3046
f 3213//3046 3188//3046 3187//3046
f 3214//3046 3213//3046 3187//3046
f 3215//3046 3214//3046 3187//3046
f 3215//3046 3187//3046 3185//3046
f 3216//3046 3215//3046 3185//3046
f 3216//3046 3185//3046 3183//3046
f 3217//3046 3216//3046 3183//3046
f 3217//3046 3183//3046 3181//3046
f 3218//3046 3217//3046 3181//3046
f 3218//3046 3181//3046 3180//3046
f 3219//3046 3218//3046 3180//3046
f 3220//3046 3219//3046 3180//3046
f 3220//3046 3180//3046 3178//3046
f 3221//3046 3220//3046 3178//3046
f 3221//3046 3178//3046 3176//3046
f 3170//3046 3221//3046 3176//3046
f 3170//3046 3176//3046 3172//3046
f 3222//3046 3224//3046 3223//3046
f 3225//3046 3222//3046 3223//3046
f 3225//3046 3223//3046 3226//3046
f 3225//3046 3226//3046 3227//3046
f 3225//3046 3227//3046 3228//3046
f 3222//3046 3225//3046 3228//3046
f 3222//3046 3228//3046 3229//3046
f 3222//3046 3229//3046 3230//3046
f 3224//3046 3222//3046 3230//3046
f 3231//3046 3224//3046 3230//3046
f 3231//3046 3230//3046 3232//3046
f 3233//3046 3231//3046 3232//3046
f 3233//3046 3232//3046 3234//3046
f 3233//3046 3234//3046 3205//3046
f 3233//3046 3205//3046 3206//3046
f 3231//3046 3233//3046 3206//3046
f 3231//3046 3206//3046 3207//3046
f 3224//3046 3231//3046 3207//3046
f 3223//3046 3224//3046 3207//3046
f 3223//3046 3207//3046 3208//3046
f 3223//3046 3208//3046 3235//3046
f 3226//3046 3223//3046 3235//3046
f 3236//3046 3226//3046 3235//3046
f 3236//3046 3235//3046 3237//3046
f 3238//3046 3236//3046 3237//3046
f 3239//3046 3238//3046 3237//3046
f 3240//3046 3239//3046 3237//3046
f 3240//3046 3237//3046 3241//3046
f 3242//3046 3240//3046 3241//3046
f 3243//3046 3242//3046 3241//3046
f 3243//3046 3241//3046 3244//3046
f 3245//3046 3243//3046 3244//3046
f 3246//3046 3245//3046 3244//3046
f 3246//3046 3244//3046 3209//3046
f 3247//3046 3246//3046 3209//3046
f 3247//3046 3209//3046 3210//3046
f 3248//3046 3247//3046 3210//3046
f 3249//3046 3248//3046 3210//3046
f 3249//3046 3210//3046 3211//3046
f 3250//3046 3249//3046 3211//3046
f 3250//3046 3211//3046 3212//3046
f 3227//3046 3250//3046 3212//3046
f 3228//3046 3227//3046 3212//3046
f 3228//3046 3212//3046 3213//3046
f 3229//3046 3228//3046 3213//3046
f 3229//3046 3213//3046 3214//3046
f 3230//3046 3229//3046 3214//3046
f 3230//3046 3214//3046 3215//3046
f 3232//3046 3230//3046 3215//3046
f 3232//3046 3215//3046 3216//3046
f 3234//3046 3232//3046 3216//3046
f 3234//3046 3216//3046 3217//3046
f 3251//3046 3234//3046 3217//3046
f 3252//3046 3251//3046 3217//3046
f 3252//3046 3217//3046 3218//3046
f 3252//3046 3218//3046 3219//3046
f 3253//3046 3252//3046 3219//3046
f 3254//3046 3253//3046 3219//3046
f 3254//3046 3219//3046 3220//3046
f 3254//3046 3220//3046 3221//3046
f 3255//3046 3254//3046 3221//3046
f 3168//3046 3255//3046 3221//3046
f 3168//3046 3221//3046 3170//3046
f 3243//3046 3245//3046 3256//3046
f 3243//3046 3256//3046 3257//3046
f 3242//3046 3243//3046 3257//3046
f 3242//3046 3257//3046 3258//3046
f 3240//3046 3242//3046 3258//3046
f 3240//3046 3258//3046 3259//3046
f 3239//3046 3240//3046 3259//3046
f 3239//3046 3259//3046 3260//3046
f 3239//3046 3260//3046 3261//3046
f 3238//3046 3239//3046 3261//3046
f 3238//3046 3261//3046 3262//3046
f 3236//3046 3238//3046 3262//3046
f 3236//3046 3262//3046 3263//3046
f 3226//3046 3236//3046 3263//3046
f 3226//3046 3263//3046 3264//3046
f 3227//3046 3226//3046 3264//3046
f 3250//3046 3227//3046 3264//3046
f 3250//3046 3264//3046 3265//3046
f 3249//3046 3250//3046 3265//3046
f 3248//3046 3249//3046 3265//3046
f 3248//3046 3265//3046 3266//3046
f 3247//3046 3248//3046 3266//3046
f 3246//3046 3247//3046 3266//3046
f 3246//3046 3266//3046 3267//3046
f 3245//3046 3246//3046 3267//3046
f 3245//3046 3267//3046 3268//3046
f 3256//3046 3245//3046 3268//3046
f 3256//3046 3268//3046 3269//3046
f 3257//3046 3256//3046 3269//3046
f 3257//3046 3269//3046 3270//3046
f 3258//3046 3257//3046 3270//3046
f 3258//3046 3270//3046 3271//3046
f 3259//3046 3258//3046 3271//3046
f 3259//3046 3271//3046 3272//3046
f 3260//3046 3259//3046 3272//3046
f 3260//3046 3272//3046 3273//3046
f 3274//3046 3260//3046 3273//3046
f 3275//3046 3274//3046 3273//3046
f 3275//3046 3273//3046 3272//3046
f 3276//3046 3275//3046 3272//3046
f 3276//3046 3272//3046 3271//3046
f 3277//3046 3276//3046 3271//3046
f 3277//3046 3271//3046 3270//3046
f 3278//3046 3277//3046 3270//3046
f 3278//3046 3270//3046 3269//3046
f 3279//3046 3278//3046 3269//3046
f 3280//3046 3279//3046 3269//3046
f 3281//3046 3280//3046 3269//3046
f 3281//3046 3269//3046 3268//3046
f 3282//3046 3281//3046 3268//3046
f 3282//3046 3268//3046 3267//3046
f 3283//3046 3282//3046 3267//3046
f 3283//3046 3267//3046 3266//3046
f 3284//3046 3283//3046 3266//3046
f 3284//3046 3266//3046 3265//3046
f 3263//3046 3284//3046 3265//3046
f 3263//3046 3265//3046 3264//3046
f 3284//3046 3263//3046 3262//3046
f 3283//3046 3284//3046 3262//3046
f 3283//3046 3262//3046 3261//3046
f 3285//3046 3283//3046 3261//3046
f 3285//3046 3261//3046 3260//3046
f 3285//3046 3260//3046 3274//3046
f 3285//3046 3274//3046 3286//3046
f 3285//3046 3286//3046 3282//3046
f 3283//3046 3285//3046 3282//3046
f 3274//3046 3275//3046 3287//3046
f 3286//3046 3274//3046 3287//3046
f 3288//3046 3286//3046 3287//3046
f 3289//3046 3288//3046 3287//3046
f 3289//3046 3287//3046 3275//3046
f 3290//3046 3289//3046 3275//3046
f 3290//3046 3275//3046 3276//3046
f 3291//3046 3290//3046 3276//3046
f 3291//3046 3276//3046 3277//3046
f 3292//3046 3291//3046 3277//3046
f 3292//3046 3277//3046 3278//3046
f 3293//3046 3292//3046 3278//3046
f 3293//3046 3278//3046 3279//3046
f 3294//3046 3293//3046 3279//3046
f 3294//3046 3279//3046 3280//3046
f 3289//3046 3294//3046 3280//3046
f 3288//3046 3289//3046 3280//3046
f 3288//3046 3280//3046 3281//3046
f 3286//3046 3288//3046 3281//3046
f 3286//3046 3281//3046 3282//3046
f 3295//3046 3292//3046 3293//3046
f 3296//3046 3295//3046 3293//3046
f 3296//3046 3293//3046 3294//3046
f 3297//3046 3296//3046 3294//3046
f 3297//3046 3294//3046 3289//3046
f 3298//3046 3297//3046 3289//3046
f 3298//3046 3289//3046 3290//3046
f 3299//3046 3298//3046 3290//3046
f 3299//3046 3290//3046 3291//3046
f 3300//3046 3299//3046 3291//3046
f 3300//3046 3291//3046 3292//3046
f 3300//3046 3292//3046 3295//3046
f 3301//3046 3300//3046 3295//3046
f 3301//3046 3295//3046 3296//3046
f 3302//3046 3301//3046 3296//3046
f 3302//3046 3296//3046 3297//3046
f 3303//3046 3302//3046 3297//3046
f 3303//3046 3297//3046 3298//3046
f 3304//3046 3303//3046 3298//3046
f 3304//3046 3298//3046 3299//3046
f 3305//3046 3304//3046 3299//3046
f 3305//3046 3299//3046 3300//3046
f 3306//3046 3305//3046 3300//3046
f 3306//3046 3300//3046 3301//3046
f 3307//3046 3306//3046 3301//3046
f 3307//3046 3301//3046 3302//3046
f 3307//3046 3302//3046 3303//3046
f 3307//3046 3303//3046 3304//3046
f 3307//3046 3304//3046 3305//3046
f 3306//3046 3307//3046 3305//3046
f 3308//3046 3234//3046 3251//3046
f 3309//3046 3308//3046 3251//3046
f 3310//3046 3309//3046 3251//3046
f 3310//3046 3251//3046 3252//3046
f 3310//3046 3252//3046 3253//3046
f 3311//3046 3310//3046 3253//3046
f 3312//3046 3311//3046 3253//3046
f 3312//3046 3253//3046 3254//3046
f 3312//3046 3254//3046 3255//3046
f 3313//3046 3312//3046 3255//3046
f 3314//3046 3313//3046 3255//3046
f 3314//3046 3255//3046 3168//3046
f 3315//3046 3314//3046 3168//3046
f 3316//3046 3315//3046 3168//3046
f 3316//3046 3168//3046 3165//3046
f 3317//3046 3316//3046 3165//3046
f 3317//3046 3165//3046 3164//3046
f 3317//3046 3164//3046 3203//3046
f 3318//3046 3317//3046 3203//3046
f 3318//3046 3203//3046 3204//3046
f 3319//3046 3318//3046 3204//3046
f 3320//3046 3319//3046 3204//3046
f 3320//3046 3204//3046 3205//3046
f 3320//3046 3205//3046 3234//3046
f 3321//3046 3320//3046 3234//3046
f 3321//3046 3234//3046 3308//3046
f 3322//3046 3321//3046 3308//3046
f 3323//3046 3322//3046 3308//3046
f 3323//3046 3308//3046 3309//3046
f 3324//3046 3323//3046 3309//3046
f 3325//3046 3324//3046 3309//3046
f 3325//3046 3309//3046 3310//3046
f 3325//3046 3310//3046 3311//3046
f 3326//3046 3325//3046 3311//3046
f 3327//3046 3326//3046 3311//3046
f 3327//3046 3311//3046 3312//3046
f 3327//3046 3312//3046 3313//3046
f 3328//3046 3327//3046 3313//3046
f 3329//3046 3328//3046 3313//3046
f 3329//3046 3313//3046 3314//3046
f 3330//3046 3329//3046 3314//3046
f 3330//3046 3314//3046 3315//3046
f 3331//3046 3330//3046 3315//3046
f 3332//3046 3331//3046 3315//3046
f 3332//3046 3315//3046 3316//3046
f 3332//3046 3316//3046 3317//3046
f 3332//3046 3317//3046 3318//3046
f 3333//3046 3332//3046 3318//3046
f 3333//3046 3318//3046 3319//3046
f 3334//3046 3333//3046 3319//3046
f 3321//3046 3334//3046 3319//3046
f 3321//3046 3319//3046 3320//3046
f 3331//3046 3332//3046 3333//3046
f 3335//3046 3331//3046 3333//3046
f 3335//3046 3333//3046 3334//3046
f 3336//3046 3335//3046 3334//3046
f 3322//3046 3336//3046 3334//3046
f 3322//3046 3334//3046 3321//3046
f 506//3046 3326//3046 3327//3046
f 3337//3046 506//3046 3327//3046
f 3337//3046 3327//3046 3328//3046
f 3338//3046 3337//3046 3328//3046
f 3339//3046 3338//3046 3328//3046
f 3339//3046 3328//3046 3329//3046
f 3340//3046 3339//3046 3329//3046
f 3340//3046 3329//3046 3330//3046
f 3341//3046 3340//3046 3330//3046
f 3341//3046 3330//3046 3331//3046
f 3341//3046 3331//3046 3335//3046
f 536//3046 3341//3046 3335//3046
f 536//3046 3335//3046 3336//3046
f 537//3046 536//3046 3336//3046
f 538//3046 537//3046 3336//3046
f 538//3046 3336//3046 3342//3046
f 539//3046 538//3046 3342//3046
f 539//3046 3342//3046 3343//3046
f 3344//3046 539//3046 3343//3046
f 3344//3046 3343//3046 3324//3046
f 505//3046 3344//3046 3324//3046
f 505//3046 3324//3046 3325//3046
f 506//3046 505//3046 3325//3046
f 506//3046 3325//3046 3326//3046
f 549//3046 3338//3046 3339//3046
f 549//3046 3339//3046 3340//3046
f 548//3046 549//3046 3340//3046
f 548//3046 3340//3046 3341//3046
f 547//3046 548//3046 3341//3046
f 547//3046 3341//3046 536//3046
f 3323//3046 3324//3046 3343//3046
f 3323//3046 3343//3046 3342//3046
f 3322//3046 3323//3046 3342//3046
f 3322//3046 3342//3046 3336//3046
f 3345//3046 3347//3046 3346//3046
f 3348//3046 3345//3046 3346//3046
f 3348//3046 3346//3046 3349//3046
f 3345//3046 3348//3046 3349//3046
f 3347//3046 3345//3046 3349//3046
f 3347//3046 3349//3046 3350//3046
f 3346//3046 3347//3046 3350//3046
f 3346//3046 3350//3046 3349//3046
f 3174//3046 3352//3046 3351//3046
f 3353//3046 3174//3046 3351//3046
f 3354//3046 3353//3046 3351//3046
f 3354//3046 3351//3046 3355//3046
f 3354//3046 3355//3046 3356//3046
f 3354//3046 3356//3046 3163//3046
f 3357//3046 3354//3046 3163//3046
f 3358//3046 3357//3046 3163//3046
f 3358//3046 3163//3046 3161//3046
f 3358//3046 3161//3046 3166//3046
f 3359//3046 3358//3046 3166//3046
f 3360//3046 3359//3046 3166//3046
f 3360//3046 3166//3046 3167//3046
f 3360//3046 3167//3046 3169//3046
f 3361//3046 3360//3046 3169//3046
f 3361//3046 3169//3046 3171//3046
f 3362//3046 3361//3046 3171//3046
f 3362//3046 3171//3046 3173//3046
f 3363//3046 3362//3046 3173//3046
f 3364//3046 3363//3046 3173//3046
f 3364//3046 3173//3046 3174//3046
f 3364//3046 3174//3046 3353//3046
f 3365//3046 3364//3046 3353//3046
f 3365//3046 3353//3046 3354//3046
f 3365//3046 3354//3046 3357//3046
f 3366//3046 3365//3046 3357//3046
f 3367//3046 3366//3046 3357//3046
f 3368//3046 3367//3046 3357//3046
f 3368//3046 3357//3046 3358//3046
f 3369//3046 3368//3046 3358//3046
f 3369//3046 3358//3046 3359//3046
f 3370//3046 3369//3046 3359//3046
f 3371//3046 3370//3046 3359//3046
f 3371//3046 3359//3046 3360//3046
f 3371//3046 3360//3046 3361//3046
f 3371//3046 3361//3046 3372//3046
f 3370//3046 3371//3046 3372//3046
f 3370//3046 3372//3046 3373//3046
f 3370//3046 3373//3046 3374//3046
f 3370//3046 3374//3046 3375//3046
f 3369//3046 3370//3046 3375//3046
f 3369//3046 3375//3046 3376//3046
f 3369//3046 3376//3046 3377//3046
f 3368//3046 3369//3046 3377//3046
f 3378//3046 3368//3046 3377//3046
f 3378//3046 3377//3046 3376//3046
f 3379//3046 3378//3046 3376//3046
f 3379//3046 3376//3046 3375//3046
f 3380//3046 3379//3046 3375//3046
f 3381//3046 3380//3046 3375//3046
f 3381//3046 3375//3046 3374//3046
f 3382//3046 3381//3046 3374//3046
f 3383//3046 3382//3046 3374//3046
f 3384//3046 3383//3046 3374//3046
f 3384//3046 3374//3046 3373//3046
f 3385//3046 3384//3046 3373//3046
f 3385//3046 3373//3046 3372//3046
f 3386//3046 3385//3046 3372//3046
f 3386//3046 3372//3046 3361//3046
f 3386//3046 3361//3046 3362//3046
f 3386//3046 3362//3046 3363//3046
f 3385//3046 3386//3046 3363//3046
f 3385//3046 3363//3046 3387//3046
f 3384//3046 3385//3046 3387//3046
f 3384//3046 3387//3046 3388//3046
f 3383//3046 3384//3046 3388//3046
f 3383//3046 3388//3046 3389//3046
f 3382//3046 3383//3046 3389//3046
f 3382//3046 3389//3046 3390//3046
f 3382//3046 3390//3046 3391//3046
f 3381//3046 3382//3046 3391//3046
f 3381//3046 3391//3046 3392//3046
f 3380//3046 3381//3046 3392//3046
f 3393//3046 3380//3046 3392//3046
f 3394//3046 3393//3046 3392//3046
f 3394//3046 3392//3046 3391//3046
f 3395//3046 3394//3046 3391//3046
f 3395//3046 3391//3046 3390//3046
f 3396//3046 3395//3046 3390//3046
f 3396//3046 3390//3046 3389//3046
f 3397//3046 3396//3046 3389//3046
f 3398//3046 3397//3046 3389//3046
f 3398//3046 3389//3046 3388//3046
f 3366//3046 3398//3046 3388//3046
f 3366//3046 3388//3046 3387//3046
f 3365//3046 3366//3046 3387//3046
f 3365//3046 3387//3046 3363//3046
f 3364//3046 3365//3046 3363//3046
f 3398//3046 3366//3046 3367//3046
f 3397//3046 3398//3046 3367//3046
f 3397//3046 3367//3046 3399//3046
f 3396//3046 3397//3046 3399//3046
f 3400//3046 3396//3046 3399//3046
f 3368//3046 3400//3046 3399//3046
f 3368//3046 3399//3046 3367//3046
f 3401//3046 3403//3046 3402//3046
f 3404//3046 3401//3046 3402//3046
f 3405//3046 3404//3046 3402//3046
f 3405//3046 3402//3046 3406//3046
f 3407//3046 3405//3046 3406//3046
f 3407//3046 3406//3046 3408//3046
f 3409//3046 3407//3046 3408//3046
f 3409//3046 3408//3046 3410//3046
f 3409//3046 3410//3046 3411//3046
f 3412//3046 3409//3046 3411//3046
f 3412//3046 3411//3046 3413//3046
f 3414//3046 3412//3046 3413//3046
f 3414//3046 3413//3046 3415//3046
f 3416//3046 3414//3046 3415//3046
f 3401//3046 3416//3046 3415//3046
f 3401//3046 3415//3046 3417//3046
f 3401//3046 3417//3046 3418//3046
f 3403//3046 3401//3046 3418//3046
f 3403//3046 3418//3046 3419//3046
f 3403//3046 3419//3046 3420//3046
f 3403//3046 3420//3046 3421//3046
f 3402//3046 3403//3046 3421//3046
f 3406//3046 3402//3046 3421//3046
f 3406//3046 3421//3046 3422//3046
f 3408//3046 3406//3046 3422//3046
f 3408//3046 3422//3046 3423//3046
f 3410//3046 3408//3046 3423//3046
f 3411//3046 3410//3046 3423//3046
f 3411//3046 3423//3046 3424//3046
f 3413//3046 3411//3046 3424//3046
f 3413//3046 3424//3046 3425//3046
f 3415//3046 3413//3046 3425//3046
f 3417//3046 3415//3046 3425//3046
f 3417//3046 3425//3046 3426//3046
f 3417//3046 3426//3046 3427//3046
f 3418//3046 3417//3046 3427//3046
f 3419//3046 3418//3046 3427//3046
f 3419//3046 3427//3046 3428//3046
f 3419//3046 3428//3046 3429//3046
f 3420//3046 3419//3046 3429//3046
f 3420//3046 3429//3046 3430//3046
f 3421//3046 3420//3046 3430//3046
f 3422//3046 3421//3046 3430//3046
f 3422//3046 3430//3046 3393//3046
f 3423//3046 3422//3046 3393//3046
f 3423//3046 3393//3046 3394//3046
f 3424//3046 3423//3046 3394//3046
f 3424//3046 3394//3046 3395//3046
f 3425//3046 3424//3046 3395//3046
f 3426//3046 3425//3046 3395//3046
f 3426//3046 3395//3046 3396//3046
f 3426//3046 3396//3046 3400//3046
f 3427//3046 3426//3046 3400//3046
f 3428//3046 3427//3046 3400//3046
f 3428//3046 3400//3046 3368//3046
f 3428//3046 3368//3046 3378//3046
f 3429//3046 3428//3046 3378//3046
f 3429//3046 3378//3046 3379//3046
f 3429//3046 3379//3046 3380//3046
f 3430//3046 3429//3046 3380//3046
f 3430//3046 3380//3046 3393//3046
f 3431//3046 3409//3046 3412//3046
f 3431//3046 3412//3046 3414//3046
f 3431//3046 3414//3046 3416//3046
f 3432//3046 3431//3046 3416//3046
f 3433//3046 3432//3046 3416//3046
f 3433//3046 3416//3046 3401//3046
f 3433//3046 3401//3046 3404//3046
f 3433//3046 3404//3046 3434//3046
f 3432//3046 3433//3046 3434//3046
f 3432//3046 3434//3046 3435//3046
f 3432//3046 3435//3046 3436//3046
f 3431//3046 3432//3046 3436//3046
f 3431//3046 3436//3046 3437//3046
f 3431//3046 3437//3046 3438//3046
f 3409//3046 3431//3046 3438//3046
f 3407//3046 3409//3046 3438//3046
f 3407//3046 3438//3046 3439//3046
f 3405//3046 3407//3046 3439//3046
f 3405//3046 3439//3046 3440//3046
f 3404//3046 3405//3046 3440//3046
f 3434//3046 3404//3046 3440//3046
f 3434//3046 3440//3046 3441//3046
f 3435//3046 3434//3046 3441//3046
f 3435//3046 3441//3046 3442//3046
f 3435//3046 3442//3046 3443//3046
f 3436//3046 3435//3046 3443//3046
f 3436//3046 3443//3046 3444//3046
f 3437//3046 3436//3046 3444//3046
f 3437//3046 3444//3046 3445//3046
f 3437//3046 3445//3046 3446//3046
f 3438//3046 3437//3046 3446//3046
f 3439//3046 3438//3046 3446//3046
f 3439//3046 3446//3046 3447//3046
f 3440//3046 3439//3046 3447//3046
f 3441//3046 3440//3046 3447//3046
f 3441//3046 3447//3046 3448//3046
f 3442//3046 3441//3046 3448//3046
f 3442//3046 3448//3046 3449//3046
f 3443//3046 3442//3046 3449//3046
f 3444//3046 3443//3046 3449//3046
f 3445//3046 3444//3046 3449//3046
f 3445//3046 3449//3046 3450//3046
f 3446//3046 3445//3046 3450//3046
f 3447//3046 3446//3046 3450//3046
f 3448//3046 3447//3046 3450//3046
f 3448//3046 3450//3046 3449//3046
f 3352//3046 3174//3046 3175//3046
f 3451//3046 3352//3046 3175//3046
f 3451//3046 3175//3046 3177//3046
f 3452//3046 3451//3046 3177//3046
f 3452//3046 3177//3046 3179//3046
f 3452//3046 3179//3046 3182//3046
f 3453//3046 3452//3046 3182//3046
f 3453//3046 3182//3046 3184//3046
f 3454//3046 3453//3046 3184//3046
f 3454//3046 3184//3046 3186//3046
f 3455//3046 3454//3046 3186//3046
f 3455//3046 3186//3046 3189//3046
f 3455//3046 3189//3046 3191//3046
f 3456//3046 3455//3046 3191//3046
f 3457//3046 3456//3046 3191//3046
f 3457//3046 3191//3046 3193//3046
f 3457//3046 3193//3046 3196//3046
f 3457//3046 3196//3046 3200//3046
f 3458//3046 3457//3046 3200//3046
f 3458//3046 3200//3046 3201//3046
f 3459//3046 3458//3046 3201//3046
f 3460//3046 3459//3046 3201//3046
f 3460//3046 3201//3046 3202//3046
f 3356//3046 3460//3046 3202//3046
f 3356//3046 3202//3046 3162//3046
f 3163//3046 3356//3046 3162//3046
f 3457//3046 3458//3046 3461//3046
f 3456//3046 3457//3046 3461//3046
f 3456//3046 3461//3046 3462//3046
f 3455//3046 3456//3046 3462//3046
f 3455//3046 3462//3046 3463//3046
f 3454//3046 3455//3046 3463//3046
f 3454//3046 3463//3046 3464//3046
f 3453//3046 3454//3046 3464//3046
f 3453//3046 3464//3046 3465//3046
f 3452//3046 3453//3046 3465//3046
f 3451//3046 3452//3046 3465//3046
f 3451//3046 3465//3046 3466//3046
f 3352//3046 3451//3046 3466//3046
f 3352//3046 3466//3046 3467//3046
f 3351//3046 3352//3046 3467//3046
f 3351//3046 3467//3046 3468//3046
f 3355//3046 3351//3046 3468//3046
f 3355//3046 3468//3046 3469//3046
f 3356//3046 3355//3046 3469//3046
f 3356//3046 3469//3046 3460//3046
f 3470//3046 3472//3046 3471//3046
f 3473//3046 3470//3046 3471//3046
f 3241//3046 3473//3046 3471//3046
f 3244//3046 3241//3046 3471//3046
f 3209//3046 3244//3046 3471//3046
f 3209//3046 3471//3046 3472//3046
f 3208//3046 3209//3046 3472//3046
f 3208//3046 3472//3046 3470//3046
f 3235//3046 3208//3046 3470//3046
f 3235//3046 3470//3046 3473//3046
f 3237//3046 3235//3046 3473//3046
f 3237//3046 3473//3046 3241//3046
f 3474//3046 3461//3046 3458//3046
f 3475//3046 3474//3046 3458//3046
f 3475//3046 3458//3046 3459//3046
f 3476//3046 3475//3046 3459//3046
f 3477//3046 3476//3046 3459//3046
f 3477//3046 3459//3046 3460//3046
f 3478//3046 3477//3046 3460//3046
f 3478//3046 3460//3046 3469//3046
f 3479//3046 3478//3046 3469//3046
f 3479//3046 3469//3046 3468//3046
f 3480//3046 3479//3046 3468//3046
f 3480//3046 3468//3046 3467//3046
f 3481//3046 3480//3046 3467//3046
f 3481//3046 3467//3046 3466//3046
f 3482//3046 3481//3046 3466//3046
f 3482//3046 3466//3046 3465//3046
f 3482//3046 3465//3046 3464//3046
f 3483//3046 3482//3046 3464//3046
f 3483//3046 3464//3046 3463//3046
f 3484//3046 3483//3046 3463//3046
f 3484//3046 3463//3046 3462//3046
f 3485//3046 3484//3046 3462//3046
f 3485//3046 3462//3046 3461//3046
f 3485//3046 3461//3046 3474//3046
f 3486//3046 3485//3046 3474//3046
f 3487//3046 3486//3046 3474//3046
f 3487//3046 3474//3046 3475//3046
f 3488//3046 3487//3046 3475//3046
f 3488//3046 3475//3046 3476//3046
f 3489//3046 3488//3046 3476//3046
f 3490//3046 3489//3046 3476//3046
f 3490//3046 3476//3046 3477//3046
f 3491//3046 3490//3046 3477//3046
f 3491//3046 3477//3046 3478//3046
f 3492//3046 3491//3046 3478//3046
f 3492//3046 3478//3046 3479//3046
f 3493//3046 3492//3046 3479//3046
f 3493//3046 3479//3046 3480//3046
f 3494//3046 3493//3046 3480//3046
f 3494//3046 3480//3046 3481//3046
f 3495//3046 3494//3046 3481//3046
f 3495//3046 3481//3046 3482//3046
f 3495//3046 3482//3046 3483//3046
f 3496//3046 3495//3046 3483//3046
f 3496//3046 3483//3046 3484//3046
f 3497//3046 3496//3046 3484//3046
f 3497//3046 3484//3046 3485//3046
f 3497//3046 3485//3046 3486//3046
f 3498//3046 3497//3046 3486//3046
f 3499//3046 3498//3046 3486//3046
f 3499//3046 3486//3046 3487//3046
f 3500//3046 3499//3046 3487//3046
f 3500//3046 3487//3046 3488//3046
f 3501//3046 3500//3046 3488//3046
f 3501//3046 3488//3046 3489//3046
f 3502//3046 3501//3046 3489//3046
f 3503//3046 3502//3046 3489//3046
f 3503//3046 3489//3046 3490//3046
f 3504//3046 3503//3046 3490//3046
f 3504//3046 3490//3046 3491//3046
f 3505//3046 3504//3046 3491//3046
f 3505//3046 3491//3046 3492//3046
f 3506//3046 3505//3046 3492//3046
f 3506//3046 3492//3046 3493//3046
f 3507//3046 3506//3046 3493//3046
f 3507//3046 3493//3046 3494//3046
f 3508//3046 3507//3046 3494//3046
f 3508//3046 3494//3046 3495//3046
f 3508//3046 3495//3046 3496//3046
f 3509//3046 3508//3046 3496//3046
f 3509//3046 3496//3046 3497//3046
f 3498//3046 3509//3046 3497//3046
v 0.53996 14.222301 0.78022
vn -0.44002214 0.31105652 -0.8423921
v 0.37074 14.19271 0.81736445
vn -0.4703888 0.16293544 -0.8672868
v 0.38459 14.155372 0.7989725
vn -0.13273561 0.5802362 -0.8035591
v 0.29697046 14.303329 0.8827589
vn -0.36279517 0.10606847 -0.9258127
v 0.30587 14.21068 0.86569
vn -0.50776726 0.0029536774 -0.86148924
vn -1.4127855E-07 0.9486789 -0.3162411
v -0.08416948 14.1661 0.9816089
vn 0.36789382 0.5170263 -0.77287644
vn 0.1370487 0.92218333 -0.36165679
v 5.211591E-07 14.160041 1.0237889
vn -9.0086644E-08 0.3319378 -0.9433013
v -0.07943948 14.22227 0.97714895
vn 0.44961214 -0.06912245 -0.89054537
v 5.1273446E-07 14.21535 1.016779
vn -4.655247E-08 -0.017077625 -0.9998542
v -0.07992949 14.2624 0.9771489
vn 0.5159452 0.46665445 -0.71835524
v -0.16321951 14.326449 0.92644894
vn 0.61018413 0.07320354 -0.7888704
v -0.08218 14.3295 1.12032
vn 0.6329232 0.46384475 -0.61988413
v -0.08218 14.40713 1.14142
vn 0.7697394 -0.24195875 -0.590726
v -0.14879 14.4692 0.9181694
vn 0.6499418 -0.30979627 -0.6939755
v -0.3011 14.46263 0.88223946
vn 0.26683792 -0.13078803 -0.95482564
v -0.2969695 14.303329 0.882759
vn 0.36279488 0.10606858 -0.9258128
v -0.5943295 14.419479 0.7976889
vn 0.4911067 0.05984439 -0.8690414
v -0.53996 14.222301 0.78022
vn 0.44002193 0.3110565 -0.84239215
v -0.7627495 14.396359 0.64389896
vn 0.8447582 0.23064233 -0.4828952
v -0.67441 14.15763 0.63861
vn 0.76616126 0.44947582 -0.459313
v -0.82581955 14.338691 0.20322904
vn 0.94616365 0.30999625 -0.093148805
v -0.7391 14.15748 0.26662004
vn 0.83685696 0.54132736 -0.08145666
v -0.8314595 14.31857 -0.033210915
vn 0.8237212 0.5645996 0.052065033
v -0.74129957 14.1701 -0.026270907
vn 0.6770182 0.59276223 0.43621022
v -0.7580896 14.356351 -0.117680915
vn -0.23724781 0.61095965 0.75527596
v -0.65357965 14.1763 -0.0671909
vn 0.57722193 0.5794167 0.5754052
v -0.63414955 14.040931 0.0167391
vn 0.43929696 0.7751157 0.4541078
v -0.4726596 14.06178 -0.0346909
vn 0.7879425 0.6130421 0.057670876
v -0.32860956 13.9125 0.1125291
vn 0.6000357 0.7739956 -0.20220788
v -0.30992952 13.62083 0.05901912
vn 0.778209 0.15088695 -0.60960966
v -0.14801951 13.55099 0.19869912
vn 0.5202391 0.118365526 -0.8457783
v -0.16248955 13.8371 0.21205908
vn 0.5071054 0.696304 -0.5079417
v 4.8790434E-07 13.51731 0.2603391
vn -1.8076314E-07 0.11080323 -0.99384236
v 4.5589604E-07 13.790351 0.28745908
vn -2.7542703E-07 0.95061016 -0.31038743
v 0.16249041 13.8371 0.2120591
vn -0.5071058 0.6963038 -0.5079417
v 0.14802046 13.55099 0.19869915
vn -0.5202393 0.118365355 -0.84577817
v 0.3286104 13.9125 0.1125291
vn -0.600036 0.77399534 -0.20220786
v 0.3099304 13.62083 0.05901912
vn -0.77820915 0.15088667 -0.60960954
v 0.4726603 14.06178 -0.034690905
vn -0.78794277 0.6130419 0.05767088
v 0.6341504 14.040931 0.016739093
vn -0.43929717 0.77511555 0.4541078
v 0.65358025 14.1763 -0.067190915
vn -0.577222 0.5794166 0.5754053
v 0.7413003 14.1701 -0.026270917
vn -0.6770183 0.59276205 0.43621024
v 0.7580902 14.356351 -0.11768092
vn 0.20539148 0.62887293 0.7498888
v 0.83146024 14.31857 -0.033210926
vn -0.82308906 0.5659906 0.046680514
v 0.7391 14.15748 0.26662
vn -0.836857 0.5413273 -0.08145648
v 0.82582027 14.338691 0.20322903
vn -0.9461638 0.30999592 -0.0931488
v 0.67441 14.15763 0.63861
vn -0.7661614 0.4494758 -0.45931283
v 0.7627503 14.396359 0.6438989
vn -0.84475833 0.23064204 -0.48289514
v 0.59433043 14.419479 0.79768884
vn -0.49110693 0.05984423 -0.86904126
v 0.3011 14.46263 0.8822394
vn -0.2668381 -0.13078803 -0.95482564
v 0.16322047 14.326449 0.92644894
vn -0.61018425 0.07320346 -0.78887033
v 0.14879 14.4692 0.9181694
vn -0.6499419 -0.30979627 -0.6939754
v 0.08218 14.40713 1.14142
vn -0.7697395 -0.24195875 -0.5907259
v 0.0827 14.49881 1.04995
vn -0.6997683 -0.49108928 -0.51880217
v -1.7295463E-09 14.508521 1.10991
vn -8.057547E-08 -0.6522852 -0.7579736
v -1.7183481E-09 14.41454 1.19054
vn -1.0618615E-07 -0.0632017 -0.9980008
v -1.7083721E-09 14.330901 1.1705
vn -7.032391E-08 0.75121534 -0.6600573
v 5.082961E-07 14.25183 1.0193589
vn -1.1501049E-07 0.5627924 -0.8265983
v 0.07993049 14.2624 0.9771489
vn -0.5159454 0.46665436 -0.7183552
v 0.08218 14.3295 1.12032
vn -0.6329233 0.46384475 -0.619884
v 0.0794405 14.22227 0.97714895
vn -0.4496121 -0.06912248 -0.89054537
v 0.084170505 14.1661 0.9816089
vn -0.36789393 0.5170262 -0.7728765
vn -0.13704897 0.9221833 -0.36165679
v -0.7216299 14.92598 -1.298891
vn 0.44218072 0.4816442 0.75663406
vn 0.14491816 0.9892931 -0.017262386
vn 0.044740323 0.86950654 0.491891
v -0.47028995 15.40655 -1.1685609
vn 0.53471833 0.26878646 0.80114305
v -0.3782599 14.916521 -1.478681
vn 0.32412603 0.6369 0.6995004
vn -2.046027E-07 0.9704596 0.24126387
vn -0.03940748 0.30638146 0.9510928
v -0.12825008 15.47936 -1.7365507
vn 0.08952554 0.21271563 0.9730042
v -0.18274008 15.579871 -1.6469207
vn -0.0044818963 0.26229328 0.96497786
v -9.7222255E-08 16.12894 -1.2774011
vn -0.15538174 -0.3920059 0.9067458
v 0.2351398 15.89578 -1.8182809
vn -0.42339984 0.008595717 0.90590215
v 0.47028995 15.40655 -1.168561
vn -0.48885986 0.067435116 0.869752
v 0.5358699 15.79774 -1.138431
vn -0.46377647 -0.005751464 0.88593364
v 0.5154998 16.196241 -1.7631109
vn -0.29687247 -0.6424744 0.70646536
v 0.3164399 16.288761 -0.9079409
vn -0.3408548 -0.60456944 0.7199401
v 0.7611898 16.2558 -0.73740107
vn -0.6231115 -0.584344 0.51987904
v 1.2904499 16.22605 -1.103691
vn -0.8904905 -0.3901979 0.23403496
v 0.97104985 15.74219 -0.81975096
vn -0.8188966 0.119390644 0.561386
v 0.8955199 16.02885 -0.475421
vn -0.8870568 -0.3682581 0.27841738
v 1.2130098 16.72141 -0.44288105
vn -0.70884776 -0.6878417 0.1562328
v 0.52213997 16.54693 -0.2846511
vn -0.43101606 -0.8328512 0.34725216
v 0.67292976 16.92926 -1.0757911
vn -0.3671943 -0.5785771 0.72829723
v -7.400149E-08 16.618021 -0.709891
vn 0.014381262 -0.83685845 0.5472305
v -0.042710155 17.29547 -0.6711011
vn -0.06632645 -0.9328053 0.35422456
v -9.5681344E-08 17.1066 -0.43206108
vn 0.15029474 -0.98761 0.04514419
v -0.52213997 16.54693 -0.28465104
vn 0.4859383 -0.8260407 0.28551847
v -0.74863005 16.98908 -0.911881
vn 0.4176644 -0.642634 0.6423224
v -0.31644002 16.288761 -0.9079409
vn 0.32617244 -0.68947685 0.64670956
v -0.76118994 16.2558 -0.737401
vn 0.6235975 -0.6151227 0.48244205
v -1.15808 16.73587 -0.44290107
vn 0.69548255 -0.70179933 0.15421322
v -0.8042898 16.44874 -0.02596109
vn 0.57794017 -0.7878697 0.2127125
v -1.1175997 16.173061 0.02451893
vn 0.92107767 -0.38714394 0.041660264
v -0.8955198 16.02885 -0.475421
vn 0.8789788 -0.38617027 0.2797656
v -1.2386498 16.221731 -1.103691
vn 0.8743813 -0.4119871 0.2563669
v -0.53587 15.79774 -1.138431
vn 0.44837624 -0.018089004 0.89366186
v -0.97104996 15.74219 -0.81975096
vn 0.81874275 0.10016657 0.56535566
v -1.4040898 15.602831 -0.77538097
vn 0.9351234 -0.054193847 0.35015327
v -1.0801197 15.66021 -0.33667105
vn 0.9644997 0.15775397 0.21178773
v -1.0516797 15.440421 -0.66719097
vn 0.89738786 0.2116927 0.38714507
v -0.7807198 15.44395 -1.0225309
vn 0.6000779 0.11823451 0.7911556
v -1.0202099 15.558701 -1.353951
vn 0.5761355 0.38864848 0.71904117
v -0.9743898 15.22985 -1.022121
vn 0.6919553 0.0075905304 0.7219004
v -0.84860975 15.177711 -0.6765009
vn 0.3186273 0.9033591 0.28708696
v -1.0094798 14.95479 -1.0886009
vn 0.32611874 0.91442996 0.23971756
v -2.0730477E-07 16.75424 -1.4522309
vn 2.7898832E-07 -0.7093628 0.7048436
v -0.5155001 16.36272 -1.7012807
vn 0.21934062 -0.73030305 0.6469522
v -0.23514009 15.637351 -1.8618608
vn 0.2897802 0.33443648 0.8967607
v -1.2162397 14.97683 -0.8170809
vn 0.5528254 0.80671245 0.20880406
vn 0.8501777 0.49099708 -0.19005197
v -1.1436797 15.25876 -0.727701
vn 0.69245064 -0.44648522 0.5667126
v -1.4031696 15.23276 -0.36604095
vn 0.935052 0.35355118 0.026065856
vn 0.38063 0.9064177 -0.18310592
v -1.0707096 15.75898 0.077748954
vn 0.99249035 0.06088232 -0.10609601
v -1.5325296 15.974589 -0.23338102
vn 0.9891977 0.029856203 0.14351496
v -1.4098295 16.14619 0.44408888
vn 0.952893 0.012001658 -0.3030691
v -0.97339964 15.71978 0.51981884
vn 0.7878666 -0.028783925 -0.615173
v -0.7588896 16.092281 0.6482789
vn 0.84545237 -0.28370845 -0.4524598
v -1.3347797 16.40006 0.22895886
vn 0.9576174 -0.2880432 -0.000108585074
v -1.2585098 16.42731 0.2830789
vn 0.95791703 -0.27891815 -0.067821406
v -1.3750197 16.62474 0.4287188
vn 0.79178524 -0.5626074 -0.2378004
v -0.4311098 16.474201 0.58914876
vn 0.43598497 -0.61930966 -0.6529722
v -0.6580998 16.54325 1.1428688
vn 0.32775882 -0.9129488 -0.2431023
v -0.6994197 16.41534 1.2076488
vn 0.2837239 -0.8076617 -0.5168977
v 2.3906705E-07 16.160961 0.9163388
vn -0.16340965 -0.52528197 -0.8350906
v 0.06586015 16.84098 0.95650876
vn 0.1418069 -0.4029219 -0.90418184
v 1.4795432E-07 16.83204 0.90282875
vn 0.0561086 -0.27805462 -0.9589252
v 0.43111008 16.474201 0.5891488
vn -0.56048256 -0.6127426 -0.5571407
v 0.8005101 16.52894 1.179629
vn -0.42679593 -0.47987905 -0.7665255
v 0.35239023 15.89449 0.99554884
vn -0.49348578 0.03891556 -0.8688829
v 0.7588901 16.092281 0.6482789
vn -0.7268659 -0.23776673 -0.6443081
v 1.34599 16.66879 0.42872882
vn -0.80187637 -0.5509716 -0.2311376
v 0.80428994 16.44874 -0.0259611
vn -0.5401744 -0.8142524 0.21261388
v 1.2635201 16.5105 0.3267889
vn -0.89121765 -0.41764903 -0.17691948
v 1.3752701 16.50897 0.27506888
vn -0.8685051 -0.48188064 -0.116146505
v 1.12087 16.18537 0.024528913
vn -0.92406964 -0.38066128 0.034531243
v 1.4137601 16.160429 0.44408888
vn -0.95623827 -0.007686437 -0.29248822
v 0.9926301 15.7161 0.51982886
vn -0.7909269 -0.018586647 -0.61162835
v 1.0707101 15.75898 0.07774894
vn -0.9948578 0.049669545 -0.08826661
v 1.4982799 15.995191 -0.23338105
vn -0.98746234 0.0080701765 0.15764862
v 0.92629987 17.076061 0.12856884
vn -0.7435409 -0.6512419 -0.15175934
v 0.73535 16.9834 0.22478883
vn -0.6115206 -0.7632624 -0.20850217
v 0.71675 17.11048 0.27635884
vn -0.46655527 -0.8844902 0.00182171
v 4.2022066E-08 16.69791 0.105798885
vn -0.025586125 -0.99322116 -0.1133894
v 0.10978988 17.2453 -0.38189113
vn 0.20422432 -0.97777224 -0.04747563
v -0.62723994 17.12226 0.110948846
vn -0.04065877 -0.9644759 -0.2610233
v -0.6428999 17.005991 0.21395884
vn -0.0012475277 -0.95752805 -0.2883374
v -0.88038987 17.13204 0.24950884
vn 0.5736463 -0.80692345 0.14072871
v -0.8172599 16.808771 0.10192886
vn 0.7040446 -0.7093548 -0.033720806
v -0.87541986 16.81996 0.07282887
vn 0.695727 -0.71664643 -0.048804484
v -0.3523897 15.89449 0.9955487
vn 0.48792827 0.082250915 -0.8689999
v 3.6050074E-07 15.840301 1.4246088
vn -1.7879638E-07 0.10196159 -0.99478835
v 3.6612278E-07 15.93637 1.5429187
vn -8.443969E-08 -0.27170593 -0.96238035
v 3.8051667E-07 15.762041 1.4866787
vn -2.0303425E-07 0.21518102 -0.9765742
v -0.7976096 16.37774 1.3019387
vn 0.22243658 -0.16287394 -0.96124613
v -0.9197796 15.94789 1.0441787
vn 0.6825016 -0.15808497 -0.71358293
vn 0.52534515 0.3128028 -0.7913071
vn 0.36186913 0.013691194 -0.9321284
vn -2.549689E-07 0.47323668 -0.8809354
vn -0.3618694 0.013691084 -0.93212825
vn -0.51361847 0.32651168 -0.7934647
v 0.9197802 15.94789 1.0441788
vn -0.6619721 -0.16645901 -0.73081076
vn -0.4532426 0.4057961 -0.79366285
v 1.0020002 15.458 0.55166894
vn -0.16498591 0.5204052 -0.8378294
vn -0.2388528 0.95356715 -0.18346412
v 1.0809101 15.42052 0.31416893
vn -0.06935996 0.4640337 0.88309795
v 1.1407303 15.59106 0.48709893
vn -0.87679917 -0.44346485 -0.1859091
v 1.2061102 15.29071 0.37472892
vn -0.7272001 0.6779121 -0.10777412
vn 0.4664152 0.3719674 -0.8025566
v -1.0019995 15.458 0.55166894
vn 0.16285102 0.5086486 -0.8454325
v -1.0809096 15.42052 0.31416893
vn 0.06447418 0.46167648 0.8847022
vn 0.20807438 0.9587597 -0.19361019
v -1.1407295 15.59106 0.48709887
vn 0.8686495 -0.4579132 -0.18911295
v -1.2061095 15.29071 0.37472892
vn 0.7271998 0.67791235 -0.10777415
v -1.5216395 15.425521 0.11083898
vn 0.9026839 0.36794543 -0.22310969
v 0.37825996 14.916521 -1.478681
vn -0.32412615 0.6368999 0.6995004
vn -0.1449186 0.98929304 -0.01726238
v 0.7216299 14.92598 -1.298891
vn -0.4421808 0.48164403 0.75663406
vn -0.044740584 0.8695065 0.4918911
v 0.78071994 15.44395 -1.0225308
vn -0.60007775 0.118234314 0.7911557
v 1.0202099 15.558701 -1.353951
vn -0.5761355 0.38864836 0.7190412
v 1.05168 15.440421 -0.66719097
vn -0.89738786 0.21169244 0.3871451
v 0.9743899 15.22985 -1.0221208
vn -0.69195527 0.007590325 0.72190046
v 1.00948 14.95479 -1.0886009
vn -0.32611907 0.9144298 0.23971756
v 0.84861 15.177711 -0.676501
vn -0.31862763 0.903359 0.28708693
v 1.14368 15.25876 -0.72770095
vn -0.69245034 -0.44648555 0.5667127
v 1.2162402 14.97683 -0.8170809
vn -0.5528256 0.80671227 0.20880406
vn -0.85017794 0.49099672 -0.19005191
v 1.08012 15.66021 -0.336671
vn -0.96751237 0.14292927 0.20854518
v 1.40409 15.602831 -0.77538097
vn -0.9351233 -0.054194126 0.35015333
v 1.4031701 15.23276 -0.366041
vn -0.9350521 0.3535509 0.026065866
vn -0.3963849 0.89937204 -0.18441547
v 1.4982902 15.442611 0.110838965
vn -0.9141809 0.35726267 -0.19140732
v 0.046240102 17.022161 0.7887487
vn 0.20844708 -0.8170772 -0.53752637
v 1.1595557E-07 16.93716 0.78651875
vn 0.103038356 -0.85929984 -0.500986
v -0.063419856 17.02963 0.95101875
vn -0.29650477 -0.690825 -0.65942836
v 1.1064001 14.94457 -0.23848096
vn -0.19002731 -0.9635287 -0.18841995
v 1.1469501 14.79086 -0.4088809
vn -0.577634 -0.2146365 0.7875723
v 0.95732015 14.83951 -0.06318096
vn -0.77514505 0.5082849 0.3752288
v 0.8732202 14.5416 -0.020420948
vn -0.93180305 0.24828973 -0.2647553
v 1.0766702 14.56534 -0.41800088
vn -0.4345824 0.39043316 0.81160337
v 0.9797402 14.39979 -0.3456809
vn -0.468185 0.7345844 0.49110952
v 0.9181902 14.295061 -0.20045091
vn -0.44561282 0.8934412 -0.056498874
v 0.88251024 14.54113 0.17782903
vn -0.97651565 0.19404984 -0.09360493
v 0.7936603 14.54568 0.625389
vn -0.85472023 0.08796298 -0.5115818
v 0.5997604 14.552521 0.7826189
vn -0.45103544 -0.04036589 -0.89159274
v 0.2869404 14.571851 0.8481289
vn -0.1907329 -0.13527973 -0.97227585
v 0.14039673 14.592661 0.8864918
vn -0.5525232 -0.15324149 -0.81928945
v 0.081894375 14.61104 0.9486489
vn -0.7539334 -0.25530237 -0.605314
v 4.5858155E-07 14.62836 1.020839
vn -5.2898925E-09 -0.5289532 -0.848651
v -0.0827 14.49881 1.04995
vn 0.6997682 -0.49108928 -0.5188023
v -0.08189347 14.61104 0.948649
vn 0.75393337 -0.25530222 -0.6053142
v 4.396063E-07 14.743781 0.99722886
vn -1.481399E-07 -0.029384067 -0.9995682
v 0.10029318 14.730361 0.92388886
vn -0.59631497 0.16722497 -0.7851396
v 0.16582097 14.705291 0.8753119
vn -0.38982028 0.21270627 -0.895989
v 0.27135035 14.84202 0.87334895
vn -0.28637874 0.3321085 -0.89871645
v 0.63211036 14.842999 0.79802895
vn -0.42661443 0.11443222 -0.8971652
v 0.8195903 14.84341 0.644899
vn -0.84198844 0.125055 -0.52480155
v 0.92080015 14.82561 0.180749
vn -0.8318289 0.31928933 -0.4539989
v 0.9358402 14.691001 0.019999035
vn -0.5856424 0.80233705 0.11523168
v 1.0289204 14.624001 0.10499902
vn -0.8796277 0.439905 0.18093829
v 1.0053103 14.764999 0.059999026
vn -0.80352646 0.5750615 -0.15378419
v 1.0715803 14.757001 0.013999034
vn -0.7621832 0.63916725 0.102674775
v 1.0275402 14.90344 0.07895902
vn -0.44295442 0.8371626 -0.3208584
v 0.9128902 14.91617 0.28784895
vn -0.6718375 0.6924268 -0.26301992
v 0.8235403 14.95024 0.6624189
vn -0.4659075 0.78334844 -0.4114552
v 0.6442603 14.942591 0.8067789
vn -0.26042044 0.75607985 -0.60043687
v 0.37301037 14.94723 0.9091089
vn -0.2299233 0.7753982 -0.5881266
v 0.15808038 14.86075 0.9597389
vn -0.4005098 0.36577252 -0.84012043
v 4.269591E-07 14.866091 1.0202688
vn -2.041237E-07 0.22051086 -0.97538453
v -0.10029232 14.730361 0.9238889
vn 0.5963148 0.16722517 -0.7851398
v -0.14039586 14.592661 0.8864918
vn 0.552523 -0.15324134 -0.81928957
v -0.28693956 14.571851 0.8481289
vn 0.19073266 -0.1352797 -0.972276
v -0.59975946 14.552521 0.78261894
vn 0.45103526 -0.040365756 -0.89159286
v -0.79365945 14.54568 0.625389
vn 0.8547202 0.08796322 -0.5115818
v -0.8825095 14.54113 0.17782903
vn 0.9765156 0.19405012 -0.093604945
v -0.8732196 14.5416 -0.020420935
vn 0.9329609 0.25365424 -0.25542805
v -0.9145096 14.298739 -0.2004509
vn 0.46096745 0.8868758 -0.03098941
v -0.96135956 14.39979 -0.3456809
vn 0.4648954 0.73643476 0.49146324
v -1.0766697 14.56534 -0.41800094
vn 0.39580643 0.36719587 0.8417271
v -1.1469496 14.79086 -0.4088809
vn 0.5776343 -0.21463633 0.7875722
v -1.1063997 14.94457 -0.23848094
vn 0.19002771 -0.96352863 -0.18841997
v -0.95731956 14.83951 -0.06318095
vn 0.7745987 0.50785595 0.3769339
v -0.9363096 14.691001 0.01999905
vn 0.5838292 0.8033714 0.11720848
v -0.92079955 14.82561 0.180749
vn 0.83095706 0.32002673 -0.45507497
v -0.81958944 14.84341 0.644899
vn 0.8419884 0.1250553 -0.5248017
v -0.6321095 14.842999 0.7980289
vn 0.42661422 0.114432365 -0.8971653
v -0.27134958 14.84202 0.87334895
vn 0.28637835 0.3321086 -0.8987165
v -0.1658201 14.705291 0.8753119
vn 0.38981992 0.21270646 -0.8959891
v -0.15807958 14.86075 0.95973885
vn 0.40050948 0.3657727 -0.8401205
v 4.168469E-07 14.94545 1.022939
vn -2.7253537E-07 0.6424354 -0.7663399
v 0.39263037 14.979331 1.0272089
vn -0.29542142 0.609755 -0.73547614
v 0.71669024 14.96306 0.84855884
vn -0.46002784 0.6161252 -0.63934666
v 0.88676023 14.94323 0.682089
vn -0.5939839 0.72459394 -0.34949508
v 0.99832016 14.914639 0.311799
vn -0.43791032 0.88268876 -0.17057315
v 1.0529703 14.877029 -0.065000966
vn -0.58044255 0.81210965 -0.059702042
v 0.98886013 14.88197 -0.06583097
vn -0.55499226 0.81001925 0.18934731
v 1.0014001 14.849541 -0.39639091
vn -0.6666603 0.7394151 0.093964934
v 1.0497301 14.87186 -0.41141093
vn -0.7412358 0.6517423 0.16062886
v 1.0779802 15.20817 -0.42604095
vn -0.92920035 -0.26489902 0.25771153
v 1.1021501 15.313581 -0.06390101
vn -0.9667096 -0.255876 0.0001991383
v 1.0369103 15.40124 0.31807894
vn -0.945199 -0.26474515 -0.19107287
v 0.9162202 15.46731 0.6708489
vn -0.80732703 -0.31489322 -0.49906442
v 0.7507002 15.50179 0.8451488
vn -0.57496166 -0.34816143 -0.74040717
v 0.40500027 15.523351 1.0475788
vn -0.30645582 -0.34073928 -0.8888091
v 4.2590773E-07 14.980231 1.1110289
vn -2.3606177E-07 0.38937828 -0.92107797
v -0.39262953 14.979331 1.0272089
vn 0.29542094 0.60975516 -0.7354761
v -0.3730096 14.94723 0.9091089
vn 0.22992274 0.77539825 -0.5881268
v 0.82306 15.061011 -0.9802209
vn -0.65904176 -0.2678884 0.70278
v 0.77344996 15.10276 -0.95830095
vn -0.31765234 -0.75558686 0.5728748
v 1.03336 15.254089 -0.4145609
vn -0.5879083 -0.73009366 0.34832025
v 6.674054E-08 14.9817 -1.2014709
vn 1.9080898E-07 -0.15686779 0.98761964
v 7.12289E-08 15.0297 -1.1315408
vn 2.813425E-07 -0.7405061 0.6720497
v -0.82305974 15.061011 -0.98022085
vn 0.65904194 -0.2678882 0.70277995
v -0.77344984 15.10276 -0.9583009
vn 0.3176529 -0.75558674 0.5728747
v -1.0779797 15.20817 -0.42604095
vn 0.9292005 -0.26489875 0.25771147
v -1.0333598 15.254089 -0.4145609
vn 0.5879086 -0.7300935 0.34832022
v -1.1021496 15.313581 -0.06390099
vn 0.9667097 -0.25587574 0.0001991263
v -1.0560896 15.35219 -0.065991
vn 0.6731857 -0.72328323 0.15389065
v -1.0369096 15.40124 0.318079
vn 0.9451991 -0.2647449 -0.19107288
v -0.99916965 15.44194 0.30032897
vn 0.70812744 -0.705516 -0.028333073
v -0.9162196 15.46731 0.67084885
vn 0.80732715 -0.31489298 -0.49906445
v -0.87471956 15.51813 0.63533896
vn 0.6061172 -0.76062435 -0.23253505
v -0.7506996 15.50179 0.84514886
vn 0.57496166 -0.34816128 -0.74040717
v -0.6860396 15.54526 0.80545884
vn 0.40613353 -0.81943476 -0.40445292
v -0.4049996 15.523351 1.0475789
vn 0.3064557 -0.34073922 -0.88880914
v -0.37699965 15.57135 0.9912188
vn 0.23221084 -0.8057663 -0.54481083
v 3.542259E-07 15.53065 1.1195889
vn -3.787655E-08 -0.42833242 -0.90362126
v 3.3984816E-07 15.57553 1.0653188
vn 9.001094E-08 -0.7815955 -0.62378556
v 0.37700024 15.57135 0.9912189
vn -0.23221067 -0.8057663 -0.54481083
v 0.6860402 15.54526 0.80545884
vn -0.4061333 -0.8194349 -0.4044529
v 0.87472016 15.51813 0.6353389
vn -0.60611695 -0.7606245 -0.23253503
v 0.9991701 15.44194 0.30032897
vn -0.70812726 -0.70551616 -0.028333068
v 1.0560901 15.35219 -0.065991014
vn -0.6731854 -0.7232835 0.15389067
v 0.7866601 14.804931 -0.95942086
vn -0.43566477 0.73606247 0.5180813
v 0.69987005 14.79628 -0.90555084
vn -0.44999674 0.7350312 0.50718063
v 0.7592101 14.638061 -0.6522009
vn -0.8619991 0.27632958 0.42497012
v 0.8928101 14.655901 -0.40671092
vn -0.9227286 0.30522847 0.23538806
v 0.98858017 14.17193 -0.45990086
vn -0.52147317 0.63217676 0.5730778
v 0.71558017 14.39651 -0.48414087
vn -0.12772185 0.9758337 0.1773012
v 0.9642301 13.98772 -0.70027083
vn -0.87828684 0.45971182 0.13144308
v 0.5875601 14.39516 -0.75558096
vn -0.12080286 0.99192226 -0.038691018
v 0.6139202 14.393961 -0.40369087
vn -0.4874524 0.8277009 0.27803117
v 0.5464202 14.09262 -0.4118709
vn -0.93286604 0.28595316 0.2190703
v 0.43056032 13.71823 -0.14613084
vn -0.9364553 0.13435249 -0.32403845
v 0.29973045 13.22038 -0.00066084805
vn -0.5057743 -0.47090304 -0.7228019
v 0.15631051 13.13889 0.13126916
vn -0.28383482 -0.57075596 -0.7705034
v 5.3324493E-07 13.09228 0.18923913
vn -8.823214E-08 -0.2582438 -0.9660798
v -0.15630947 13.13889 0.13126916
vn 0.2838349 -0.5707559 -0.7705034
v -0.2997295 13.22038 -0.0006608443
vn 0.5057743 -0.47090298 -0.72280204
v -0.43055955 13.71823 -0.14613086
vn 0.93645525 0.13435277 -0.3240385
v -0.44247952 13.43911 -0.21669084
vn 0.6325167 -0.48150542 -0.606692
v -0.4961196 13.81666 -0.43052083
vn 0.98402566 0.068513736 0.16431524
v -0.4966096 13.60087 -0.49753085
vn 0.8458919 -0.5180844 0.12671018
v -0.3264197 13.93177 -0.7357508
vn 0.5986292 -0.027089674 0.8005681
v -0.32226965 13.68463 -0.7784407
vn 0.58125067 -0.34442827 0.73723596
v 2.6352473E-07 13.950701 -0.81478083
vn 1.8374925E-07 -0.124334894 0.9922403
v 2.8727118E-07 13.702021 -0.8743008
vn 2.0661132E-07 -0.23276936 0.972532
v 0.3222703 13.68463 -0.7784408
vn -0.5812503 -0.3444285 0.73723614
v 0.32642025 13.93177 -0.73575085
vn -0.59862894 -0.027089857 0.8005682
v 0.49661025 13.60087 -0.49753082
vn -0.84589165 -0.5180848 0.12671022
v 0.4961203 13.81666 -0.43052083
vn -0.98402566 0.06851344 0.16431524
v 0.44248036 13.43911 -0.21669082
vn -0.6325166 -0.4815055 -0.606692
v 0.37034023 14.188029 -0.7390309
vn -0.5697388 0.06609452 0.81916374
v 0.40137014 14.4271 -0.7460909
vn -0.29583055 0.8875434 0.3532013
v 0.41060013 14.40219 -0.88536084
vn -0.0229297 0.9873807 0.1566958
v 0.12977016 14.418719 -0.94449085
vn -0.22766706 0.9427144 0.24383886
v 0.30101016 14.05366 -1.1581807
vn -0.29809 0.39943105 0.8669471
v 0.3254201 14.63656 -0.99984086
vn -0.2840522 0.103836566 0.95316964
v 0.6295001 14.63427 -0.8823709
vn -0.6561666 0.25958028 0.70856434
v 0.6742602 13.84854 -1.0128407
vn -0.67341167 0.72111607 -0.1628141
v 1.1741395E-07 14.741271 -1.0804809
vn 3.551883E-08 0.43585485 0.900017
v 1.0633016E-07 14.74544 -1.1483209
vn -1.503332E-07 0.9050498 0.42530566
v -0.71668965 14.96306 0.84855884
vn 0.46002746 0.6161255 -0.63934666
v -0.8867595 14.94323 0.6820889
vn 0.59398353 0.7245942 -0.34949517
v -0.99831957 14.914639 0.311799
vn 0.43790978 0.882689 -0.17057312
v -1.0529696 14.877029 -0.06500095
vn 0.58044225 0.8121099 -0.05970205
v -1.0497296 14.87186 -0.41141093
vn 0.74123555 0.65174246 0.16062884
v -0.7866597 14.804931 -0.95942086
vn 0.43566456 0.7360626 0.5180813
v -0.6998698 14.79628 -0.90555084
vn 0.44999772 0.7350196 0.50719637
v -0.3254198 14.63656 -0.9998408
vn 0.28489816 0.14001389 0.94827694
v 1.2989494E-07 14.644859 -1.0824609
vn 1.3814218E-07 0.069898605 0.9975541
v 1.5196042E-07 14.180209 -1.3373609
vn -2.1254979E-07 0.9882767 0.15267329
v 2.0645825E-07 14.408991 -0.79079086
vn -6.6196556E-08 0.7245011 0.6892736
v 2.3092116E-07 14.18911 -0.8210908
vn 1.5996572E-07 -0.019934215 0.9998013
v -0.3703397 14.188029 -0.73903084
vn 0.569739 0.066094674 0.8191636
v -0.5464196 14.09262 -0.41187084
vn 0.932866 0.28595346 0.2190703
v -0.6442596 14.942591 0.80677885
vn 0.26041988 0.75608 -0.600437
v -0.82353944 14.95024 0.66241896
vn 0.46590707 0.7833487 -0.41145524
v -0.9128896 14.91617 0.287849
vn 0.6718371 0.6924271 -0.26302
v -1.0275395 14.90344 0.07895902
vn 0.44309154 0.8361423 -0.3233203
v -0.6139196 14.393961 -0.40369087
vn 0.48745206 0.82770115 0.27803117
v -0.7155797 14.39651 -0.48414087
vn 0.09526905 0.96723527 0.23532905
v -0.9525696 14.06852 -0.45828086
vn 0.46504897 0.59562 0.6549552
v -0.8928096 14.655901 -0.40671086
vn 0.9176612 0.31803328 0.23822863
v -1.0013996 14.849541 -0.39639091
vn 0.6666691 0.73940784 0.093959995
v -0.75922966 14.638061 -0.6522008
vn 0.8480286 0.3079763 0.43127504
v -0.77884966 13.86776 -0.69296086
vn 0.88306934 0.3201954 0.3430212
v -0.58755976 14.39516 -0.7555809
vn 0.116328284 0.98902 -0.09114372
v -0.62949973 14.63427 -0.88237077
vn 0.6689397 0.27981532 0.68863857
v -0.98885965 14.88197 -0.06583096
vn 0.55497247 0.8097923 0.19037348
v -0.40136972 14.4271 -0.74609095
vn 0.29583022 0.88754344 0.3532012
v -0.41059977 14.40219 -0.8853609
vn 0.038138717 0.98615634 0.16137297
v -0.64410967 13.933591 -0.8862508
vn 0.79291993 0.56185555 -0.23578875
v -0.1297698 14.418719 -0.94449085
vn 0.27036786 0.9314005 0.24370973
v -0.30102974 14.092501 -1.0328808
vn 0.33637413 0.3921329 0.8562034
v -1.0732595 14.757001 0.013999045
vn 0.7618869 0.63915837 0.10490453
v -1.0055995 14.764999 0.059999034
vn 0.8009835 0.57935476 -0.15090886
v -1.0290993 14.624001 0.104999036
vn 0.8788544 0.44066653 0.18283342
v 0.18320009 14.40388 -1.406631
vn 0.013870038 0.39115062 -0.92022216
v -0.019579869 14.2708 -1.4174109
vn 0.6432872 0.7333281 -0.22002614
v 0.51998013 13.988541 -1.5302306
vn -0.31332377 0.7990224 -0.51321685
v -0.17154989 14.5808 -1.2807308
vn 0.8333731 0.34553158 -0.43138975
v 0.17262004 14.48318 -1.5694208
vn -0.058445487 -0.22175847 0.9733485
v 0.41833007 14.45814 -1.3326708
vn -0.8884807 0.05752903 -0.4552938
v 0.37996003 14.777921 -1.1765809
vn -0.7446971 -0.1856526 -0.6410612
v 0.056740046 14.7608 -1.470951
vn 0.20517166 -0.6941031 0.6900185
vn 0.34115222 -0.34582436 -0.8740828
v 0.06689009 14.686561 -1.2610309
vn -0.03657084 0.51325095 -0.85745907
v -0.24692002 15.27282 -1.6972907
vn -0.45013118 0.70805144 0.5441003
v -0.41734 15.108541 -1.7198007
vn 0.6014273 0.7131737 0.36009505
v -0.43424007 15.400161 -2.1477706
vn -0.2791006 0.22443159 0.93366665
v -0.30611995 14.90528 -1.414621
vn 0.49575934 0.85845566 0.13144061
v -0.26913002 15.43967 -1.6102508
vn 0.43098366 -0.7944904 -0.4278295
v 0.0068199285 15.39078 -1.7365009
vn -0.78468317 -0.20501862 0.58501256
v 0.20243996 15.193649 -1.4328309
vn -0.9827248 0.011969399 0.18468533
v -0.15650998 15.24705 -1.3102908
vn 0.29130152 -0.5451397 -0.7861082
vn -0.49751762 0.8381159 -0.22369173
v -0.10653996 15.09706 -1.3850608
vn -0.3797009 0.6664918 0.6415731
v 0.21373 14.05844 0.8733
vn -0.4606225 0.3856557 -0.79943526
v 0.2038 14.00764 0.8225
vn -0.45711896 0.35750797 -0.8143895
v 0.31166 14.082351 0.81205
vn -0.53718626 0.37318859 -0.7564134
v -0.4581695 13.8943 0.46869895
vn 0.5402286 0.84027857 -0.04566195
v -0.57762945 14.04724 0.639439
vn 0.69620514 0.6222175 -0.3579719
v -0.6310095 14.0342 0.35548902
vn 0.7300428 0.6807313 -0.06035145
v -0.4960295 14.092959 0.73723894
vn 0.38192293 0.42718634 -0.81954056
v -0.4176994 13.92924 0.7043489
vn 0.5255387 0.54023933 -0.6572295
v -0.30657947 13.82437 0.624039
vn 0.43931776 0.894692 -0.080785625
v -0.29169947 13.875529 0.7638189
vn 0.5486854 0.48092377 -0.68385434
v -0.16760947 13.766631 0.7095589
vn 0.3181105 0.93827325 -0.13582706
v -0.15939945 13.827271 0.84378886
vn 0.39744744 0.5036628 -0.76704586
v 5.323268E-07 13.750999 0.7461989
vn -1.4062228E-07 0.9691621 -0.24642399
v 5.465613E-07 13.81135 0.8894689
vn -9.501396E-08 0.3749675 -0.92703795
v -0.09750947 13.99518 0.8623389
vn 0.33252382 0.38324732 -0.8617131
v 5.238817E-07 13.98672 0.89321893
vn -1.13200436E-07 0.5445257 -0.83874416
v -0.101569474 14.0435 0.9141389
vn 0.3375618 0.44924498 -0.82718253
v 5.2575706E-07 14.032041 0.9440289
vn -9.527023E-08 0.3772381 -0.9261163
v -0.09916947 14.09082 0.92459893
vn 0.27916297 -0.3160224 -0.90675133
v 5.200218E-07 14.08285 0.95049894
vn 2.980621E-08 -0.5354328 -0.8445778
vn 0.10993031 -0.7566917 -0.64446336
vn 7.7706844E-08 -0.80431616 -0.59420156
vn -0.10993017 -0.7566917 -0.6444634
v 0.0991705 14.09082 0.924599
vn -0.279163 -0.31602237 -0.9067513
vn -0.24249391 -0.72296137 -0.64693403
v 0.21067 14.10427 0.87631
vn -0.39597926 -0.3632384 -0.8433614
vn -0.2661026 -0.73506236 -0.6235966
v 0.30714 14.11194 0.81594
vn -0.3900121 -0.38577417 -0.83610344
vn 0.24191004 -0.2939245 -0.9247097
v 0.37516 14.12883 0.78357
vn -0.24768257 0.24092662 -0.93840706
v 0.4960304 14.092959 0.73723894
vn -0.38192305 0.42718622 -0.81954056
v 0.5776304 14.04724 0.6394389
vn -0.6962052 0.6222173 -0.35797197
v 0.63101035 14.0342 0.355489
vn -0.730043 0.68073124 -0.060351588
v 0.45817038 13.8943 0.46869895
vn -0.5402287 0.8402785 -0.04566204
v 0.30658048 13.82437 0.62403893
vn -0.43931794 0.8946918 -0.08078569
v 0.16761051 13.766631 0.7095589
vn -0.3181108 0.9382732 -0.13582711
v 0.41770047 13.92924 0.7043489
vn -0.5255388 0.54023916 -0.6572295
v 0.4058 14.059441 0.7493
vn -0.28676075 0.30368537 -0.90859425
v 0.30215 14.03006 0.77818
vn -0.45070472 0.31551445 -0.83505446
v 0.29170048 13.875529 0.763819
vn -0.5486855 0.48092362 -0.68385434
v 0.15940052 13.827271 0.84378886
vn -0.39744756 0.5036627 -0.76704586
v 0.0975105 13.99518 0.8623389
vn -0.33252394 0.38324723 -0.86171305
v 0.1015705 14.0435 0.9141389
vn -0.3375619 0.4492449 -0.8271826
v -0.37074 14.19271 0.81736445
vn 0.47038862 0.16293544 -0.8672869
v -0.38459 14.155372 0.7989725
vn 0.13273543 0.5802362 -0.8035591
vn 0.21707542 0.7362126 -0.64099085
vn -0.2398695 0.9557985 -0.17003484
v 0.30743 14.15105 0.86748
vn -0.45820627 0.5849277 -0.66925836
v 0.20242 14.16482 0.92735
vn -0.3674697 0.50926954 -0.77820987
vn -0.12340729 0.9354761 -0.33114213
v 0.19508 14.22227 0.92276
vn -0.4172459 -0.06744215 -0.9062877
v -0.20242 14.16482 0.92735
vn 0.36746952 0.50926954 -0.77821
vn 0.12340722 0.9354761 -0.3311422
v -0.30587 14.21068 0.86569005
vn 0.507767 0.0029536744 -0.86148936
v -0.19508 14.22227 0.92276
vn 0.41724572 -0.06744215 -0.90628785
vn 0.24249378 -0.7229614 -0.64693403
v -0.21067 14.10427 0.87631
vn 0.39597905 -0.36323833 -0.84336144
v -0.21373 14.05844 0.8733
vn 0.46062228 0.38565567 -0.7994353
v -0.2038 14.00764 0.8225
vn 0.45711878 0.35750797 -0.81438965
v -0.30215 14.03006 0.77818006
vn 0.45070454 0.31551445 -0.8350546
v -0.37516 14.12883 0.78357
vn 0.24768236 0.24092662 -0.93840706
vn -0.24191023 -0.29392445 -0.9247096
v -0.30714 14.11194 0.8159401
vn 0.39001188 -0.3857741 -0.83610356
vn 0.2661025 -0.73506236 -0.6235966
v -0.31166 14.082351 0.81205004
vn 0.53718615 0.37318859 -0.7564135
vn -0.21707557 0.7362126 -0.64099085
vn 0.23986948 0.9557985 -0.1700349
v -0.30743 14.15105 0.86748004
vn 0.45820612 0.5849276 -0.6692584
v -0.4058 14.059441 0.7493
vn 0.28676054 0.30368534 -0.9085943
o Mesh_16
g polygon_0
usemtl Joint_0_Object_16_Material_16
f 3510//3047 3512//3049 3511//3048
f 3513//3050 3510//3047 3511//3048
f 3513//3050 3511//3048 3514//3051
f 102//3052 116//3054 3515//3053
f 3516//3055 102//3052 3515//3053
f 3516//3055 3515//3053 3517//3056
f 3518//3057 3516//3055 3517//3056
f 3519//3058 3518//3057 3517//3056
f 3519//3058 3517//3056 3520//3059
f 3521//3060 3519//3058 3520//3059
f 3522//3061 3521//3060 3520//3059
f 3523//3062 3522//3061 3520//3059
f 3524//3063 3523//3062 3520//3059
f 3524//3063 3520//3059 3525//3064
f 3526//3065 3524//3063 3525//3064
f 3526//3065 3525//3064 3527//3066
f 3528//3067 3526//3065 3527//3066
f 3528//3067 3527//3066 3529//3068
f 3530//3069 3528//3067 3529//3068
f 3530//3069 3529//3068 3531//3070
f 3532//3071 3530//3069 3531//3070
f 3532//3071 3531//3070 3533//3072
f 3534//3073 3532//3071 3533//3072
f 3535//3074 3534//3073 3533//3072
f 3535//3074 3533//3072 3536//3075
f 3537//3076 3535//3074 3536//3075
f 3537//3076 3536//3075 3538//3077
f 3539//3078 3537//3076 3538//3077
f 3540//3079 3539//3078 3538//3077
f 3540//3079 3538//3077 3541//3080
f 3542//3081 3540//3079 3541//3080
f 3542//3081 3541//3080 3543//3082
f 3542//3081 3543//3082 3544//3083
f 3545//3084 3542//3081 3544//3083
f 3545//3084 3544//3083 3546//3085
f 3547//3086 3545//3084 3546//3085
f 3548//3087 3547//3086 3546//3085
f 3548//3087 3546//3085 3549//3088
f 3550//3089 3548//3087 3549//3088
f 3550//3089 3549//3088 3551//3090
f 3552//3091 3550//3089 3551//3090
f 3553//3092 3552//3091 3551//3090
f 3553//3092 3551//3090 3554//3093
f 3555//3094 3553//3092 3554//3093
f 3555//3094 3554//3093 3556//3095
f 3557//3096 3555//3094 3556//3095
f 3557//3096 3556//3095 3510//3047
f 3558//3097 3557//3096 3510//3047
f 3558//3097 3510//3047 3513//3050
f 3559//3098 3558//3097 3513//3050
f 3559//3098 3513//3050 3560//3099
f 3561//3100 3559//3098 3560//3099
f 3561//3100 3560//3099 3562//3101
f 3563//3102 3561//3100 3562//3101
f 3564//3103 3563//3102 3562//3101
f 3564//3103 3562//3101 3565//3104
f 3522//3061 3564//3103 3565//3104
f 3521//3060 3522//3061 3565//3104
f 3521//3060 3565//3104 3566//3105
f 3519//3058 3521//3060 3566//3105
f 3519//3058 3566//3105 3567//3106
f 3518//3057 3519//3058 3567//3106
f 3568//3107 3518//3057 3567//3106
f 3568//3107 3567//3106 3566//3105
f 3569//3108 3568//3107 3566//3105
f 3569//3108 3566//3105 3565//3104
f 3569//3108 3565//3104 3562//3101
f 3569//3108 3562//3101 3560//3099
f 3568//3107 3569//3108 3560//3099
f 3568//3107 3560//3099 3570//3109
f 3518//3057 3568//3107 3570//3109
f 3516//3055 3518//3057 3570//3109
f 3516//3055 3570//3109 3571//3110
f 102//3052 3516//3055 3571//3110
f 102//3052 3571//3110 104//3111
f 3572//3112 173//3114 174//3113
f 3573//3115 3572//3112 174//3113
f 3574//3116 3573//3115 174//3113
f 3574//3116 174//3113 178//3117
f 3574//3116 178//3117 179//3118
f 3573//3115 3574//3116 179//3118
f 3573//3115 179//3118 3575//3119
f 3576//3120 3573//3115 3575//3119
f 3577//3121 3576//3120 3575//3119
f 3577//3121 3575//3119 179//3118
f 3578//3122 3577//3121 179//3118
f 3578//3122 179//3118 3579//3123
f 3578//3122 3579//3123 3580//3124
f 3577//3121 3578//3122 3580//3124
f 3577//3121 3580//3124 3581//3125
f 3582//3126 3577//3121 3581//3125
f 3583//3127 3582//3126 3581//3125
f 3583//3127 3581//3125 3580//3124
f 3584//3128 3583//3127 3580//3124
f 3584//3128 3580//3124 3585//3129
f 3584//3128 3585//3129 3586//3130
f 3583//3127 3584//3128 3586//3130
f 3583//3127 3586//3130 3587//3131
f 3583//3127 3587//3131 3588//3132
f 3583//3127 3588//3132 3589//3133
f 3582//3126 3583//3127 3589//3133
f 3590//3134 3582//3126 3589//3133
f 3590//3134 3589//3133 3588//3132
f 3591//3135 3590//3134 3588//3132
f 3591//3135 3588//3132 3592//3136
f 3591//3135 3592//3136 3593//3137
f 3590//3134 3591//3135 3593//3137
f 3590//3134 3593//3137 3594//3138
f 3595//3139 3590//3134 3594//3138
f 3596//3140 3595//3139 3594//3138
f 3596//3140 3594//3138 3593//3137
f 3597//3141 3596//3140 3593//3137
f 3597//3141 3593//3137 3598//3142
f 3597//3141 3598//3142 3599//3143
f 3597//3141 3599//3143 3600//3144
f 3596//3140 3597//3141 3600//3144
f 3596//3140 3600//3144 3601//3145
f 3602//3146 3596//3140 3601//3145
f 3603//3147 3602//3146 3601//3145
f 3603//3147 3601//3145 3600//3144
f 3604//3148 3603//3147 3600//3144
f 3604//3148 3600//3144 3605//3149
f 3604//3148 3605//3149 3606//3150
f 3603//3147 3604//3148 3606//3150
f 3603//3147 3606//3150 3607//3151
f 3603//3147 3607//3151 3608//3152
f 3602//3146 3603//3147 3608//3152
f 3602//3146 3608//3152 3607//3151
f 3573//3115 3602//3146 3607//3151
f 3572//3112 3573//3115 3607//3151
f 173//3114 3572//3112 3607//3151
f 3609//3153 173//3114 3607//3151
f 3609//3153 3607//3151 3606//3150
f 3609//3153 3606//3150 3610//3154
f 3611//3155 3609//3153 3610//3154
f 3611//3155 3610//3154 173//3114
f 3609//3153 3611//3155 173//3114
f 3590//3134 3595//3139 3612//3156
f 3582//3126 3590//3134 3612//3156
f 3577//3121 3582//3126 3612//3156
f 3577//3121 3612//3156 3595//3139
f 3613//3157 3577//3121 3595//3139
f 3613//3157 3595//3139 3596//3140
f 3613//3157 3596//3140 3602//3146
f 3577//3121 3613//3157 3602//3146
f 3577//3121 3602//3146 3614//3158
f 3576//3120 3577//3121 3614//3158
f 3573//3115 3576//3120 3614//3158
f 3573//3115 3614//3158 3602//3146
f 3615//3159 3616//3161 269//3160
f 3615//3159 269//3160 3610//3154
f 3616//3161 3615//3159 3610//3154
f 3616//3161 3610//3154 3606//3150
f 269//3160 3616//3161 3606//3150
f 269//3160 3606//3150 3605//3149
f 269//3160 3605//3149 3617//3162
f 270//3163 269//3160 3617//3162
f 3618//3164 270//3163 3617//3162
f 3618//3164 3617//3162 3605//3149
f 3619//3165 3618//3164 3605//3149
f 3619//3165 3605//3149 3600//3144
f 3619//3165 3600//3144 3599//3143
f 3618//3164 3619//3165 3599//3143
f 3618//3164 3599//3143 3620//3166
f 3621//3167 3618//3164 3620//3166
f 3622//3168 3621//3167 3620//3166
f 3622//3168 3620//3166 3599//3143
f 3623//3169 3622//3168 3599//3143
f 3623//3169 3599//3143 3598//3142
f 3623//3169 3598//3142 3624//3170
f 3622//3168 3623//3169 3624//3170
f 3625//3171 3622//3168 3624//3170
f 3625//3171 3624//3170 3598//3142
f 3625//3171 3598//3142 3626//3172
f 3622//3168 3625//3171 3626//3172
f 3622//3168 3626//3172 3627//3173
f 3628//3174 3622//3168 3627//3173
f 3629//3175 3628//3174 3627//3173
f 3629//3175 3627//3173 3626//3172
f 3630//3176 3629//3175 3626//3172
f 3630//3176 3626//3172 3631//3177
f 3630//3176 3631//3177 3632//3178
f 3629//3175 3630//3176 3632//3178
f 3629//3175 3632//3178 3633//3179
f 3634//3180 3629//3175 3633//3179
f 3635//3181 3634//3180 3633//3179
f 3635//3181 3633//3179 3632//3178
f 3636//3182 3635//3181 3632//3178
f 3636//3182 3632//3178 3637//3183
f 3636//3182 3637//3183 3638//3184
f 3635//3181 3636//3182 3638//3184
f 3639//3185 3635//3181 3638//3184
f 3639//3185 3638//3184 3637//3183
f 3639//3185 3637//3183 3640//3186
f 3635//3181 3639//3185 3640//3186
f 3635//3181 3640//3186 3641//3187
f 3642//3188 3635//3181 3641//3187
f 3643//3189 3642//3188 3641//3187
f 3643//3189 3641//3187 3640//3186
f 3644//3190 3643//3189 3640//3186
f 3586//3130 3644//3190 3640//3186
f 3587//3131 3586//3130 3640//3186
f 3587//3131 3640//3186 3637//3183
f 3588//3132 3587//3131 3637//3183
f 3645//3191 3588//3132 3637//3183
f 3645//3191 3637//3183 3632//3178
f 3645//3191 3632//3178 3646//3192
f 3588//3132 3645//3191 3646//3192
f 3647//3193 3588//3132 3646//3192
f 3647//3193 3646//3192 3632//3178
f 3647//3193 3632//3178 3648//3194
f 3588//3132 3647//3193 3648//3194
f 3588//3132 3648//3194 3649//3195
f 3592//3136 3588//3132 3649//3195
f 3593//3137 3592//3136 3649//3195
f 3593//3137 3649//3195 3648//3194
f 3650//3196 3593//3137 3648//3194
f 3650//3196 3648//3194 3626//3172
f 3650//3196 3626//3172 3651//3197
f 3593//3137 3650//3196 3651//3197
f 3652//3198 3593//3137 3651//3197
f 3652//3198 3651//3197 3626//3172
f 3652//3198 3626//3172 3653//3199
f 3593//3137 3652//3198 3653//3199
f 3593//3137 3653//3199 3654//3200
f 3598//3142 3593//3137 3654//3200
f 3626//3172 3598//3142 3654//3200
f 3626//3172 3654//3200 3653//3199
f 3655//3201 3657//3203 3656//3202
f 3658//3204 3655//3201 3656//3202
f 3634//3180 3658//3204 3656//3202
f 3634//3180 3656//3202 3657//3203
f 3629//3175 3634//3180 3657//3203
f 3629//3175 3657//3203 3655//3201
f 3629//3175 3655//3201 3659//3205
f 3628//3174 3629//3175 3659//3205
f 3622//3168 3628//3174 3659//3205
f 3622//3168 3659//3205 3655//3201
f 3622//3168 3655//3201 3660//3206
f 3621//3167 3622//3168 3660//3206
f 226//3207 3621//3167 3660//3206
f 226//3207 3660//3206 3655//3201
f 225//3208 226//3207 3655//3201
f 222//3209 225//3208 3655//3201
f 222//3209 3655//3201 3658//3204
f 222//3209 3658//3204 3634//3180
f 221//3210 222//3209 3634//3180
f 218//3211 221//3210 3634//3180
f 3661//3212 218//3211 3634//3180
f 3661//3212 3634//3180 3635//3181
f 3661//3212 3635//3181 3642//3188
f 218//3211 3661//3212 3642//3188
f 217//3213 218//3211 3642//3188
f 217//3213 3642//3188 3662//3214
f 214//3215 217//3213 3662//3214
f 214//3215 3662//3214 3663//3216
f 3642//3188 214//3215 3663//3216
f 3642//3188 3663//3216 3664//3217
f 3662//3214 3642//3188 3664//3217
f 3662//3214 3664//3217 3665//3218
f 3663//3216 3662//3214 3665//3218
f 3663//3216 3665//3218 3664//3217
f 3621//3167 226//3207 229//3219
f 3666//3220 3621//3167 229//3219
f 3667//3221 3666//3220 229//3219
f 3667//3221 229//3219 232//3222
f 3668//3223 3667//3221 232//3222
f 3668//3223 232//3222 3621//3167
f 3668//3223 3621//3167 3666//3220
f 3669//3224 3668//3223 3666//3220
f 3669//3224 3666//3220 3667//3221
f 3668//3223 3669//3224 3667//3221
f 270//3163 3618//3164 3670//3225
f 232//3222 270//3163 3670//3225
f 3621//3167 232//3222 3670//3225
f 3621//3167 3670//3225 3618//3164
f 178//3117 296//3227 3671//3226
f 179//3118 178//3117 3671//3226
f 3579//3123 179//3118 3671//3226
f 3579//3123 3671//3226 296//3227
f 3672//3228 3579//3123 296//3227
f 3672//3228 296//3227 294//3229
f 3672//3228 294//3229 3673//3230
f 3579//3123 3672//3228 3673//3230
f 3580//3124 3579//3123 3673//3230
f 3580//3124 3673//3230 3674//3231
f 3585//3129 3580//3124 3674//3231
f 3585//3129 3674//3231 3673//3230
f 3675//3232 3585//3129 3673//3230
f 3676//3233 3675//3232 3673//3230
f 3676//3233 3673//3230 294//3229
f 3677//3234 3676//3233 294//3229
f 3677//3234 294//3229 3678//3235
f 3676//3233 3677//3234 3678//3235
f 3675//3232 3676//3233 3678//3235
f 3679//3236 3675//3232 3678//3235
f 3680//3237 3679//3236 3678//3235
f 3680//3237 3678//3235 290//3238
f 3679//3236 3680//3237 290//3238
f 3675//3232 3679//3236 290//3238
f 3675//3232 290//3238 3681//3239
f 3675//3232 3681//3239 3682//3240
f 3585//3129 3675//3232 3682//3240
f 3586//3130 3585//3129 3682//3240
f 3586//3130 3682//3240 3681//3239
f 3644//3190 3586//3130 3681//3239
f 3643//3189 3644//3190 3681//3239
f 3683//3241 3643//3189 3681//3239
f 3683//3241 3681//3239 290//3238
f 3683//3241 290//3238 213//3242
f 3643//3189 3683//3241 213//3242
f 3643//3189 213//3242 3684//3243
f 3642//3188 3643//3189 3684//3243
f 214//3215 3642//3188 3684//3243
f 214//3215 3684//3243 213//3242
f 3685//3244 3626//3172 3648//3194
f 3685//3244 3648//3194 3632//3178
f 3685//3244 3632//3178 3686//3245
f 3626//3172 3685//3244 3686//3245
f 3626//3172 3686//3245 3687//3246
f 3631//3177 3626//3172 3687//3246
f 3632//3178 3631//3177 3687//3246
f 3632//3178 3687//3246 3686//3245
f 3552//3091 3689//3248 3688//3247
f 3690//3249 3552//3091 3688//3247
f 3691//3250 3690//3249 3688//3247
f 3691//3250 3688//3247 3689//3248
f 3692//3251 3691//3250 3689//3248
f 3692//3251 3689//3248 3552//3091
f 3692//3251 3552//3091 3693//3252
f 3691//3250 3692//3251 3693//3252
f 3694//3253 3691//3250 3693//3252
f 3694//3253 3693//3252 3552//3091
f 3694//3253 3552//3091 3553//3092
f 3691//3250 3694//3253 3553//3092
f 3691//3250 3553//3092 3555//3094
f 3695//3254 3691//3250 3555//3094
f 3695//3254 3555//3094 3557//3096
f 3696//3255 3695//3254 3557//3096
f 3696//3255 3557//3096 3558//3097
f 3697//3256 3696//3255 3558//3097
f 3697//3256 3558//3097 3559//3098
f 3698//3257 3697//3256 3559//3098
f 3698//3257 3559//3098 3561//3100
f 3699//3258 3698//3257 3561//3100
f 3700//3259 3699//3258 3561//3100
f 3700//3259 3561//3100 3563//3102
f 3701//3260 3700//3259 3563//3102
f 3701//3260 3563//3102 3564//3103
f 3702//3261 3701//3260 3564//3103
f 3702//3261 3564//3103 3522//3061
f 3702//3261 3522//3061 3523//3062
f 3702//3261 3523//3062 3703//3262
f 3701//3260 3702//3261 3703//3262
f 3701//3260 3703//3262 3704//3263
f 3700//3259 3701//3260 3704//3263
f 3700//3259 3704//3263 3705//3264
f 3699//3258 3700//3259 3705//3264
f 3699//3258 3705//3264 3706//3265
f 3698//3257 3699//3258 3706//3265
f 3698//3257 3706//3265 3707//3266
f 3698//3257 3707//3266 3708//3267
f 3697//3256 3698//3257 3708//3267
f 3697//3256 3708//3267 3709//3268
f 3696//3255 3697//3256 3709//3268
f 3696//3255 3709//3268 3710//3269
f 3695//3254 3696//3255 3710//3269
f 3691//3250 3695//3254 3710//3269
f 3691//3250 3710//3269 3711//3270
f 3690//3249 3691//3250 3711//3270
f 3712//3271 3690//3249 3711//3270
f 3712//3271 3711//3270 3710//3269
f 3712//3271 3710//3269 3713//3272
f 3690//3249 3712//3271 3713//3272
f 3714//3273 3690//3249 3713//3272
f 3714//3273 3713//3272 3710//3269
f 3715//3274 3714//3273 3710//3269
f 3716//3275 3715//3274 3710//3269
f 3716//3275 3710//3269 3709//3268
f 3717//3276 3716//3275 3709//3268
f 3717//3276 3709//3268 3708//3267
f 3718//3277 3717//3276 3708//3267
f 3718//3277 3708//3267 3707//3266
f 3719//3278 3718//3277 3707//3266
f 3720//3279 3719//3278 3707//3266
f 3720//3279 3707//3266 3706//3265
f 3720//3279 3706//3265 3705//3264
f 3721//3280 3720//3279 3705//3264
f 3721//3280 3705//3264 3704//3263
f 3722//3281 3721//3280 3704//3263
f 3722//3281 3704//3263 3703//3262
f 3723//3282 3722//3281 3703//3262
f 3723//3282 3703//3262 3523//3062
f 3724//3283 3723//3282 3523//3062
f 3724//3283 3523//3062 3524//3063
f 3725//3284 3724//3283 3524//3063
f 3725//3284 3524//3063 3526//3065
f 3726//3285 3725//3284 3526//3065
f 3726//3285 3526//3065 3528//3067
f 3727//3286 3726//3285 3528//3067
f 3727//3286 3528//3067 3530//3069
f 3728//3287 3727//3286 3530//3069
f 3728//3287 3530//3069 3532//3071
f 3729//3288 3728//3287 3532//3071
f 3729//3288 3532//3071 3534//3073
f 3729//3288 3534//3073 3730//3289
f 3728//3287 3729//3288 3730//3289
f 3731//3290 3728//3287 3730//3289
f 3731//3290 3730//3289 3534//3073
f 3731//3290 3534//3073 3732//3291
f 3728//3287 3731//3290 3732//3291
f 3733//3292 3728//3287 3732//3291
f 3733//3292 3732//3291 3534//3073
f 3733//3292 3534//3073 3734//3293
f 3728//3287 3733//3292 3734//3293
f 3728//3287 3734//3293 3735//3294
f 3728//3287 3735//3294 3736//3295
f 3727//3286 3728//3287 3736//3295
f 3726//3285 3727//3286 3736//3295
f 3726//3285 3736//3295 3737//3296
f 3725//3284 3726//3285 3737//3296
f 3725//3284 3737//3296 3738//3297
f 3724//3283 3725//3284 3738//3297
f 3724//3283 3738//3297 3739//3298
f 3724//3283 3739//3298 3740//3299
f 3723//3282 3724//3283 3740//3299
f 3722//3281 3723//3282 3740//3299
f 3722//3281 3740//3299 3741//3300
f 3721//3280 3722//3281 3741//3300
f 3721//3280 3741//3300 3742//3301
f 3720//3279 3721//3280 3742//3301
f 3719//3278 3720//3279 3742//3301
f 3719//3278 3742//3301 3743//3302
f 3719//3278 3743//3302 3744//3303
f 3718//3277 3719//3278 3744//3303
f 3718//3277 3744//3303 3745//3304
f 3717//3276 3718//3277 3745//3304
f 3717//3276 3745//3304 3746//3305
f 3716//3275 3717//3276 3746//3305
f 3715//3274 3716//3275 3746//3305
f 3715//3274 3746//3305 3747//3306
f 3715//3274 3747//3306 3748//3307
f 3714//3273 3715//3274 3748//3307
f 3690//3249 3714//3273 3748//3307
f 3749//3308 3690//3249 3748//3307
f 3750//3309 3749//3308 3748//3307
f 3750//3309 3748//3307 3747//3306
f 3751//3310 3750//3309 3747//3306
f 3752//3311 3751//3310 3747//3306
f 3752//3311 3747//3306 3746//3305
f 3753//3312 3752//3311 3746//3305
f 3753//3312 3746//3305 3745//3304
f 3754//3313 3753//3312 3745//3304
f 3754//3313 3745//3304 3744//3303
f 3755//3314 3754//3313 3744//3303
f 3755//3314 3744//3303 3743//3302
f 3756//3315 3755//3314 3743//3302
f 3757//3316 3756//3315 3743//3302
f 3757//3316 3743//3302 3742//3301
f 3758//3317 3757//3316 3742//3301
f 3759//3318 3758//3317 3742//3301
f 3759//3318 3742//3301 3741//3300
f 3739//3298 3759//3318 3741//3300
f 3739//3298 3741//3300 3740//3299
f 3760//3319 3762//3321 3761//3320
f 3763//3322 3760//3319 3761//3320
f 3763//3322 3761//3320 3764//3323
f 3765//3324 3763//3322 3764//3323
f 3765//3324 3764//3323 3766//3325
f 3767//3326 3765//3324 3766//3325
f 3767//3326 3766//3325 3768//3327
f 3769//3328 3767//3326 3768//3327
f 3769//3328 3768//3327 3770//3329
f 3771//3330 3769//3328 3770//3329
f 3771//3330 3770//3329 3772//3331
f 3773//3332 3771//3330 3772//3331
f 3773//3332 3772//3331 3774//3333
f 3775//3334 3773//3332 3774//3333
f 3775//3334 3774//3333 3776//3335
f 3777//3336 3775//3334 3776//3335
f 3777//3336 3776//3335 3778//3337
f 3779//3338 3777//3336 3778//3337
f 3779//3338 3778//3337 3780//3339
f 3756//3315 3779//3338 3780//3339
f 3756//3315 3780//3339 3781//3340
f 3755//3314 3756//3315 3781//3340
f 3755//3314 3781//3340 3782//3341
f 3754//3313 3755//3314 3782//3341
f 3754//3313 3782//3341 3783//3342
f 3753//3312 3754//3313 3783//3342
f 3753//3312 3783//3342 3784//3343
f 3752//3311 3753//3312 3784//3343
f 3752//3311 3784//3343 3785//3344
f 3751//3310 3752//3311 3785//3344
f 3751//3310 3785//3344 3762//3321
f 3751//3310 3762//3321 3760//3319
f 3750//3309 3751//3310 3760//3319
f 3750//3309 3760//3319 3786//3345
f 3749//3308 3750//3309 3786//3345
f 3749//3308 3786//3345 3787//3346
f 3749//3308 3787//3346 3788//3347
f 3749//3308 3788//3347 3789//3348
f 3690//3249 3749//3308 3789//3348
f 3552//3091 3690//3249 3789//3348
f 3552//3091 3789//3348 3790//3349
f 3791//3350 3552//3091 3790//3349
f 3791//3350 3790//3349 3789//3348
f 3791//3350 3789//3348 3788//3347
f 3792//3351 3791//3350 3788//3347
f 3792//3351 3788//3347 3793//3352
f 3791//3350 3792//3351 3793//3352
f 3791//3350 3793//3352 3794//3353
f 3552//3091 3791//3350 3794//3353
f 3550//3089 3552//3091 3794//3353
f 3550//3089 3794//3353 3795//3354
f 3548//3087 3550//3089 3795//3354
f 3548//3087 3795//3354 3796//3355
f 3547//3086 3548//3087 3796//3355
f 3547//3086 3796//3355 3797//3356
f 3547//3086 3797//3356 3798//3357
f 3545//3084 3547//3086 3798//3357
f 3545//3084 3798//3357 3799//3358
f 3542//3081 3545//3084 3799//3358
f 3540//3079 3542//3081 3799//3358
f 3540//3079 3799//3358 3800//3359
f 3539//3078 3540//3079 3800//3359
f 3539//3078 3800//3359 3801//3360
f 3802//3361 3539//3078 3801//3360
f 3802//3361 3801//3360 3803//3362
f 3804//3363 3802//3361 3803//3362
f 3804//3363 3803//3362 3805//3364
f 3806//3365 3804//3363 3805//3364
f 3806//3365 3805//3364 3807//3366
f 3808//3367 3806//3365 3807//3366
f 3808//3367 3807//3366 3809//3368
f 3808//3367 3809//3368 3810//3369
f 3811//3370 3808//3367 3810//3369
f 3811//3370 3810//3369 3812//3371
f 3813//3372 3811//3370 3812//3371
f 3813//3372 3812//3371 3814//3373
f 3796//3355 3813//3372 3814//3373
f 3796//3355 3814//3373 3797//3356
f 3813//3372 3796//3355 3795//3354
f 3815//3374 3813//3372 3795//3354
f 3816//3375 3815//3374 3795//3354
f 3816//3375 3795//3354 3794//3353
f 3816//3375 3794//3353 3793//3352
f 3816//3375 3793//3352 3817//3376
f 3818//3377 3816//3375 3817//3376
f 3818//3377 3817//3376 3819//3378
f 3820//3379 3818//3377 3819//3378
f 3820//3379 3819//3378 3817//3376
f 3821//3380 3820//3379 3817//3376
f 3822//3381 3821//3380 3817//3376
f 3822//3381 3817//3376 3793//3352
f 3821//3380 3822//3381 3793//3352
f 3821//3380 3793//3352 3788//3347
f 3821//3380 3788//3347 3787//3346
f 3820//3379 3821//3380 3787//3346
f 3823//3382 3820//3379 3787//3346
f 3824//3383 3823//3382 3787//3346
f 3824//3383 3787//3346 3786//3345
f 3763//3322 3824//3383 3786//3345
f 3763//3322 3786//3345 3760//3319
f 3779//3338 3756//3315 3757//3316
f 3777//3336 3779//3338 3757//3316
f 3777//3336 3757//3316 3758//3317
f 3775//3334 3777//3336 3758//3317
f 3775//3334 3758//3317 3825//3384
f 3773//3332 3775//3334 3825//3384
f 3773//3332 3825//3384 3826//3385
f 3771//3330 3773//3332 3826//3385
f 3771//3330 3826//3385 3827//3386
f 3769//3328 3771//3330 3827//3386
f 3769//3328 3827//3386 3828//3387
f 3767//3326 3769//3328 3828//3387
f 3767//3326 3828//3387 3829//3388
f 3765//3324 3767//3326 3829//3388
f 3765//3324 3829//3388 3830//3389
f 3763//3322 3765//3324 3830//3389
f 3824//3383 3763//3322 3830//3389
f 3824//3383 3830//3389 3831//3390
f 3823//3382 3824//3383 3831//3390
f 3823//3382 3831//3390 3832//3391
f 3823//3382 3832//3391 3833//3392
f 3820//3379 3823//3382 3833//3392
f 3818//3377 3820//3379 3833//3392
f 3818//3377 3833//3392 3834//3393
f 3818//3377 3834//3393 3835//3394
f 3816//3375 3818//3377 3835//3394
f 3815//3374 3816//3375 3835//3394
f 3815//3374 3835//3394 3836//3395
f 3815//3374 3836//3395 3811//3370
f 3813//3372 3815//3374 3811//3370
f 3808//3367 3811//3370 3836//3395
f 3806//3365 3808//3367 3836//3395
f 3806//3365 3836//3395 3837//3396
f 3804//3363 3806//3365 3837//3396
f 3804//3363 3837//3396 3838//3397
f 3802//3361 3804//3363 3838//3397
f 3802//3361 3838//3397 3537//3076
f 3539//3078 3802//3361 3537//3076
f 3825//3384 3758//3317 3759//3318
f 3839//3398 3825//3384 3759//3318
f 3839//3398 3759//3318 3739//3298
f 3839//3398 3739//3298 3738//3297
f 3840//3399 3839//3398 3738//3297
f 3840//3399 3738//3297 3737//3296
f 3841//3400 3840//3399 3737//3296
f 3841//3400 3737//3296 3736//3295
f 3841//3400 3736//3295 3842//3401
f 3841//3400 3842//3401 3827//3386
f 3840//3399 3841//3400 3827//3386
f 3840//3399 3827//3386 3826//3385
f 3839//3398 3840//3399 3826//3385
f 3839//3398 3826//3385 3825//3384
f 3535//3074 3537//3076 3838//3397
f 3535//3074 3838//3397 3843//3402
f 3534//3073 3535//3074 3843//3402
f 3534//3073 3843//3402 3844//3403
f 3845//3404 3534//3073 3844//3403
f 3845//3404 3844//3403 3846//3405
f 3534//3073 3845//3404 3846//3405
f 3734//3293 3534//3073 3846//3405
f 3847//3406 3734//3293 3846//3405
f 3848//3407 3847//3406 3846//3405
f 3848//3407 3846//3405 3844//3403
f 3849//3408 3848//3407 3844//3403
f 3849//3408 3844//3403 3850//3409
f 3848//3407 3849//3408 3850//3409
f 3848//3407 3850//3409 3851//3410
f 3848//3407 3851//3410 3831//3390
f 3847//3406 3848//3407 3831//3390
f 3847//3406 3831//3390 3830//3389
f 3847//3406 3830//3389 3829//3388
f 3852//3411 3847//3406 3829//3388
f 3852//3411 3829//3388 3828//3387
f 3842//3401 3852//3411 3828//3387
f 3842//3401 3828//3387 3827//3386
f 3850//3409 3844//3403 3843//3402
f 3853//3412 3850//3409 3843//3402
f 3853//3412 3843//3402 3838//3397
f 3853//3412 3838//3397 3837//3396
f 3835//3394 3853//3412 3837//3396
f 3835//3394 3837//3396 3836//3395
f 3832//3391 3831//3390 3851//3410
f 3854//3413 3832//3391 3851//3410
f 3855//3414 3854//3413 3851//3410
f 3855//3414 3851//3410 3850//3409
f 3854//3413 3855//3414 3850//3409
f 3854//3413 3850//3409 3853//3412
f 3856//3415 3854//3413 3853//3412
f 3856//3415 3853//3412 3835//3394
f 3856//3415 3835//3394 3834//3393
f 3856//3415 3834//3393 3833//3392
f 3856//3415 3833//3392 3832//3391
f 3857//3416 3856//3415 3832//3391
f 3857//3416 3832//3391 3854//3413
f 3856//3415 3857//3416 3854//3413
f 3734//3293 3847//3406 3852//3411
f 3858//3417 3734//3293 3852//3411
f 3858//3417 3852//3411 3842//3401
f 3858//3417 3842//3401 3736//3295
f 3858//3417 3736//3295 3859//3418
f 3734//3293 3858//3417 3859//3418
f 3734//3293 3859//3418 3860//3419
f 3735//3294 3734//3293 3860//3419
f 3736//3295 3735//3294 3860//3419
f 3736//3295 3860//3419 3859//3418
f 3861//3420 3863//3422 3862//3421
f 3864//3423 3861//3420 3862//3421
f 3865//3424 3864//3423 3862//3421
f 3865//3424 3862//3421 3863//3422
f 3866//3425 3865//3424 3863//3422
f 3866//3425 3863//3422 3861//3420
f 3866//3425 3861//3420 3867//3426
f 3865//3424 3866//3425 3867//3426
f 3865//3424 3867//3426 3868//3427
f 3864//3423 3865//3424 3868//3427
f 450//3428 3864//3423 3868//3427
f 450//3428 3868//3427 3867//3426
f 3869//3429 450//3428 3867//3426
f 3869//3429 3867//3426 3861//3420
f 3869//3429 3861//3420 3864//3423
f 450//3428 3869//3429 3864//3423
f 3870//3430 3872//3432 3871//3431
f 3873//3433 3870//3430 3871//3431
f 3874//3434 3873//3433 3871//3431
f 3874//3434 3871//3431 3872//3432
f 3875//3435 3874//3434 3872//3432
f 3875//3435 3872//3432 3870//3430
f 3875//3435 3870//3430 3876//3436
f 3874//3434 3875//3435 3876//3436
f 3874//3434 3876//3436 3877//3437
f 3873//3433 3874//3434 3877//3437
f 460//3438 3873//3433 3877//3437
f 460//3438 3877//3437 3876//3436
f 3878//3439 460//3438 3876//3436
f 3878//3439 3876//3436 3870//3430
f 3878//3439 3870//3430 3873//3433
f 460//3438 3878//3439 3873//3433
f 3879//3440 3881//3442 3880//3441
f 3882//3443 3884//3445 3883//3444
f 3529//3068 3527//3066 3885//3446
f 3883//3444 3529//3068 3885//3446
f 3883//3444 3885//3446 3886//3447
f 3882//3443 3883//3444 3886//3447
f 3887//3448 3882//3443 3886//3447
f 3887//3448 3886//3447 3888//3449
f 3889//3450 3887//3448 3888//3449
f 3889//3450 3888//3449 3890//3451
f 3891//3452 3889//3450 3890//3451
f 3892//3453 3891//3452 3890//3451
f 3892//3453 3890//3451 3893//3454
f 3894//3455 3892//3453 3893//3454
f 3894//3455 3893//3454 3895//3456
f 3896//3457 3894//3455 3895//3456
f 3896//3457 3895//3456 3897//3458
f 3898//3459 3896//3457 3897//3458
f 3898//3459 3897//3458 347//3460
f 3898//3459 347//3460 346//3461
f 3898//3459 346//3461 344//3462
f 3899//3463 3898//3459 344//3462
f 3899//3463 344//3462 342//3464
f 3900//3465 3899//3463 342//3464
f 3900//3465 342//3464 340//3466
f 3901//3467 3900//3465 340//3466
f 3901//3467 340//3466 338//3468
f 3902//3469 3901//3467 338//3468
f 3902//3469 338//3468 3512//3049
f 3903//3470 3902//3469 3512//3049
f 3903//3470 3512//3049 3510//3047
f 3903//3470 3510//3047 3556//3095
f 3904//3471 3903//3470 3556//3095
f 3904//3471 3556//3095 3554//3093
f 3905//3472 3904//3471 3554//3093
f 3905//3472 3554//3093 3551//3090
f 3905//3472 3551//3090 3549//3088
f 3906//3473 3905//3472 3549//3088
f 3906//3473 3549//3088 3546//3085
f 3907//3474 3906//3473 3546//3085
f 3907//3474 3546//3085 3544//3083
f 3908//3475 3907//3474 3544//3083
f 3908//3475 3544//3083 3543//3082
f 3891//3452 3908//3475 3543//3082
f 3889//3450 3891//3452 3543//3082
f 3889//3450 3543//3082 3541//3080
f 3887//3448 3889//3450 3541//3080
f 3887//3448 3541//3080 3538//3077
f 3882//3443 3887//3448 3538//3077
f 3882//3443 3538//3077 3536//3075
f 3884//3445 3882//3443 3536//3075
f 3884//3445 3536//3075 3533//3072
f 3884//3445 3533//3072 3531//3070
f 3883//3444 3884//3445 3531//3070
f 3883//3444 3531//3070 3529//3068
f 3904//3471 3905//3472 3906//3473
f 3904//3471 3906//3473 3909//3476
f 3903//3470 3904//3471 3909//3476
f 3903//3470 3909//3476 3910//3477
f 3902//3469 3903//3470 3910//3477
f 3911//3478 3902//3469 3910//3477
f 3911//3478 3910//3477 3909//3476
f 3912//3479 3911//3478 3909//3476
f 3907//3474 3912//3479 3909//3476
f 3907//3474 3909//3476 3906//3473
f 3912//3479 3907//3474 3908//3475
f 3913//3480 3912//3479 3908//3475
f 3913//3480 3908//3475 3891//3452
f 3913//3480 3891//3452 3892//3453
f 3914//3481 3913//3480 3892//3453
f 3914//3481 3892//3453 3894//3455
f 3915//3482 3914//3481 3894//3455
f 3915//3482 3894//3455 3896//3457
f 3899//3463 3915//3482 3896//3457
f 3899//3463 3896//3457 3898//3459
f 3915//3482 3899//3463 3900//3465
f 3879//3440 3915//3482 3900//3465
f 3879//3440 3900//3465 3901//3467
f 3881//3442 3879//3440 3901//3467
f 3881//3442 3901//3467 3902//3469
f 3881//3442 3902//3469 3911//3478
f 3880//3441 3881//3442 3911//3478
f 3880//3441 3911//3478 3912//3479
f 3880//3441 3912//3479 3913//3480
f 3880//3441 3913//3480 3914//3481
f 3879//3440 3880//3441 3914//3481
f 3879//3440 3914//3481 3915//3482
f 3527//3066 3525//3064 3916//3483
f 3917//3484 3527//3066 3916//3483
f 3512//3049 338//3468 375//3485
f 3512//3049 375//3485 376//3486
f 3512//3049 376//3486 3918//3487
f 3511//3048 3512//3049 3918//3487
f 3514//3051 3511//3048 3918//3487
f 3919//3488 3514//3051 3918//3487
f 379//3489 3919//3488 3918//3487
f 379//3489 3918//3487 376//3486
f 3514//3051 3919//3488 3920//3490
f 3513//3050 3514//3051 3920//3490
f 3560//3099 3513//3050 3920//3490
f 3570//3109 3560//3099 3920//3490
f 3571//3110 3570//3109 3920//3490
f 3571//3110 3920//3490 3919//3488
f 104//3111 3571//3110 3919//3488
f 104//3111 3919//3488 379//3489
f 3921//3491 3515//3053 116//3054
f 382//3492 3921//3491 116//3054
f 3922//3493 3916//3483 3525//3064
f 3923//3494 3922//3493 3525//3064
f 3923//3494 3525//3064 3520//3059
f 3923//3494 3520//3059 3517//3056
f 3923//3494 3517//3056 3515//3053
f 3923//3494 3515//3053 3921//3491
f 3922//3493 3923//3494 3921//3491
f 389//3495 347//3460 3897//3458
f 3924//3496 389//3495 3897//3458
f 3924//3496 3897//3458 3895//3456
f 3925//3497 3924//3496 3895//3456
f 3925//3497 3895//3456 3893//3454
f 3926//3498 3925//3497 3893//3454
f 3926//3498 3893//3454 3890//3451
f 3926//3498 3890//3451 3888//3449
f 3927//3499 3926//3498 3888//3449
f 3927//3499 3888//3449 3886//3447
f 3928//3500 3885//3446 3917//3484
f 3928//3500 3917//3484 391//3501
f 3929//3502 3928//3500 391//3501
f 3929//3502 391//3501 393//3503
f 3924//3496 3929//3502 393//3503
f 3924//3496 393//3503 389//3495
f 3929//3502 3924//3496 3925//3497
f 3930//3504 3929//3502 3925//3497
f 3930//3504 3925//3497 3926//3498
f 3930//3504 3926//3498 3927//3499
f 3930//3504 3927//3499 3928//3500
f 3929//3502 3930//3504 3928//3500
f 3917//3484 3885//3446 3527//3066
f 397//3505 391//3501 3917//3484
f 396//3506 397//3505 3917//3484
f 396//3506 3917//3484 3931//3507
f 382//3492 396//3506 3931//3507
f 3921//3491 382//3492 3931//3507
f 3922//3493 3921//3491 3931//3507
f 3916//3483 3922//3493 3931//3507
f 3916//3483 3931//3507 3917//3484
f 3885//3446 3928//3500 3932//3508
f 3886//3447 3885//3446 3932//3508
f 3927//3499 3886//3447 3932//3508
f 3927//3499 3932//3508 3928//3500
v 7.986961 12.680668 -0.40059578
v 8.106972 12.712667 -0.38469577
v 8.106972 12.712667 -0.28439578
v 7.167592 12.673669 0.20233417
v 7.4858637 12.686619 0.04412408
v 7.4858637 12.686619 0.1876741
v 7.167592 12.673669 0.024564117
v 7.219321 12.829078 0.0013340786
v 7.5146008 12.804077 -0.0030059367
v 7.4858637 12.910988 0.043044038
v 7.265602 12.936988 0.028344043
v 7.265602 12.936988 0.19811408
v 7.4858637 12.910988 0.18640406
v 7.219321 12.829078 0.2438041
v 7.5146008 12.804077 0.22991413
v 6.872461 12.688409 0.2749042
v 6.889171 12.941689 0.1954341
v 6.6667113 12.795858 0.26963407
v 6.4483604 12.96505 0.049753547
v 6.4516006 12.819797 0.21559471
v 6.6818514 12.697518 0.46818405
v 6.4516006 12.510594 0.21787772
v 6.6818514 12.480819 0.46818408
v 6.6667113 12.422738 0.26963413
v 6.532171 12.433779 0.09082419
v 6.738852 12.459199 0.17493415
v 6.8172317 12.420539 0.4309741
v 6.806021 12.47384 0.55927396
v 6.806021 12.659869 0.55927396
v 6.8182616 12.705798 0.42993405
v 6.8591614 12.6844 0.30550408
v 6.8591614 12.463058 0.3055041
v 6.9356103 12.46552 0.376674
v 6.9356103 12.663968 0.37667394
v 7.0428624 12.637999 0.47942394
v 7.0428624 12.46626 0.479424
v 7.0187216 12.423159 0.583714
v 6.9024825 12.473009 0.64582396
v 6.9024825 12.638861 0.64582396
v 7.0183425 12.6544695 0.598844
v 6.912621 12.975088 0.03909406
v 6.4516006 13.026046 -0.21973442
v 6.920631 13.013199 -0.2300458
v 6.907961 12.945688 -0.5853257
v 6.4516006 12.955759 -0.46224183
v 6.898431 12.762059 -0.65910566
v 6.4516006 12.7555485 -0.5301298
v 6.50033 12.588328 -0.5501457
v 6.904661 12.656569 -0.63087565
v 7.137601 12.652669 -0.6378257
v 7.137601 12.652669 -0.4806857
v 6.9232807 12.66609 -0.46391568
v 7.158601 12.700668 -0.4287157
v 7.187601 12.766288 -0.47197577
v 7.482447 12.691969 -0.42135575
v 7.5146008 12.804077 -0.46781576
v 7.482447 12.900988 -0.42160577
v 7.265602 12.936988 -0.42525578
v 7.482447 12.900988 -0.2721058
v 7.265602 12.936988 -0.2674258
v 7.219321 12.829078 -0.2300458
v 7.5146008 12.804077 -0.2210758
v 7.5432057 12.892708 -0.27459583
v 7.5432057 12.892708 -0.42125577
v 7.80527 12.880987 -0.41126582
v 7.80527 12.880987 -0.27883583
v 7.827591 12.806078 -0.23450582
v 7.8516765 12.876258 -0.2788858
v 7.8516765 12.876258 -0.40713578
v 7.827591 12.806078 -0.45299578
v 7.80527 12.681348 -0.4084558
v 7.5432057 12.687438 -0.41984576
v 7.5432057 12.689438 -0.27210578
v 7.482447 12.694017 -0.27069575
v 7.158601 12.700668 -0.26339576
v 6.939511 12.675428 -0.23004575
v 6.580441 12.571508 -0.22945571
v 6.565732 12.531479 -0.40005565
v 6.2680006 12.493691 -0.22097147
v 6.569071 12.494799 -0.12636569
v 6.930431 12.632699 0.05462411
v 7.167592 12.71256 -0.04137586
v 7.167592 12.71256 -0.19611576
v 7.80527 12.681348 -0.2746058
v 7.8516765 12.679668 -0.27289575
v 7.974591 12.680668 -0.2746558
v 7.8516765 12.679668 -0.40811577
v 8.141971 12.809078 -0.2476958
v 8.141971 12.809078 -0.4178058
v 8.107541 12.8699875 -0.28563583
v 8.107541 12.8699875 -0.3858758
v 8.175961 12.7386675 -0.0618559
v 8.070971 12.704668 -0.05601591
v 8.175961 12.7386675 -0.16749583
v 8.213971 12.828077 -0.032445952
v 8.213971 12.828077 -0.19491583
v 8.058601 12.704668 -0.17287582
v 7.9386916 12.706779 -0.051995896
v 7.9386916 12.706779 -0.17853582
v 7.915601 12.828077 -0.21874583
v 8.175961 12.898988 -0.16749586
v 8.175961 12.898988 -0.061855927
v 7.915601 12.828077 -0.010655962
v 7.892625 12.709667 -0.051995892
v 7.892625 12.709667 -0.1819058
v 7.590601 12.828077 -0.2321058
v 7.892625 12.915438 -0.17922583
v 7.9386916 12.914259 -0.17819583
v 7.9386916 12.914259 -0.053575933
v 7.892625 12.915438 -0.05213592
v 7.621777 12.924707 -0.04466591
v 7.621777 12.924707 -0.1896058
v 7.561374 12.932987 -0.18812582
v 7.561374 12.932987 -0.04466591
v 7.590601 12.828077 0.0040940493
v 7.621777 12.717668 -0.04680588
v 7.621777 12.717668 -0.18866578
v 7.5616946 12.722637 -0.18957579
v 7.5616946 12.722637 -0.04501587
v 7.265602 12.978988 -0.041455917
v 7.265602 12.978988 -0.19538581
v 6.2680006 12.626352 0.033143133
v 6.2680006 12.896935 0.033143073
v 6.2680006 13.025002 -0.22097155
v 6.2680006 12.896935 -0.4913965
v 6.2680006 12.626352 -0.49139643
v 6.1505103 12.549434 -0.22461918
v 6.1505103 12.651778 -0.035008892
v 6.1505103 12.870464 -0.035008922
v 6.1505103 12.969261 -0.22461925
v 6.1505103 12.870464 -0.43119484
v 6.1505103 12.651778 -0.43119484
v 6.0517607 12.748929 -0.21973434
v 7.167591 12.995989 -0.039905388
v 7.167591 12.995989 -0.19614528
v 7.1586 12.94808 -0.2682553
v 7.1586 12.96399 -0.42857534
v 7.1376 12.90599 -0.49377528
v 7.227591 12.885987 -0.48772573
v 7.1376 12.90599 -0.6303053
v 7.227591 12.885987 -0.6287657
v 7.187601 12.743077 -0.66827565
v 7.3921967 12.844988 -0.6195457
v 7.418602 12.738077 -0.6531457
v 7.3921967 12.641217 -0.6308157
v 7.443275 12.637669 -0.62534565
v 7.443275 12.637669 -0.4908057
v 7.3921967 12.641217 -0.48669568
v 7.418602 12.738077 -0.4398257
v 7.3921967 12.844988 -0.48799574
v 7.443275 12.836707 -0.49269575
v 7.622515 12.825128 -0.49642575
v 7.443275 12.836707 -0.6140857
v 7.622515 12.825128 -0.6073457
v 7.662535 12.820397 -0.4961857
v 7.642592 12.726078 -0.4534457
v 7.622515 12.631667 -0.49544567
v 7.622515 12.631667 -0.61859566
v 7.642592 12.726078 -0.6334057
v 7.662535 12.820397 -0.60186565
v 7.841971 12.807278 -0.5033257
v 7.874971 12.742078 -0.47344568
v 7.841971 12.806738 -0.5862357
v 7.874971 12.742078 -0.60635567
v 7.841971 12.656668 -0.5975057
v 7.74959 12.634667 -0.6052257
v 7.662535 12.631667 -0.6131257
v 7.662535 12.631667 -0.49684566
v 7.74959 12.634667 -0.4963357
v 7.841971 12.656668 -0.50332564
v 7.5442023 12.681929 0.1858741
v 7.768016 12.680788 0.054624047
v 7.768016 12.680788 0.17499405
v 7.5442023 12.681929 0.048654057
v 7.789601 12.803078 0.21290407
v 7.768016 12.887987 0.17674401
v 7.5442023 12.902709 0.18463406
v 7.768016 12.887987 0.05282401
v 7.5442023 12.902709 0.04337403
v 7.789601 12.803078 0.015414037
v 7.167591 12.968989 0.024564577
v 7.167591 12.968989 0.20233466
v -6.1505075 12.969262 -0.22461785
v -6.051758 12.748754 -0.21973298
v -6.1505075 12.870465 -0.43119347
v -7.2655983 12.93699 -0.42525414
v -7.4824433 12.90099 -0.2721041
v -7.2655983 12.93699 -0.26742414
v -7.4824433 12.90099 -0.4216041
v -7.1875973 12.76629 -0.47197413
v -7.514597 12.804079 -0.46781406
v -7.4824433 12.691971 -0.4213541
v -7.1585975 12.700669 -0.4287141
v -7.1375976 12.65267 -0.4806841
v -6.9232774 12.666091 -0.46391413
v -6.904658 12.6565695 -0.6308741
v -7.1375976 12.65267 -0.63782406
v -6.8984275 12.76206 -0.6591041
v -6.5003266 12.588329 -0.55014426
v -6.5657287 12.53148 -0.40005422
v -6.5804377 12.571509 -0.22945425
v -6.9395075 12.675429 -0.2300442
v -7.1585975 12.700669 -0.26339415
v -7.4824433 12.694019 -0.27069408
v -7.543202 12.68944 -0.27210408
v -7.514597 12.804079 -0.2210741
v -7.8052664 12.68135 -0.27460405
v -7.543202 12.68744 -0.41984406
v -7.8052664 12.68135 -0.40845406
v -7.8516726 12.67967 -0.27289405
v -7.827587 12.80608 -0.23450406
v -7.8052664 12.880989 -0.27883407
v -7.543202 12.89271 -0.27459413
v -7.543202 12.89271 -0.4212541
v -7.8052664 12.880989 -0.41126406
v -7.1675887 12.712561 -0.19611417
v -7.1675887 12.712561 -0.041374266
v -6.9304276 12.6327 0.054625645
v -7.1675887 12.67367 0.024565712
v -7.167588 12.67367 0.20233573
v -6.8724575 12.68841 0.27490574
v -6.7388487 12.4592 0.17493565
v -6.859157 12.6844 0.30550575
v -6.666707 12.795858 0.2696357
v -6.889168 12.9416895 0.19543569
v -6.4483576 12.965051 0.04975505
v -6.9126177 12.975089 0.039095655
v -6.4515977 13.026047 -0.21973294
v -6.9206276 13.0132 -0.23004423
v -6.9079576 12.945689 -0.58532417
v -6.4515977 12.95576 -0.46224037
v -6.4515977 12.755549 -0.53012836
v -6.2679977 12.626353 -0.49139506
v -6.2679977 12.493692 -0.22097008
v -6.5690675 12.4948 -0.12636425
v -7.042858 12.637998 0.4794257
v -6.935606 12.465519 0.3766757
v -7.042858 12.466259 0.4794257
v -6.935606 12.663967 0.37667567
v -6.859157 12.463058 0.3055058
v -6.8172274 12.420539 0.43097576
v -7.0187173 12.423158 0.58371574
v -6.902478 12.473007 0.6458257
v -6.806017 12.473838 0.5592757
v -6.681847 12.480819 0.4681857
v -6.666707 12.422738 0.26963574
v -6.4515977 12.510595 0.21787913
v -6.681847 12.697518 0.4681857
v -6.4515977 12.8197975 0.21559615
v -6.2679977 12.626353 0.03314452
v -6.1505075 12.549435 -0.22461782
v -6.1505075 12.651779 -0.43119347
v -6.2679977 12.896936 -0.49139512
v -6.2679977 13.0250025 -0.22097012
v -6.2679977 12.896936 0.03314446
v -6.8182573 12.705798 0.42993575
v -6.5321674 12.43378 0.0908256
v -7.018338 12.654469 0.5988457
v -6.902478 12.638859 0.6458257
v -6.806017 12.659867 0.5592757
v -6.1505075 12.870465 -0.035007536
v -6.1505075 12.651779 -0.035007536
v 7.120522 12.613889 0.5528641
v 7.120522 12.4689 0.55286413
v 7.188262 12.470709 0.64802414
v 7.188262 12.592949 0.6480241
v 7.177822 12.609649 0.7620441
v 7.177822 12.454489 0.7620441
v 7.084682 12.485298 0.7939341
v 7.084682 12.594039 0.7939341
v 6.973472 12.621979 0.7061541
v 6.973472 12.4764385 0.7061541
v 7.8136625 12.88326 0.056374002
v 7.8136625 12.88326 0.17313403
v 8.035971 12.875989 0.154904
v 8.035971 12.875989 0.065864
v 8.067971 12.803079 0.033944003
v 8.067971 12.803079 0.18594405
v 7.928591 12.675669 0.16921407
v 7.8136625 12.677669 0.17268407
v 7.8136625 12.677669 0.057124045
v 7.928591 12.675669 0.05685406
v 8.035971 12.711669 0.06837404
v 8.035971 12.711669 0.15396403
v -7.8516726 12.87626 -0.27888408
v -7.8516726 12.87626 -0.40713406
v -7.827587 12.80608 -0.45299405
v -7.8516726 12.67967 -0.40811408
v -7.974587 12.68067 -0.27465403
v -8.141967 12.80908 -0.24769402
v -8.107537 12.869989 -0.28563404
v -8.107537 12.869989 -0.385874
v -8.141967 12.80908 -0.417804
v -8.106968 12.712669 -0.384694
v -7.986957 12.68067 -0.40059403
v -8.106968 12.712669 -0.28439403
v -7.2193174 12.82908 -0.23004417
v -7.1586 12.94808 -0.26825374
v -7.1586 12.96399 -0.4285738
v -7.1376 12.90599 -0.4937738
v -7.2275877 12.885989 -0.48772418
v -7.1376 12.90599 -0.63030374
v -7.2275877 12.885989 -0.62876415
v -7.1875978 12.743079 -0.6682741
v -7.3921933 12.84499 -0.6195441
v -7.4185987 12.738079 -0.6531441
v -7.392193 12.641219 -0.63081414
v -7.4432716 12.6376705 -0.62534404
v -7.443271 12.6376705 -0.4908041
v -7.392193 12.641219 -0.4866941
v -7.418598 12.738079 -0.4398241
v -7.392193 12.84499 -0.48799416
v -7.4432716 12.836709 -0.49269414
v -7.622512 12.8251295 -0.49642408
v -7.4432716 12.836709 -0.6140841
v -7.622512 12.8251295 -0.60734403
v -7.662532 12.820399 -0.49618405
v -7.642588 12.72608 -0.45344406
v -7.6225114 12.631669 -0.49544406
v -7.622512 12.631669 -0.61859405
v -7.6425886 12.72608 -0.6334041
v -7.662532 12.820399 -0.60186404
v -7.841967 12.80728 -0.503324
v -7.874967 12.74208 -0.47344398
v -7.8419676 12.80674 -0.586234
v -7.874967 12.74208 -0.606354
v -7.8419676 12.65667 -0.597504
v -7.749586 12.634669 -0.605224
v -7.662532 12.631669 -0.613124
v -7.6625314 12.631669 -0.49684402
v -7.749586 12.634669 -0.49633405
v -7.841967 12.65667 -0.503324
v -7.167591 12.995989 -0.19614376
v -7.265599 12.97899 -0.19538417
v -7.167591 12.995989 -0.03990386
v -7.265599 12.97899 -0.041454278
v -7.561371 12.932989 -0.18812412
v -7.561371 12.932989 -0.04466421
v -7.6217737 12.924709 -0.1896041
v -7.6217737 12.924709 -0.044664197
v -7.5905976 12.828079 0.004095748
v -7.8926215 12.91544 -0.052134145
v -7.8926215 12.91544 -0.17922404
v -7.5905976 12.828079 -0.23210411
v -7.5616913 12.722639 -0.18957411
v -7.6217737 12.7176695 -0.18866408
v -7.5616913 12.722639 -0.045014188
v -7.6217737 12.7176695 -0.046804175
v -7.8926215 12.709669 -0.05199413
v -7.9155974 12.828079 -0.010654189
v -7.9386883 12.91426 -0.05357414
v -7.9386883 12.91426 -0.17819405
v -7.9155974 12.828079 -0.21874407
v -7.8926215 12.709669 -0.18190405
v -7.9386883 12.7067795 -0.17853403
v -8.0585985 12.70467 -0.17287403
v -7.9386883 12.7067795 -0.051994123
v -8.070968 12.70467 -0.056014106
v -8.175958 12.738669 -0.167494
v -8.213968 12.828079 -0.19491398
v -8.175958 12.89899 -0.16749401
v -8.175958 12.89899 -0.061854083
v -8.213968 12.828079 -0.032444112
v -8.175957 12.738669 -0.061854072
v -7.167591 12.968989 0.0245661
v -7.2193174 12.82908 0.0013357103
v -7.9285874 12.67567 0.05685581
v -8.067967 12.80308 0.03394582
v -7.7895975 12.80308 0.015415788
v -8.035967 12.71167 0.06837582
v -8.035967 12.71167 0.15396583
v -7.9285874 12.67567 0.16921584
v -7.813659 12.67767 0.1726858
v -7.813659 12.67767 0.057125803
v -7.7680125 12.68079 0.05462579
v -7.7680125 12.68079 0.1749958
v -7.7895975 12.80308 0.21290582
v -8.067967 12.80308 0.18594587
v -8.035967 12.87599 0.15490583
v -7.813659 12.883261 0.17313577
v -8.035967 12.87599 0.06586583
v -7.813659 12.883261 0.05637578
v -7.7680125 12.887989 0.17674577
v -7.5145974 12.804079 0.22991578
v -7.544199 12.68193 0.18587574
v -7.544199 12.68193 0.048655752
v -7.5145974 12.804079 -0.0030042455
v -7.7680125 12.887989 0.05282577
v -7.544199 12.90271 0.18463576
v -7.4858603 12.91099 0.18640573
v -7.544199 12.90271 0.043375745
v -7.4858603 12.91099 0.043045737
v -7.265599 12.93699 0.1981157
v -7.265599 12.93699 0.028345674
v -7.167591 12.968989 0.20233615
v -7.2193174 12.82908 0.24380574
v -7.4858603 12.686621 0.18767574
v -7.4858603 12.686621 0.044125736
v -7.1205173 12.613889 0.5528656
v -7.1205173 12.4689 0.5528657
v -7.188257 12.470709 0.6480257
v -7.188257 12.592949 0.64802563
v -7.1778173 12.609649 0.7620456
v -7.1778173 12.454489 0.7620456
v -7.084677 12.485298 0.79393566
v -7.084677 12.594039 0.79393566
v -6.9734674 12.621979 0.70615566
v -6.9734674 12.4764385 0.70615566
o Mesh_17
g polygon_0
usemtl Joint_0_Object_17_Material_17
f 3933//3046 3935//3046 3934//3046
f 3936//3046 3938//3046 3937//3046
f 3939//3046 3936//3046 3937//3046
f 3940//3046 3939//3046 3937//3046
f 3940//3046 3937//3046 3941//3046
f 3940//3046 3941//3046 3942//3046
f 3943//3046 3940//3046 3942//3046
f 3944//3046 3943//3046 3942//3046
f 3944//3046 3942//3046 3945//3046
f 3946//3046 3944//3046 3945//3046
f 3946//3046 3945//3046 3947//3046
f 3946//3046 3947//3046 3938//3046
f 3946//3046 3938//3046 3936//3046
f 3946//3046 3936//3046 3948//3046
f 3949//3046 3946//3046 3948//3046
f 3949//3046 3948//3046 3950//3046
f 3951//3046 3949//3046 3950//3046
f 3952//3046 3951//3046 3950//3046
f 3952//3046 3950//3046 3953//3046
f 3954//3046 3952//3046 3953//3046
f 3954//3046 3953//3046 3955//3046
f 3954//3046 3955//3046 3956//3046
f 3957//3046 3954//3046 3956//3046
f 3958//3046 3957//3046 3956//3046
f 3959//3046 3958//3046 3956//3046
f 3959//3046 3956//3046 3955//3046
f 3960//3046 3959//3046 3955//3046
f 3961//3046 3960//3046 3955//3046
f 3961//3046 3955//3046 3953//3046
f 3962//3046 3961//3046 3953//3046
f 3962//3046 3953//3046 3950//3046
f 3963//3046 3962//3046 3950//3046
f 3963//3046 3950//3046 3948//3046
f 3963//3046 3948//3046 3958//3046
f 3964//3046 3963//3046 3958//3046
f 3964//3046 3958//3046 3959//3046
f 3964//3046 3959//3046 3965//3046
f 3964//3046 3965//3046 3966//3046
f 3963//3046 3964//3046 3966//3046
f 3962//3046 3963//3046 3966//3046
f 3967//3046 3962//3046 3966//3046
f 3967//3046 3966//3046 3965//3046
f 3968//3046 3967//3046 3965//3046
f 3968//3046 3965//3046 3959//3046
f 3969//3046 3968//3046 3959//3046
f 3970//3046 3969//3046 3959//3046
f 3970//3046 3959//3046 3960//3046
f 3971//3046 3970//3046 3960//3046
f 3971//3046 3960//3046 3961//3046
f 3971//3046 3961//3046 3962//3046
f 3972//3046 3971//3046 3962//3046
f 3972//3046 3962//3046 3967//3046
f 3973//3046 3949//3046 3951//3046
f 3973//3046 3951//3046 3974//3046
f 3975//3046 3973//3046 3974//3046
f 3976//3046 3975//3046 3974//3046
f 3976//3046 3974//3046 3977//3046
f 3978//3046 3976//3046 3977//3046
f 3978//3046 3977//3046 3979//3046
f 3978//3046 3979//3046 3980//3046
f 3978//3046 3980//3046 3981//3046
f 3982//3046 3978//3046 3981//3046
f 3983//3046 3982//3046 3981//3046
f 3983//3046 3981//3046 3984//3046
f 3983//3046 3984//3046 3985//3046
f 3986//3046 3983//3046 3985//3046
f 3986//3046 3985//3046 3987//3046
f 3986//3046 3987//3046 3988//3046
f 3986//3046 3988//3046 3989//3046
f 3990//3046 3986//3046 3989//3046
f 3990//3046 3989//3046 3991//3046
f 3992//3046 3990//3046 3991//3046
f 3993//3046 3992//3046 3991//3046
f 3994//3046 3993//3046 3991//3046
f 3995//3046 3994//3046 3991//3046
f 3995//3046 3991//3046 3989//3046
f 3996//3046 3995//3046 3989//3046
f 3996//3046 3989//3046 3988//3046
f 3996//3046 3988//3046 3997//3046
f 3996//3046 3997//3046 3998//3046
f 3995//3046 3996//3046 3998//3046
f 3994//3046 3995//3046 3998//3046
f 3999//3046 3994//3046 3998//3046
f 4000//3046 3999//3046 3998//3046
f 4000//3046 3998//3046 3997//3046
f 4001//3046 4000//3046 3997//3046
f 4002//3046 4001//3046 3997//3046
f 4002//3046 3997//3046 3988//3046
f 4003//3046 4002//3046 3988//3046
f 4004//3046 4003//3046 3988//3046
f 4004//3046 3988//3046 3987//3046
f 4005//3046 4004//3046 3987//3046
f 4006//3046 4005//3046 3987//3046
f 4006//3046 3987//3046 3985//3046
f 4007//3046 4006//3046 3985//3046
f 4008//3046 4007//3046 3985//3046
f 4008//3046 3985//3046 3984//3046
f 4009//3046 4008//3046 3984//3046
f 4010//3046 4009//3046 3984//3046
f 4010//3046 3984//3046 3981//3046
f 4010//3046 3981//3046 3980//3046
f 4010//3046 3980//3046 4011//3046
f 4009//3046 4010//3046 4011//3046
f 4009//3046 4011//3046 4012//3046
f 4009//3046 4012//3046 4013//3046
f 4008//3046 4009//3046 4013//3046
f 4008//3046 4013//3046 4014//3046
f 4008//3046 4014//3046 4015//3046
f 4007//3046 4008//3046 4015//3046
f 4007//3046 4015//3046 3993//3046
f 4006//3046 4007//3046 3993//3046
f 4006//3046 3993//3046 3994//3046
f 4005//3046 4006//3046 3994//3046
f 4005//3046 3994//3046 4016//3046
f 4004//3046 4005//3046 4016//3046
f 4003//3046 4004//3046 4016//3046
f 4017//3046 4003//3046 4016//3046
f 3999//3046 4017//3046 4016//3046
f 3999//3046 4016//3046 3994//3046
f 3933//3046 4019//3046 4018//3046
f 3935//3046 3933//3046 4018//3046
f 3935//3046 4018//3046 4020//3046
f 3934//3046 3935//3046 4020//3046
f 3934//3046 4020//3046 4021//3046
f 3933//3046 3934//3046 4021//3046
f 3933//3046 4021//3046 4002//3046
f 4019//3046 3933//3046 4002//3046
f 4019//3046 4002//3046 4003//3046
f 4019//3046 4003//3046 4017//3046
f 4018//3046 4019//3046 4017//3046
f 4018//3046 4017//3046 3999//3046
f 4020//3046 4018//3046 3999//3046
f 4022//3046 4020//3046 3999//3046
f 4022//3046 3999//3046 4000//3046
f 4022//3046 4000//3046 4001//3046
f 4023//3046 4022//3046 4001//3046
f 4023//3046 4001//3046 4002//3046
f 4023//3046 4002//3046 4021//3046
f 4023//3046 4021//3046 4020//3046
f 4022//3046 4023//3046 4020//3046
f 4024//3046 4026//3046 4025//3046
f 4024//3046 4025//3046 4027//3046
f 4024//3046 4027//3046 4028//3046
f 4026//3046 4024//3046 4028//3046
f 4026//3046 4028//3046 4029//3046
f 4025//3046 4026//3046 4029//3046
f 4030//3046 4025//3046 4029//3046
f 4031//3046 4030//3046 4029//3046
f 4032//3046 4031//3046 4029//3046
f 4032//3046 4029//3046 4028//3046
f 4033//3046 4032//3046 4028//3046
f 4034//3046 4033//3046 4028//3046
f 4034//3046 4028//3046 4027//3046
f 4035//3046 4034//3046 4027//3046
f 4035//3046 4027//3046 4025//3046
f 4035//3046 4025//3046 4030//3046
f 4036//3046 4035//3046 4030//3046
f 4036//3046 4030//3046 4031//3046
f 4037//3046 4036//3046 4031//3046
f 4037//3046 4031//3046 4032//3046
f 4038//3046 4037//3046 4032//3046
f 4039//3046 4038//3046 4032//3046
f 4040//3046 4039//3046 4032//3046
f 4040//3046 4032//3046 4033//3046
f 4041//3046 4040//3046 4033//3046
f 4041//3046 4033//3046 4034//3046
f 4041//3046 4034//3046 4035//3046
f 4041//3046 4035//3046 4042//3046
f 4040//3046 4041//3046 4042//3046
f 4039//3046 4040//3046 4042//3046
f 4039//3046 4042//3046 4043//3046
f 4039//3046 4043//3046 4044//3046
f 4038//3046 4039//3046 4044//3046
f 4045//3046 4038//3046 4044//3046
f 4046//3046 4045//3046 4044//3046
f 4046//3046 4044//3046 4043//3046
f 4047//3046 4046//3046 4043//3046
f 4047//3046 4043//3046 4042//3046
f 4047//3046 4042//3046 4035//3046
f 4047//3046 4035//3046 4036//3046
f 4048//3046 4047//3046 4036//3046
f 4048//3046 4036//3046 4037//3046
f 4049//3046 4048//3046 4037//3046
f 4049//3046 4037//3046 4038//3046
f 4049//3046 4038//3046 4050//3046
f 4049//3046 4050//3046 4051//3046
f 4048//3046 4049//3046 4051//3046
f 4047//3046 4048//3046 4051//3046
f 4047//3046 4051//3046 3940//3046
f 4046//3046 4047//3046 3940//3046
f 4046//3046 3940//3046 4052//3046
f 4045//3046 4046//3046 4052//3046
f 4045//3046 4052//3046 4053//3046
f 4045//3046 4053//3046 3993//3046
f 4038//3046 4045//3046 3993//3046
f 4050//3046 4038//3046 3993//3046
f 4050//3046 3993//3046 4015//3046
f 4050//3046 4015//3046 4014//3046
f 4051//3046 4050//3046 4014//3046
f 3940//3046 4051//3046 4014//3046
f 3939//3046 3940//3046 4014//3046
f 3939//3046 4014//3046 4013//3046
f 3936//3046 3939//3046 4013//3046
f 3948//3046 3936//3046 4013//3046
f 3958//3046 3948//3046 4013//3046
f 3958//3046 4013//3046 4012//3046
f 3957//3046 3958//3046 4012//3046
f 3957//3046 4012//3046 4011//3046
f 3954//3046 3957//3046 4011//3046
f 3954//3046 4011//3046 4054//3046
f 3952//3046 3954//3046 4054//3046
f 3952//3046 4054//3046 4055//3046
f 3951//3046 3952//3046 4055//3046
f 3951//3046 4055//3046 4056//3046
f 3974//3046 3951//3046 4056//3046
f 3977//3046 3974//3046 4056//3046
f 3977//3046 4056//3046 4057//3046
f 3979//3046 3977//3046 4057//3046
f 3979//3046 4057//3046 4058//3046
f 3980//3046 3979//3046 4058//3046
f 4011//3046 3980//3046 4058//3046
f 4011//3046 4058//3046 4059//3046
f 4054//3046 4011//3046 4059//3046
f 4054//3046 4059//3046 4060//3046
f 4054//3046 4060//3046 4061//3046
f 4055//3046 4054//3046 4061//3046
f 4055//3046 4061//3046 4062//3046
f 4056//3046 4055//3046 4062//3046
f 4057//3046 4056//3046 4062//3046
f 4057//3046 4062//3046 4063//3046
f 4057//3046 4063//3046 4064//3046
f 4058//3046 4057//3046 4064//3046
f 4059//3046 4058//3046 4064//3046
f 4059//3046 4064//3046 4065//3046
f 4060//3046 4059//3046 4065//3046
f 4061//3046 4060//3046 4065//3046
f 4062//3046 4061//3046 4065//3046
f 4063//3046 4062//3046 4065//3046
f 4063//3046 4065//3046 4064//3046
f 4052//3046 3940//3046 4066//3046
f 4053//3046 4052//3046 4066//3046
f 4053//3046 4066//3046 4067//3046
f 3993//3046 4053//3046 4067//3046
f 3993//3046 4067//3046 4068//3046
f 3992//3046 3993//3046 4068//3046
f 3992//3046 4068//3046 4069//3046
f 3990//3046 3992//3046 4069//3046
f 3986//3046 3990//3046 4069//3046
f 3986//3046 4069//3046 4070//3046
f 4071//3046 3986//3046 4070//3046
f 4071//3046 4070//3046 4072//3046
f 4073//3046 4071//3046 4072//3046
f 4073//3046 4072//3046 4074//3046
f 4075//3046 4073//3046 4074//3046
f 4076//3046 4075//3046 4074//3046
f 4076//3046 4074//3046 4077//3046
f 4078//3046 4076//3046 4077//3046
f 4079//3046 4078//3046 4077//3046
f 4079//3046 4077//3046 4080//3046
f 4081//3046 4079//3046 4080//3046
f 4081//3046 4080//3046 3986//3046
f 4082//3046 4081//3046 3986//3046
f 4082//3046 3986//3046 4071//3046
f 4082//3046 4071//3046 4073//3046
f 4082//3046 4073//3046 4075//3046
f 4082//3046 4075//3046 4083//3046
f 4081//3046 4082//3046 4083//3046
f 4084//3046 4081//3046 4083//3046
f 4085//3046 4084//3046 4083//3046
f 4085//3046 4083//3046 4075//3046
f 4085//3046 4075//3046 4076//3046
f 4085//3046 4076//3046 4086//3046
f 4084//3046 4085//3046 4086//3046
f 4084//3046 4086//3046 4087//3046
f 4084//3046 4087//3046 4088//3046
f 4081//3046 4084//3046 4088//3046
f 4081//3046 4088//3046 4089//3046
f 4079//3046 4081//3046 4089//3046
f 4078//3046 4079//3046 4089//3046
f 4078//3046 4089//3046 4090//3046
f 4076//3046 4078//3046 4090//3046
f 4076//3046 4090//3046 4091//3046
f 4086//3046 4076//3046 4091//3046
f 4086//3046 4091//3046 4092//3046
f 4087//3046 4086//3046 4092//3046
f 4087//3046 4092//3046 4093//3046
f 4088//3046 4087//3046 4093//3046
f 4094//3046 4088//3046 4093//3046
f 4095//3046 4094//3046 4093//3046
f 4095//3046 4093//3046 4092//3046
f 4095//3046 4092//3046 4091//3046
f 4095//3046 4091//3046 4096//3046
f 4094//3046 4095//3046 4096//3046
f 4097//3046 4094//3046 4096//3046
f 4098//3046 4097//3046 4096//3046
f 4098//3046 4096//3046 4091//3046
f 4099//3046 4098//3046 4091//3046
f 4099//3046 4091//3046 4090//3046
f 4100//3046 4099//3046 4090//3046
f 4100//3046 4090//3046 4089//3046
f 4100//3046 4089//3046 4088//3046
f 4100//3046 4088//3046 4101//3046
f 4099//3046 4100//3046 4101//3046
f 4098//3046 4099//3046 4101//3046
f 4098//3046 4101//3046 4102//3046
f 4097//3046 4098//3046 4102//3046
f 4094//3046 4097//3046 4102//3046
f 4094//3046 4102//3046 4101//3046
f 4088//3046 4094//3046 4101//3046
f 4103//3046 4105//3046 4104//3046
f 4106//3046 4103//3046 4104//3046
f 4106//3046 4104//3046 3941//3046
f 4106//3046 3941//3046 3937//3046
f 4106//3046 3937//3046 3938//3046
f 4103//3046 4106//3046 3938//3046
f 4103//3046 3938//3046 3947//3046
f 4105//3046 4103//3046 3947//3046
f 4107//3046 4105//3046 3947//3046
f 4108//3046 4107//3046 3947//3046
f 4108//3046 3947//3046 4109//3046
f 4110//3046 4108//3046 4109//3046
f 4111//3046 4110//3046 4109//3046
f 3945//3046 4111//3046 4109//3046
f 3945//3046 4109//3046 3947//3046
f 4111//3046 3945//3046 3942//3046
f 4111//3046 3942//3046 3941//3046
f 4110//3046 4111//3046 3941//3046
f 4112//3046 4110//3046 3941//3046
f 4112//3046 3941//3046 4104//3046
f 3983//3046 3986//3046 4080//3046
f 3982//3046 3983//3046 4080//3046
f 3982//3046 4080//3046 4077//3046
f 3982//3046 4077//3046 4074//3046
f 3978//3046 3982//3046 4074//3046
f 3978//3046 4074//3046 4072//3046
f 3976//3046 3978//3046 4072//3046
f 3976//3046 4072//3046 4070//3046
f 3976//3046 4070//3046 4069//3046
f 3975//3046 3976//3046 4069//3046
f 3975//3046 4069//3046 4068//3046
f 3975//3046 4068//3046 4067//3046
f 3975//3046 4067//3046 4066//3046
f 3973//3046 3975//3046 4066//3046
f 4113//3046 3973//3046 4066//3046
f 4113//3046 4066//3046 3940//3046
f 4113//3046 3940//3046 3943//3046
f 4114//3046 4113//3046 3943//3046
f 4114//3046 3943//3046 3944//3046
f 4114//3046 3944//3046 3946//3046
f 4114//3046 3946//3046 3949//3046
f 4114//3046 3949//3046 3973//3046
f 4113//3046 4114//3046 3973//3046
f 4115//3046 4117//3046 4116//3046
f 4118//3046 4120//3046 4119//3046
f 4118//3046 4119//3046 4121//3046
f 4122//3046 4118//3046 4121//3046
f 4122//3046 4121//3046 4123//3046
f 4122//3046 4123//3046 4124//3046
f 4122//3046 4124//3046 4125//3046
f 4126//3046 4122//3046 4125//3046
f 4126//3046 4125//3046 4127//3046
f 4126//3046 4127//3046 4128//3046
f 4129//3046 4126//3046 4128//3046
f 4130//3046 4129//3046 4128//3046
f 4131//3046 4130//3046 4128//3046
f 4132//3046 4131//3046 4128//3046
f 4132//3046 4128//3046 4127//3046
f 4133//3046 4132//3046 4127//3046
f 4134//3046 4133//3046 4127//3046
f 4134//3046 4127//3046 4125//3046
f 4135//3046 4134//3046 4125//3046
f 4136//3046 4135//3046 4125//3046
f 4136//3046 4125//3046 4124//3046
f 4136//3046 4124//3046 4137//3046
f 4138//3046 4136//3046 4137//3046
f 4139//3046 4138//3046 4137//3046
f 4140//3046 4139//3046 4137//3046
f 4140//3046 4137//3046 4124//3046
f 4140//3046 4124//3046 4123//3046
f 4140//3046 4123//3046 4141//3046
f 4139//3046 4140//3046 4141//3046
f 4139//3046 4141//3046 4142//3046
f 4139//3046 4142//3046 4143//3046
f 4138//3046 4139//3046 4143//3046
f 4138//3046 4143//3046 4144//3046
f 4138//3046 4144//3046 4145//3046
f 4119//3046 4138//3046 4145//3046
f 4121//3046 4119//3046 4145//3046
f 4121//3046 4145//3046 4146//3046
f 4123//3046 4121//3046 4146//3046
f 4147//3046 4123//3046 4146//3046
f 4144//3046 4147//3046 4146//3046
f 4144//3046 4146//3046 4145//3046
f 4134//3046 4135//3046 4148//3046
f 4134//3046 4148//3046 4149//3046
f 4150//3046 4134//3046 4149//3046
f 4150//3046 4149//3046 4151//3046
f 4150//3046 4151//3046 4152//3046
f 4150//3046 4152//3046 4153//3046
f 4154//3046 4150//3046 4153//3046
f 4155//3046 4154//3046 4153//3046
f 4156//3046 4155//3046 4153//3046
f 4156//3046 4153//3046 4157//3046
f 4158//3046 4156//3046 4157//3046
f 4158//3046 4157//3046 4159//3046
f 4160//3046 4158//3046 4159//3046
f 4160//3046 4159//3046 4161//3046
f 4160//3046 4161//3046 4162//3046
f 4163//3046 4160//3046 4162//3046
f 4163//3046 4162//3046 4130//3046
f 4164//3046 4163//3046 4130//3046
f 4164//3046 4130//3046 4131//3046
f 4165//3046 4164//3046 4131//3046
f 4166//3046 4165//3046 4131//3046
f 4166//3046 4131//3046 4132//3046
f 4166//3046 4132//3046 4133//3046
f 4167//3046 4166//3046 4133//3046
f 4150//3046 4167//3046 4133//3046
f 4150//3046 4133//3046 4134//3046
f 4168//3046 4170//3046 4169//3046
f 4171//3046 4168//3046 4169//3046
f 4172//3046 4171//3046 4169//3046
f 4173//3046 4172//3046 4169//3046
f 4173//3046 4169//3046 4170//3046
f 4173//3046 4170//3046 4174//3046
f 4173//3046 4174//3046 4175//3046
f 4173//3046 4175//3046 4176//3046
f 4173//3046 4176//3046 4177//3046
f 4178//3046 4173//3046 4177//3046
f 4179//3046 4178//3046 4177//3046
f 4179//3046 4177//3046 4180//3046
f 4179//3046 4180//3046 4181//3046
f 4179//3046 4181//3046 4182//3046
f 4166//3046 4179//3046 4182//3046
f 4166//3046 4182//3046 4183//3046
f 4165//3046 4166//3046 4183//3046
f 4165//3046 4183//3046 4184//3046
f 4165//3046 4184//3046 4185//3046
f 4164//3046 4165//3046 4185//3046
f 4163//3046 4164//3046 4185//3046
f 4163//3046 4185//3046 4186//3046
f 4160//3046 4163//3046 4186//3046
f 4158//3046 4160//3046 4186//3046
f 4158//3046 4186//3046 4187//3046
f 4158//3046 4187//3046 4181//3046
f 4156//3046 4158//3046 4181//3046
f 4156//3046 4181//3046 4180//3046
f 4156//3046 4180//3046 4188//3046
f 4155//3046 4156//3046 4188//3046
f 4155//3046 4188//3046 4171//3046
f 4155//3046 4171//3046 4172//3046
f 4154//3046 4155//3046 4172//3046
f 4154//3046 4172//3046 4173//3046
f 4154//3046 4173//3046 4178//3046
f 4189//3046 4154//3046 4178//3046
f 4189//3046 4178//3046 4179//3046
f 4189//3046 4179//3046 4166//3046
f 4189//3046 4166//3046 4167//3046
f 4154//3046 4189//3046 4167//3046
f 4154//3046 4167//3046 4150//3046
f 4168//3046 4171//3046 4188//3046
f 4190//3046 4168//3046 4188//3046
f 4191//3046 4190//3046 4188//3046
f 4192//3046 4191//3046 4188//3046
f 4192//3046 4188//3046 4180//3046
f 4192//3046 4180//3046 4177//3046
f 4192//3046 4177//3046 4176//3046
f 4191//3046 4192//3046 4176//3046
f 4191//3046 4176//3046 4175//3046
f 4116//3046 4194//3046 4193//3046
f 4115//3046 4116//3046 4193//3046
f 4115//3046 4193//3046 4187//3046
f 4115//3046 4187//3046 4186//3046
f 4115//3046 4186//3046 4185//3046
f 4117//3046 4115//3046 4185//3046
f 4117//3046 4185//3046 4184//3046
f 4116//3046 4117//3046 4184//3046
f 4116//3046 4184//3046 4183//3046
f 4194//3046 4116//3046 4183//3046
f 4194//3046 4183//3046 4182//3046
f 4193//3046 4194//3046 4182//3046
f 4187//3046 4193//3046 4182//3046
f 4187//3046 4182//3046 4181//3046
f 4195//3046 3972//3046 3967//3046
f 4195//3046 3967//3046 3968//3046
f 4196//3046 4195//3046 3968//3046
f 4196//3046 3968//3046 3969//3046
f 4196//3046 3969//3046 4197//3046
f 4196//3046 4197//3046 4198//3046
f 4195//3046 4196//3046 4198//3046
f 3972//3046 4195//3046 4198//3046
f 4199//3046 3972//3046 4198//3046
f 4200//3046 4199//3046 4198//3046
f 4200//3046 4198//3046 4197//3046
f 4200//3046 4197//3046 3969//3046
f 4200//3046 3969//3046 4201//3046
f 4199//3046 4200//3046 4201//3046
f 4199//3046 4201//3046 4202//3046
f 3972//3046 4199//3046 4202//3046
f 3972//3046 4202//3046 4203//3046
f 3971//3046 3972//3046 4203//3046
f 3970//3046 3971//3046 4203//3046
f 3970//3046 4203//3046 4204//3046
f 3969//3046 3970//3046 4204//3046
f 4201//3046 3969//3046 4204//3046
f 4202//3046 4201//3046 4204//3046
f 4202//3046 4204//3046 4203//3046
f 4110//3046 4112//3046 4205//3046
f 4108//3046 4110//3046 4205//3046
f 4108//3046 4205//3046 4206//3046
f 4107//3046 4108//3046 4206//3046
f 4207//3046 4107//3046 4206//3046
f 4208//3046 4207//3046 4206//3046
f 4208//3046 4206//3046 4205//3046
f 4208//3046 4205//3046 4112//3046
f 4208//3046 4112//3046 4209//3046
f 4207//3046 4208//3046 4209//3046
f 4207//3046 4209//3046 4210//3046
f 4107//3046 4207//3046 4210//3046
f 4107//3046 4210//3046 4211//3046
f 4107//3046 4211//3046 4212//3046
f 4105//3046 4107//3046 4212//3046
f 4105//3046 4212//3046 4213//3046
f 4104//3046 4105//3046 4213//3046
f 4112//3046 4104//3046 4213//3046
f 4214//3046 4112//3046 4213//3046
f 4214//3046 4213//3046 4212//3046
f 4214//3046 4212//3046 4211//3046
f 4214//3046 4211//3046 4215//3046
f 4214//3046 4215//3046 4209//3046
f 4112//3046 4214//3046 4209//3046
f 4211//3046 4210//3046 4216//3046
f 4215//3046 4211//3046 4216//3046
f 4209//3046 4215//3046 4216//3046
f 4209//3046 4216//3046 4210//3046
f 4144//3046 4143//3046 4217//3046
f 4147//3046 4144//3046 4217//3046
f 4147//3046 4217//3046 4218//3046
f 4147//3046 4218//3046 4219//3046
f 4123//3046 4147//3046 4219//3046
f 4141//3046 4123//3046 4219//3046
f 4141//3046 4219//3046 4220//3046
f 4142//3046 4141//3046 4220//3046
f 4142//3046 4220//3046 4221//3046
f 4143//3046 4142//3046 4221//3046
f 4143//3046 4221//3046 4222//3046
f 4143//3046 4222//3046 4223//3046
f 4217//3046 4143//3046 4223//3046
f 4218//3046 4217//3046 4223//3046
f 4218//3046 4223//3046 4224//3046
f 4219//3046 4218//3046 4224//3046
f 4225//3046 4219//3046 4224//3046
f 4222//3046 4225//3046 4224//3046
f 4222//3046 4224//3046 4223//3046
f 4225//3046 4222//3046 4226//3046
f 4225//3046 4226//3046 4227//3046
f 4219//3046 4225//3046 4227//3046
f 4220//3046 4219//3046 4227//3046
f 4221//3046 4220//3046 4227//3046
f 4221//3046 4227//3046 4228//3046
f 4222//3046 4221//3046 4228//3046
f 4226//3046 4222//3046 4228//3046
f 4226//3046 4228//3046 4227//3046
f 4229//3046 4136//3046 4138//3046
f 4229//3046 4138//3046 4119//3046
f 4229//3046 4119//3046 4120//3046
f 4230//3046 4229//3046 4120//3046
f 4231//3046 4230//3046 4120//3046
f 4231//3046 4120//3046 4118//3046
f 4231//3046 4118//3046 4122//3046
f 4232//3046 4231//3046 4122//3046
f 4232//3046 4122//3046 4233//3046
f 4234//3046 4232//3046 4233//3046
f 4234//3046 4233//3046 4235//3046
f 4236//3046 4234//3046 4235//3046
f 4236//3046 4235//3046 4237//3046
f 4236//3046 4237//3046 4238//3046
f 4239//3046 4236//3046 4238//3046
f 4239//3046 4238//3046 4240//3046
f 4239//3046 4240//3046 4241//3046
f 4242//3046 4239//3046 4241//3046
f 4242//3046 4241//3046 4243//3046
f 4122//3046 4242//3046 4243//3046
f 4122//3046 4243//3046 4244//3046
f 4233//3046 4122//3046 4244//3046
f 4235//3046 4233//3046 4244//3046
f 4237//3046 4235//3046 4244//3046
f 4245//3046 4237//3046 4244//3046
f 4245//3046 4244//3046 4243//3046
f 4245//3046 4243//3046 4246//3046
f 4245//3046 4246//3046 4247//3046
f 4237//3046 4245//3046 4247//3046
f 4238//3046 4237//3046 4247//3046
f 4248//3046 4238//3046 4247//3046
f 4248//3046 4247//3046 4246//3046
f 4249//3046 4248//3046 4246//3046
f 4250//3046 4249//3046 4246//3046
f 4250//3046 4246//3046 4243//3046
f 4251//3046 4250//3046 4243//3046
f 4251//3046 4243//3046 4241//3046
f 4251//3046 4241//3046 4240//3046
f 4252//3046 4251//3046 4240//3046
f 4252//3046 4240//3046 4238//3046
f 4253//3046 4252//3046 4238//3046
f 4253//3046 4238//3046 4248//3046
f 4254//3046 4253//3046 4248//3046
f 4254//3046 4248//3046 4249//3046
f 4255//3046 4254//3046 4249//3046
f 4255//3046 4249//3046 4250//3046
f 4255//3046 4250//3046 4256//3046
f 4255//3046 4256//3046 4257//3046
f 4254//3046 4255//3046 4257//3046
f 4253//3046 4254//3046 4257//3046
f 4258//3046 4253//3046 4257//3046
f 4258//3046 4257//3046 4256//3046
f 4258//3046 4256//3046 4259//3046
f 4258//3046 4259//3046 4260//3046
f 4253//3046 4258//3046 4260//3046
f 4253//3046 4260//3046 4261//3046
f 4252//3046 4253//3046 4261//3046
f 4252//3046 4261//3046 4262//3046
f 4251//3046 4252//3046 4262//3046
f 4250//3046 4251//3046 4262//3046
f 4263//3046 4250//3046 4262//3046
f 4263//3046 4262//3046 4261//3046
f 4263//3046 4261//3046 4260//3046
f 4264//3046 4263//3046 4260//3046
f 4264//3046 4260//3046 4259//3046
f 4264//3046 4259//3046 4256//3046
f 4263//3046 4264//3046 4256//3046
f 4263//3046 4256//3046 4250//3046
f 4229//3046 4230//3046 4265//3046
f 4266//3046 4229//3046 4265//3046
f 4266//3046 4265//3046 4267//3046
f 4266//3046 4267//3046 4268//3046
f 4269//3046 4266//3046 4268//3046
f 4269//3046 4268//3046 4270//3046
f 4271//3046 4269//3046 4270//3046
f 4272//3046 4271//3046 4270//3046
f 4272//3046 4270//3046 4273//3046
f 4272//3046 4273//3046 4274//3046
f 4272//3046 4274//3046 4275//3046
f 4271//3046 4272//3046 4275//3046
f 4271//3046 4275//3046 4276//3046
f 4269//3046 4271//3046 4276//3046
f 4269//3046 4276//3046 4229//3046
f 4266//3046 4269//3046 4229//3046
f 4277//3046 4229//3046 4276//3046
f 4277//3046 4276//3046 4278//3046
f 4279//3046 4277//3046 4278//3046
f 4279//3046 4278//3046 4280//3046
f 4273//3046 4279//3046 4280//3046
f 4273//3046 4280//3046 4281//3046
f 4273//3046 4281//3046 4282//3046
f 4274//3046 4273//3046 4282//3046
f 4274//3046 4282//3046 4283//3046
f 4274//3046 4283//3046 4284//3046
f 4275//3046 4274//3046 4284//3046
f 4275//3046 4284//3046 4285//3046
f 4276//3046 4275//3046 4285//3046
f 4276//3046 4285//3046 4286//3046
f 4278//3046 4276//3046 4286//3046
f 4280//3046 4278//3046 4286//3046
f 4281//3046 4280//3046 4286//3046
f 4287//3046 4281//3046 4286//3046
f 4287//3046 4286//3046 4285//3046
f 4287//3046 4285//3046 4288//3046
f 4287//3046 4288//3046 4289//3046
f 4281//3046 4287//3046 4289//3046
f 4282//3046 4281//3046 4289//3046
f 4290//3046 4282//3046 4289//3046
f 4290//3046 4289//3046 4288//3046
f 4291//3046 4290//3046 4288//3046
f 4292//3046 4291//3046 4288//3046
f 4292//3046 4288//3046 4285//3046
f 4293//3046 4292//3046 4285//3046
f 4293//3046 4285//3046 4284//3046
f 4293//3046 4284//3046 4283//3046
f 4294//3046 4293//3046 4283//3046
f 4294//3046 4283//3046 4282//3046
f 4295//3046 4294//3046 4282//3046
f 4295//3046 4282//3046 4290//3046
f 4296//3046 4295//3046 4290//3046
f 4296//3046 4290//3046 4291//3046
f 4296//3046 4291//3046 4292//3046
f 4295//3046 4296//3046 4292//3046
f 4294//3046 4295//3046 4292//3046
f 4294//3046 4292//3046 4293//3046
f 4242//3046 4126//3046 4129//3046
f 4239//3046 4242//3046 4129//3046
f 4236//3046 4239//3046 4129//3046
f 4236//3046 4129//3046 4130//3046
f 4234//3046 4236//3046 4130//3046
f 4234//3046 4130//3046 4162//3046
f 4232//3046 4234//3046 4162//3046
f 4231//3046 4232//3046 4162//3046
f 4231//3046 4162//3046 4161//3046
f 4230//3046 4231//3046 4161//3046
f 4265//3046 4230//3046 4161//3046
f 4267//3046 4265//3046 4161//3046
f 4267//3046 4161//3046 4159//3046
f 4267//3046 4159//3046 4297//3046
f 4267//3046 4297//3046 4298//3046
f 4268//3046 4267//3046 4298//3046
f 4270//3046 4268//3046 4298//3046
f 4273//3046 4270//3046 4298//3046
f 4279//3046 4273//3046 4298//3046
f 4279//3046 4298//3046 4149//3046
f 4277//3046 4279//3046 4149//3046
f 4277//3046 4149//3046 4148//3046
f 4229//3046 4277//3046 4148//3046
f 4229//3046 4148//3046 4135//3046
f 4299//3046 4301//3046 4300//3046
f 4302//3046 4299//3046 4300//3046
f 4302//3046 4300//3046 4303//3046
f 4302//3046 4303//3046 4304//3046
f 4299//3046 4302//3046 4304//3046
f 4299//3046 4304//3046 4305//3046
f 4299//3046 4305//3046 4306//3046
f 4301//3046 4299//3046 4306//3046
f 4307//3046 4301//3046 4306//3046
f 4308//3046 4307//3046 4306//3046
f 4308//3046 4306//3046 4305//3046
f 4309//3046 4308//3046 4305//3046
f 4309//3046 4305//3046 4304//3046
f 4310//3046 4309//3046 4304//3046
f 4310//3046 4304//3046 4303//3046
f 4310//3046 4303//3046 4300//3046
f 4310//3046 4300//3046 4311//3046
f 4309//3046 4310//3046 4311//3046
f 4312//3046 4309//3046 4311//3046
f 4313//3046 4312//3046 4311//3046
f 4313//3046 4311//3046 4300//3046
f 4313//3046 4300//3046 4301//3046
f 4313//3046 4301//3046 4314//3046
f 4312//3046 4313//3046 4314//3046
f 4312//3046 4314//3046 4315//3046
f 4309//3046 4312//3046 4315//3046
f 4309//3046 4315//3046 4316//3046
f 4308//3046 4309//3046 4316//3046
f 4308//3046 4316//3046 4317//3046
f 4307//3046 4308//3046 4317//3046
f 4307//3046 4317//3046 4318//3046
f 4307//3046 4318//3046 4319//3046
f 4301//3046 4307//3046 4319//3046
f 4301//3046 4319//3046 4320//3046
f 4314//3046 4301//3046 4320//3046
f 4315//3046 4314//3046 4320//3046
f 4315//3046 4320//3046 4321//3046
f 4316//3046 4315//3046 4321//3046
f 4322//3046 4316//3046 4321//3046
f 4323//3046 4322//3046 4321//3046
f 4323//3046 4321//3046 4320//3046
f 4323//3046 4320//3046 4319//3046
f 4323//3046 4319//3046 4324//3046
f 4322//3046 4323//3046 4324//3046
f 4325//3046 4322//3046 4324//3046
f 4325//3046 4324//3046 4326//3046
f 4325//3046 4326//3046 4327//3046
f 4325//3046 4327//3046 4328//3046
f 4322//3046 4325//3046 4328//3046
f 4316//3046 4322//3046 4328//3046
f 4316//3046 4328//3046 4329//3046
f 4317//3046 4316//3046 4329//3046
f 4318//3046 4317//3046 4329//3046
f 4318//3046 4329//3046 4330//3046
f 4319//3046 4318//3046 4330//3046
f 4319//3046 4330//3046 4298//3046
f 4324//3046 4319//3046 4298//3046
f 4326//3046 4324//3046 4298//3046
f 4326//3046 4298//3046 4297//3046
f 4327//3046 4326//3046 4297//3046
f 4327//3046 4297//3046 4159//3046
f 4327//3046 4159//3046 4157//3046
f 4328//3046 4327//3046 4157//3046
f 4328//3046 4157//3046 4153//3046
f 4328//3046 4153//3046 4152//3046
f 4329//3046 4328//3046 4152//3046
f 4330//3046 4329//3046 4152//3046
f 4330//3046 4152//3046 4151//3046
f 4298//3046 4330//3046 4151//3046
f 4298//3046 4151//3046 4149//3046
f 4135//3046 4136//3046 4229//3046
f 4122//3046 4126//3046 4242//3046
f 4168//3046 4190//3046 4331//3046
f 4170//3046 4168//3046 4331//3046
f 4170//3046 4331//3046 4332//3046
f 4174//3046 4170//3046 4332//3046
f 4333//3046 4174//3046 4332//3046
f 4334//3046 4333//3046 4332//3046
f 4334//3046 4332//3046 4331//3046
f 4334//3046 4331//3046 4190//3046
f 4334//3046 4190//3046 4335//3046
f 4334//3046 4335//3046 4336//3046
f 4333//3046 4334//3046 4336//3046
f 4174//3046 4333//3046 4336//3046
f 4337//3046 4174//3046 4336//3046
f 4337//3046 4336//3046 4335//3046
f 4338//3046 4337//3046 4335//3046
f 4338//3046 4335//3046 4190//3046
f 4339//3046 4338//3046 4190//3046
f 4339//3046 4190//3046 4191//3046
f 4339//3046 4191//3046 4175//3046
f 4340//3046 4339//3046 4175//3046
f 4340//3046 4175//3046 4174//3046
f 4340//3046 4174//3046 4337//3046
f 4340//3046 4337//3046 4338//3046
f 4339//3046 4340//3046 4338//3046
v -0.50596786 1.3978708 -0.072148204
v -0.45099807 2.6190007 -0.0723586
v -0.59949785 1.3979111 0.20955172
v -0.5976078 1.3979108 -0.41215816
v -0.550268 2.6190004 -0.43455857
v -0.8998678 1.3978708 -0.56770825
v -0.9005879 2.6190004 -0.62773865
v -1.2415379 2.6190007 -0.43455872
v -1.1739578 1.3979111 -0.41215828
v -1.3598579 2.6190004 -0.07235881
v -1.2718577 1.3978708 -0.07214839
v -1.1738577 1.3979111 0.20955159
v -1.241418 2.6190007 0.22550118
v -0.89986783 1.397871 0.35374168
v -0.90058804 2.6190007 0.39590126
v -0.552298 2.6190007 0.22392134
v -1.6688781 7.3410726 -0.59695035
v -1.6308644 6.6361523 -0.68617004
v -1.9599841 6.6361527 0.08709976
v -0.92712873 7.0483418 -1.0588999
v -0.9155771 6.6361523 -1.0721098
v -0.2566117 7.021109 -0.6627699
v -0.14089853 6.6361527 -0.6581697
v -0.0053786635 6.6361527 0.08710021
v -0.16912198 6.09975 -0.6317195
v -0.9212984 6.0997496 -1.0167695
v -1.6288714 6.0997496 -0.65970993
v -1.9236195 6.09076 0.051429942
v -1.6055632 6.09975 0.8089999
v -1.6002332 6.6361527 0.8533398
v -0.92230636 6.0997505 1.1840801
v -0.9174607 6.6361527 1.2461998
v -0.24608994 6.09975 0.81295025
v -0.24305862 6.618743 0.8642201
v -0.3137375 7.0897903 0.93386984
v -0.014569223 6.09076 0.051430386
v -0.1715221 5.38246 -0.62488
v -0.93419814 5.38246 -1.00407
v -1.6405683 5.38246 -0.64532
v -1.8774287 5.38246 -0.032040007
v -1.6213579 5.38245 0.70242
v -0.93419814 5.38245 1.05492
v -0.2289376 5.38245 0.70117
v -0.016501088 5.38246 -0.032040007
v -1.8245995 2.3702104 -0.032038838
v -1.6612513 2.2105803 -0.033998758
v -1.4241896 2.2105803 0.43425125
v -1.44061 2.2105806 -0.6060787
v -1.4104264 2.2572703 -0.5848287
v -1.6192895 2.2572703 -0.029608764
v -1.3948814 2.2572703 0.42323124
v -0.91899735 2.2572706 0.6630013
v -0.92147106 2.2105806 0.6796514
v -0.40251803 2.2105806 0.43360147
v -0.2896381 2.3702102 0.5650714
v -0.009138107 2.3702104 -0.032038413
v -0.173778 2.2105803 -0.03399841
v -0.27946794 2.2105803 -0.5819384
v -0.15563798 2.3702102 -0.69111836
v -0.9214709 2.2105803 -0.85808843
v -0.92167443 2.37021 -1.0148484
v -1.589472 2.3702102 -0.68522877
v -1.9226841 3.1960006 -0.032039125
v -1.5326984 2.3702104 0.55970114
v -0.92167455 2.3702104 0.83646125
v -0.22877818 3.196001 0.6560513
v 0.07747185 3.1960006 -0.03203866
v -0.09555811 3.1960006 -0.78239846
v -0.921298 3.1960006 -1.1531188
v -1.6886761 3.1960006 -0.77991885
v -1.8056242 3.3060005 -0.032039136
v -1.5918341 3.1960008 0.6545309
v -0.9212982 3.196001 0.954531
v -0.37261817 3.3060007 0.46157116
v -0.024778187 3.3060007 -0.03203872
v -0.17631805 3.3060002 -0.6398686
v -0.921298 3.3060002 -0.98253876
v -1.6281254 3.3060002 -0.633979
v -1.8602195 3.7200603 -0.032039274
v -1.4494159 3.3060007 0.46823093
v -0.92129815 3.3060007 0.7947509
v -0.29396832 4.2789006 0.51917076
v 0.02109176 3.7208405 -0.032038834
v -0.095558226 4.0890203 -0.8155988
v -0.92129815 4.05317 -1.2329991
v -1.7733741 4.1013203 -0.82117915
v -1.9789796 4.2361903 -0.03203947
v -1.5448637 4.2789006 0.5151505
v -0.9212983 4.2789006 0.8637306
v -0.25237 4.79573 0.65703
v -0.93419814 4.79573 1.01147
v -1.6035618 4.79573 0.66134
v -1.865898 4.79573 -0.032040007
v -1.623331 4.44179 -0.6849794
v -0.92129815 4.36485 -1.080809
v -0.23196822 4.4417906 -0.66656905
v 0.11885166 4.2287703 -0.032038976
v -4.2267155E-05 4.793774 -0.029954024
v 0.00073 4.79573 -0.032040007
v -0.9189972 2.2572703 -0.8294085
v -0.31044793 2.2572706 -0.56139845
v -0.21039802 2.2572703 -0.029608436
v -0.42692804 2.2572706 0.42260146
v -1.3644278 1.704701 0.32548147
v -1.3289977 1.654491 0.28699145
v -1.4759977 1.654491 -0.086008534
v -0.9013779 1.704701 0.5741916
v -0.9014679 1.654491 0.5132115
v -0.44599792 1.654491 0.28699166
v -0.40807796 1.7047012 0.32548168
v -0.3289979 1.654491 -0.086008266
v -0.28135794 1.7047007 -0.08458828
v -0.40807787 1.704701 -0.5287482
v -0.44599786 1.654491 -0.4900082
v -0.9008778 1.7047007 -0.7747383
v -0.9009978 1.6544907 -0.71375835
v -1.3289979 1.6544907 -0.4900084
v -1.3644278 1.7047007 -0.5287484
v -1.5236378 1.704701 -0.08458857
v -1.52364 1.1533297 -0.084590025
v -1.36443 1.1533297 -0.52875
v -0.90088 1.1533297 -0.77474004
v -0.40808 1.1533297 -0.52875
v -0.28136 1.1533297 -0.084590025
v -0.40808 1.1533297 0.32548
v -0.90138 1.1533297 0.57419
v -1.36443 1.1533297 0.32548
v -1.27562 1.0844697 0.25182
v -0.90138 1.0803698 0.48754
v -0.48931 1.0844697 0.25182
v -0.3814 1.0848397 -0.08501
v -0.48931 1.0844697 -0.4342
v -0.90138 1.0848397 -0.6572
v -1.27562 1.0844697 -0.4342
v -1.39398 1.0848397 -0.08501
v -1.35665 0.8415097 0.51272
v -0.89792 0.95413005 0.61734
v -0.46549 0.8415097 0.51272
v -0.36349776 0.25774103 0.20069215
v -0.35864776 0.6390007 -0.5367779
v -0.89792764 0.6357008 -0.83967805
v -1.3756576 0.63900065 -0.5367781
v -1.4556677 0.2577409 0.20069188
v -1.4683 0.70713985 0.88575
v -0.89793 0.8166498 0.94181
v -0.42796 0.70713985 0.88575
v -0.30541 0.2577399 0.83277
v -0.36304775 -0.025868893 0.20069224
v -0.30541 -0.025869954 0.83277
v -0.8974278 -0.025868475 2.0080717
v -0.4001577 -0.025868893 -0.49417773
v -0.4043777 0.2577408 -0.49417782
v -0.8974277 0.25774074 -0.8057879
v -1.3425076 0.25774074 -0.49417803
v -1.4556675 -0.025868893 0.20069197
v -1.3425076 -0.025869012 -0.49417797
v -0.8974276 -0.02586925 -0.8057878
v -1.59038 -0.025869954 0.83277
v -1.59038 0.2577399 0.83277
v -1.5303378 0.61714077 1.3754416
v -0.8979379 0.7150613 1.4207218
v -0.368608 0.6171411 1.3754418
v -0.23680782 0.2577414 1.329642
v -0.23680776 -0.025868416 1.329642
v -0.3639678 -0.025868356 1.829072
v -0.3639679 0.25774145 1.8290718
v -0.470918 0.57911146 1.6755817
v -0.899028 0.64640117 1.8217217
v -1.3925579 0.5791112 1.6755815
v -1.4944577 0.25774112 1.8290715
v -0.89742786 0.25774133 2.0080714
v -1.6571876 0.25774097 1.3296418
v -1.6571875 -0.025868833 1.3296418
v -1.4944577 -0.025868654 1.8290718
v 0.9174633 6.636153 1.2461998
v 1.5805694 7.660913 0.92191
v 0.94559634 7.5855627 1.2636
v 1.6002357 6.6361527 0.85334015
v 1.9585335 7.7114215 0.14366
v 1.9599869 6.6361527 0.08710026
v 1.6055658 6.0997505 0.80900025
v 1.9236226 6.09076 0.051430427
v 1.6308675 6.6361527 -0.6861697
v 1.6288745 6.09975 -0.6597096
v 0.9155801 6.6361523 -1.0721099
v 0.9213015 6.09975 -1.0167696
v 0.14090139 6.6361527 -0.6581701
v 0.16912502 6.09975 -0.63171995
v 0.0053814054 6.6361527 0.087099805
v 0.014572084 6.09076 0.051429983
v 0.24306124 6.618743 0.8642198
v 0.24609268 6.09975 0.81294996
v 0.9223091 6.0997505 1.1840801
v 0.92130005 5.38245 1.05492
v 1.6213579 5.38245 0.70242
v 1.8774287 5.38246 -0.032040007
v 1.6405683 5.38246 -0.64532
v 0.92130005 5.38246 -1.0040702
v 0.17152213 5.38246 -0.62488
v 0.016501088 5.38246 -0.032040007
v 0.2289376 5.38245 0.70117
v 0.25237 4.79573 0.65703
v -0.00073 4.79573 -0.032040007
v 0.23197168 4.441791 -0.66656935
v 0.9213017 4.364851 -1.0808091
v 1.6233345 4.441791 -0.684979
v 1.865898 4.79573 -0.032040007
v 1.6035618 4.79573 0.66134
v 0.92130005 4.79573 1.01147
v 0.92130154 4.2789016 0.86373067
v 1.5448672 4.278901 0.5151509
v 1.9789829 4.236191 -0.03203896
v 1.7733777 4.1013207 -0.8211788
v 0.9213018 4.053171 -1.2329992
v 0.0955618 4.0890207 -0.8155992
v -0.118848264 4.2287707 -0.032039445
v 0.2939716 4.278901 0.5191706
v 0.9213017 3.3060012 0.794751
v 1.4494196 3.3060012 0.4682311
v 1.8602228 3.7200613 -0.03203882
v 1.6281294 3.3060012 -0.63397866
v 0.92130184 3.306001 -0.9825387
v 0.1763218 3.306001 -0.63986903
v -0.021088183 3.720841 -0.032039262
v 0.37262172 3.3060012 0.46157086
v 0.92130166 3.1960015 0.954531
v 1.5918375 3.1960015 0.6545312
v 1.8056278 3.3060012 -0.0320387
v 1.6886802 3.196001 -0.77991855
v 0.92130184 3.196001 -1.153119
v 0.09556192 3.196001 -0.78239894
v 0.024781883 3.3060012 -0.032039113
v 0.22878176 3.1960015 0.6560509
v 0.92167836 2.3702111 0.83646125
v 1.5327023 2.3702111 0.5597015
v 1.9226878 3.1960013 -0.03203864
v 1.5894762 2.3702106 -0.6852284
v 0.9216785 2.3702106 -1.0148485
v 0.15564197 2.370211 -0.69111884
v -0.07746816 3.196001 -0.032039106
v 0.28964186 2.370211 0.56507117
v 0.9214749 2.2105813 0.6796514
v 1.4241935 2.210581 0.4342515
v 1.8246033 2.370211 -0.0320384
v 1.4406142 2.210581 -0.6060783
v 0.92147505 2.2105808 -0.85808843
v 0.279472 2.2105808 -0.5819387
v 0.009141982 2.370211 -0.032038826
v 0.4025219 2.210581 0.4336013
v 0.91900116 2.2572713 0.66300136
v 1.3948853 2.257271 0.42323145
v 1.6612551 2.210581 -0.033998396
v 1.6192935 2.257271 -0.02960842
v 1.4104304 2.257271 -0.5848284
v 0.4269319 2.257271 0.42260128
v 0.17378193 2.2105808 -0.033998743
v 0.31045198 2.2572708 -0.5613986
v 0.2104019 2.2572708 -0.029608747
v 0.91900134 2.2572708 -0.82940847
v 0.8998719 1.3978717 0.35374165
v 0.5523018 2.6190014 0.22392118
v 0.599502 1.3979118 0.20955157
v 0.90059173 2.6190012 0.39590123
v 1.2414218 2.6190012 0.22550136
v 1.173862 1.3979115 0.2095517
v 1.3598617 2.6190012 -0.0723586
v 1.2718619 1.3978715 -0.072148204
v 1.1739619 1.3979115 -0.41215816
v 1.2415417 2.6190012 -0.4345586
v 0.899872 1.3978715 -0.5677082
v 0.90059185 2.6190012 -0.62773865
v 0.5502719 2.6190012 -0.43455872
v 0.597612 1.3979115 -0.4121583
v 0.45100188 2.6190012 -0.07235881
v 0.505972 1.3978715 -0.07214839
v 0.9013819 1.7047014 0.5741916
v 0.9014719 1.6544914 0.51321155
v 0.44600198 1.6544917 0.28699145
v 1.3290019 1.6544917 0.28699166
v 1.3644319 1.7047017 0.32548168
v 1.4760017 1.6544914 -0.08600826
v 1.5236418 1.7047014 -0.08458828
v 1.3644319 1.7047014 -0.5287483
v 1.3290019 1.6544914 -0.4900082
v 0.90088195 1.7047012 -0.7747383
v 0.901002 1.6544912 -0.7137583
v 0.44600207 1.6544914 -0.4900084
v 0.40808204 1.7047014 -0.52874845
v 0.32900196 1.6544914 -0.08600853
v 0.28136194 1.7047012 -0.08458857
v 0.40808198 1.7047017 0.32548147
v 0.90138 1.1533297 0.57419
v 1.36443 1.1533297 0.32548
v 1.52364 1.1533297 -0.084590025
v 1.36443 1.1533297 -0.52875
v 0.90088 1.1533297 -0.77474004
v 0.40808 1.1533297 -0.52875
v 0.28136 1.1533297 -0.084590025
v 0.40808 1.1533297 0.32548
v 0.90138 1.0803698 0.48754
v 1.27562 1.0844697 0.25182
v 1.39398 1.0848397 -0.08501
v 1.27562 1.0844697 -0.4342
v 0.90138 1.0848397 -0.6572
v 0.48931 1.0844697 -0.4342
v 0.3814 1.0848397 -0.08501
v 0.48931 1.0844697 0.25182
v 0.89792 0.95413005 0.61734
v 1.35665 0.8415097 0.51272
v 1.455672 0.25774157 0.20069216
v 1.375662 0.6390013 -0.5367779
v 0.89793223 0.6357015 -0.839678
v 0.35865223 0.63900125 -0.53677815
v 0.36350217 0.2577415 0.20069192
v 0.46549 0.8415097 0.51272
v 0.89793 0.8166498 0.9418
v 1.4683 0.70713985 0.88575
v 1.59038 0.2577399 0.83277
v 1.4556721 -0.025868297 0.20069228
v 1.59038 -0.025869954 0.83277
v 1.657192 -0.02586782 1.3296422
v 1.6571919 0.25774202 1.329642
v 1.5303417 0.6171417 1.3754419
v 0.8979418 0.7150619 1.4207217
v 0.42796 0.70713985 0.88575
v 0.30541 0.2577399 0.83277
v 0.36861193 0.61714137 1.3754417
v 0.8990319 0.64640176 1.8217217
v 1.3925619 0.57911205 1.6755818
v 1.4944618 0.25774205 1.829072
v 0.8974319 0.25774193 2.0080714
v 0.36397204 0.25774175 1.8290718
v 0.4709219 0.5791118 1.6755816
v 0.23681206 0.2577416 1.3296418
v 0.23681217 -0.025868207 1.3296419
v 0.36397216 -0.025868088 1.8290718
v 0.897432 -0.02586791 2.0080717
v 1.494462 -0.02586776 1.829072
v 0.30541 -0.025869954 0.83277
v 0.36305222 -0.025868297 0.20069201
v 0.4001623 -0.025868416 -0.49417794
v 0.8974322 -0.025868416 -0.80578774
v 1.3425121 -0.025868416 -0.4941777
v 1.3425121 0.25774145 -0.49417776
v 0.8974322 0.25774133 -0.80578786
v 0.40438226 0.2577414 -0.494178
v 1.4912227 8.432942 0.97712
v 1.8177055 9.023417 0.24960108
v 1.8249282 9.037511 0.23364475
v 0.31374002 7.0897903 0.93386966
v 0.39074945 7.5317326 1.02371
v 0.8174108 8.374632 1.22319
v 0.5181728 8.344993 1.24613
v -3.3466563E-10 7.512383 1.03978
v -1.6255797E-10 8.3305025 1.3045799
v -0.5181728 8.344993 1.24613
v -0.39074945 7.5317326 1.02371
v -0.8174108 8.374632 1.22319
v -0.94559634 7.5855627 1.2636
v -1.5805694 7.660913 0.92191
v -1.9585336 7.7114215 0.14366
v -1.7684752 7.8000474 -0.5917717
v -1.7243947 8.597128 -0.46117002
v -0.9832263 7.987443 -1.2357002
v -0.96598536 8.633972 -1.1103699
v -2.842171E-14 8.617462 -1.1947101
v 1.2979339E-06 7.8891325 -1.2375802
v 0.9832289 7.987443 -1.2356999
v 0.96598536 8.633972 -1.11037
v 1.7243947 8.597128 -0.46117002
v 1.7684778 7.800048 -0.59177136
v 1.6688809 7.3410726 -0.59695
v 0.92713153 7.0483418 -1.0589
v 0.25661433 7.021109 -0.6627702
v -1.884531 8.5222225 0.22594
v -1.8249282 9.037511 0.23364475
v -1.6818955 9.037511 -0.3508548
v -1.8177055 9.023417 0.24960108
v -1.3920963 9.037511 0.93894
v -1.4912227 8.432942 0.97712
v -0.9167009 9.037511 -1.0373299
v -1.4210855E-14 9.037511 -1.15139
v 0.9167009 9.037511 -1.03745
v 1.6818955 9.037511 -0.35097474
v 1.884531 8.5222225 0.22594
v 1.8208361 9.037511 0.21354328
v 1.3913734 9.036659 0.9392956
v -0.54471177 9.037511 1.24319
v -1.4210855E-14 9.037511 1.32186
v 0.54471177 9.037511 1.24331
v 0.5464256 9.033182 1.2430629
v -0.042042274 7.10136 -0.0013800033
v -3.7186965E-10 7.3818827 -0.78057
v -3.7186965E-10 7.08843 -0.0013800033
v 0.042042274 7.10136 -0.0013800033
v -0.97335726 7.482143 -1.2062299
v -0.1951485 7.372923 -1.02027
v 0.1951485 7.372923 -1.0202699
v 0.97335726 7.482143 -1.20623
o Mesh_18
g polygon_0
usemtl Joint_0_Object_18_Material_18
f 4341//3046 4343//3046 4342//3046
f 4344//3046 4341//3046 4342//3046
f 4344//3046 4342//3046 4345//3046
f 4346//3046 4344//3046 4345//3046
f 4346//3046 4345//3046 4347//3046
f 4346//3046 4347//3046 4348//3046
f 4349//3046 4346//3046 4348//3046
f 4349//3046 4348//3046 4350//3046
f 4351//3046 4349//3046 4350//3046
f 4352//3046 4351//3046 4350//3046
f 4352//3046 4350//3046 4353//3046
f 4354//3046 4352//3046 4353//3046
f 4354//3046 4353//3046 4355//3046
f 4354//3046 4355//3046 4356//3046
f 4343//3046 4354//3046 4356//3046
f 4343//3046 4356//3046 4342//3046
f 4357//3046 4359//3046 4358//3046
f 4360//3046 4357//3046 4358//3046
f 4360//3046 4358//3046 4361//3046
f 4362//3046 4360//3046 4361//3046
f 4362//3046 4361//3046 4363//3046
f 4364//3046 4362//3046 4363//3046
f 4365//3046 4364//3046 4363//3046
f 4366//3046 4365//3046 4363//3046
f 4366//3046 4363//3046 4361//3046
f 4367//3046 4366//3046 4361//3046
f 4367//3046 4361//3046 4358//3046
f 4368//3046 4367//3046 4358//3046
f 4368//3046 4358//3046 4359//3046
f 4369//3046 4368//3046 4359//3046
f 4369//3046 4359//3046 4370//3046
f 4371//3046 4369//3046 4370//3046
f 4371//3046 4370//3046 4372//3046
f 4373//3046 4371//3046 4372//3046
f 4374//3046 4373//3046 4372//3046
f 4374//3046 4372//3046 4375//3046
f 4374//3046 4375//3046 4364//3046
f 4376//3046 4374//3046 4364//3046
f 4376//3046 4364//3046 4365//3046
f 4377//3046 4376//3046 4365//3046
f 4377//3046 4365//3046 4366//3046
f 4378//3046 4377//3046 4366//3046
f 4379//3046 4378//3046 4366//3046
f 4379//3046 4366//3046 4367//3046
f 4380//3046 4379//3046 4367//3046
f 4380//3046 4367//3046 4368//3046
f 4381//3046 4380//3046 4368//3046
f 4381//3046 4368//3046 4369//3046
f 4382//3046 4381//3046 4369//3046
f 4382//3046 4369//3046 4371//3046
f 4383//3046 4382//3046 4371//3046
f 4383//3046 4371//3046 4373//3046
f 4384//3046 4383//3046 4373//3046
f 4376//3046 4384//3046 4373//3046
f 4376//3046 4373//3046 4374//3046
f 4385//3046 4387//3046 4386//3046
f 4388//3046 4385//3046 4386//3046
f 4389//3046 4388//3046 4386//3046
f 4390//3046 4389//3046 4386//3046
f 4391//3046 4390//3046 4386//3046
f 4391//3046 4386//3046 4387//3046
f 4392//3046 4391//3046 4387//3046
f 4392//3046 4387//3046 4393//3046
f 4394//3046 4392//3046 4393//3046
f 4394//3046 4393//3046 4395//3046
f 4394//3046 4395//3046 4396//3046
f 4397//3046 4394//3046 4396//3046
f 4398//3046 4397//3046 4396//3046
f 4398//3046 4396//3046 4399//3046
f 4400//3046 4398//3046 4399//3046
f 4400//3046 4399//3046 4401//3046
f 4400//3046 4401//3046 4402//3046
f 4388//3046 4400//3046 4402//3046
f 4385//3046 4388//3046 4402//3046
f 4385//3046 4402//3046 4403//3046
f 4385//3046 4403//3046 4404//3046
f 4387//3046 4385//3046 4404//3046
f 4393//3046 4387//3046 4404//3046
f 4393//3046 4404//3046 4405//3046
f 4395//3046 4393//3046 4405//3046
f 4395//3046 4405//3046 4406//3046
f 4395//3046 4406//3046 4407//3046
f 4396//3046 4395//3046 4407//3046
f 4399//3046 4396//3046 4407//3046
f 4399//3046 4407//3046 4408//3046
f 4401//3046 4399//3046 4408//3046
f 4401//3046 4408//3046 4409//3046
f 4401//3046 4409//3046 4410//3046
f 4402//3046 4401//3046 4410//3046
f 4403//3046 4402//3046 4410//3046
f 4403//3046 4410//3046 4411//3046
f 4403//3046 4411//3046 4412//3046
f 4404//3046 4403//3046 4412//3046
f 4405//3046 4404//3046 4412//3046
f 4405//3046 4412//3046 4413//3046
f 4406//3046 4405//3046 4413//3046
f 4406//3046 4413//3046 4414//3046
f 4406//3046 4414//3046 4415//3046
f 4407//3046 4406//3046 4415//3046
f 4408//3046 4407//3046 4415//3046
f 4408//3046 4415//3046 4416//3046
f 4409//3046 4408//3046 4416//3046
f 4409//3046 4416//3046 4417//3046
f 4409//3046 4417//3046 4418//3046
f 4410//3046 4409//3046 4418//3046
f 4411//3046 4410//3046 4418//3046
f 4411//3046 4418//3046 4419//3046
f 4411//3046 4419//3046 4420//3046
f 4412//3046 4411//3046 4420//3046
f 4413//3046 4412//3046 4420//3046
f 4413//3046 4420//3046 4421//3046
f 4414//3046 4413//3046 4421//3046
f 4414//3046 4421//3046 4422//3046
f 4414//3046 4422//3046 4423//3046
f 4415//3046 4414//3046 4423//3046
f 4416//3046 4415//3046 4423//3046
f 4416//3046 4423//3046 4424//3046
f 4416//3046 4424//3046 4425//3046
f 4417//3046 4416//3046 4425//3046
f 4418//3046 4417//3046 4425//3046
f 4418//3046 4425//3046 4426//3046
f 4419//3046 4418//3046 4426//3046
f 4419//3046 4426//3046 4427//3046
f 4419//3046 4427//3046 4428//3046
f 4420//3046 4419//3046 4428//3046
f 4421//3046 4420//3046 4428//3046
f 4421//3046 4428//3046 4429//3046
f 4422//3046 4421//3046 4429//3046
f 4430//3046 4422//3046 4429//3046
f 4431//3046 4430//3046 4429//3046
f 4432//3046 4431//3046 4429//3046
f 4432//3046 4429//3046 4428//3046
f 4433//3046 4432//3046 4428//3046
f 4433//3046 4428//3046 4427//3046
f 4434//3046 4433//3046 4427//3046
f 4434//3046 4427//3046 4426//3046
f 4435//3046 4434//3046 4426//3046
f 4435//3046 4426//3046 4425//3046
f 4435//3046 4425//3046 4424//3046
f 4436//3046 4435//3046 4424//3046
f 4437//3046 4436//3046 4424//3046
f 4437//3046 4424//3046 4423//3046
f 4437//3046 4423//3046 4422//3046
f 4438//3046 4437//3046 4422//3046
f 4438//3046 4422//3046 4430//3046
f 4438//3046 4430//3046 4439//3046
f 4437//3046 4438//3046 4439//3046
f 4436//3046 4437//3046 4439//3046
f 4436//3046 4439//3046 4377//3046
f 4435//3046 4436//3046 4377//3046
f 4435//3046 4377//3046 4378//3046
f 4435//3046 4378//3046 4379//3046
f 4434//3046 4435//3046 4379//3046
f 4433//3046 4434//3046 4379//3046
f 4433//3046 4379//3046 4380//3046
f 4433//3046 4380//3046 4381//3046
f 4432//3046 4433//3046 4381//3046
f 4432//3046 4381//3046 4382//3046
f 4431//3046 4432//3046 4382//3046
f 4430//3046 4431//3046 4382//3046
f 4430//3046 4382//3046 4383//3046
f 4439//3046 4430//3046 4383//3046
f 4439//3046 4383//3046 4384//3046
f 4377//3046 4439//3046 4384//3046
f 4377//3046 4384//3046 4376//3046
f 4388//3046 4389//3046 4440//3046
f 4400//3046 4388//3046 4440//3046
f 4398//3046 4400//3046 4440//3046
f 4398//3046 4440//3046 4441//3046
f 4397//3046 4398//3046 4441//3046
f 4397//3046 4441//3046 4442//3046
f 4397//3046 4442//3046 4443//3046
f 4394//3046 4397//3046 4443//3046
f 4394//3046 4443//3046 4392//3046
f 4444//3046 4446//3046 4445//3046
f 4447//3046 4444//3046 4445//3046
f 4447//3046 4445//3046 4448//3046
f 4447//3046 4448//3046 4449//3046
f 4450//3046 4447//3046 4449//3046
f 4450//3046 4449//3046 4451//3046
f 4452//3046 4450//3046 4451//3046
f 4453//3046 4452//3046 4451//3046
f 4453//3046 4451//3046 4454//3046
f 4455//3046 4453//3046 4454//3046
f 4455//3046 4454//3046 4456//3046
f 4455//3046 4456//3046 4457//3046
f 4458//3046 4455//3046 4457//3046
f 4458//3046 4457//3046 4446//3046
f 4459//3046 4458//3046 4446//3046
f 4459//3046 4446//3046 4444//3046
f 4459//3046 4444//3046 4460//3046
f 4458//3046 4459//3046 4460//3046
f 4458//3046 4460//3046 4461//3046
f 4455//3046 4458//3046 4461//3046
f 4455//3046 4461//3046 4462//3046
f 4453//3046 4455//3046 4462//3046
f 4453//3046 4462//3046 4463//3046
f 4452//3046 4453//3046 4463//3046
f 4452//3046 4463//3046 4464//3046
f 4450//3046 4452//3046 4464//3046
f 4450//3046 4464//3046 4465//3046
f 4447//3046 4450//3046 4465//3046
f 4447//3046 4465//3046 4466//3046
f 4444//3046 4447//3046 4466//3046
f 4444//3046 4466//3046 4467//3046
f 4460//3046 4444//3046 4467//3046
f 4468//3046 4460//3046 4467//3046
f 4469//3046 4468//3046 4467//3046
f 4469//3046 4467//3046 4466//3046
f 4469//3046 4466//3046 4465//3046
f 4470//3046 4469//3046 4465//3046
f 4470//3046 4465//3046 4464//3046
f 4471//3046 4470//3046 4464//3046
f 4472//3046 4471//3046 4464//3046
f 4472//3046 4464//3046 4463//3046
f 4473//3046 4472//3046 4463//3046
f 4473//3046 4463//3046 4462//3046
f 4473//3046 4462//3046 4461//3046
f 4474//3046 4473//3046 4461//3046
f 4474//3046 4461//3046 4460//3046
f 4475//3046 4474//3046 4460//3046
f 4475//3046 4460//3046 4468//3046
f 4476//3046 4475//3046 4468//3046
f 4477//3046 4476//3046 4468//3046
f 4477//3046 4468//3046 4469//3046
f 4477//3046 4469//3046 4470//3046
f 4478//3046 4477//3046 4470//3046
f 4478//3046 4470//3046 4471//3046
f 4479//3046 4478//3046 4471//3046
f 4480//3046 4479//3046 4471//3046
f 4480//3046 4471//3046 4472//3046
f 4481//3046 4480//3046 4472//3046
f 4481//3046 4472//3046 4473//3046
f 4481//3046 4473//3046 4474//3046
f 4482//3046 4481//3046 4474//3046
f 4482//3046 4474//3046 4475//3046
f 4483//3046 4482//3046 4475//3046
f 4483//3046 4475//3046 4476//3046
f 4484//3046 4483//3046 4476//3046
f 4485//3046 4484//3046 4476//3046
f 4485//3046 4476//3046 4477//3046
f 4485//3046 4477//3046 4478//3046
f 4486//3046 4485//3046 4478//3046
f 4486//3046 4478//3046 4479//3046
f 4487//3046 4486//3046 4479//3046
f 4487//3046 4479//3046 4488//3046
f 4489//3046 4487//3046 4488//3046
f 4490//3046 4489//3046 4488//3046
f 4491//3046 4490//3046 4488//3046
f 4491//3046 4488//3046 4479//3046
f 4492//3046 4491//3046 4479//3046
f 4492//3046 4479//3046 4480//3046
f 4493//3046 4492//3046 4480//3046
f 4493//3046 4480//3046 4481//3046
f 4493//3046 4481//3046 4482//3046
f 4494//3046 4493//3046 4482//3046
f 4494//3046 4482//3046 4483//3046
f 4494//3046 4483//3046 4495//3046
f 4494//3046 4495//3046 4496//3046
f 4493//3046 4494//3046 4496//3046
f 4493//3046 4496//3046 4497//3046
f 4492//3046 4493//3046 4497//3046
f 4491//3046 4492//3046 4497//3046
f 4490//3046 4491//3046 4497//3046
f 4490//3046 4497//3046 4496//3046
f 4490//3046 4496//3046 4495//3046
f 4498//3046 4490//3046 4495//3046
f 4498//3046 4495//3046 4483//3046
f 4499//3046 4498//3046 4483//3046
f 4499//3046 4483//3046 4484//3046
f 4500//3046 4499//3046 4484//3046
f 4501//3046 4500//3046 4484//3046
f 4501//3046 4484//3046 4485//3046
f 4501//3046 4485//3046 4486//3046
f 4502//3046 4501//3046 4486//3046
f 4502//3046 4486//3046 4487//3046
f 4503//3046 4502//3046 4487//3046
f 4503//3046 4487//3046 4489//3046
f 4504//3046 4503//3046 4489//3046
f 4504//3046 4489//3046 4490//3046
f 4504//3046 4490//3046 4505//3046
f 4504//3046 4505//3046 4506//3046
f 4503//3046 4504//3046 4506//3046
f 4502//3046 4503//3046 4506//3046
f 4502//3046 4506//3046 4507//3046
f 4502//3046 4507//3046 4508//3046
f 4501//3046 4502//3046 4508//3046
f 4500//3046 4501//3046 4508//3046
f 4500//3046 4508//3046 4509//3046
f 4510//3046 4500//3046 4509//3046
f 4510//3046 4509//3046 4508//3046
f 4511//3046 4510//3046 4508//3046
f 4506//3046 4511//3046 4508//3046
f 4506//3046 4508//3046 4507//3046
f 4510//3046 4513//3046 4512//3046
f 4500//3046 4510//3046 4512//3046
f 4499//3046 4500//3046 4512//3046
f 4499//3046 4512//3046 4513//3046
f 4498//3046 4499//3046 4513//3046
f 4490//3046 4498//3046 4513//3046
f 4514//3046 4490//3046 4513//3046
f 4514//3046 4513//3046 4510//3046
f 4490//3046 4514//3046 4510//3046
f 4490//3046 4510//3046 4511//3046
f 4505//3046 4490//3046 4511//3046
f 4505//3046 4511//3046 4506//3046
f 4515//3046 4517//3046 4516//3046
f 4518//3046 4515//3046 4516//3046
f 4518//3046 4516//3046 4519//3046
f 4518//3046 4519//3046 4520//3046
f 4521//3046 4518//3046 4520//3046
f 4522//3046 4521//3046 4520//3046
f 4522//3046 4520//3046 4523//3046
f 4524//3046 4522//3046 4523//3046
f 4524//3046 4523//3046 4525//3046
f 4526//3046 4524//3046 4525//3046
f 4526//3046 4525//3046 4527//3046
f 4528//3046 4526//3046 4527//3046
f 4528//3046 4527//3046 4529//3046
f 4530//3046 4528//3046 4529//3046
f 4530//3046 4529//3046 4531//3046
f 4532//3046 4530//3046 4531//3046
f 4532//3046 4531//3046 4515//3046
f 4533//3046 4532//3046 4515//3046
f 4533//3046 4515//3046 4518//3046
f 4533//3046 4518//3046 4521//3046
f 4534//3046 4533//3046 4521//3046
f 4535//3046 4534//3046 4521//3046
f 4535//3046 4521//3046 4522//3046
f 4536//3046 4535//3046 4522//3046
f 4536//3046 4522//3046 4524//3046
f 4537//3046 4536//3046 4524//3046
f 4537//3046 4524//3046 4526//3046
f 4538//3046 4537//3046 4526//3046
f 4539//3046 4538//3046 4526//3046
f 4539//3046 4526//3046 4528//3046
f 4539//3046 4528//3046 4530//3046
f 4540//3046 4539//3046 4530//3046
f 4540//3046 4530//3046 4532//3046
f 4541//3046 4540//3046 4532//3046
f 4541//3046 4532//3046 4533//3046
f 4541//3046 4533//3046 4534//3046
f 4541//3046 4534//3046 4542//3046
f 4541//3046 4542//3046 4543//3046
f 4540//3046 4541//3046 4543//3046
f 4539//3046 4540//3046 4543//3046
f 4539//3046 4543//3046 4544//3046
f 4539//3046 4544//3046 4545//3046
f 4538//3046 4539//3046 4545//3046
f 4537//3046 4538//3046 4545//3046
f 4537//3046 4545//3046 4546//3046
f 4537//3046 4546//3046 4547//3046
f 4536//3046 4537//3046 4547//3046
f 4535//3046 4536//3046 4547//3046
f 4535//3046 4547//3046 4548//3046
f 4534//3046 4535//3046 4548//3046
f 4534//3046 4548//3046 4549//3046
f 4542//3046 4534//3046 4549//3046
f 4550//3046 4542//3046 4549//3046
f 4550//3046 4549//3046 4548//3046
f 4551//3046 4550//3046 4548//3046
f 4551//3046 4548//3046 4547//3046
f 4552//3046 4551//3046 4547//3046
f 4552//3046 4547//3046 4546//3046
f 4553//3046 4552//3046 4546//3046
f 4553//3046 4546//3046 4545//3046
f 4554//3046 4553//3046 4545//3046
f 4555//3046 4554//3046 4545//3046
f 4555//3046 4545//3046 4544//3046
f 4556//3046 4555//3046 4544//3046
f 4556//3046 4544//3046 4543//3046
f 4557//3046 4556//3046 4543//3046
f 4557//3046 4543//3046 4542//3046
f 4557//3046 4542//3046 4550//3046
f 4558//3046 4557//3046 4550//3046
f 4558//3046 4550//3046 4551//3046
f 4559//3046 4558//3046 4551//3046
f 4560//3046 4559//3046 4551//3046
f 4560//3046 4551//3046 4552//3046
f 4560//3046 4552//3046 4553//3046
f 4561//3046 4560//3046 4553//3046
f 4561//3046 4553//3046 4554//3046
f 4562//3046 4561//3046 4554//3046
f 4563//3046 4562//3046 4554//3046
f 4563//3046 4554//3046 4555//3046
f 4564//3046 4563//3046 4555//3046
f 4564//3046 4555//3046 4556//3046
f 4564//3046 4556//3046 4557//3046
f 4565//3046 4564//3046 4557//3046
f 4565//3046 4557//3046 4558//3046
f 4566//3046 4565//3046 4558//3046
f 4566//3046 4558//3046 4559//3046
f 4567//3046 4566//3046 4559//3046
f 4568//3046 4567//3046 4559//3046
f 4568//3046 4559//3046 4560//3046
f 4568//3046 4560//3046 4561//3046
f 4569//3046 4568//3046 4561//3046
f 4570//3046 4569//3046 4561//3046
f 4570//3046 4561//3046 4562//3046
f 4570//3046 4562//3046 4563//3046
f 4571//3046 4570//3046 4563//3046
f 4572//3046 4571//3046 4563//3046
f 4572//3046 4563//3046 4564//3046
f 4572//3046 4564//3046 4565//3046
f 4573//3046 4572//3046 4565//3046
f 4573//3046 4565//3046 4566//3046
f 4574//3046 4573//3046 4566//3046
f 4574//3046 4566//3046 4567//3046
f 4575//3046 4574//3046 4567//3046
f 4576//3046 4575//3046 4567//3046
f 4576//3046 4567//3046 4568//3046
f 4576//3046 4568//3046 4569//3046
f 4577//3046 4576//3046 4569//3046
f 4578//3046 4577//3046 4569//3046
f 4578//3046 4569//3046 4570//3046
f 4578//3046 4570//3046 4571//3046
f 4579//3046 4578//3046 4571//3046
f 4580//3046 4579//3046 4571//3046
f 4580//3046 4571//3046 4572//3046
f 4580//3046 4572//3046 4573//3046
f 4581//3046 4580//3046 4573//3046
f 4581//3046 4573//3046 4574//3046
f 4582//3046 4581//3046 4574//3046
f 4582//3046 4574//3046 4575//3046
f 4583//3046 4582//3046 4575//3046
f 4584//3046 4583//3046 4575//3046
f 4584//3046 4575//3046 4576//3046
f 4584//3046 4576//3046 4577//3046
f 4585//3046 4584//3046 4577//3046
f 4586//3046 4585//3046 4577//3046
f 4586//3046 4577//3046 4578//3046
f 4586//3046 4578//3046 4579//3046
f 4587//3046 4586//3046 4579//3046
f 4588//3046 4587//3046 4579//3046
f 4588//3046 4579//3046 4580//3046
f 4588//3046 4580//3046 4581//3046
f 4589//3046 4588//3046 4581//3046
f 4589//3046 4581//3046 4582//3046
f 4590//3046 4589//3046 4582//3046
f 4590//3046 4582//3046 4583//3046
f 4591//3046 4590//3046 4583//3046
f 4591//3046 4583//3046 4592//3046
f 4593//3046 4591//3046 4592//3046
f 4594//3046 4593//3046 4592//3046
f 4585//3046 4594//3046 4592//3046
f 4584//3046 4585//3046 4592//3046
f 4584//3046 4592//3046 4583//3046
f 4589//3046 4590//3046 4595//3046
f 4589//3046 4595//3046 4596//3046
f 4588//3046 4589//3046 4596//3046
f 4587//3046 4588//3046 4596//3046
f 4597//3046 4587//3046 4596//3046
f 4598//3046 4597//3046 4596//3046
f 4598//3046 4596//3046 4595//3046
f 4587//3046 4597//3046 4599//3046
f 4586//3046 4587//3046 4599//3046
f 4585//3046 4586//3046 4599//3046
f 4585//3046 4599//3046 4594//3046
f 4600//3046 4602//3046 4601//3046
f 4600//3046 4601//3046 4603//3046
f 4600//3046 4603//3046 4604//3046
f 4605//3046 4600//3046 4604//3046
f 4605//3046 4604//3046 4606//3046
f 4607//3046 4605//3046 4606//3046
f 4608//3046 4607//3046 4606//3046
f 4608//3046 4606//3046 4609//3046
f 4610//3046 4608//3046 4609//3046
f 4610//3046 4609//3046 4611//3046
f 4610//3046 4611//3046 4612//3046
f 4613//3046 4610//3046 4612//3046
f 4613//3046 4612//3046 4614//3046
f 4615//3046 4613//3046 4614//3046
f 4602//3046 4615//3046 4614//3046
f 4602//3046 4614//3046 4601//3046
f 4616//3046 4618//3046 4617//3046
f 4616//3046 4617//3046 4619//3046
f 4620//3046 4616//3046 4619//3046
f 4620//3046 4619//3046 4621//3046
f 4622//3046 4620//3046 4621//3046
f 4623//3046 4622//3046 4621//3046
f 4623//3046 4621//3046 4624//3046
f 4625//3046 4623//3046 4624//3046
f 4625//3046 4624//3046 4626//3046
f 4625//3046 4626//3046 4627//3046
f 4628//3046 4625//3046 4627//3046
f 4628//3046 4627//3046 4629//3046
f 4630//3046 4628//3046 4629//3046
f 4631//3046 4630//3046 4629//3046
f 4631//3046 4629//3046 4618//3046
f 4631//3046 4618//3046 4616//3046
f 4632//3046 4631//3046 4616//3046
f 4633//3046 4632//3046 4616//3046
f 4633//3046 4616//3046 4620//3046
f 4634//3046 4633//3046 4620//3046
f 4634//3046 4620//3046 4622//3046
f 4635//3046 4634//3046 4622//3046
f 4635//3046 4622//3046 4623//3046
f 4636//3046 4635//3046 4623//3046
f 4636//3046 4623//3046 4625//3046
f 4637//3046 4636//3046 4625//3046
f 4637//3046 4625//3046 4628//3046
f 4638//3046 4637//3046 4628//3046
f 4638//3046 4628//3046 4630//3046
f 4639//3046 4638//3046 4630//3046
f 4639//3046 4630//3046 4631//3046
f 4639//3046 4631//3046 4632//3046
f 4640//3046 4639//3046 4632//3046
f 4640//3046 4632//3046 4633//3046
f 4641//3046 4640//3046 4633//3046
f 4641//3046 4633//3046 4634//3046
f 4642//3046 4641//3046 4634//3046
f 4643//3046 4642//3046 4634//3046
f 4643//3046 4634//3046 4635//3046
f 4644//3046 4643//3046 4635//3046
f 4644//3046 4635//3046 4636//3046
f 4644//3046 4636//3046 4637//3046
f 4645//3046 4644//3046 4637//3046
f 4645//3046 4637//3046 4638//3046
f 4646//3046 4645//3046 4638//3046
f 4647//3046 4646//3046 4638//3046
f 4647//3046 4638//3046 4639//3046
f 4647//3046 4639//3046 4640//3046
f 4648//3046 4647//3046 4640//3046
f 4648//3046 4640//3046 4641//3046
f 4649//3046 4648//3046 4641//3046
f 4649//3046 4641//3046 4642//3046
f 4650//3046 4649//3046 4642//3046
f 4651//3046 4650//3046 4642//3046
f 4651//3046 4642//3046 4643//3046
f 4652//3046 4651//3046 4643//3046
f 4652//3046 4643//3046 4644//3046
f 4652//3046 4644//3046 4645//3046
f 4653//3046 4652//3046 4645//3046
f 4653//3046 4645//3046 4646//3046
f 4654//3046 4653//3046 4646//3046
f 4655//3046 4654//3046 4646//3046
f 4655//3046 4646//3046 4647//3046
f 4655//3046 4647//3046 4648//3046
f 4656//3046 4655//3046 4648//3046
f 4656//3046 4648//3046 4649//3046
f 4657//3046 4656//3046 4649//3046
f 4657//3046 4649//3046 4650//3046
f 4658//3046 4657//3046 4650//3046
f 4658//3046 4650//3046 4659//3046
f 4660//3046 4658//3046 4659//3046
f 4660//3046 4659//3046 4661//3046
f 4660//3046 4661//3046 4662//3046
f 4658//3046 4660//3046 4662//3046
f 4658//3046 4662//3046 4663//3046
f 4657//3046 4658//3046 4663//3046
f 4657//3046 4663//3046 4664//3046
f 4656//3046 4657//3046 4664//3046
f 4656//3046 4664//3046 4665//3046
f 4655//3046 4656//3046 4665//3046
f 4654//3046 4655//3046 4665//3046
f 4666//3046 4654//3046 4665//3046
f 4667//3046 4666//3046 4665//3046
f 4667//3046 4665//3046 4664//3046
f 4668//3046 4667//3046 4664//3046
f 4668//3046 4664//3046 4663//3046
f 4669//3046 4668//3046 4663//3046
f 4669//3046 4663//3046 4670//3046
f 4668//3046 4669//3046 4670//3046
f 4668//3046 4670//3046 4671//3046
f 4668//3046 4671//3046 4672//3046
f 4668//3046 4672//3046 4673//3046
f 4667//3046 4668//3046 4673//3046
f 4667//3046 4673//3046 4672//3046
f 4667//3046 4672//3046 4674//3046
f 4666//3046 4667//3046 4674//3046
f 4675//3046 4666//3046 4674//3046
f 4675//3046 4674//3046 4672//3046
f 4676//3046 4675//3046 4672//3046
f 4677//3046 4676//3046 4672//3046
f 4677//3046 4672//3046 4671//3046
f 4678//3046 4677//3046 4671//3046
f 4678//3046 4671//3046 4670//3046
f 4662//3046 4678//3046 4670//3046
f 4662//3046 4670//3046 4663//3046
f 4678//3046 4662//3046 4661//3046
f 4678//3046 4661//3046 4659//3046
f 4677//3046 4678//3046 4659//3046
f 4676//3046 4677//3046 4659//3046
f 4675//3046 4676//3046 4659//3046
f 4675//3046 4659//3046 4679//3046
f 4666//3046 4675//3046 4679//3046
f 4666//3046 4679//3046 4680//3046
f 4654//3046 4666//3046 4680//3046
f 4681//3046 4654//3046 4680//3046
f 4659//3046 4681//3046 4680//3046
f 4659//3046 4680//3046 4679//3046
f 4682//3046 4681//3046 4659//3046
f 4683//3046 4682//3046 4659//3046
f 4683//3046 4659//3046 4650//3046
f 4684//3046 4683//3046 4650//3046
f 4684//3046 4650//3046 4651//3046
f 4685//3046 4684//3046 4651//3046
f 4685//3046 4651//3046 4652//3046
f 4685//3046 4652//3046 4653//3046
f 4686//3046 4685//3046 4653//3046
f 4686//3046 4653//3046 4654//3046
f 4686//3046 4654//3046 4681//3046
f 4686//3046 4681//3046 4682//3046
f 4685//3046 4686//3046 4682//3046
f 4684//3046 4685//3046 4682//3046
f 4684//3046 4682//3046 4683//3046
f 4687//3046 4689//3046 4688//3046
f 4531//3046 4529//3046 4690//3046
f 4515//3046 4531//3046 4690//3046
f 4517//3046 4515//3046 4690//3046
f 4517//3046 4690//3046 4691//3046
f 4692//3046 4517//3046 4691//3046
f 4693//3046 4692//3046 4691//3046
f 4693//3046 4691//3046 4694//3046
f 4695//3046 4693//3046 4694//3046
f 4696//3046 4695//3046 4694//3046
f 4696//3046 4694//3046 4697//3046
f 4698//3046 4696//3046 4697//3046
f 4699//3046 4698//3046 4697//3046
f 4699//3046 4697//3046 4375//3046
f 4699//3046 4375//3046 4372//3046
f 4700//3046 4699//3046 4372//3046
f 4700//3046 4372//3046 4370//3046
f 4701//3046 4700//3046 4370//3046
f 4701//3046 4370//3046 4359//3046
f 4701//3046 4359//3046 4357//3046
f 4701//3046 4357//3046 4702//3046
f 4703//3046 4701//3046 4702//3046
f 4703//3046 4702//3046 4704//3046
f 4705//3046 4703//3046 4704//3046
f 4706//3046 4705//3046 4704//3046
f 4706//3046 4704//3046 4707//3046
f 4706//3046 4707//3046 4708//3046
f 4709//3046 4706//3046 4708//3046
f 4710//3046 4709//3046 4708//3046
f 4710//3046 4708//3046 4711//3046
f 4519//3046 4710//3046 4711//3046
f 4519//3046 4711//3046 4712//3046
f 4520//3046 4519//3046 4712//3046
f 4523//3046 4520//3046 4712//3046
f 4523//3046 4712//3046 4713//3046
f 4525//3046 4523//3046 4713//3046
f 4525//3046 4713//3046 4714//3046
f 4527//3046 4525//3046 4714//3046
f 4527//3046 4714//3046 4529//3046
f 4715//3046 4717//3046 4716//3046
f 4718//3046 4715//3046 4716//3046
f 4718//3046 4716//3046 4719//3046
f 4718//3046 4719//3046 4720//3046
f 4715//3046 4718//3046 4720//3046
f 4715//3046 4720//3046 4700//3046
f 4715//3046 4700//3046 4701//3046
f 4715//3046 4701//3046 4703//3046
f 4717//3046 4715//3046 4703//3046
f 4721//3046 4717//3046 4703//3046
f 4721//3046 4703//3046 4705//3046
f 4722//3046 4721//3046 4705//3046
f 4722//3046 4705//3046 4706//3046
f 4722//3046 4706//3046 4709//3046
f 4723//3046 4722//3046 4709//3046
f 4723//3046 4709//3046 4710//3046
f 4724//3046 4723//3046 4710//3046
f 4724//3046 4710//3046 4725//3046
f 4726//3046 4724//3046 4725//3046
f 4689//3046 4726//3046 4725//3046
f 4689//3046 4725//3046 4688//3046
f 4687//3046 4689//3046 4688//3046
f 4687//3046 4688//3046 4725//3046
f 4516//3046 4687//3046 4725//3046
f 4519//3046 4516//3046 4725//3046
f 4519//3046 4725//3046 4710//3046
f 4727//3046 4689//3046 4687//3046
f 4692//3046 4727//3046 4687//3046
f 4517//3046 4692//3046 4687//3046
f 4517//3046 4687//3046 4516//3046
f 4699//3046 4700//3046 4720//3046
f 4698//3046 4699//3046 4720//3046
f 4698//3046 4720//3046 4719//3046
f 4698//3046 4719//3046 4728//3046
f 4696//3046 4698//3046 4728//3046
f 4695//3046 4696//3046 4728//3046
f 4695//3046 4728//3046 4729//3046
f 4695//3046 4729//3046 4730//3046
f 4693//3046 4695//3046 4730//3046
f 4693//3046 4730//3046 4731//3046
f 4692//3046 4693//3046 4731//3046
f 4727//3046 4692//3046 4731//3046
f 4727//3046 4731//3046 4730//3046
f 4364//3046 4375//3046 4732//3046
f 4362//3046 4364//3046 4732//3046
f 4733//3046 4362//3046 4732//3046
f 4733//3046 4732//3046 4734//3046
f 4735//3046 4733//3046 4734//3046
f 4735//3046 4734//3046 4691//3046
f 4735//3046 4691//3046 4690//3046
f 4735//3046 4690//3046 4529//3046
f 4735//3046 4529//3046 4714//3046
f 4733//3046 4735//3046 4714//3046
f 4702//3046 4357//3046 4736//3046
f 4704//3046 4702//3046 4736//3046
f 4707//3046 4704//3046 4736//3046
f 4707//3046 4736//3046 4737//3046
f 4733//3046 4707//3046 4737//3046
f 4362//3046 4733//3046 4737//3046
f 4360//3046 4362//3046 4737//3046
f 4360//3046 4737//3046 4736//3046
f 4357//3046 4360//3046 4736//3046
f 4694//3046 4691//3046 4734//3046
f 4697//3046 4694//3046 4734//3046
f 4697//3046 4734//3046 4732//3046
f 4375//3046 4697//3046 4732//3046
f 4738//3046 4733//3046 4714//3046
f 4738//3046 4714//3046 4713//3046
f 4739//3046 4738//3046 4713//3046
f 4739//3046 4713//3046 4712//3046
f 4739//3046 4712//3046 4711//3046
f 4739//3046 4711//3046 4708//3046
f 4739//3046 4708//3046 4707//3046
f 4738//3046 4739//3046 4707//3046
f 4738//3046 4707//3046 4733//3046
v 3.8282905 13.53144 -0.13458076
v 3.44712 13.531441 0.07458
v 3.9670007 13.60991 -0.13458076
v 3.9700408 13.452498 -0.13458075
v 3.49777 13.452499 0.13991
v 3.54982 13.531441 0.20562002
v 4.119331 13.53144 -0.13458076
v 3.49777 13.609911 0.13991
v 2.94354 13.531441 0.1807
v 2.94354 13.452499 0.26378
v 2.94354 13.531441 0.3491
v 2.94354 13.609911 0.26378
v 1.83781 13.531441 0.18070002
v 1.83781 13.452651 0.26378
v 1.83781 13.531441 0.3491
v 1.83781 13.609911 0.26378
v 4.119331 13.53144 -0.32635075
v 3.54982 13.531441 -0.66655
v 3.9670005 13.60991 -0.32635075
v 3.9700406 13.452498 -0.32635075
v 3.49777 13.452499 -0.60084
v 3.44712 13.531441 -0.5355
v 3.8282905 13.53144 -0.32635075
v 3.49777 13.609911 -0.60084
v 2.94354 13.531441 -0.81003
v 2.94354 13.452499 -0.7247
v 2.94354 13.531441 -0.64162
v 2.94354 13.609911 -0.7247
v 1.83781 13.531441 -0.81003
v 1.83781 13.452651 -0.7247
v 1.83781 13.531441 -0.64162
v 1.83781 13.609911 -0.7247
v 3.6567304 13.53144 -0.36330074
v 3.6567304 13.40489 -0.23046073
v 3.6567304 13.6579895 -0.23046078
v 4.627371 13.40489 -0.2304607
v 3.6567304 13.53144 -0.09763077
v 4.627371 13.6579895 -0.23046075
v 4.627371 13.53144 -0.36330068
v 4.627371 13.53144 -0.09763074
v 1.91956 13.66053 0.2645
v 1.91956 13.531441 0.13546
v 1.91956 13.531441 0.39556
v 2.78253 13.66053 0.2645
v 2.78253 13.531441 0.39556
v 2.78253 13.531441 0.13546
v 2.78253 13.40235 0.2645
v 1.91956 13.40235 0.2645
v 2.35069 13.47643 -0.23046
v 2.35069 13.620551 -0.70591
v 2.68644 13.620551 -0.56683
v 2.01493 13.620551 -0.56683
v 2.35069 13.620551 -0.23046
v 2.82551 13.620551 -0.23045999
v 2.68644 13.620551 0.10591
v 2.35069 13.620551 0.24498
v 2.01493 13.620551 0.10591
v 1.87586 13.620551 -0.23045999
v 1.91956 13.66053 -0.72541994
v 1.91956 13.531441 -0.85647994
v 1.91956 13.531441 -0.59638995
v 2.78253 13.66053 -0.72542
v 2.78253 13.531441 -0.59639
v 2.78253 13.531441 -0.85648
v 2.78253 13.40235 -0.72542
v 1.91956 13.40235 -0.72541994
v 1.6974089 9.118891 -0.744537
v 1.6456589 9.16176 -1.0260968
v 1.526439 9.287291 -0.8071169
v 1.887269 8.50029 -1.2349162
v 1.873579 8.425421 -0.78493667
v 1.4343392 9.08628 -0.651807
v 0.95271903 9.39358 -1.109587
v 1.163169 9.20692 -1.4944967
v 1.3159192 8.55512 -1.7978363
v 1.7367591 7.7815895 -1.2529962
v 1.7885191 7.7387195 -0.9714365
v 1.5254492 7.7061095 -0.8786965
v 1.587959 8.39339 -0.70479673
v 0.23644927 8.428451 -1.4607568
v 0.3900793 7.735569 -1.5137464
v 1.0775791 7.5018096 -1.4205962
v 1.639209 7.5786495 -1.0880163
v 1.2542593 7.826749 -1.7214062
v 0.6014093 7.8110495 -1.8880464
v 0.53574926 8.53536 -1.9908864
v 0.51030916 9.19122 -1.6611567
v 0.3910691 9.316751 -1.4421669
v 0.29898915 9.11575 -1.2868469
v 0.1567093 8.46997 -1.7452468
v 0.33287936 7.7764893 -1.7856463
v 0.50385934 7.6081095 -1.7230762
v 0.24177916 9.15666 -1.5587468
v -2.5079284 6.814232 -0.30891845
v -2.3811817 4.785172 -0.3089178
v -2.5079284 6.8142323 0.2937015
v -1.7908418 4.773762 -0.36639762
v -2.3811817 4.7851725 0.29370216
v -1.9285384 6.9279723 0.35117158
v -1.9285384 6.927972 -0.36639833
v -1.7908417 4.773762 0.3511723
o Mesh_19
g polygon_0
usemtl Joint_0_Object_19_Material_19
f 4740//3046 4742//3046 4741//3046
f 4743//3046 4740//3046 4741//3046
f 4743//3046 4741//3046 4744//3046
f 4743//3046 4744//3046 4745//3046
f 4746//3046 4743//3046 4745//3046
f 4742//3046 4746//3046 4745//3046
f 4742//3046 4745//3046 4747//3046
f 4741//3046 4742//3046 4747//3046
f 4741//3046 4747//3046 4748//3046
f 4744//3046 4741//3046 4748//3046
f 4744//3046 4748//3046 4749//3046
f 4744//3046 4749//3046 4750//3046
f 4745//3046 4744//3046 4750//3046
f 4747//3046 4745//3046 4750//3046
f 4747//3046 4750//3046 4751//3046
f 4748//3046 4747//3046 4751//3046
f 4748//3046 4751//3046 4752//3046
f 4749//3046 4748//3046 4752//3046
f 4749//3046 4752//3046 4753//3046
f 4749//3046 4753//3046 4754//3046
f 4750//3046 4749//3046 4754//3046
f 4751//3046 4750//3046 4754//3046
f 4751//3046 4754//3046 4755//3046
f 4752//3046 4751//3046 4755//3046
f 4752//3046 4755//3046 4754//3046
f 4753//3046 4752//3046 4754//3046
f 4756//3046 4758//3046 4757//3046
f 4759//3046 4756//3046 4757//3046
f 4759//3046 4757//3046 4760//3046
f 4759//3046 4760//3046 4761//3046
f 4762//3046 4759//3046 4761//3046
f 4758//3046 4762//3046 4761//3046
f 4758//3046 4761//3046 4763//3046
f 4757//3046 4758//3046 4763//3046
f 4757//3046 4763//3046 4764//3046
f 4760//3046 4757//3046 4764//3046
f 4760//3046 4764//3046 4765//3046
f 4760//3046 4765//3046 4766//3046
f 4761//3046 4760//3046 4766//3046
f 4763//3046 4761//3046 4766//3046
f 4763//3046 4766//3046 4767//3046
f 4764//3046 4763//3046 4767//3046
f 4764//3046 4767//3046 4768//3046
f 4765//3046 4764//3046 4768//3046
f 4765//3046 4768//3046 4769//3046
f 4765//3046 4769//3046 4770//3046
f 4766//3046 4765//3046 4770//3046
f 4767//3046 4766//3046 4770//3046
f 4767//3046 4770//3046 4771//3046
f 4768//3046 4767//3046 4771//3046
f 4768//3046 4771//3046 4770//3046
f 4769//3046 4768//3046 4770//3046
f 4772//3046 4774//3046 4773//3046
f 4775//3046 4772//3046 4773//3046
f 4776//3046 4775//3046 4773//3046
f 4776//3046 4773//3046 4774//3046
f 4777//3046 4776//3046 4774//3046
f 4777//3046 4774//3046 4772//3046
f 4778//3046 4777//3046 4772//3046
f 4778//3046 4772//3046 4775//3046
f 4777//3046 4778//3046 4775//3046
f 4777//3046 4775//3046 4779//3046
f 4776//3046 4777//3046 4779//3046
f 4776//3046 4779//3046 4775//3046
f 4780//3046 4782//3046 4781//3046
f 4780//3046 4781//3046 4783//3046
f 4782//3046 4780//3046 4783//3046
f 4784//3046 4782//3046 4783//3046
f 4785//3046 4784//3046 4783//3046
f 4785//3046 4783//3046 4781//3046
f 4785//3046 4781//3046 4786//3046
f 4784//3046 4785//3046 4786//3046
f 4782//3046 4784//3046 4786//3046
f 4782//3046 4786//3046 4787//3046
f 4781//3046 4782//3046 4787//3046
f 4781//3046 4787//3046 4786//3046
f 4788//3046 4790//3046 4789//3046
f 4791//3046 4788//3046 4789//3046
f 4792//3046 4791//3046 4789//3046
f 4792//3046 4789//3046 4790//3046
f 4793//3046 4792//3046 4790//3046
f 4793//3046 4790//3046 4788//3046
f 4793//3046 4788//3046 4794//3046
f 4792//3046 4793//3046 4794//3046
f 4795//3046 4792//3046 4794//3046
f 4795//3046 4794//3046 4788//3046
f 4795//3046 4788//3046 4796//3046
f 4792//3046 4795//3046 4796//3046
f 4792//3046 4796//3046 4797//3046
f 4791//3046 4792//3046 4797//3046
f 4788//3046 4791//3046 4797//3046
f 4788//3046 4797//3046 4796//3046
f 4798//3046 4800//3046 4799//3046
f 4798//3046 4799//3046 4801//3046
f 4800//3046 4798//3046 4801//3046
f 4802//3046 4800//3046 4801//3046
f 4803//3046 4802//3046 4801//3046
f 4803//3046 4801//3046 4799//3046
f 4803//3046 4799//3046 4804//3046
f 4802//3046 4803//3046 4804//3046
f 4800//3046 4802//3046 4804//3046
f 4800//3046 4804//3046 4805//3046
f 4799//3046 4800//3046 4805//3046
f 4799//3046 4805//3046 4804//3046
f 4806//3046 4808//3046 4807//3046
f 4806//3046 4807//3046 4809//3046
f 4806//3046 4809//3046 4810//3046
f 4806//3046 4810//3046 4811//3046
f 4808//3046 4806//3046 4811//3046
f 4808//3046 4811//3046 4812//3046
f 4808//3046 4812//3046 4813//3046
f 4807//3046 4808//3046 4813//3046
f 4807//3046 4813//3046 4814//3046
f 4809//3046 4807//3046 4814//3046
f 4809//3046 4814//3046 4815//3046
f 4809//3046 4815//3046 4816//3046
f 4810//3046 4809//3046 4816//3046
f 4810//3046 4816//3046 4817//3046
f 4810//3046 4817//3046 4818//3046
f 4811//3046 4810//3046 4818//3046
f 4819//3046 4811//3046 4818//3046
f 4819//3046 4818//3046 4817//3046
f 4820//3046 4819//3046 4817//3046
f 4821//3046 4820//3046 4817//3046
f 4822//3046 4821//3046 4817//3046
f 4822//3046 4817//3046 4816//3046
f 4822//3046 4816//3046 4815//3046
f 4823//3046 4822//3046 4815//3046
f 4823//3046 4815//3046 4814//3046
f 4824//3046 4823//3046 4814//3046
f 4825//3046 4824//3046 4814//3046
f 4826//3046 4825//3046 4814//3046
f 4826//3046 4814//3046 4813//3046
f 4827//3046 4826//3046 4813//3046
f 4827//3046 4813//3046 4812//3046
f 4828//3046 4827//3046 4812//3046
f 4828//3046 4812//3046 4811//3046
f 4828//3046 4811//3046 4819//3046
f 4829//3046 4828//3046 4819//3046
f 4829//3046 4819//3046 4820//3046
f 4830//3046 4829//3046 4820//3046
f 4831//3046 4830//3046 4820//3046
f 4831//3046 4820//3046 4821//3046
f 4823//3046 4831//3046 4821//3046
f 4823//3046 4821//3046 4822//3046
f 4831//3046 4823//3046 4824//3046
f 4830//3046 4831//3046 4824//3046
f 4830//3046 4824//3046 4825//3046
f 4829//3046 4830//3046 4825//3046
f 4829//3046 4825//3046 4832//3046
f 4828//3046 4829//3046 4832//3046
f 4827//3046 4828//3046 4832//3046
f 4826//3046 4827//3046 4832//3046
f 4826//3046 4832//3046 4825//3046
f 4833//3046 4835//3046 4834//3046
f 4836//3046 4833//3046 4834//3046
f 4837//3046 4836//3046 4834//3046
f 4837//3046 4834//3046 4835//3046
f 4838//3046 4837//3046 4835//3046
f 4838//3046 4835//3046 4833//3046
f 4839//3046 4838//3046 4833//3046
f 4839//3046 4833//3046 4836//3046
f 4840//3046 4839//3046 4836//3046
f 4840//3046 4836//3046 4837//3046
f 4840//3046 4837//3046 4838//3046
f 4839//3046 4840//3046 4838//3046
