<?xml version="1.0" encoding="utf-8"?>
<COLLADA xmlns="http://www.collada.org/2005/11/COLLADASchema" version="1.4.1" xmlns:xsi="http://www.w3.org/2001/XMLSchema-instance">
  <asset>
    <contributor>
      <author>Blender User</author>
      <authoring_tool>Blender 2.79.0 commit date:2018-03-22, commit time:14:10, hash:f4dc9f9d68b</authoring_tool>
    </contributor>
    <created>2019-06-02T15:25:09</created>
    <modified>2019-06-02T15:25:09</modified>
    <unit name="meter" meter="1"/>
    <up_axis>Z_UP</up_axis>
  </asset>
  <library_images>
    <image id="SGN_avt_base_png" name="SGN_avt_base_png">
      <init_from>SGN_avt_base.png</init_from>
    </image>
  </library_images>
  <library_effects>
    <effect id="SGN_avt_base_png-effect">
      <profile_COMMON>
        <newparam sid="SGN_avt_base_png-surface">
          <surface type="2D">
            <init_from>SGN_avt_base_png</init_from>
          </surface>
        </newparam>
        <newparam sid="SGN_avt_base_png-sampler">
          <sampler2D>
            <source>SGN_avt_base_png-surface</source>
          </sampler2D>
        </newparam>
        <technique sid="common">
          <phong>
            <diffuse>
              <texture texture="SGN_avt_base_png-sampler" texcoord="SGN_avt_base_png"/>
            </diffuse>
            <specular>
              <color sid="specular">0 0 0 1</color>
            </specular>
          </phong>
        </technique>
      </profile_COMMON>
    </effect>
  </library_effects>
  <library_materials>
    <material id="SGN_avt_base_png-material" name="SGN_avt_base_png">
      <instance_effect url="#SGN_avt_base_png-effect"/>
    </material>
  </library_materials>
  <library_geometries>
    <geometry id="Untitled-mesh" name="Untitled">
      <mesh>
        <source id="Untitled-mesh-positions">
          <float_array id="Untitled-mesh-positions-array" count="8442">0 -19.0101 60.1275 0 -19.63046 58.63412 1.275198 -18.75178 58.63155 6.223137 -20.54884 86.46444 9.498896 -23.87435 75.61814 8.993768 -22.47513 86.95751 19.56752 -4.917263 85.89926 18.58229 -8.280661 87.91062 23.57096 -9.569831 80.555 -1.519513 -7.406711 34.97207 -1.243963 -7.470414 34.65444 -0.001163125 -7.469393 34.97315 13.3285 -3.140316 97.02572 6.954844 -3.959508 98.85955 11.2826 -6.512482 97.02506 -17.0041 4.204668 62.42897 -12.97671 6.109577 57.74406 -13.41426 1.356334 57.44291 0 5.565503 100.4537 -3.318027 5.586359 100.3552 0 1.16032 100.4906 4.334375 -7.256363 98.85955 3.285415 -2.987588 99.77368 0 -7.922376 98.85955 -28.61865 -18.41115 79.35826 -21.14693 -9.773139 79.17797 -20.62763 -14.5376 80.72087 -24.38764 -3.844051 78.99722 -22.99242 -9.446479 74.79003 -24.39836 -2.104075 73.31726 -23.20833 -12.50692 89.77286 -25.02181 -6.982956 90.51213 -26.73365 -15.62382 89.61385 -29.51626 -8.83767 84.20211 -29.97825 -10.75336 88.65345 -33.84631 -13.96333 81.88794 -33.7944 -15.42708 84.57097 -37.97277 -21.18756 77.229 -31.61635 -12.72742 79.07548 -24.38764 -3.844051 78.99722 -28.61865 -18.41115 79.35826 -29.61646 -19.57312 83.02105 -23.1366 -17.01534 86.12441 -20.62763 -14.5376 80.72087 -16.02884 -13.93704 88.10682 -17.86186 -24.9323 89.17981 -17.12006 -17.46484 93.55918 -18.55979 -24.15933 94.50102 -18.01059 -34.1434 89.67524 -18.81675 -33.66306 92.86243 -18.05092 -43.39651 89.44276 -30.4321 -5.201353 79.48728 -38.80913 -8.181755 84.34942 -24.39836 -2.104075 73.31726 -39.65018 -6.124125 80.87676 -32.12052 0.2681314 76.15321 -54.62799 -5.476609 82.33061 -40.65182 -1.912633 78.71601 -18.93747 2.654984 71.19605 -40.43899 2.141367 87.94704 -41.11838 1.762603 80.6238 -32.72821 5.680949 88.66059 -32.91775 5.470855 78.89175 -17.2566 9.94012 87.45854 -19.12586 10.33763 75.2375 -21.12833 -5.253369 67.70605 -22.99242 -9.446479 74.79003 -18.09678 -3.739089 66.52585 -20.80309 -9.570512 68.73143 -16.53354 -9.962738 64.85176 -18.07551 -7.720928 68.45558 -18.04101 -9.625238 69.68042 -17.78445 -10.11282 74.8922 -17.89981 -0.7647191 67.65629 -12.43347 -17.50536 74.23604 -17.64882 -13.93775 71.9967 -14.33567 -17.41862 66.94469 -9.714408 -17.84937 79.99008 -4.468318 -21.48532 74.12731 -8.209274 -20.8418 74.30099 -6.129873 -24.9832 66.55513 -3.247187 -19.26386 80.1361 -1.555599 -22.90555 74.61721 2.691935 -20.34225 79.68772 4.389291 -18.74529 80.96515 10.4559 -19.76488 74.40148 7.537263 -19.98862 74.61878 9.036687 -22.14417 65.09168 8.000816 -15.39646 81.38814 14.88877 -18.18598 74.38993 14.68213 -14.94319 78.6543 16.38859 -15.84007 73.22229 18.69085 -16.3914 83.05354 17.69153 -19.36298 85.62026 15.49261 -11.52626 89.58705 18.95376 -16.83128 73.41101 16.52034 -13.42347 64.46871 16.98949 -12.47619 71.37805 18.68337 -7.721196 71.67124 16.2244 -10.61394 77.71726 20.47179 -6.954638 76.17047 22.69809 -5.755517 71.06533 23.69255 -4.638182 76.98464 23.90744 0.5158414 75.72972 18.05529 -6.864566 63.67341 22.44427 -2.120043 69.38587 21.33741 0.08403998 68.10046 21.90108 3.640279 71.45054 17.82893 -0.9573107 68.80651 17.89981 -0.7647191 67.65629 17.77546 -4.18998 70.10838 17.40316 -2.633971 73.21251 17.36247 1.601566 73.80272 23.68032 8.209494 65.18177 17.09997 4.668625 64.37255 25.74535 6.366807 71.3031 30.74153 12.4227 65.90805 32.12496 11.09416 70.21851 43.40753 20.56991 66.92317 18.98997 9.93712 77.55292 28.36132 4.532788 76.04827 29.05474 17.0273 64.66784 28.4005 20.7031 67.70707 30.27764 19.00383 72.91517 21.29425 14.79818 63.24237 19.71836 19.69167 68.05532 10.87855 11.31775 61.23521 22.70274 17.614 75.02897 12.52766 17.76988 67.87088 14.84565 16.42406 76.07591 27.20727 9.435125 79.00516 25.55091 10.51281 82.85889 17.17925 11.39018 82.2582 17.63522 8.481182 87.8954 25.00099 8.621131 87.92684 33.30262 7.631027 86.39604 34.08022 8.796504 81.49409 46.38039 4.490496 82.7548 35.41678 5.421255 79.38564 35.28524 2.08658 81.20943 34.98855 0.41659 84.05906 27.79708 -1.780777 83.70385 28.26081 -0.1294305 79.56175 19.46293 -4.936679 80.59337 1.517187 -7.406711 34.97207 -0.001163125 -7.469393 34.97315 1.163871 -7.469158 34.66428 1.525091 -7.415155 33.51247 1.517187 -7.406711 34.97207 4.478445 -6.566271 34.96419 4.470923 -6.557323 32.15817 1.588401 -7.479228 32.11961 7.320785 -4.497992 34.94224 7.385156 -4.47847 32.15223 8.421873 -0.6057831 34.92298 8.457015 -0.5944461 32.13738 7.269377 3.306771 34.86914 7.334903 3.337004 32.09319 4.520565 5.56826 34.87836 4.571348 5.564239 32.12511 1.929006 6.078213 34.86096 1.966129 6.128435 32.11077 -0.001163125 6.078524 34.86098 -0.001163125 6.129783 32.10091 13.32526 1.823548 97.02709 16.68164 -3.06323 93.63469 17.47135 2.292692 93.63488 13.3285 -3.140316 97.02572 15.196 -8.028702 93.63464 13.00186 -10.64047 93.63467 11.2826 -6.512482 97.02506 8.870378 -12.58334 93.63563 14.73766 -13.22748 88.65408 18.62593 -8.405225 88.56627 19.77602 -2.823342 88.57946 21.18107 -2.702911 83.21237 17.88687 -10.20511 88.5578 20.13689 -8.159813 83.21237 21.94491 3.194907 75.46055 21.69149 -2.103976 75.46055 19.00088 -11.21939 83.21237 19.86532 -7.239519 75.46055 18.67272 -10.57423 75.86174 14.38539 -14.31053 80.97582 9.483946 -15.64613 88.65959 9.208172 -16.83436 81.41679 3.859693 -18.6086 81.34375 4.473191 -17.2649 88.64459 4.168688 -14.13258 93.63472 7.575193 -9.611809 97.07091 3.391633 -10.95633 97.07054 0 -17.99863 88.63816 0 -19.37488 81.00122 0 -15.09 93.63289 0 -11.33252 97.07032 -3.391633 -10.95633 97.07054 -4.168688 -14.13258 93.63472 0 -7.922376 98.85955 -4.334375 -7.256363 98.85955 21.8181 8.755876 75.46055 19.31927 8.085174 67.78494 18.77504 3.396775 67.31608 17.0041 4.204668 62.42897 16.87202 7.373231 62.62807 12.97671 6.109577 57.74406 11.09363 10.68633 58.17053 14.23656 13.24798 62.72705 16.4853 14.85995 67.50112 11.49802 20.20963 67.50112 12.08989 21.99487 75.35674 18.67272 -10.57423 75.86174 19.00088 -11.21939 83.21237 14.38539 -14.31053 80.97582 19.86532 -7.239519 75.46055 20.13689 -8.159813 83.21237 21.69149 -2.103976 75.46055 21.18107 -2.702911 83.21237 21.94491 3.194907 75.46055 17.89981 -0.7647191 67.65629 18.77504 3.396775 67.31608 22.0259 2.949044 83.21237 21.8181 8.755876 75.46055 20.60562 2.771936 88.66048 19.77602 -2.823342 88.57946 19.48992 8.433693 88.65541 21.10541 8.94312 83.21237 17.6176 16.34336 83.21237 17.47135 2.292692 93.63488 16.61782 7.842342 93.63417 12.91915 6.784734 97.0261 13.32526 1.823548 97.02709 16.68164 -3.06323 93.63469 13.3285 -3.140316 97.02572 15.196 -8.028702 93.63464 11.2826 -6.512482 97.02506 17.88687 -10.20511 88.5578 14.73766 -13.22748 88.65408 13.00186 -10.64047 93.63467 8.870378 -12.58334 93.63563 7.575193 -9.611809 97.07091 4.334375 -7.256363 98.85955 3.391633 -10.95633 97.07054 0 -7.922376 98.85955 0 -11.33252 97.07032 -3.391633 -10.95633 97.07054 0 -15.09 93.63289 4.168688 -14.13258 93.63472 -7.575193 -9.611809 97.07091 -4.334375 -7.256363 98.85955 -6.954844 -3.959508 98.85955 -4.168688 -14.13258 93.63472 -11.2826 -6.512482 97.02506 -13.3285 -3.140316 97.02572 -8.870378 -12.58334 93.63563 0 -17.99863 88.63816 -15.196 -8.028702 93.63464 -13.00186 -10.64047 93.63467 -16.68164 -3.06323 93.63469 -14.73766 -13.0139 88.65408 -17.47135 2.292692 93.63488 -13.32526 1.823548 97.02709 -12.91915 6.784734 97.0261 -16.61782 7.842342 93.63417 -20.60562 2.771936 88.66048 -19.48992 8.433693 88.65541 -22.0259 2.949044 83.21237 -21.10541 8.94312 83.21237 -21.18107 -2.702911 83.21237 -21.8181 8.712843 75.46055 -21.94491 3.194907 75.46055 -17.6176 16.34336 83.21237 -21.69149 -2.103976 75.46055 -18.52439 16.21912 75.35674 -11.49802 21.83603 83.21237 -19.31927 8.085174 67.78494 -18.77504 3.396775 67.31608 -17.0041 4.204668 62.42897 -12.08989 21.99487 75.35674 -3.991242 24.75861 83.21237 -4.196796 25.06808 75.35674 -16.4853 14.85995 67.50112 -11.49802 20.20963 67.50112 -16.87202 7.373231 62.62807 -12.97671 6.109577 57.74406 -14.23656 13.24798 62.72705 -13.41426 1.356334 57.44291 -8.682613 3.940261 55.16403 -11.09363 10.68633 58.17053 -9.829419 17.56924 62.58734 -7.902579 14.43644 58.35548 -3.991242 23.14488 67.50112 -3.461889 20.40765 62.56987 0 25.06808 75.35674 0 23.14488 67.50112 -2.839768 17.15371 58.35548 -4.688114 5.710996 54.44809 0 7.002974 54.48933 0 17.15371 58.35548 0 20.40937 62.57368 2.839768 17.15371 58.35548 3.461889 20.40765 62.56987 3.991242 23.14488 67.50112 7.902579 14.43644 58.35548 9.829419 17.56924 62.58734 11.49802 20.20963 67.50112 4.196796 25.06808 75.35674 0 24.75861 83.21237 3.991242 24.75861 83.21237 12.08989 21.99487 75.35674 11.49802 21.83603 83.21237 14.23656 13.24798 62.72705 16.4853 14.85995 67.50112 11.09363 10.68633 58.17053 4.688114 5.710996 54.44809 8.682613 3.940261 55.16403 12.97671 6.109577 57.74406 13.41426 1.356334 57.44291 17.0041 4.204668 62.42897 18.52439 16.21912 75.35674 19.31927 8.085174 67.78494 -14.38539 -14.31053 80.97582 -19.00088 -11.21939 83.21237 -18.67272 -10.57423 75.86174 -20.13689 -8.159813 83.21237 -19.86532 -7.239519 75.46055 -21.69149 -2.103976 75.46055 -21.18107 -2.702911 83.21237 -17.89981 -0.7647191 67.65629 -21.94491 3.194907 75.46055 -18.77504 3.396775 67.31608 -22.0259 2.949044 83.21237 -21.8181 8.712843 75.46055 -19.77602 -2.823342 88.57946 -20.60562 2.771936 88.66048 -17.47135 2.292692 93.63488 -16.68164 -3.06323 93.63469 -15.196 -8.028702 93.63464 -13.3285 -3.140316 97.02572 -13.32526 1.823548 97.02709 -11.2826 -6.512482 97.02506 -17.88687 -10.03106 88.5578 -14.73766 -13.0139 88.65408 -13.00186 -10.64047 93.63467 -8.870378 -12.58334 93.63563 -7.575193 -9.611809 97.07091 -6.954844 -3.959508 98.85955 -24.39836 -2.104075 73.31726 -30.4321 -5.201353 79.48728 -32.12052 0.2681314 76.15321 -40.65182 -1.912633 78.71601 -32.91775 5.470855 78.89175 -18.93747 2.654984 71.19605 -19.12586 10.33763 75.2375 -41.11838 1.762603 80.6238 -54.62799 -5.476609 82.33061 -17.89981 -0.7647191 67.65629 -18.09678 -3.739089 66.52585 -18.07551 -7.720928 68.45558 -16.53354 -9.962738 64.85176 -18.67272 -10.57423 75.86174 -19.00088 -11.21939 83.21237 -19.86532 -7.239519 75.46055 -17.88687 -10.03106 88.5578 -20.13689 -8.159813 83.21237 -14.38539 -14.31053 80.97582 -18.62593 -8.405225 88.56627 -19.77602 -2.823342 88.57946 -9.483946 -15.40091 88.65959 -9.208172 -16.83436 81.41679 -3.859693 -18.6086 81.34375 -4.473191 -16.9985 88.64459 0 -19.37488 81.00122 -17.54951 -14.19927 113.4124 -6.708324 -7.758887 105.3955 -8.782732 -4.418017 107.2813 -3.330389 1.820057 99.47019 -9.714408 -17.84937 79.99008 -11.38007 -20.92183 81.38098 -12.71191 -20.07405 74.39328 -8.721889 -19.86461 85.19902 -12.71191 -20.07405 74.39328 -12.43347 -17.50536 74.23604 -9.714408 -17.84937 79.99008 -14.33567 -17.41862 66.94469 -19.18204 -15.42125 72.7442 -17.64882 -13.93775 71.9967 -20.62997 -13.96859 75.76921 -17.78445 -10.11282 74.8922 -21.14693 -9.773139 79.17797 -20.62763 -14.5376 80.72087 -22.99242 -9.446479 74.79003 -20.80309 -9.570512 68.73143 -18.04101 -9.625238 69.68042 -16.53354 -9.962738 64.85176 -24.38764 -3.844051 78.99722 -30.07076 -15.35222 78.77912 -31.61635 -12.72742 79.07548 -28.61865 -18.41115 79.35826 -37.97277 -21.18756 77.229 -16.02884 -13.93704 88.10682 -29.09712 -19.0447 99.39366 -23.20833 -12.50692 89.77286 -25.02181 -6.982956 90.51213 -13.41426 1.356334 57.44291 -19.78696 12.28873 57.66434 -17.19784 12.96277 54.96226 -23.88691 22.90863 53.884 1.525091 -7.415155 33.51247 1.856357 -7.856813 33.57103 2.653254 -8.302918 32.31294 1.163871 -7.469158 34.66428 -2.313408 -7.872481 32.23974 -1.617853 -7.415168 33.51249 -1.588401 -7.413539 32.12003 -1.243963 -7.470414 34.65444 19.48992 8.433693 88.65541 16.61782 7.842342 93.63417 20.60562 2.771936 88.66048 22.0259 2.949044 83.21237 6.494394 8.780016 35.73118 6.470573 8.781839 35.18217 7.80511 3.374626 35.78897 6.945959 8.775461 35.92918 17.89981 -0.7647191 67.65629 20.46752 3.007257 68.43078 18.77504 3.396775 67.31608 22.4095 5.287933 65.19124 17.0041 4.204668 62.42897 21.84926 4.676877 61.08782 13.41426 1.356334 57.44291 18.17615 1.776888 57.15423 13.90087 -1.965303 56.56822 10.27168 1.028259 54.55931 12.48748 -2.670729 54.2656 11.18165 -3.450384 52.95628 5.767824 0.9708768 52.85832 7.004106 -6.012642 50.83269 3.076311 -2.822181 51.23955 2.898871 -8.225655 49.39244 0 0.9208104 52.47625 0 -9.169719 48.80168 0 -3.244806 50.87087 -10.27168 1.028259 54.55931 -13.41426 1.356334 57.44291 -8.682613 3.940261 55.16403 -5.767824 0.9708768 52.85832 -4.688114 5.710996 54.44809 0 0.9208104 52.47625 0 7.002974 54.48933 4.688114 5.710996 54.44809 5.767824 0.9708768 52.85832 8.682613 3.940261 55.16403 10.27168 1.028259 54.55931 13.41426 1.356334 57.44291 -54.62799 -5.476609 82.33061 -38.80913 -8.181755 84.34942 -38.48542 -7.657439 88.74969 -29.51626 -8.83767 84.20211 -30.60393 -6.989728 89.81287 -25.02181 -6.982956 90.51213 -38.87413 -34.59392 112.0259 -26.76425 -25.90525 110.2447 -27.89586 -24.23335 113.5379 -17.31569 -19.31946 108.5609 -17.54951 -14.19927 113.4124 -6.708324 -7.758887 105.3955 -6.923134 -12.50204 98.60551 -38.87413 -34.59392 112.0259 -33.73591 -20.83904 112.4031 -35.12992 -22.01292 108.184 -30.31344 -8.402248 110.2467 -32.13516 -13.01877 103.6777 -23.25379 1.000272 102.2595 -25.91865 -4.700111 94.87129 -23.24574 1.042374 92.24433 -14.90773 7.768432 92.074 -2.961627 -33.92311 126.3566 8.219823 -22.07589 114.7202 8.411087 -17.75071 118.3486 12.42703 -14.83058 104.0241 12.77907 -8.591268 108.9665 11.81009 -9.928778 93.57518 10.5089 -2.139991 96.18591 -2.961627 -33.92311 126.3566 4.967315 -23.94037 112.1819 8.219823 -22.07589 114.7202 7.800342 -17.97594 100.9396 12.42703 -14.83058 104.0241 11.81009 -9.928778 93.57518 6.428857 -14.15054 90.91152 3.028921 -16.66906 93.57053 6.223137 -20.54884 86.46444 8.993768 -22.47513 86.95751 4.389291 -18.74529 80.96515 9.498896 -23.87435 75.61814 7.537263 -19.98862 74.61878 9.036687 -22.14417 65.09168 16.26479 -19.55438 74.82519 16.25323 -21.9196 75.22608 14.88877 -18.18598 74.38993 17.69153 -19.36298 85.62026 14.68213 -14.94319 78.6543 18.69085 -16.3914 83.05354 18.58229 -8.280661 87.91062 15.49261 -11.52626 89.58705 22.67563 -13.47925 82.16817 23.57096 -9.569831 80.555 16.2244 -10.61394 77.71726 8.000816 -15.39646 81.38814 16.38859 -15.84007 73.22229 16.98949 -12.47619 71.37805 16.52034 -13.42347 64.46871 18.68337 -7.721196 71.67124 22.03438 -12.49139 72.14467 17.40316 -2.633971 73.21251 17.77546 -4.18998 70.10838 18.05529 -6.864566 63.67341 20.47179 -6.954638 76.17047 19.46293 -4.936679 80.59337 19.56752 -4.917263 85.89926 23.69255 -4.638182 76.98464 23.90744 0.5158414 75.72972 28.26081 -0.1294305 79.56175 35.28524 2.08658 81.20943 28.36132 4.532788 76.04827 21.90108 3.640279 71.45054 22.44427 -2.120043 69.38587 21.33741 0.08403998 68.10046 17.89981 -0.7647191 67.65629 17.09997 4.668625 64.37255 10.87855 11.31775 61.23521 21.29425 14.79818 63.24237 23.68032 8.209494 65.18177 29.05474 17.0273 64.66784 30.74153 12.4227 65.90805 43.40753 20.56991 66.92317 -3.199244 -25.06967 90.69495 -1.192413 -17.95108 94.67231 -6.679561 -23.10189 89.86283 -4.582347 -27.18566 83.15693 -8.231116 -24.39297 82.86361 -5.675278 -27.517 76.75125 -8.384518 -25.46179 76.32323 -6.129873 -24.9832 66.55513 -6.129873 -24.9832 66.55513 -1.555599 -22.90555 74.61721 -1.531984 -25.14799 75.14119 2.691935 -20.34225 79.68772 2.265128 -23.30396 81.07775 4.389291 -18.74529 80.96515 6.223137 -20.54884 86.46444 -6.129873 -24.9832 66.55513 -8.384518 -25.46179 76.32323 -8.946063 -23.12998 75.38114 -8.231116 -24.39297 82.86361 -9.437714 -21.2598 81.6029 -6.129873 -24.9832 66.55513 -8.946063 -23.12998 75.38114 -8.209274 -20.8418 74.30099 -9.437714 -21.2598 81.6029 -9.714408 -17.84937 79.99008 -8.721889 -19.86461 85.19902 -8.231116 -24.39297 82.86361 -6.679561 -23.10189 89.86283 -18.05092 -43.39651 89.44276 -18.01059 -34.1434 89.67524 -15.55635 -35.21801 88.88241 -17.86186 -24.9323 89.17981 -13.08087 -27.02571 87.39188 -14.06152 -17.78944 87.17276 -8.721889 -19.86461 85.19902 -16.02884 -13.93704 88.10682 -23.1366 -17.01534 86.12441 -26.73365 -15.62382 89.61385 -23.20833 -12.50692 89.77286 -29.97825 -10.75336 88.65345 -25.02181 -6.982956 90.51213 -25.91865 -4.700111 94.87129 -23.24574 1.042374 92.24433 -32.13516 -13.01877 103.6777 -29.09712 -19.0447 99.39366 -32.57915 -24.60386 104.6323 -35.12992 -22.01292 108.184 -38.87413 -34.59392 112.0259 -18.02582 3.780866 86.62495 -14.90773 7.768432 92.074 -17.2566 9.94012 87.45854 46.38039 4.490496 82.7548 34.20394 1.419772 86.90084 34.98855 0.41659 84.05906 27.0665 -0.6117931 88.15409 27.79708 -1.780777 83.70385 19.46293 -4.936679 80.59337 19.37523 -2.152273 87.66615 -23.88691 22.90863 53.884 -13.86255 16.4601 61.57326 -12.37076 15.87992 58.64254 -6.98559 5.888855 66.58253 -4.318866 8.546484 60.40787 -23.88691 22.90863 53.884 -16.61739 15.72807 62.18952 -13.86255 16.4601 61.57326 -9.748976 5.165084 66.33826 -6.98559 5.888855 66.58253 -23.88691 22.90863 53.884 -19.36935 13.14136 61.06064 -16.61739 15.72807 62.18952 -16.17919 3.867598 64.53305 -9.748976 5.165084 66.33826 -23.88691 22.90863 53.884 -19.78696 12.28873 57.66434 -19.36935 13.14136 61.06064 -13.41426 1.356334 57.44291 -16.17919 3.867598 64.53305 -23.88691 22.90863 53.884 -12.37076 15.87992 58.64254 -13.09696 14.83341 54.82166 -4.318866 8.546484 60.40787 -4.688114 5.710996 54.44809 -44.21781 15.79716 64.83238 -34.79682 17.28966 64.57154 -35.36074 13.35914 63.77497 -26.97253 17.61587 64.02013 -27.83078 11.21013 62.43834 -9.202254 4.296823 55.75402 -9.600287 16.00895 63.90134 1.093125 44.90295 82.19453 -3.395935 27.6643 84.55391 -0.4767928 27.62816 87.20354 -5.307374 22.75452 84.56041 -0.7198071 22.20577 87.3123 -2.666658 -21.78087 113.0872 -3.68729 -18.70052 115.7975 -4.094164 -15.18612 105.726 -4.973877 -11.42981 109.4825 -6.708324 -7.758887 105.3955 -1.588401 -7.413539 32.12003 -0.7678601 -8.258381 32.27232 -0.7285886 -8.546977 30.04868 -0.8623365 -8.985533 30.04839 -0.4945914 -9.120525 27.08164 -0.6987976 -9.576524 27.0761 -0.306701 -9.438937 24.48889 -0.4600159 -10.02045 24.52413 -0.01331162 -9.738072 21.78786 -0.1613804 -10.47478 21.93931 1.525091 -7.415155 33.51247 2.475068 -7.808266 32.2526 1.588401 -7.479228 32.11961 3.065897 -8.246435 30.17976 0.8641192 -8.701159 30.00315 0.8167135 -9.225706 27.03614 3.994177 -8.695842 27.22598 2.581282 -9.429017 23.50261 0.952019 -9.624549 23.18291 5.116323 -9.050677 24.44554 -3.459757 -8.908174 27.1846 -2.816202 -8.384428 30.06841 -3.367615 -8.55494 27.20489 -3.84007 -9.253605 24.46756 -3.482065 -8.843361 24.45698 -3.775822 -9.124209 21.7835 -4.209987 -9.651067 21.6254 -2.310139 -9.458543 21.27756 -3.775822 -9.124209 21.7835 -1.794301 -9.361995 24.47294 -3.482065 -8.843361 24.45698 -1.802082 -9.037631 27.14327 -3.367615 -8.55494 27.20489 -2.590907 -8.080231 30.06515 -2.816202 -8.384428 30.06841 -2.313408 -7.872481 32.23974 -1.588401 -7.413539 32.12003 4.480003 -9.914916 24.2751 5.116323 -9.050677 24.44554 3.683954 -9.413965 27.17763 3.994177 -8.695842 27.22598 3.202578 -8.80696 30.14415 3.065897 -8.246435 30.17976 2.653254 -8.302918 32.31294 2.475068 -7.808266 32.2526 1.525091 -7.415155 33.51247 -14.23656 13.24798 62.72705 -9.829419 17.56924 62.58734 -11.09363 10.68633 58.17053 -16.4853 14.85995 67.50112 -11.49802 20.20963 67.50112 -4.688114 5.710996 54.44809 -8.682613 3.940261 55.16403 -7.902579 14.43644 58.35548 -12.08989 21.99487 75.35674 -4.196796 25.06808 75.35674 -3.991242 23.14488 67.50112 -3.991242 24.75861 83.21237 0 24.75861 83.21237 0 25.06808 75.35674 3.991242 23.14488 67.50112 4.196796 25.06808 75.35674 0 23.14488 67.50112 -3.461889 20.40765 62.56987 -2.839768 17.15371 58.35548 0 20.40937 62.57368 0 17.15371 58.35548 2.839768 17.15371 58.35548 4.688114 5.710996 54.44809 7.902579 14.43644 58.35548 0 7.002974 54.48933 0.06310313 8.446114 29.17725 -0.2818583 7.223797 29.21122 -1.697061 8.406744 28.66684 -1.367927 7.191182 28.67108 -2.310773 8.117123 27.5396 -1.789037 7.082231 27.53934 -2.519599 7.656394 25.62235 -1.368085 6.960847 26.55576 -1.418019 7.561646 25.05765 -0.3318085 6.870405 26.17625 -0.2605492 7.285057 23.77879 0.6104568 7.412447 24.86612 0.7307428 6.93756 26.66929 2.004277 7.35788 25.09674 1.242959 7.04104 27.6794 2.064709 7.613595 27.5337 0.8449873 7.171718 28.76574 1.200212 8.274323 28.84233 -0.2818583 7.223797 29.21122 0.06310313 8.446114 29.17725 0.06310313 8.446114 29.17725 -0.04313617 5.891187 29.66595 1.200212 8.274323 28.84233 1.130627 5.85823 29.16571 2.064709 7.613595 27.5337 1.579758 5.836487 28.06554 2.004277 7.35788 25.09674 1.020473 5.668204 26.7507 0.6104568 7.412447 24.86612 -0.1447594 5.429672 26.37244 -0.2605492 7.285057 23.77879 -1.418019 7.561646 25.05765 -1.276723 5.650545 26.76889 -2.519599 7.656394 25.62235 -1.732362 5.858184 28.02458 -2.310773 8.117123 27.5396 -1.225852 5.834976 29.14177 -1.697061 8.406744 28.66684 -0.04313617 5.891187 29.66595 0.06310313 8.446114 29.17725 -6.478593 5.355416 49.04182 -8.086633 4.991049 48.98588 -8.520021 0.06460916 49.77926 -9.119642 -0.05831855 49.77893 -7.076559 -4.202754 47.2608 -7.757357 -4.187148 47.38208 -4.553317 -6.21557 44.33813 -5.377036 -5.898986 44.33459 -3.710472 -6.98136 42.65386 -3.318548 -7.137461 42.96303 -1.809943 -7.852993 41.43394 -1.818404 -7.969263 41.06136 0 -8.370125 39.77075 7.320785 -4.497992 34.94224 6.228289 -5.998429 35.29635 4.478445 -6.566271 34.96419 4.627578 -7.344062 35.94366 1.517187 -7.406711 34.97207 1.812179 -8.792078 36.5536 1.785368 -8.618302 37.34756 0 -8.59702 38.40163 0 -8.856015 36.55635 0 -7.469393 34.97315 -1.887432 -8.569757 38.00572 -1.009179 -8.401762 39.10818 -1.814505 -8.792078 36.5536 -1.519513 -7.406711 34.97207 -1.980374 -8.216387 39.77897 -4.684334 -7.899513 36.55245 -4.480772 -6.566271 34.96419 -4.603299 -7.501292 39.98698 -4.461366 -7.223469 41.87942 -4.653705 -7.724353 38.203 -7.040017 -6.627668 36.51046 -7.323112 -4.497992 34.94224 -8.842693 -5.059948 36.53936 -7.010774 -6.414798 38.32841 -8.665967 -5.035057 38.36427 -8.624579 -4.888939 40.21619 -6.920948 -6.271365 40.08341 -6.819008 -6.079314 41.91653 -8.559214 -4.734659 41.91183 -6.723194 -5.754421 44.23798 -8.841198 -4.53127 44.32803 -9.217786 -4.12218 47.60251 -10.18789 -4.578179 44.32549 -10.26269 -4.017905 47.6873 -11.35854 -4.511167 44.32295 -11.66078 -3.715949 47.48736 -10.30608 -0.3015491 49.77828 -11.99539 -0.3123884 49.44549 -10.27593 4.367214 48.53451 -9.318578 4.721507 48.8307 -11.6842 3.900033 48.12516 -12.34522 11.78252 52.14614 -17.742 11.80365 56.79489 -11.76919 11.4839 52.82144 -17.16597 11.50503 57.47018 -11.57371 10.5963 53.04719 -16.97049 10.61742 57.69594 -11.76519 9.708805 52.81843 -17.16197 9.72993 57.46717 -12.33988 9.410499 52.14212 -17.73666 9.431624 56.79087 -12.91591 9.709119 51.46683 -18.31269 9.730244 56.11557 -13.11139 10.59672 51.24107 -18.50817 10.61784 55.88982 -12.91991 11.48421 51.46984 -18.31669 11.50534 56.11858 -12.34522 11.78252 52.14614 -17.742 11.80365 56.79489 7.980047 12.37575 34.63894 12.0903 12.35998 31.09883 7.079503 11.9084 33.57958 11.18996 11.89264 30.03929 6.779308 10.51801 33.22137 10.88998 10.50225 29.6809 7.085453 9.127452 33.57513 11.19623 9.111687 30.03458 7.987998 8.65962 34.633 12.09867 8.643854 31.09253 12.999 9.111195 32.15207 8.888542 9.12696 35.69235 13.29899 10.50159 32.51045 9.188736 10.51735 36.05057 12.99274 11.89215 32.15678 8.882592 11.90791 35.6968 12.0903 12.35998 31.09883 7.980047 12.37575 34.63894 6.058592 12.38363 36.29454 -7.190141 12.43487 47.70606 6.961137 11.9158 37.3524 -6.287681 11.96703 48.764 7.267282 10.52524 37.70617 -5.981452 10.57647 49.11769 6.967087 9.134843 37.34796 -6.281476 9.186081 48.75934 6.066544 8.667502 36.2886 -7.18185 8.71874 47.69983 5.163999 9.135335 35.23073 -8.084311 9.186573 46.6419 4.857854 10.52589 34.87697 -8.39054 10.57713 46.28821 5.158049 11.91629 35.23518 -8.090516 11.96753 46.64656 6.058592 12.38363 36.29454 -7.190141 12.43487 47.70606 -18.77504 3.396775 67.31608 -20.46752 3.007257 68.43078 -17.89981 -0.7647191 67.65629 -22.4095 5.287933 65.19124 -17.0041 4.204668 62.42897 -21.84926 4.676877 61.08782 -13.41426 1.356334 57.44291 -18.17615 1.776888 57.15423 -13.90087 -1.965303 56.56822 -10.27168 1.028259 54.55931 -12.48748 -2.670729 54.2656 -11.18165 -3.450384 52.95628 -5.767824 0.9708768 52.85832 -7.004106 -6.012642 50.83269 -3.076311 -2.822181 51.23955 0 0.9208104 52.47625 -2.898871 -8.225655 49.39244 0 -3.244806 50.87087 0 -9.169719 48.80168 -14.33567 -17.41862 66.94469 -19.00218 -18.49811 73.80022 -19.18204 -15.42125 72.7442 -20.62997 -13.96859 75.76921 -19.52369 -17.75945 81.79465 -20.62763 -14.5376 80.72087 -16.02884 -13.93704 88.10682 -2.357588 -13.87378 119.7321 -3.68729 -18.70052 115.7975 -2.961627 -33.92311 126.3566 -1.128411 -4.67446 112.8003 -4.973877 -11.42981 109.4825 -6.708324 -7.758887 105.3955 -3.330389 1.820057 99.47019 8.682613 3.940261 55.16403 19.16207 13.10985 57.2548 13.41426 1.356334 57.44291 16.99233 15.18453 55.97882 26.69717 21.23537 56.90791 16.02391 18.45663 60.60822 19.05117 15.47714 62.50316 5.673614 12.8704 64.60915 9.906956 9.633838 67.25573 -10.35556 13.98489 62.37455 -9.283238 30.83857 65.55253 -0.1357604 17.73698 62.26123 -15.38365 28.97591 65.66336 -18.47574 46.68275 66.86054 -0.6639677 22.864 74.9711 5.643227 28.12659 77.34368 7.471269 23.45677 75.48557 0.04891496 27.77516 76.79335 1.093125 44.90295 82.19453 -9.600287 16.00895 63.90134 -26.97253 17.61587 64.02013 -15.43663 15.44412 74.88092 -27.17757 17.16525 71.57842 -34.79682 17.28966 64.57154 -34.98608 17.33643 68.80105 -44.21781 15.79716 64.83238 -35.36074 13.35914 63.77497 -36.35369 11.41869 64.92781 -37.44496 11.06136 67.46475 -27.83078 11.21013 62.43834 -29.80254 7.356859 64.72763 -31.26459 7.619847 69.63249 -9.202254 4.296823 55.75402 -13.41426 1.356334 57.44291 -17.09997 4.668625 64.37255 -20.0089 3.025438 71.39591 7.471269 23.45677 75.48557 5.643227 28.12659 77.34368 8.609869 22.6506 81.76313 6.385844 28.03882 82.31813 1.093125 44.90295 82.19453 0.04891496 27.77516 76.79335 -3.767227 27.73161 79.66115 -0.6639677 22.864 74.9711 -3.395935 27.6643 84.55391 -5.903956 22.88422 78.87313 -5.307374 22.75452 84.56041 -0.001163125 6.129783 32.10091 -1.966129 6.128435 32.11077 -0.001163125 6.078524 34.86098 -1.931332 6.078213 34.86096 -4.571348 5.564239 32.12511 -4.522891 5.56826 34.87836 -7.334903 3.337004 32.09319 -7.271703 3.306771 34.86914 -8.457015 -0.5944461 32.13738 -8.424199 -0.6057831 34.92298 -7.385156 -4.456973 32.15223 -7.323112 -4.497992 34.94224 -5.699156 -5.734605 32.17556 -4.480772 -6.566271 34.96419 -4.470923 -6.524471 32.15817 -1.617853 -7.415168 33.51249 -1.588401 -7.413539 32.12003 -1.519513 -7.406711 34.97207 -1.243963 -7.470414 34.65444 1.588401 -7.479228 32.11961 0.8641192 -8.701159 30.00315 0.7487142 -8.229721 32.26609 0.9529823 -9.105586 29.99761 0.8167135 -9.225706 27.03614 0.9309612 -9.76403 27.07138 0.952019 -9.624549 23.18291 1.081592 -10.2357 23.36204 -0.7285886 -8.546977 30.04868 -2.590907 -8.080231 30.06515 -1.588401 -7.413539 32.12003 -1.802082 -9.037631 27.14327 -0.4945914 -9.120525 27.08164 -1.794301 -9.361995 24.47294 -0.306701 -9.438937 24.48889 -2.310139 -9.458543 21.27756 -0.01331162 -9.738072 21.78786 2.086454 -9.503451 38.47109 1.730858 -9.753483 38.17204 2.132033 -9.132471 38.44322 1.743606 -9.123267 38.05286 1.393457 -9.645565 37.81893 1.358502 -9.261263 37.66584 -8.086633 4.991049 48.98588 -8.20792 8.568677 47.86544 -7.776567 8.567694 48.02495 -9.318578 4.721507 48.8307 -8.640919 8.569663 48.03 -9.110309 4.765249 49.40085 -8.61953 8.569604 48.57901 -10.30608 -0.3015491 49.77828 -8.202786 8.568643 48.77701 -10.0022 -0.2556661 50.12376 -8.435825 4.840759 49.46125 -7.762887 8.56763 48.57925 -7.776567 8.567694 48.02495 -8.086633 4.991049 48.98588 -9.119642 -0.05831855 49.77893 -9.472109 -0.1559048 50.21398 -7.757357 -4.187148 47.38208 -8.125101 -4.540388 47.6807 -5.377036 -5.898986 44.33459 -8.765769 -4.475264 47.7959 -9.217786 -4.12218 47.60251 -5.688214 -6.528944 44.3338 -3.710472 -6.98136 42.65386 -6.371163 -6.50131 44.28991 -6.723194 -5.754421 44.23798 -4.461366 -7.223469 41.87942 -3.988837 -7.587559 42.50617 -1.818404 -7.969263 41.06136 -4.274524 -7.577496 42.16975 -1.980374 -8.216387 39.77897 -1.905632 -8.37803 40.74988 -1.980027 -8.47289 40.14691 -0.775573 -8.588781 40.02867 0 -8.370125 39.77075 -1.022374 -8.671229 39.51692 -1.009179 -8.401762 39.10818 0 -8.733541 39.53328 2.061969 -8.393001 38.4159 0 -8.935559 38.91887 0 -8.59702 38.40163 2.007682 -8.833504 38.20622 4.690877 -7.795068 37.2206 1.925138 -8.972545 37.72896 1.785368 -8.618302 37.34756 4.607778 -8.063778 36.91028 6.850081 -6.323321 36.42208 4.581872 -7.976049 36.33147 4.627578 -7.344062 35.94366 6.895602 -6.506084 36.07394 8.360059 -4.882326 36.03454 6.675281 -6.451236 35.51602 6.228289 -5.998429 35.29635 7.320785 -4.497992 34.94224 8.387668 -4.932843 35.66594 8.019805 -4.776022 35.0604 8.985057 -0.6015774 34.98144 8.421873 -0.6057831 34.92298 9.187137 -0.597967 35.50678 8.900598 -0.5965436 35.79104 7.80511 3.374626 35.78897 8.577266 3.505834 35.58453 6.945959 8.775461 35.92918 7.422443 8.771069 35.73142 7.405428 8.776622 35.17712 8.537478 3.494359 35.06023 6.938868 8.779285 35.01762 7.842133 3.39665 34.91733 6.470573 8.781839 35.18217 7.80511 3.374626 35.78897 16.78373 -0.735921 65.15944 20.46752 3.007257 68.43078 17.89981 -0.7647191 67.65629 22.4095 5.287933 65.19124 21.84926 4.676877 61.08782 15.48617 -1.182625 61.05443 13.90087 -1.965303 56.56822 18.17615 1.776888 57.15423 -17.89981 -0.7647191 67.65629 -20.46752 3.007257 68.43078 -16.78373 -0.735921 65.15944 -22.4095 5.287933 65.19124 -21.84926 4.676877 61.08782 -15.48617 -1.182625 61.05443 -13.90087 -1.965303 56.56822 -18.17615 1.776888 57.15423 8.682613 3.940261 55.16403 4.688114 5.710996 54.44809 16.99233 15.18453 55.97882 3.162072 10.45609 56.72214 15.90885 17.34693 56.89137 26.69717 21.23537 56.90791 16.02391 18.45663 60.60822 5.673614 12.8704 64.60915 20.84194 12.70452 60.5009 19.16207 13.10985 57.2548 19.05117 15.47714 62.50316 13.41426 1.356334 57.44291 17.0041 4.204668 62.42897 14.0468 6.336515 65.46263 9.906956 9.633838 67.25573 -2.310139 -9.458543 21.27756 -4.209987 -9.651067 21.6254 -3.775822 -9.124209 21.7835 -2.414929 -10.81712 21.51138 -0.1613804 -10.47478 21.93931 -0.01331162 -9.738072 21.78786 4.480003 -9.914916 24.2751 2.581282 -9.429017 23.50261 5.116323 -9.050677 24.44554 2.614895 -10.26366 23.85621 1.081592 -10.2357 23.36204 0.952019 -9.624549 23.18291 21.10541 8.94312 83.21237 15.82894 15.24648 88.65204 19.48992 8.433693 88.65541 17.6176 16.34336 83.21237 11.49802 21.83603 83.21237 10.32602 20.35465 88.65354 3.991242 24.75861 83.21237 3.585631 23.08593 88.66298 0 23.05741 88.64478 0 24.75861 83.21237 -3.991242 24.75861 83.21237 -3.585631 23.08593 88.66298 -10.32602 20.35465 88.65354 -11.49802 21.83603 83.21237 -15.82894 15.24648 88.65204 -17.6176 16.34336 83.21237 -21.10541 8.94312 83.21237 -19.48992 8.433693 88.65541 -15.82894 15.24648 88.65204 -8.844019 17.71843 93.63361 -3.055394 19.90027 93.63408 -3.585631 23.08593 88.66298 -13.51861 13.4266 93.63386 -19.48992 8.433693 88.65541 -16.61782 7.842342 93.63417 -12.91915 6.784734 97.0261 -10.92514 11.36643 97.02531 -7.146902 13.86817 97.02524 -2.484833 15.6345 97.02519 0 15.82208 97.02485 0 20.10988 93.63294 0 23.05741 88.64478 3.585631 23.08593 88.66298 3.055394 19.90027 93.63408 2.484833 15.6345 97.02519 10.32602 20.35465 88.65354 8.844019 17.71843 93.63361 7.146902 13.86817 97.02524 15.82894 15.24648 88.65204 13.51861 13.4266 93.63386 19.48992 8.433693 88.65541 10.92514 11.36643 97.02531 16.61782 7.842342 93.63417 12.91915 6.784734 97.0261 -1.959196 -8.939392 38.04846 -2.308814 -9.319924 38.65048 -2.303692 -8.958264 38.51958 -2.006117 -9.695609 38.30466 -1.55348 -9.713598 37.88006 -1.5205 -9.234227 37.71264 7.269377 3.306771 34.86914 7.80511 3.374626 35.78897 8.421873 -0.6057831 34.92298 4.520565 5.56826 34.87836 4.969448 6.929867 36.49206 8.754785 3.825807 36.48756 1.929006 6.078213 34.86096 8.597748 4.238523 38.92052 2.698897 7.50605 36.49783 0 6.078524 34.86098 5.325493 7.233077 39.53365 7.42959 6.144398 42.15678 0 7.778548 36.5036 -1.931332 6.078213 34.86096 2.825031 7.916243 39.51631 -2.701223 7.50605 36.49783 -4.522891 5.56826 34.87836 0 8.211538 39.52507 -7.271703 3.306771 34.86914 -8.757111 3.825807 36.48756 -4.971774 6.929867 36.49206 -8.614258 4.110846 39.13594 -2.825031 7.916243 39.51631 -5.325493 7.233077 39.53365 -7.42959 6.144398 42.15678 0 8.407334 42.20829 -2.878359 8.213574 42.20826 -5.447131 7.429808 42.20798 2.878359 8.213574 42.20826 0 8.317297 44.97912 -2.870388 8.148191 44.96631 -5.446218 7.557769 44.92361 -7.537809 6.443686 44.9739 -8.086633 4.991049 48.98588 -6.478593 5.355416 49.04182 -4.368504 6.406352 48.76211 0 7.112506 48.84163 2.870388 8.148191 44.96631 4.368504 6.406352 48.76211 5.447131 7.429808 42.20798 5.446218 7.557769 44.92361 6.478593 5.274145 49.04182 7.537809 6.443686 44.9739 7.601172 5.045239 48.98588 -8.757111 3.825807 36.48756 -7.271703 3.306771 34.86914 -9.820263 -0.5902177 36.51698 -8.424199 -0.6057831 34.92298 -7.323112 -4.497992 34.94224 -8.842693 -5.059948 36.53936 11.26266 -0.3167314 41.1329 10.03566 -2.824323 42.00341 10.14976 -0.3315127 41.06337 11.21962 -2.591876 42.0424 10.18161 -4.153576 44.40273 12.54185 -0.2717769 40.90386 11.33042 -3.950453 44.32295 10.30715 -3.748047 47.63208 12.41378 -2.774729 41.91138 11.78801 -3.34236 47.5011 10.44437 -0.3015491 49.49087 12.22539 -0.3123884 49.03474 12.58453 -4.057042 44.31787 13.23727 -3.234103 46.9193 13.89007 -0.3068584 48.34387 15.75763 -0.305523 48.38637 15.4087 -2.924976 47.08318 18.14353 -0.3517314 48.32361 15.17355 -4.02519 44.35022 18.78956 -3.155988 47.04054 20.40094 -0.2326754 49.15078 15.40626 -2.795339 41.91115 15.7551 -0.2721788 40.79549 19.03977 -4.224843 44.35079 20.30823 -3.417915 47.76843 25.56612 -0.2314688 49.35963 25.36087 -3.559297 47.9322 18.75948 -3.02703 41.95615 18.1709 -0.3124628 40.85391 20.31683 -4.744429 44.27676 25.18153 -4.852539 44.28674 20.28573 -3.544483 41.13626 20.43082 -0.1702823 39.76207 25.02318 -3.738528 40.93271 25.18498 -0.1708076 39.49552 -10.14976 -0.3315127 41.06337 -10.03566 -2.824323 42.00341 -11.26266 -0.3167314 41.1329 -11.21962 -2.591876 42.0424 -10.18161 -4.153576 44.40273 -12.54185 -0.2717769 40.90386 -11.33042 -3.950453 44.32295 -10.30715 -3.748047 47.63208 -12.41378 -2.774729 41.91138 -11.78801 -3.34236 47.5011 -10.44437 -0.3015491 49.49087 -12.22539 -0.3123884 49.03474 -12.58453 -4.057042 44.31787 -13.23727 -3.234103 46.9193 -13.89007 -0.3068584 48.34387 -15.75763 -0.305523 48.38637 -15.4087 -2.924976 47.08318 -18.14353 -0.3517314 48.32361 -15.17355 -4.02519 44.35022 -18.78956 -3.155988 47.04054 -20.40094 -0.2326754 49.15078 -15.40626 -2.795339 41.91115 -15.7551 -0.2721788 40.79549 -19.03977 -4.224843 44.35079 -20.30823 -3.417915 47.76843 -25.56612 -0.2314688 49.35963 -25.36087 -3.559297 47.9322 -18.75948 -3.02703 41.95615 -18.1709 -0.3124628 40.85391 -20.31683 -4.744429 44.27676 -25.18153 -4.852539 44.28674 -20.28573 -3.544483 41.13626 -20.43082 -0.1702823 39.76207 -25.02318 -3.738528 40.93271 -25.18498 -0.1708076 39.49552 -10.44437 -0.3015491 49.49087 -10.24935 4.006496 48.51289 -12.22539 -0.3123884 49.03474 -11.93029 3.221066 47.97611 -9.979469 4.608488 44.984 -13.89007 -0.3068584 48.34387 -11.407 4.039115 44.73441 -9.957432 3.753659 42.29452 -13.30659 2.96207 47.18343 -11.2817 3.13724 42.26453 -10.14976 -0.3315127 41.06337 -11.26266 -0.3167314 41.1329 -12.72197 3.735692 44.51684 -12.49609 2.800383 42.12679 -12.54185 -0.2717769 40.90386 -15.7551 -0.2721788 40.79549 -16.25322 2.844383 42.13538 -18.1709 -0.3124628 40.85391 -16.28337 3.679308 44.47496 -17.45489 3.198103 42.04033 -20.43082 -0.1702823 39.76207 -16.25502 2.853522 47.05553 -15.75763 -0.305523 48.38637 -17.24489 4.170108 44.4679 -20.29106 3.623278 41.18073 -25.18498 -0.1708076 39.49552 -25.05238 3.624158 40.94269 -17.44121 3.212316 47.14875 -18.14353 -0.3517314 48.32361 -20.37273 4.708373 44.34302 -25.25935 4.70628 44.34622 -20.27946 3.629282 47.75687 -20.40094 -0.2326754 49.15078 -25.38244 3.64025 47.91905 -25.56612 -0.2314688 49.35963 12.22539 -0.3123884 49.03474 10.24935 4.006496 48.51289 10.44437 -0.3015491 49.49087 11.93029 3.221066 47.97611 9.979469 4.608488 44.984 13.89007 -0.3068584 48.34387 11.407 4.039115 44.73441 9.957432 3.753659 42.29452 13.30659 2.96207 47.18343 11.2817 3.13724 42.26453 10.14976 -0.3315127 41.06337 11.26266 -0.3167314 41.1329 12.72197 3.735692 44.51684 12.49609 2.800383 42.12679 12.54185 -0.2717769 40.90386 15.7551 -0.2721788 40.79549 16.25322 2.844383 42.13538 18.1709 -0.3124628 40.85391 16.28337 3.679308 44.47496 17.45489 3.198103 42.04033 20.43082 -0.1702823 39.76207 16.25502 2.853522 47.05553 15.75763 -0.305523 48.38637 17.24489 4.170108 44.4679 20.29106 3.623278 41.18073 25.18498 -0.1708076 39.49552 25.05238 3.624158 40.94269 17.44121 3.212316 47.14875 18.14353 -0.3517314 48.32361 20.37273 4.708373 44.34302 25.25935 4.70628 44.34622 20.27946 3.629282 47.75687 20.40094 -0.2326754 49.15078 25.38244 3.64025 47.91905 25.56612 -0.2314688 49.35963 -25.56612 -0.2314688 49.35963 -26.87689 -0.2063149 49.69794 -25.36087 -3.559297 47.9322 -26.67961 -4.31438 48.23491 -25.18153 -4.852539 44.28674 -31.58874 -0.1172927 49.31072 -26.46839 -5.750629 44.20849 -25.02318 -3.738528 40.93271 -31.25082 -4.489235 47.87598 -26.27839 -4.170115 39.57007 -25.18498 -0.1708076 39.49552 -26.37399 -0.09453988 38.53269 -30.56725 -5.957669 43.45647 -30.37885 -4.536319 39.1616 -30.45967 0.02512574 38.26914 -33.53402 -4.328488 46.20948 -34.3519 -0.03588056 47.00272 -33.81258 -4.397738 42.00743 -34.60951 -0.03845214 41.50796 25.56612 -0.2314688 49.35963 25.36087 -3.559297 47.9322 26.87689 -0.2063149 49.69794 26.67961 -4.31438 48.23491 25.18153 -4.852539 44.28674 31.58874 -0.1172927 49.31072 26.46839 -5.750629 44.20849 25.02318 -3.738528 40.93271 31.25082 -4.489235 47.87598 26.27839 -4.170115 39.57007 25.18498 -0.1708076 39.49552 26.37399 -0.09453988 38.53269 33.53402 -4.328488 46.20948 34.3519 -0.03588056 47.00272 30.37885 -4.536319 39.1616 30.45967 0.02512574 38.26914 30.56725 -5.957669 43.45647 33.81258 -4.397738 42.00743 34.60951 -0.03845214 41.50796 -2.961627 -33.92311 126.3566 -3.68729 -18.70052 115.7975 -2.666658 -21.78087 113.0872 0.03600239 -23.86798 111.6067 4.967315 -23.94037 112.1819 -4.094164 -15.18612 105.726 -0.4235612 -18.81987 101.7353 7.800342 -17.97594 100.9396 3.028921 -16.66906 93.57053 -1.192413 -17.95108 94.67231 -6.923134 -12.50204 98.60551 -6.708324 -7.758887 105.3955 -8.456673 -29.00937 95.77941 -6.679561 -23.10189 89.86283 -9.760046 -28.45677 90.40149 -8.721889 -19.86461 85.19902 -13.16253 -36.22702 93.9295 -13.08087 -27.02571 87.39188 -13.85166 -35.95262 90.35025 -15.55635 -35.21801 88.88241 3.028921 -16.66906 93.57053 -1.192413 -17.95108 94.67231 -3.199244 -25.06967 90.69495 1.925155 -24.91138 89.89263 6.428857 -14.15054 90.91152 -4.582347 -27.18566 83.15693 6.223137 -20.54884 86.46444 -0.435638 -26.65285 83.10252 2.265128 -23.30396 81.07775 -5.675278 -27.517 76.75125 -1.531984 -25.14799 75.14119 -2.884814 -27.4348 76.2456 -6.129873 -24.9832 66.55513 -6.923134 -12.50204 98.60551 -17.31569 -19.31946 108.5609 -13.31971 -16.63292 98.49554 -23.23691 -22.01391 101.7032 -17.12006 -17.46484 93.55918 -16.02884 -13.93704 88.10682 -26.76425 -25.90525 110.2447 -29.09712 -19.0447 99.39366 -28.96264 -26.47605 105.8651 -38.87413 -34.59392 112.0259 -32.57915 -24.60386 104.6323 -13.41426 1.356334 57.44291 -17.19784 12.96277 54.96226 -8.682613 3.940261 55.16403 -13.09696 14.83341 54.82166 -4.688114 5.710996 54.44809 -23.88691 22.90863 53.884 -3.330389 1.820057 99.47019 -1.128411 -4.67446 112.8003 5.464799 2.508021 98.24945 6.04468 -3.886927 112.6411 10.5089 -2.139991 96.18591 -2.357588 -13.87378 119.7321 12.77907 -8.591268 108.9665 3.831201 -13.90292 120.9658 -2.961627 -33.92311 126.3566 8.411087 -17.75071 118.3486 19.37523 -2.152273 87.66615 27.0665 -0.6117931 88.15409 19.67289 2.795029 89.35868 25.54197 3.556595 88.96607 17.63522 8.481182 87.8954 34.20394 1.419772 86.90084 25.00099 8.621131 87.92684 33.34729 4.29714 87.34987 46.38039 4.490496 82.7548 33.30262 7.631027 86.39604 -15.43663 15.44412 74.88092 -27.17757 17.16525 71.57842 -18.67615 7.738171 77.94064 -30.27383 10.80737 73.56301 -20.0089 3.025438 71.39591 -34.98608 17.33643 68.80105 -31.26459 7.619847 69.63249 -37.54664 13.45549 69.22223 -44.21781 15.79716 64.83238 -37.44496 11.06136 67.46475 -16.43754 15.45875 76.89729 -18.27568 29.27277 74.47335 -17.59657 15.22549 68.72018 -19.31181 28.8895 69.33723 -10.35556 13.98489 62.37455 -15.38365 28.97591 65.66336 -18.47574 46.68275 66.86054 -10.82485 32.19627 76.35506 -8.321443 32.7288 70.84069 -4.717099 20.08457 80.26919 -9.283238 30.83857 65.55253 -0.001000404 22.22613 71.45004 -0.1357604 17.73698 62.26123 -4.717099 20.08457 80.26919 -10.82485 32.19627 76.35506 -8.313791 18.64912 79.79406 -13.0698 31.41922 76.09896 -16.43754 15.45875 76.89729 -18.47574 46.68275 66.86054 -18.27568 29.27277 74.47335 8.609869 22.6506 81.76313 6.385844 28.03882 82.31813 5.581543 22.09908 86.67507 4.268675 27.87774 86.10228 -0.7198071 22.20577 87.3123 1.093125 44.90295 82.19453 -0.4767928 27.62816 87.20354 1.163871 -7.469158 34.66428 1.053865 -8.244268 34.26041 1.856357 -7.856813 33.57103 1.320268 -8.445047 33.5497 0.9334197 -8.364713 33.53349 2.653254 -8.302918 32.31294 1.759655 -8.776198 32.37751 0.7487142 -8.229721 32.26609 3.202578 -8.80696 30.14415 0.9529823 -9.105586 29.99761 1.99795 -9.322681 29.99179 3.683954 -9.413965 27.17763 0.9309612 -9.76403 27.07138 2.278997 -9.813904 27.06561 4.480003 -9.914916 24.2751 2.614895 -10.26366 23.85621 1.081592 -10.2357 23.36204 -4.209987 -9.651067 21.6254 -2.414929 -10.81712 21.51138 -3.84007 -9.253605 24.46756 -2.382809 -10.35523 24.47222 -0.1613804 -10.47478 21.93931 -3.459757 -8.908174 27.1846 -0.4600159 -10.02045 24.52413 -2.282662 -9.790395 27.16124 -2.816202 -8.384428 30.06841 -0.6987976 -9.576524 27.0761 -2.049535 -9.12502 30.07231 -2.313408 -7.872481 32.23974 -0.8623365 -8.985533 30.04839 -1.243963 -7.470414 34.65444 -1.166133 -8.079534 34.26268 -1.696485 -8.532752 32.34939 -0.7678601 -8.258381 32.27232 7.00696 5.904408 99.53386 12.91915 6.784734 97.0261 10.92514 11.36643 97.02531 4.313887 9.706041 99.53386 3.318027 5.586359 100.3552 7.146902 13.86817 97.02524 0 5.565503 100.4537 0 10.77295 99.53386 2.484833 15.6345 97.02519 0 15.82208 97.02485 -2.484833 15.6345 97.02519 -7.146902 13.86817 97.02524 -4.313887 9.706041 99.53386 -3.318027 5.586359 100.3552 -10.92514 11.36643 97.02531 -7.00696 5.904408 99.53386 -12.91915 6.784734 97.0261 7.00696 5.904408 99.53386 13.32526 1.823548 97.02709 12.91915 6.784734 97.0261 7.470804 1.16032 99.53386 13.3285 -3.140316 97.02572 3.318027 5.586359 100.3552 6.954844 -3.959508 98.85955 7.575193 -9.611809 97.07091 11.2826 -6.512482 97.02506 4.334375 -7.256363 98.85955 3.285415 -2.987588 99.77368 3.039602 1.16032 100.2715 0 1.16032 100.4906 0 5.565503 100.4537 0 -3.152992 99.9729 0 -7.922376 98.85955 -3.285415 -2.987588 99.77368 -4.334375 -7.256363 98.85955 -6.954844 -3.959508 98.85955 -3.039602 1.16032 100.2715 -3.318027 5.586359 100.3552 -7.470804 1.16032 99.53386 -13.3285 -3.140316 97.02572 -7.00696 5.904408 99.53386 -13.32526 1.823548 97.02709 -12.91915 6.784734 97.0261 -1.959196 -8.939392 38.04846 -0.8774662 -9.025818 38.3025 -1.5205 -9.234227 37.71264 -1.067689 -8.798417 38.6863 -0.4165039 -8.833341 38.74551 -2.303692 -8.958264 38.51958 -0.5732317 -8.653109 39.43416 -1.378761 -8.795765 39.07966 -0.6671117 -8.884528 39.55553 -1.457376 -9.08247 39.15954 -2.308814 -9.319924 38.65048 -1.206887 -9.470724 38.84911 -0.5837966 -9.186315 39.17979 -2.006117 -9.695609 38.30466 -0.8662502 -9.415211 38.41475 -0.3856812 -9.260986 38.81366 -1.55348 -9.713598 37.88006 -0.8774662 -9.025818 38.3025 -0.4165039 -8.833341 38.74551 -1.5205 -9.234227 37.71264 3.825551 36.5018 44.03511 2.990009 34.77966 43.78515 4.601271 36.10563 43.10096 4.124209 34.58013 42.49703 4.891031 36.481 41.98764 1.996462 33.44252 42.99662 4.416285 35.3505 41.0342 4.525094 37.40802 41.34731 3.269989 33.39463 41.62345 0.6861089 31.91456 40.52707 3.697333 36.64241 40.25239 3.717821 38.34366 41.55507 3.561274 34.35815 40.09568 2.059376 32.27148 39.40389 -0.3862076 30.50546 37.06388 2.386525 37.70124 40.61507 2.942101 38.73982 42.48922 2.700417 35.77061 39.30496 2.361243 33.49044 38.15796 1.026031 31.21457 36.35272 -0.694729 30.06864 33.53847 1.412947 34.86175 37.51662 0.600597 30.94927 33.25325 -0.3618564 30.30751 30.16687 1.334743 32.63998 35.52168 0.8778079 31.1765 30.20843 0.9391737 32.40811 32.72097 0.3563446 33.95036 35.05366 1.189159 36.80554 39.71634 -0.2296219 35.60205 37.86341 1.113224 37.91257 41.99922 2.652341 38.36445 43.60254 -0.2915907 36.83731 41.18656 0.9592452 37.13047 43.36857 3.018278 37.43743 44.24287 -1.733196 35.20945 39.03683 1.678233 35.8351 44.14687 3.825551 36.5018 44.03511 2.990009 34.77966 43.78515 -0.3794062 35.88867 42.62451 0.4846035 34.47496 43.41262 1.996462 33.44252 42.99662 -1.911345 33.99758 40.23536 -0.9578078 32.62816 40.87247 0.6861089 31.91456 40.52707 -2.810018 33.65548 35.96103 -2.078299 30.92659 37.24214 -0.3862076 30.50546 37.06388 -3.061697 32.23379 36.78006 -2.214937 30.31682 33.47941 -0.694729 30.06864 33.53847 -3.080313 31.49881 33.04418 -1.739549 30.55429 29.84812 -0.3618564 30.30751 30.16687 -2.468248 31.65214 29.31605 -2.737711 32.94057 32.5627 -2.011456 33.00971 29.03254 -1.008566 30.75333 26.60355 0.3284993 30.42707 27.05803 -1.558708 31.85792 25.89746 -0.9257713 33.11967 25.43328 -0.6890097 33.80252 28.9936 -1.388332 33.79874 32.21588 -1.337781 34.3908 35.23005 0.120816 33.58437 32.25328 0.6713309 33.6337 29.27507 1.310773 32.55514 29.83863 0.4821213 33.7713 25.39458 1.811703 33.47954 25.82608 2.303704 32.39614 26.54166 1.684984 31.13559 27.0521 0.3284993 30.42707 27.05803 1.154317 29.88349 23.66418 2.553734 30.34402 23.65488 1.831138 27.70571 21.28761 3.253294 31.38072 23.04582 3.215968 27.84649 21.01705 1.86587 24.33967 20.06767 2.842937 32.38647 22.19375 3.929491 28.41864 20.00924 3.144941 24.29965 19.73111 1.563221 32.77222 21.59773 3.552412 29.08788 18.85423 0.1640611 32.31187 21.60689 2.306545 29.46261 18.22831 3.80272 24.32845 18.60084 3.453889 24.40919 17.33895 -0.5350877 31.27497 22.21591 0.9230693 29.32264 18.49816 -0.124987 30.26904 23.06813 1.154317 29.88349 23.66418 0.2116045 28.74944 19.50602 0.587329 28.0794 20.66172 1.831138 27.70571 21.28761 1.023718 24.53461 17.02119 0.7147704 24.42507 19.41336 1.86587 24.33967 20.06767 0.3112608 24.50581 18.15146 1.321887 20.64149 20.3538 0.1792113 20.57895 19.71393 -0.1982333 20.25883 18.53071 -0.3660309 17.32541 21.79619 0.736603 17.45124 22.29083 0.1025111 14.26526 26.00873 -0.8204732 16.76643 20.86056 -1.02237 14.135 25.51725 -1.080901 10.74678 27.73175 0.003732442 10.86006 28.28795 -1.510134 13.60029 24.53371 -1.150501 9.707607 28.11639 0.00373435 9.923947 28.54476 -1.501455 10.37368 26.63783 -1.367927 7.191182 28.67108 -0.2818583 7.223797 29.21122 -1.789037 7.082231 27.53934 -1.368085 6.960847 26.55576 -1.081059 9.960183 25.73407 -0.3318085 6.870405 26.17625 -1.075641 12.97446 23.63693 -0.04615157 9.654882 25.46211 -0.3632524 16.11256 20.04067 0.02458727 12.62411 23.35081 0.4106554 19.86864 17.49726 0.728635 15.74584 19.81076 1.146278 12.75324 23.84083 1.014996 9.88324 25.90402 0.7307428 6.93756 26.66929 1.242959 7.04104 27.6794 1.526536 10.2371 26.8694 1.134012 9.707607 28.11639 0.8449873 7.171718 28.76574 -0.2818583 7.223797 29.21122 0.00373435 9.923947 28.54476 1.12909 10.68246 27.87354 0.003732442 10.86006 28.28795 1.634523 13.28593 24.82131 1.203153 13.91167 25.72031 0.1025111 14.26526 26.00873 0.736603 17.45124 22.29083 1.816641 15.87282 20.29783 2.273181 16.41876 21.22257 1.830139 17.07389 22.05187 2.560431 20.4098 20.07549 1.321887 20.64149 20.3538 3.16932 20.01961 19.04203 2.791875 19.69949 17.85881 1.649199 19.63696 17.21895 2.302789 24.49459 16.68463 7.334903 3.337004 32.09319 8.099101 4.201967 30.40686 4.571348 5.564239 32.12511 4.768603 6.414149 30.37628 1.966129 6.128435 32.11077 10.1523 5.592024 23.58741 2.220119 6.936264 30.33486 0 6.129783 32.10091 4.926773 8.077789 24.90328 9.898916 5.323623 23.24927 4.634692 7.676899 24.59346 -0.002287924 7.045246 30.30075 1.148213 9.707607 28.11639 -2.224695 6.936264 30.33486 1.724503 9.733585 28.55288 -1.966129 6.128435 32.11077 0.005956947 9.953801 28.57383 -0.002287924 10.03465 29.08688 -4.773179 6.414149 30.37628 -4.571348 5.564239 32.12511 -1.729079 9.733585 28.55288 -8.103689 4.201979 30.40699 -7.334903 3.337004 32.09319 -4.91112 8.077789 24.90328 -1.1363 9.707607 28.11639 -9.772628 -0.4802212 30.37907 -8.457015 -0.5944461 32.13738 -10.13665 5.592024 23.58741 -8.089228 -5.376162 30.38836 -7.385156 -4.456973 32.15223 -5.699156 -5.734605 32.17556 -6.079673 -6.475714 30.26165 -6.928666 -7.900042 23.58741 -10.42792 -6.501292 23.58741 -12.45727 -0.5156402 23.58741 -10.16294 -6.230482 23.24927 -6.910945 -7.652554 23.24927 -7.513799 -4.742285 28.17151 -8.993441 -0.4892596 28.17151 -12.07757 -0.5196858 23.24927 -7.478094 3.888484 28.17151 -9.866157 5.323623 23.24927 -4.713979 6.463046 26.47207 -4.336211 5.863377 28.17151 -4.601933 7.676899 24.59346 -1.366361 8.12889 28.56232 -1.650929 5.948472 29.94094 -0.002287805 8.185102 28.7676 -0.002287924 6.272235 29.80187 1.361785 8.12889 28.56232 1.148213 9.707607 28.11639 1.646353 5.948472 29.94094 4.331635 5.863377 28.17151 4.709403 6.463046 26.47207 9.898916 5.323623 23.24927 7.473518 3.888484 28.17151 6.478593 5.274145 49.04182 8.520021 0.06460916 49.77926 7.601172 5.045239 48.98588 8.833118 4.816333 48.8307 10.30608 -0.3015491 49.77828 7.537809 6.443686 44.9739 10.27593 4.367214 48.53451 11.99539 -0.3123884 49.44547 11.6842 3.900033 48.12517 8.888272 5.721541 44.95344 7.42959 6.144398 42.15678 10.15585 5.04673 44.92529 11.42342 4.553022 44.79183 8.796505 5.034488 42.10279 8.597748 4.238523 38.92052 10.0659 4.199062 42.15562 11.3353 3.614844 42.04119 9.79343 -0.3435789 39.94654 10.52241 -0.3301551 40.21117 11.43522 -0.3167314 40.21519 9.566679 -0.5275716 39.19018 10.26921 -3.334441 41.55909 11.25391 -3.104548 41.66307 9.108465 -3.639906 41.29329 10.18789 -4.578179 44.32549 11.35854 -4.511167 44.32295 8.841198 -4.53127 44.32803 10.26269 -4.017905 47.6873 11.66078 -3.715949 47.48738 11.99539 -0.3123884 49.44547 10.30608 -0.3015491 49.77828 8.520021 0.06460916 49.77926 8.808131 -4.163062 47.56927 7.076559 -4.202754 47.2608 6.71841 -5.383449 44.32883 4.553317 -6.21557 44.33813 4.597619 -7.223469 41.57812 3.318548 -7.137461 42.96303 1.809943 -7.852993 41.43394 6.677395 -6.094236 41.74128 8.559214 -4.734659 41.91183 4.603299 -7.501292 39.98698 8.624579 -4.888939 40.21619 6.743157 -6.365715 40.07601 1.8376 -8.233061 39.87978 0 -8.370125 39.77075 2.061969 -8.393001 38.4159 4.62679 -7.724353 38.29696 4.690877 -7.795068 37.2206 6.808614 -6.525846 38.32575 6.850081 -6.323321 36.42208 8.665967 -5.035057 38.36427 8.840367 -5.059948 36.53936 8.360059 -4.882326 36.03454 9.630987 -0.6145951 38.37154 8.900598 -0.5965436 35.79104 9.817936 -0.5902177 36.51698 8.754785 3.825807 36.48756 7.80511 3.374626 35.78897 -8.520021 0.06460916 49.77926 -6.729063 -0.03815102 50.02606 -6.478593 5.355416 49.04182 -5.235766 5.135577 49.70974 -4.368504 6.406352 48.76211 -4.911933 0.05487781 50.6085 -3.800937 4.909487 50.77687 0 7.112506 48.84163 0 5.740448 50.92728 0 5.131692 53.26256 -3.636646 4.413773 53.11279 -4.691154 0.07017534 52.3801 0 4.845343 55.97356 -3.472354 4.177676 55.98336 -4.470374 0.08547288 55.56304 0 0.1027016 56.30749 0 -8.370125 39.77075 1.809943 -7.852993 41.43394 0 -7.953786 41.44717 1.792022 -7.313629 42.95621 3.318548 -7.137461 42.96303 0 -7.391259 42.96578 1.774102 -6.567906 44.26377 0 -6.622373 44.26968 4.553317 -6.21557 44.33813 0 -5.057247 46.29401 4.442312 -4.508969 46.86259 7.076559 -4.202754 47.2608 1.557266 -5.003908 46.62879 0 -3.926738 47.41887 4.004251 -2.807491 48.48624 8.520021 0.06460916 49.77926 6.729063 -0.03815102 50.02606 1.517981 -3.673184 47.6354 1.761438 -2.999503 48.96587 0 -3.247977 48.9281 3.647665 -2.271233 49.55846 4.911933 0.05487781 50.6085 4.691154 0.07017534 52.3801 2.743971 -2.398231 51.73947 0 -2.972238 51.55089 4.470374 0.08547288 55.56304 0 -3.106517 54.98134 2.78339 -2.571112 55.1044 0 0.1027016 56.30749 -11.35854 -4.511167 44.32295 -11.25391 -3.104548 41.66307 -10.18789 -4.578179 44.32549 -10.26921 -3.334441 41.55909 -8.841198 -4.53127 44.32803 -11.43522 -0.3167314 40.21519 -9.108465 -3.639906 41.29329 -8.559214 -4.734659 41.91183 -8.624579 -4.888939 40.21619 -10.52241 -0.3301551 40.21117 -11.3353 3.614844 42.04119 -9.566679 -0.5275716 39.19018 -8.665967 -5.035057 38.36427 -9.79343 -0.3435789 39.94654 -10.0659 4.199062 42.15562 -11.42342 4.553022 44.79183 -8.796505 5.034488 42.10279 -10.15585 5.04673 44.92529 -11.6842 3.900033 48.12516 -10.27593 4.367214 48.53451 -8.888272 5.721541 44.95344 -9.318578 4.721507 48.8307 -7.537809 6.443686 44.9739 -8.086633 4.991049 48.98588 -7.42959 6.144398 42.15678 -8.614258 4.110846 39.13594 -8.757111 3.825807 36.48756 -9.820263 -0.5902177 36.51698 -9.630987 -0.6145951 38.37154 -8.842693 -5.059948 36.53936 0 -7.953786 41.44717 -1.809943 -7.852993 41.43394 0 -8.370125 39.77075 -1.792022 -7.313629 42.95621 -3.318548 -7.137461 42.96303 0 -7.391259 42.96578 -1.774102 -6.567906 44.26377 0 -6.622373 44.26968 -4.553317 -6.21557 44.33813 0 -5.057247 46.29401 -4.442312 -4.508969 46.86259 -7.076559 -4.202754 47.2608 -1.557266 -5.003908 46.62879 0 -3.926738 47.41887 -4.004251 -2.807491 48.48624 -6.729063 -0.03815102 50.02606 -8.520021 0.06460916 49.77926 -1.517981 -3.673184 47.6354 -1.761438 -2.999503 48.96587 0 -3.247977 48.9281 -3.647665 -2.271233 49.55846 -4.911933 0.05487781 50.6085 -4.691154 0.07017534 52.3801 -2.743971 -2.398231 51.73947 0 -2.972238 51.55089 -4.470374 0.08547288 55.56304 0 -3.106517 54.98134 -2.78339 -2.571112 55.1044 0 0.1027016 56.30749 0.8081051 -0.09266859 7.754449 1.524621 -0.06320238 3.437597 1.940252 -2.5009 7.730553 2.338934 -2.147932 3.439716 4.801602 -3.645675 7.777332 1.515606 -0.05858427 2.796943 4.654405 -3.095393 3.436637 7.517961 -2.447257 7.7609 2.335745 -2.196147 2.803139 1.434726 -0.01138871 1.604341 7.054114 -2.078454 3.44397 8.716918 -0.09342116 7.823586 1.355823 -0.01425755 0 2.195542 -2.84042 0 4.628201 -3.138246 2.792246 2.237811 -2.55542 1.630215 3.508479 -5.034484 1.000008 3.409081 -5.11361 0 2.974953 -3.362186 2.109292 4.718586 -6.269134 0 4.662416 -3.865134 2.474504 4.671658 -5.045276 1.741791 4.713785 -6.084025 0.7262067 5.953021 -5.021357 0.9976695 6.0869 -5.094666 0 7.092796 -2.124187 2.803303 6.528634 -3.32592 2.153228 7.235896 -2.482887 1.626151 7.297811 -2.81045 0 8.14045 -0.004638075 0 7.950122 -0.05725485 3.446791 7.552474 2.565954 7.791207 7.959478 -0.05158668 2.796741 8.064537 0.01193052 1.580824 7.19817 2.399749 0 6.945868 2.184451 3.448674 4.811276 3.993919 7.714412 6.971041 2.221803 2.803994 7.138548 2.335261 1.60972 4.590723 3.561486 0 4.658726 3.378944 3.442706 1.652573 2.533589 7.759847 4.631696 3.403275 2.809126 4.595895 3.555974 1.603865 2.194989 2.427394 0 2.246208 2.214886 3.444602 0.8081051 -0.09266859 7.754449 1.524621 -0.06320238 3.437597 2.257581 2.262081 2.804199 1.515606 -0.05858427 2.796943 2.216253 2.372891 1.605094 1.434726 -0.01138871 1.604341 1.355823 -0.01425755 0 -0.8081051 -0.09266859 7.754449 -1.524621 -0.06320238 3.437597 -1.652573 2.533589 7.759847 -2.246208 2.214886 3.444602 -4.811276 3.993919 7.714412 -1.515606 -0.05858427 2.796943 -4.658726 3.378944 3.442706 -7.552474 2.565954 7.791207 -2.257581 2.262081 2.804199 -6.945868 2.184451 3.448674 -8.716918 -0.09342116 7.823586 -4.631696 3.403275 2.809126 -2.216253 2.372891 1.605094 -1.434726 -0.01138871 1.604341 -1.355823 -0.01425755 0 -2.194989 2.427394 0 -4.595895 3.555974 1.603865 -4.590723 3.561486 0 -7.138548 2.335261 1.60972 -7.19817 2.399749 0 -6.971041 2.221803 2.803994 -8.064537 0.01193052 1.580824 -8.14045 -0.004638075 0 -7.950122 -0.05725485 3.446791 -7.517961 -2.447257 7.7609 -7.959478 -0.05158668 2.796741 -7.235896 -2.482887 1.626151 -7.297811 -2.81045 0 -6.0869 -5.094666 0 -7.054114 -2.078454 3.44397 -4.801602 -3.645675 7.777332 -7.092796 -2.124187 2.803303 -4.654405 -3.095393 3.436637 -1.940252 -2.5009 7.730553 -6.528634 -3.32592 2.153228 -2.338934 -2.147932 3.439716 -0.8081051 -0.09266859 7.754449 -1.524621 -0.06320238 3.437597 -4.628201 -3.138246 2.792246 -2.335745 -2.196147 2.803139 -1.515606 -0.05858427 2.796943 -1.434726 -0.01138871 1.604341 -4.662416 -3.865134 2.474504 -1.355823 -0.01425755 0 -2.195542 -2.84042 0 -5.953021 -5.021357 0.9976695 -4.718586 -6.269134 0 -2.237811 -2.55542 1.630215 -3.508479 -5.034484 1.000008 -3.409081 -5.11361 0 -2.974953 -3.362186 2.109292 -4.713785 -6.084025 0.7262067 -4.671658 -5.045276 1.741791 0.8081051 -0.09266859 7.754449 -0.6467583 -0.1666935 8.617981 1.652573 2.533589 7.759847 0.5186049 3.949434 8.56297 4.811276 3.993919 7.714412 -1.397442 -0.2166165 10.12083 4.901549 5.961191 8.486338 7.552474 2.565954 7.791207 -0.4134015 5.232683 10.09044 8.465167 4.00187 8.597987 8.716918 -0.09342116 7.823586 4.885467 7.545503 9.991415 -0.8410268 5.708025 11.65076 -2.413724 -0.5621018 12.19879 -2.110132 -0.8845369 15.08207 10.13943 -0.2427823 8.618362 7.517961 -2.447257 7.7609 9.896227 5.23644 10.07839 9.091473 -4.312026 8.432966 4.801602 -3.645675 7.777332 11.89497 -0.3593016 10.14098 4.795665 -6.198678 8.319073 1.940252 -2.5009 7.730553 9.679817 -5.483708 9.96661 0.9914332 -4.355276 8.384387 0.8081051 -0.09266859 7.754449 -0.6467583 -0.1666935 8.617981 4.933345 -7.275436 9.782177 0.2514325 -5.325568 9.952083 -1.397442 -0.2166165 10.12083 -2.413724 -0.5621018 12.19879 -0.2410085 -5.666917 12.10694 -0.1128605 -5.771093 13.34889 -2.110132 -0.8845369 15.08207 4.9969 -7.673458 11.97214 10.18894 -5.705541 12.07371 12.84495 -0.4598165 12.076 10.43884 -5.842154 13.38704 5.049266 -7.862685 13.33838 10.6137 5.53928 11.67761 12.72207 -0.6822721 14.9528 10.64889 -5.939725 14.76164 5.095468 -7.983226 14.71803 0.110463 -5.888947 14.73128 10.17466 -6.333005 19.07866 5.233222 -8.174014 19.08384 0.8079847 -6.388732 19.07168 -1.127324 -0.9334229 19.08601 1.214185 -5.664071 21.61288 0.341567 -1.102951 20.17214 -0.002287924 -1.097614 20.45757 -0.002287924 -5.760641 21.55073 2.217974 -7.109773 22.32108 1.576971 -7.500411 23.59779 -0.002287924 -7.615363 23.52732 -0.002287924 -7.773514 24.33253 1.655913 -7.642193 24.33253 -0.002287924 -7.411317 28.17151 1.852847 -7.277269 28.17151 3.438608 -7.31406 24.33253 4.487707 -6.744483 28.17151 4.987249 -7.661821 23.10717 5.009116 -7.637244 24.33253 7.509223 -4.742285 28.17151 9.62997 -6.030407 23.30696 9.29797 -5.823843 24.33253 11.67304 -0.6740204 23.32641 11.24657 -0.6390901 24.33253 8.988865 -0.4892596 28.17151 7.473518 3.888484 28.17151 12.2798 -0.7530139 19.07047 9.356759 4.544165 23.13117 9.121737 4.515457 24.33253 10.342 5.497734 16.14494 9.924554 4.983991 19.10562 4.83114 7.640321 16.65147 4.924874 8.061692 11.45222 0.2037084 5.862224 16.2346 -1.127324 -0.9334229 19.08601 4.925074 7.02023 19.11693 0.6810424 5.442248 19.1004 0.341567 -1.102951 20.17214 5.087131 6.397828 22.48046 1.115297 5.243243 21.39897 -0.002287924 -1.097614 20.45757 -0.002287924 4.842714 21.71551 5.010065 6.274277 24.33253 1.672134 6.705895 24.33253 -0.002287924 6.362299 24.33253 -0.002287924 6.697784 26.73647 4.910652 6.137275 26.92525 4.331635 5.863377 28.17151 1.646353 5.948472 29.94094 1.943489 6.689521 26.78076 -0.002287924 6.272235 29.80187 -1.857423 -7.277269 28.17151 -0.002287924 -7.773514 24.33253 -1.660489 -7.642193 24.33253 -0.002287924 -7.615363 23.52732 -4.382638 -6.467492 28.17151 -1.581547 -7.500411 23.59779 -0.002287924 -5.760641 21.55073 -3.443184 -7.31406 24.33253 -0.346143 -1.102951 20.17214 -0.002287924 -1.097614 20.45757 -5.013691 -7.637244 24.33253 -1.218761 -5.664071 21.61288 1.125036 -0.9334229 19.08601 -7.513799 -4.742285 28.17151 -0.8102726 -6.388732 19.07168 2.110132 -0.8845369 15.08207 -2.222549 -7.109773 22.32108 -9.302546 -5.823843 24.33253 -8.993441 -0.4892596 28.17151 -4.991825 -7.661821 23.10717 -5.235509 -8.174014 19.08384 -9.634546 -6.030407 23.30696 -11.25115 -0.6390901 24.33253 -7.478094 3.888484 28.17151 -11.67762 -0.6740204 23.32641 -9.126313 4.515457 24.33253 -10.17695 -6.333005 19.07866 -4.915228 6.137275 26.92525 -4.336211 5.863377 28.17151 -1.650929 5.948472 29.94094 -9.361334 4.544165 23.13117 -1.948065 6.689521 26.78076 -0.002287924 6.272235 29.80187 -0.002287924 6.697784 26.73647 -0.002287924 6.362299 24.33253 -5.014641 6.274277 24.33253 -1.67671 6.705895 24.33253 -0.002287924 4.842714 21.71551 -5.091706 6.397828 22.48046 -1.119873 5.243243 21.39897 -0.002287924 -1.097614 20.45757 -0.346143 -1.102951 20.17214 -0.6833304 5.442248 19.1004 1.125036 -0.9334229 19.08601 -4.927362 7.02023 19.11693 -0.2037084 5.862224 16.2346 2.110132 -0.8845369 15.08207 -9.926842 4.983991 19.10562 -4.83114 7.640321 16.65147 0.8410268 5.708025 11.65076 2.413724 -0.5621018 12.19879 1.397442 -0.2166165 10.12083 -12.28209 -0.7530139 19.07047 -10.342 5.497734 16.14494 -12.72207 -0.6822721 14.9528 -10.6137 5.53928 11.67761 -4.924874 8.061692 11.45222 -10.64889 -5.939725 14.76164 -4.885467 7.545503 9.991415 -5.096053 -7.983226 14.71803 -10.43884 -5.842154 13.38704 -12.84495 -0.4598165 12.076 -0.110463 -5.888947 14.73128 -5.049851 -7.862685 13.33838 0.1128605 -5.771093 13.34889 2.413724 -0.5621018 12.19879 -4.997484 -7.673458 11.97214 0.2410085 -5.666917 12.10694 -0.2514325 -5.325568 9.952083 1.397442 -0.2166165 10.12083 0.6467583 -0.1666935 8.617981 -4.933345 -7.275436 9.782177 -10.18894 -5.705541 12.07371 -0.9914332 -4.355276 8.384387 -0.8081051 -0.09266859 7.754449 -1.940252 -2.5009 7.730553 -4.795665 -6.198678 8.319073 -4.801602 -3.645675 7.777332 -9.679817 -5.483708 9.96661 -9.091473 -4.312026 8.432966 -7.517961 -2.447257 7.7609 -11.89497 -0.3593016 10.14098 -10.13943 -0.2427823 8.618362 -8.716918 -0.09342116 7.823586 -9.896227 5.23644 10.07839 -8.465167 4.00187 8.597987 -7.552474 2.565954 7.791207 -4.901549 5.961191 8.486338 -4.811276 3.993919 7.714412 0.4134015 5.232683 10.09044 -0.5186049 3.949434 8.56297 -1.652573 2.533589 7.759847 0.6467583 -0.1666935 8.617981 -0.8081051 -0.09266859 7.754449 -12.25141 12.45457 52.06566 -12.91991 11.48421 51.46984 -12.34522 11.78252 52.14614 -13.15174 11.98723 51.00612 -13.11139 10.59672 51.24107 -13.45173 10.59684 50.64773 -12.91591 9.709119 51.46683 -9.198692 12.44275 49.43624 -13.15174 11.98723 51.00612 -10.09906 11.97541 48.37674 -10.39909 10.58501 48.01838 -13.14548 9.20628 51.00141 -10.09286 9.194456 48.37207 -12.33988 9.410499 52.14212 -9.190401 8.726623 49.43001 -12.24304 8.738447 52.05936 -12.24304 8.738447 52.05936 -11.76519 9.708805 52.81843 -11.3427 9.205788 53.1189 -8.290027 9.193964 50.48951 -11.57371 10.5963 53.04719 -7.990002 10.58436 50.84787 -11.04272 10.59618 53.47729 -11.04272 10.59618 53.47729 -11.76919 11.4839 52.82144 -11.34896 11.98674 53.12361 -11.34896 11.98674 53.12361 -8.296232 11.97492 50.49418 -12.34522 11.78252 52.14614 -12.25141 12.45457 52.06566 -9.198692 12.44275 49.43624 -9.198692 12.44275 49.43624 -8.922758 13.03274 49.20148 -10.09906 11.97541 48.37674 -10.11074 12.41732 47.80825 -10.39909 10.58501 48.01838 -8.193414 13.02755 48.57016 -10.50815 10.58637 47.33833 -10.09286 9.194456 48.37207 -9.381396 12.41213 47.17692 -7.46407 13.02236 47.93883 -10.10603 8.755197 47.80508 -9.190401 8.726623 49.43001 -9.778802 10.58118 46.707 -8.652052 12.40694 46.5456 -7.190141 12.43487 47.70606 -8.090516 11.96753 46.64656 -9.049459 10.57599 46.07568 -8.39054 10.57713 46.28821 -9.376692 8.750007 47.17375 -8.647349 8.744816 46.54243 -8.084311 9.186573 46.6419 -8.916472 8.139126 49.19724 -8.290027 9.193964 50.48951 -8.187129 8.133936 48.56592 -7.457785 8.128746 47.93459 -7.18185 8.71874 47.69983 -7.728489 8.754549 50.59048 -7.990002 10.58436 50.84787 -6.999146 8.749359 49.95915 -6.269803 8.744169 49.32783 -6.281476 9.186081 48.75934 -7.331083 10.5855 51.0604 -8.296232 11.97492 50.49418 -6.601739 10.58031 50.42907 -5.872396 10.57512 49.79775 -5.981452 10.57647 49.11769 -7.733193 12.41667 50.59365 -9.198692 12.44275 49.43624 -8.922758 13.03274 49.20148 -7.00385 12.41148 49.96232 -8.193414 13.02755 48.57016 -6.274507 12.40629 49.331 -7.46407 13.02236 47.93883 -6.287681 11.96703 48.764 -7.190141 12.43487 47.70606 6.058592 12.38363 36.29454 6.282992 12.97362 36.10391 5.158049 11.91629 35.23518 5.095041 12.3582 34.71065 4.857854 10.52589 34.87697 7.020122 12.96843 35.46591 4.697665 10.52725 34.2407 5.163999 9.135335 35.23073 5.83217 12.35301 34.07265 7.757252 12.96324 34.82793 5.09979 8.696076 34.70743 6.066544 8.667502 36.2886 5.434794 10.52206 33.60271 6.5693 12.34782 33.43466 7.980047 12.37575 34.63894 7.079503 11.9084 33.57958 6.171924 10.51687 32.96472 6.779308 10.51801 33.22137 5.83692 8.690886 34.06944 6.574049 8.685696 33.43145 7.085453 9.127452 33.57513 6.289339 8.080006 36.09961 6.967087 9.134843 37.34796 7.026468 8.074815 35.46162 7.763598 8.069625 34.82363 7.987998 8.65962 34.633 7.47729 8.695428 37.49287 7.267282 10.52524 37.70617 8.21442 8.690238 36.85488 8.95155 8.685048 36.21689 8.888542 9.12696 35.69235 7.874666 10.52638 37.96282 6.961137 11.9158 37.3524 8.611797 10.52119 37.32483 9.348926 10.516 36.68684 9.188736 10.51735 36.05057 7.472541 12.35755 37.49609 6.058592 12.38363 36.29454 6.282992 12.97362 36.10391 8.209671 12.35236 36.8581 7.020122 12.96843 35.46591 8.946801 12.34717 36.2201 7.757252 12.96324 34.82793 8.882592 11.90791 35.6968 7.980047 12.37575 34.63894 -3.330389 1.820057 99.47019 -7.208203 6.17224 97.69278 -8.782732 -4.418017 107.2813 -15.36949 0.7501345 107.0972 -14.90773 7.768432 92.074 -23.25379 1.000272 102.2595 -30.31344 -8.402248 110.2467 -23.38132 -8.595502 114.3724 -17.54951 -14.19927 113.4124 -33.73591 -20.83904 112.4031 -30.58835 -21.96791 114.6392 -27.89586 -24.23335 113.5379 -38.87413 -34.59392 112.0259 -33.7944 -15.42708 84.57097 -26.73365 -15.62382 89.61385 -29.97825 -10.75336 88.65345 -31.64237 -18.33179 85.15281 -37.97277 -21.18756 77.229 -29.61646 -19.57312 83.02105 -23.1366 -17.01534 86.12441 -18.55979 -24.15933 94.50102 -13.31971 -16.63292 98.49554 -17.12006 -17.46484 93.55918 -16.51182 -25.05307 98.23854 -18.81675 -33.66306 92.86243 -11.88309 -27.22401 99.35258 -6.923134 -12.50204 98.60551 -1.192413 -17.95108 94.67231 -8.456673 -29.00937 95.77941 -17.31757 -34.20539 95.39878 -18.05092 -43.39651 89.44276 -14.94149 -35.31981 96.14242 -13.16253 -36.22702 93.9295 15.49261 -11.52626 89.58705 11.51155 -11.83757 92.16481 17.69153 -19.36298 85.62026 14.10091 -22.10713 87.15379 6.428857 -14.15054 90.91152 8.993768 -22.47513 86.95751 13.60175 -24.59686 75.72383 16.25323 -21.9196 75.22608 9.498896 -23.87435 75.61814 9.036687 -22.14417 65.09168 -5.699156 -5.734605 32.17556 -6.079673 -6.475714 30.26165 -4.470923 -6.524471 32.15817 -4.545053 -7.265282 30.34188 -1.588401 -7.413539 32.12003 -6.739061 -8.132179 23.58741 -6.928666 -7.900042 23.58741 -6.910945 -7.652554 23.24927 -1.953404 -7.949181 30.33523 0 -7.498189 32.15541 -6.653196 -7.90233 23.24927 -7.513799 -4.742285 28.17151 -5.207423 -8.628552 23.58741 -5.282638 -8.3038 23.24927 -4.382638 -6.467492 28.17151 -1.966973 -9.05936 23.58741 -1.976315 -8.800093 23.24927 -1.857423 -7.277269 28.17151 -1.976315 -8.800093 23.24927 -0.002287924 -7.411317 28.17151 0.01637941 -8.900901 23.24927 1.852847 -7.277269 28.17151 -0.001197934 -8.068284 30.33573 0.007825851 -9.167437 23.58741 1.918774 -7.921779 30.351 1.588401 -7.479228 32.11961 4.470923 -6.557323 32.15817 1.912992 -8.778786 23.20914 1.944038 -9.126019 23.58741 4.728028 -7.192185 30.36414 5.243525 -8.350297 23.24927 4.487707 -6.744483 28.17151 5.296356 -8.628552 23.58741 7.509223 -4.742285 28.17151 10.19397 -6.23039 23.24927 10.44357 -6.501293 23.58741 8.086251 -5.380536 30.38303 7.385156 -4.47847 32.15223 8.457015 -0.5944461 32.13738 9.768053 -0.4802212 30.37907 7.334903 3.337004 32.09319 8.099101 4.201967 30.40686 12.47292 -0.5156402 23.58741 10.1523 5.592024 23.58741 9.898916 5.323623 23.24927 12.11033 -0.5196859 23.24927 7.473518 3.888484 28.17151 8.988865 -0.4892596 28.17151 8.520021 0.06460916 49.77926 6.478593 5.274145 49.04182 6.729063 -0.03815102 50.02606 5.235766 5.094941 49.70974 4.368504 6.406352 48.76211 3.800937 4.909487 50.77687 0 7.112506 48.84163 0 5.740448 50.92728 4.911933 0.05487781 50.6085 0 5.131692 53.26256 3.636646 4.413773 53.11279 4.691154 0.07017534 52.3801 0 4.845343 55.97356 3.472354 4.177676 55.98336 4.470374 0.08547288 55.56304 0 0.1027016 56.30749 -11.3353 3.614844 42.04119 -11.43522 -0.3167314 40.21519 -11.77682 -0.1040852 44.43964 -11.42342 4.553022 44.79183 -11.6842 3.900033 48.12516 -11.99539 -0.3123884 49.44549 -11.66078 -3.715949 47.48736 -11.35854 -4.511167 44.32295 -11.25391 -3.104548 41.66307 -11.43522 -0.3167314 40.21519 11.25391 -3.104548 41.66307 11.43522 -0.3167314 40.21519 11.77684 -0.1040852 44.43964 11.35854 -4.511167 44.32295 11.66078 -3.715949 47.48738 11.99539 -0.3123884 49.44547 11.6842 3.900033 48.12517 11.42342 4.553022 44.79183 11.3353 3.614844 42.04119 11.43522 -0.3167314 40.21519 -18.31669 11.50534 56.11858 -17.73933 10.61763 56.79288 -17.742 11.80365 56.79489 -18.50817 10.61784 55.88982 -18.31269 9.730244 56.11557 -17.73666 9.431624 56.79087 -17.16197 9.72993 57.46717 -16.97049 10.61742 57.69594 -17.742 11.80365 56.79489 -17.16597 11.50503 57.47018 -16.97049 10.61742 57.69594 12.99274 11.89215 32.15678 12.09448 10.50192 31.09568 12.0903 12.35998 31.09883 13.29899 10.50159 32.51045 12.999 9.111195 32.15207 12.09867 8.643854 31.09253 11.19623 9.111687 30.03458 10.88998 10.50225 29.6809 11.18996 11.89264 30.03929 12.0903 12.35998 31.09883 0 -7.498189 32.15541 -0.7678601 -8.258381 32.27232 -1.588401 -7.413539 32.12003 1.588401 -7.479228 32.11961 0.7487142 -8.229721 32.26609 0 -8.929286 32.28734 -0.7697627 -8.699701 33.53998 -1.166133 -8.079534 34.26268 0.7806956 -8.66333 33.59765 0.9334197 -8.364713 33.53349 1.053865 -8.244268 34.26041 0 -9.180187 33.6538 -0.8729435 -8.370623 34.48775 -1.243963 -7.470414 34.65444 -0.001163125 -7.469393 34.97315 0 -8.674139 34.6236 0.8813475 -8.452758 34.51713 1.163871 -7.469158 34.66428 0.531935 -8.694191 39.44811 0.5942716 -8.990677 39.59852 1.490325 -8.899727 38.94263 2.132033 -9.132471 38.44322 2.086454 -9.503451 38.47109 1.466531 -9.307017 38.96836 1.142424 -9.498007 38.75017 0.5507668 -9.184347 39.22929 1.730858 -9.753483 38.17204 0.8085623 -9.472687 38.40033 0.3687189 -9.246728 38.81056 1.393457 -9.645565 37.81893 0.767684 -9.137785 38.32384 0.3598514 -8.831497 38.74304 1.358502 -9.261263 37.66584 1.112955 -8.942139 38.59869 0.531935 -8.694191 39.44811 1.743606 -9.123267 38.05286 1.490325 -8.899727 38.94263 2.132033 -9.132471 38.44322 0.002395033 -8.878814 38.60189 0.3598514 -8.831497 38.74304 0.3687189 -9.246728 38.81056 -0.3856812 -9.260986 38.81366 -0.4165039 -8.833341 38.74551 -0.003719151 -9.31324 38.6802 -0.003719151 -9.516172 39.21262 0.3846276 -9.314486 39.22714 0.5507668 -9.184347 39.22929 -0.3866276 -9.332578 39.19846 -0.5837966 -9.186315 39.17979 -0.003719151 -9.319863 39.8244 0.4622826 -9.20974 39.72412 0.5942716 -8.990677 39.59852 -0.4773635 -9.168883 39.72133 -0.6671117 -8.884528 39.55553 0.5325133 -8.866415 39.81595 0.531935 -8.694191 39.44811 -0.004297792 -8.866518 39.99827 0.4819398 -8.342653 39.45996 -0.5932435 -8.866969 39.82186 -0.495769 -8.397068 39.50429 -0.5732317 -8.653109 39.43416 -0.01026421 -8.362736 39.59548 0.3043972 -8.441821 39.06607 0.3598514 -8.831497 38.74304 0.002395033 -8.878814 38.60189 -0.0310657 -8.421902 39.0097 -0.4171073 -8.450078 39.09412 -0.4165039 -8.833341 38.74551 43.40753 20.56991 66.92317 30.27764 19.00383 72.91517 31.94626 14.46008 74.23409 32.12496 11.09416 70.21851 22.70274 17.614 75.02897 26.2035 11.90277 76.22103 25.74535 6.366807 71.3031 14.84565 16.42406 76.07591 21.90108 3.640279 71.45054 18.98997 9.93712 77.55292 4.718586 -6.269134 0 4.721758 -5.055234 0 6.0869 -5.094666 0 3.409081 -5.11361 0 7.297811 -2.81045 0 4.719623 -2.810288 0 2.195542 -2.84042 0 8.14045 -0.004638075 0 4.720798 -0.0251289 0 1.355823 -0.01425755 0 4.655761 2.385817 0 7.19817 2.399749 0 2.194989 2.427394 0 4.590723 3.561486 0 -6.0869 -5.094666 0 -4.721758 -5.055234 0 -4.718586 -6.269134 0 -7.297811 -2.81045 0 -3.409081 -5.11361 0 -4.719623 -2.810288 0 -8.14045 -0.004638075 0 -2.195542 -2.84042 0 -4.720798 -0.0251289 0 -1.355823 -0.01425755 0 -4.655761 2.385817 0 -7.19817 2.399749 0 -2.194989 2.427394 0 -4.590723 3.561486 0 -54.62799 -5.476609 82.33061 -39.15898 -3.291405 91.28295 -40.43899 2.141367 87.94704 -38.48542 -7.657439 88.74969 -32.72821 5.680949 88.66059 -30.60393 -6.989728 89.81287 -31.27028 -1.437992 92.18515 -17.2566 9.94012 87.45854 -25.02181 -6.982956 90.51213 -23.24574 1.042374 92.24433 -14.33567 -17.41862 66.94469 -12.71191 -20.07405 74.39328 -16.23551 -20.65378 74.27586 -19.00218 -18.49811 73.80022 -11.38007 -20.92183 81.38098 -19.52369 -17.75945 81.79465 -16.04263 -20.95147 82.17607 -8.721889 -19.86461 85.19902 -16.02884 -13.93704 88.10682 -14.06152 -17.78944 87.17276 16.52034 -13.42347 64.46871 21.33769 -15.42219 72.93158 18.95376 -16.83128 73.41101 22.03438 -12.49139 72.14467 18.69085 -16.3914 83.05354 23.57096 -9.569831 80.555 22.67563 -13.47925 82.16817 -26.30575 3.589918 39.95478 -25.18498 -0.1708076 39.49552 -26.37399 -0.09453988 38.53269 -25.05238 3.624158 40.94269 -30.45967 0.02512574 38.26914 -25.25935 4.70628 44.34622 -30.17566 3.70988 39.71122 -34.60951 -0.03845214 41.50796 -26.54513 5.108137 44.22592 -25.38244 3.64025 47.91905 -29.30465 5.2784 43.45154 -32.84847 4.155469 41.97229 -32.75151 3.898307 46.11243 -34.3519 -0.03588056 47.00272 -30.48056 3.929878 47.84279 -31.58874 -0.1172927 49.31072 -26.87689 -0.2063149 49.69794 -26.71472 3.864184 48.17839 -25.56612 -0.2314688 49.35963 26.37399 -0.09453988 38.53269 25.18498 -0.1708076 39.49552 26.30575 3.589918 39.95478 25.05238 3.624158 40.94269 30.45967 0.02512574 38.26914 25.25935 4.70628 44.34622 30.17566 3.70988 39.71122 34.60951 -0.03845214 41.50796 26.54513 5.108137 44.22592 25.38244 3.64025 47.91905 29.30465 5.2784 43.45154 32.84847 4.155469 41.97229 32.75151 3.898307 46.11243 34.3519 -0.03588056 47.00272 30.48056 3.929878 47.84279 31.58874 -0.1172927 49.31072 26.87689 -0.2063149 49.69794 26.71472 3.864184 48.17839 25.56612 -0.2314688 49.35963 4.326107 37.70344 43.18137 2.942101 38.73982 42.48922 2.652341 38.36445 43.60254 3.018278 37.43743 44.24287 3.717821 38.34366 41.55507 3.825551 36.5018 44.03511 4.525094 37.40802 41.34731 4.601271 36.10563 43.10096 4.891031 36.481 41.98764 16.78373 -0.735921 65.15944 15.61629 -7.313451 61.07359 15.48617 -1.182625 61.05443 13.90087 -1.965303 56.56822 16.89139 -7.374152 65.32807 17.89981 -0.7647191 67.65629 14.34374 -7.751151 56.90699 17.85574 -7.671395 69.65679 13.41224 -8.114504 54.25326 12.48748 -2.670729 54.2656 18.21319 -5.568876 70.14029 19.01546 -0.8500063 71.22547 18.1889 -7.691874 71.95538 18.56806 -7.722052 75.3426 17.31393 -11.37089 75.87203 17.41041 -10.9215 79.2742 16.37706 -13.87357 76.23517 14.38539 -14.31053 80.97582 15.94393 -14.12626 69.72679 13.65631 -15.74454 76.73314 8.808857 -17.84938 77.04526 9.208172 -16.83436 81.41679 12.97927 -15.73531 69.65124 3.667884 -19.39669 77.17393 3.859693 -18.6086 81.34375 8.289233 -17.61773 69.5894 3.274934 -19.24089 69.52956 0 -20.1434 77.19968 0 -19.37488 81.00122 -3.859693 -18.6086 81.34375 -3.667884 -19.39669 77.17393 -9.208172 -16.83436 81.41679 0 -20.28844 69.46858 -8.808857 -17.84938 77.04526 -14.38539 -14.31053 80.97582 -3.274934 -19.24089 69.52956 0 -19.74094 64.10397 -13.65631 -15.74454 76.73314 -8.289233 -17.61773 69.5894 -16.37706 -13.87357 76.23517 -17.41041 -10.9215 79.2742 -12.97927 -15.73531 69.65124 -17.31393 -11.37089 75.87203 -18.56806 -7.722052 75.3426 -18.1889 -7.691874 71.95538 -19.01546 -0.8500063 71.22547 -15.94393 -14.12626 69.72679 -18.21319 -5.568876 70.14029 -17.89981 -0.7647191 67.65629 -17.85574 -7.671395 69.65679 -16.89139 -7.374152 65.32807 -16.78373 -0.735921 65.15944 -14.97591 -13.84263 65.31034 -12.41193 -14.97102 65.1053 -13.91528 -13.55396 61.19031 -15.61629 -7.313451 61.07359 -15.48617 -1.182625 61.05443 -13.90087 -1.965303 56.56822 -14.34374 -7.751151 56.90699 -13.41224 -8.114504 54.25326 -12.48748 -2.670729 54.2656 -12.92885 -13.4287 57.12127 -12.28103 -8.478192 52.97299 -11.18165 -3.450384 52.95628 -12.22382 -13.16302 54.4493 -7.004106 -6.012642 50.83269 -10.42152 -14.581 54.76015 -7.527859 -9.824678 50.69417 -11.24861 -12.97019 53.07708 -7.162477 -13.04781 51.17568 -2.856531 -11.39614 49.14001 -2.898871 -8.225655 49.39244 0 -9.169719 48.80168 -2.903408 -13.24394 49.69089 -5.85417 -14.56067 51.8632 0 -12.26382 48.53858 2.856531 -11.39614 49.14001 2.898871 -8.225655 49.39244 7.004106 -6.012642 50.83269 0 -13.55398 49.06314 7.527859 -9.824678 50.69417 2.903408 -13.24394 49.69089 12.28103 -8.478192 52.97299 11.18165 -3.450384 52.95628 7.162477 -13.04781 51.17568 12.22382 -13.16302 54.4493 11.24861 -12.97019 53.07708 5.85417 -14.56067 51.8632 2.951352 -14.69636 51.00322 9.425806 -14.42318 53.42018 0 -15.16312 50.49128 2.958663 -15.75124 52.25949 6.481801 -15.71633 53.56213 10.42152 -14.581 54.76015 6.942038 -15.75744 55.0273 12.92885 -13.4287 57.12127 7.396657 -16.16119 57.17937 13.91528 -13.55396 61.19031 11.01507 -14.70109 57.20343 7.750476 -15.74176 60.77711 14.97591 -13.84263 65.31034 11.71651 -14.66267 61.05398 12.41193 -14.97102 65.1053 7.995333 -16.3934 64.71358 2.951965 -18.26305 64.34554 2.863253 -17.72954 60.49359 2.615673 -18.32967 57.1356 0 -19.0101 60.1275 2.961646 -17.07242 55.00581 1.275198 -18.75178 58.63155 0 -20.81172 57.14073 0 -19.63046 58.63412 -1.275198 -18.75178 58.63155 -2.863253 -17.72954 60.49359 -2.615673 -18.32967 57.1356 0 -18.30479 54.88518 2.937231 -16.64304 53.52951 0 -16.54909 52.05212 0 -17.49997 53.48862 -2.937231 -16.64304 53.52951 -2.961646 -17.07242 55.00581 -2.958663 -15.75124 52.25949 -7.396657 -16.16119 57.17937 -6.942038 -15.75744 55.0273 -6.481801 -15.71633 53.56213 -2.951352 -14.69636 51.00322 -9.425806 -14.42318 53.42018 -11.01507 -14.70109 57.20343 -7.750476 -15.74176 60.77711 -11.71651 -14.66267 61.05398 -7.995333 -16.3934 64.71358 -2.951965 -18.26305 64.34554</float_array>
          <technique_common>
            <accessor source="#Untitled-mesh-positions-array" count="2814" stride="3">
              <param name="X" type="float"/>
              <param name="Y" type="float"/>
              <param name="Z" type="float"/>
            </accessor>
          </technique_common>
        </source>
        <source id="Untitled-mesh-normals">
          <float_array id="Untitled-mesh-normals-array" count="8844">0.2405765 -0.9527031 0.185687 0.2031984 -0.8568698 0.4737983 0.516916 -0.8019077 0.2995697 0.1864797 -0.9627893 0.1956075 -0.5644478 -0.8250654 -0.02580362 -0.3827164 -0.7595582 0.5259276 0.8646045 0.4095121 0.2911341 0.7821071 -0.1089975 0.6135374 0.9742345 0.1005312 0.2018924 -0.1462199 -0.9848592 0.0931251 -0.6327559 -0.6066339 0.4812644 -0.004011929 -0.8678507 0.4968091 0.5117028 -0.1501055 0.8459485 0.2699544 -0.1822165 0.9454745 0.3792091 -0.3330211 0.8633061 -0.8214325 0.0725497 -0.5656724 -0.6757592 0.1717354 -0.7168379 -0.6377328 0.1070372 -0.7627843 -7.47695e-6 0.06627058 0.9978017 -0.09692555 0.05756831 0.9936254 -0.01311993 -0.03169095 0.9994117 0.1391184 -0.2954379 0.9451786 0.08291274 -0.1758242 0.9809238 -0.006252527 -0.3345825 0.9423457 0.3329018 -0.4888443 -0.8063545 -0.6423423 -0.4938926 -0.5860603 -0.5609571 -0.7034288 -0.4364804 -0.6423434 -0.4938397 -0.5861036 -0.4653437 -0.55504 -0.6894823 -0.7793309 -0.6203271 -0.0885322 -0.7426834 -0.3222584 -0.5870018 -0.2086067 -0.5418405 0.8141819 -0.8257852 -0.2782675 0.4905568 -0.07235336 -0.4074756 0.9103454 -0.8189392 -0.5727502 -0.03599786 -0.6311209 0.1526209 0.7605218 -0.8257734 -0.2782668 0.4905772 -0.7796277 0.6180882 -0.1007352 -0.8718391 0.1960533 0.4488429 -0.7822505 -0.4492352 -0.4315924 -0.8718408 0.1960543 0.4488388 -0.9013895 0.3725507 0.2206875 -0.7822436 -0.4492278 -0.4316127 -0.459473 0.459027 -0.7603808 -0.4653277 -0.5550377 -0.689495 -0.7822167 -0.449239 -0.4316497 0.3329375 -0.4888188 -0.8063553 0.1930436 -0.969617 0.1502568 0.273364 -0.9164677 0.292163 -0.5609573 -0.7033982 -0.4365293 -0.6061034 -0.7892225 -0.09882622 -0.7907196 0.02083134 -0.6118242 -0.9631859 -0.2688325 -0.00138843 -0.6061172 -0.7892104 -0.09883785 -0.9740045 0.1264296 0.1879653 -0.7371149 0.005402147 -0.675746 -0.991124 -0.05613642 0.1205071 -0.2049477 -0.7024545 -0.6815822 -0.1352283 -0.7512209 -0.64605 -0.0700863 -0.9441506 -0.3219746 -0.7426933 -0.3222032 -0.5870195 -0.07621544 -0.7092167 -0.7008587 -0.3089786 -0.1477975 -0.9395149 -0.8674381 -0.309025 -0.3899418 -0.2597105 -0.04356068 -0.9647035 -0.3089858 -0.147763 -0.9395179 -0.4933687 0.3698291 -0.7872825 -0.7426965 -0.3222205 -0.587006 -0.8674389 -0.3090673 -0.3899068 -0.4738201 0.7475281 0.4655066 -0.451852 0.7438808 -0.4924136 -0.2802545 0.8083704 0.5176821 -0.4120514 0.7728389 -0.4826321 0.1795913 0.625909 0.7589367 -0.400157 0.8047463 -0.438472 -0.7218028 0.09394061 -0.6856938 -0.7793192 -0.6203425 -0.08852553 0.488447 0.3306693 -0.8075131 -0.5604015 -0.7543779 -0.341854 0.5254206 -0.6887504 -0.4995561 0.5254099 -0.6887462 -0.4995731 0.9832985 0.09050935 0.1578988 0.7224084 -0.6910631 0.02362114 0.2303813 -0.2538422 -0.9394087 0.3156384 0.3345302 -0.8879539 0.2303505 -0.2537662 -0.9394367 0.8888239 0.2816873 -0.3614476 -0.04101026 0.6883634 -0.7242057 0.02602601 -0.07173788 -0.9970839 0.696519 0.02247005 -0.7171865 0.6964849 0.02249675 -0.7172188 0.3063681 0.8501134 -0.4283061 -0.5603877 0.6879916 -0.4611217 -0.3683516 -0.4421387 -0.8178206 0.200331 0.8566789 -0.4753618 0.7025583 0.4082312 -0.5828887 0.5565435 0.2311486 -0.7980161 -0.2396129 0.1669445 -0.9564074 -0.2396633 0.1669474 -0.9563943 -0.225362 0.9177156 -0.3271244 -0.8288003 0.4256267 -0.3632244 -0.3142161 -0.3342541 -0.8885621 -0.4382019 0.3441167 -0.8303992 -0.518029 0.6315324 -0.5768993 -0.2396503 0.1669459 -0.9563978 0.2202773 0.7967231 -0.5627703 -0.4381678 0.3440901 -0.8304283 -0.5358883 0.06840676 -0.8415131 -0.5359244 0.06845104 -0.8414865 -0.8566592 -0.4901237 -0.1609779 0.7854444 -0.5643649 0.2541053 0.9064838 -0.3016265 0.2954804 0.7854619 -0.5643602 0.2540615 0.7487887 -0.1956226 0.6332829 0.06789678 -0.9877577 -0.1404448 -0.2122792 0.02089864 -0.9769856 -0.2122058 0.02083015 -0.977003 -0.9668807 0.2485333 -0.05807781 -0.09764873 -0.329926 -0.9389429 -0.8983671 0.2372179 -0.3696814 0.9274422 -0.3699554 -0.05462706 -0.09764719 -0.329923 -0.938944 0.8122667 -0.5410401 -0.2179418 0.8569495 -0.357442 0.3713125 0.8904179 -0.2878556 -0.3525553 -0.2643695 -0.4203392 -0.8679999 0.8961731 0.03443831 -0.4423662 0.6231712 0.4080477 -0.6671991 0.8856711 -0.3651522 -0.2867939 0.8961772 0.03443831 -0.4423578 -0.2643304 -0.4202359 -0.8680619 -0.9973548 -0.001597642 -0.0726701 -0.563101 0.3076438 -0.7669893 -0.9917833 -0.1259483 -0.02242702 -0.990693 -0.1279634 -0.04639995 -0.9954888 0.0036484 -0.09481066 0.3937384 -0.5295593 -0.7513568 0.8856469 -0.3651928 -0.2868167 0.4894601 -0.5319059 -0.6910173 0.5847036 -0.7997663 0.1359993 0.3945121 -0.5251138 -0.7540662 0.6163714 -0.782067 0.09196507 0.8024694 0.3093047 -0.5102682 0.3901322 0.7662476 0.5105502 0.4683239 -0.01737773 -0.883386 0.8856564 -0.3651496 -0.2868423 0.8025192 0.3093004 -0.5101923 0.09539288 0.2474244 -0.9641999 -0.06060868 0.9643917 -0.2574397 0.1294455 0.7269695 0.6743584 0.08443892 0.2699947 -0.9591522 -0.1822945 0.9632428 -0.1973124 0.06924754 0.289254 -0.9547444 0.001166284 0.7009994 0.7131609 -0.2046177 0.9257767 -0.317914 -0.01564812 0.7332389 0.679791 0.2084716 0.8037927 -0.5571866 0.1226739 0.9881407 0.09235423 0.09437286 0.9874086 0.1269565 0.02469396 0.6345311 0.7725028 0.08436006 0.6513945 0.754035 0.2831367 0.6740574 0.6822611 0.3173485 0.9052611 -0.2824752 0.8550633 -0.3736828 0.359483 0.362015 0.108085 -0.9258849 0.329852 -0.6418312 -0.6922792 0.3274674 -0.9435808 -0.04919892 0.3368135 -0.9413583 -0.02003049 0.408531 -0.7634809 -0.5001994 0.7197254 -0.6906721 0.07048022 0.1395101 -0.9869215 0.08076435 -0.004036128 -0.8678417 0.4968245 0.685291 -0.3638309 0.6308751 0.6853007 -0.3638368 0.6308612 0.8775225 0.3718731 0.3027614 0.1395267 -0.9869192 0.08076393 0.4387871 -0.8985878 -0.002483248 0.4406361 -0.8976588 0.00697726 -0.1133848 0.3946266 -0.9118189 0.8157855 -0.5782293 0.01203405 0.8209777 -0.5708116 0.01303243 0.9632192 -0.2683185 0.01462733 0.9927566 -0.1191247 0.0156117 0.9591162 0.2827024 0.01325064 0.8353712 0.5491959 0.02321618 0.8353769 0.5491873 0.02321499 0.992759 -0.1191018 0.01562988 0.8352233 0.549435 0.02287739 0.4224122 0.9063569 0.009235382 0.4295766 0.9029591 0.01135689 0.1011256 0.9947631 0.01483684 0.1069858 0.9940656 0.0196895 3.31379e-4 0.9998311 0.01838213 2.56647e-4 0.9998276 0.01856851 0.5683336 -0.01396656 0.8226797 0.7528972 -0.1605883 0.6382455 0.719307 -0.03705209 0.6937035 0.7529187 -0.1605698 0.6382247 0.5117036 -0.1501123 0.8459467 0.6692627 -0.3744674 0.6417645 0.4541018 -0.6024228 0.6564133 0.6692491 -0.3744612 0.6417823 0.3792085 -0.3330253 0.8633048 0.3273597 -0.6673466 0.6689426 0.5529797 -0.7197123 0.419795 0.4541004 -0.6024504 0.6563889 0.8751197 -0.2681254 0.402833 0.9078296 -0.173548 0.3817414 0.6692703 -0.3744524 0.6417652 0.9750348 -0.1572598 0.1567689 0.7035656 -0.5388125 0.4633321 0.9530165 -0.2823334 0.1097606 0.981772 -0.03980362 -0.185848 0.9750322 -0.1572611 0.1567836 0.9900972 -0.108585 -0.08897632 0.790738 -0.6105425 0.04439991 0.9376049 -0.3400822 -0.07239753 0.7907487 -0.6105283 0.04440641 0.7952464 -0.5998424 -0.08816123 0.5312693 -0.8471754 0.006853222 0.3465614 -0.8767277 0.3335327 0.3749429 -0.9169938 0.1361625 0.2324001 -0.9593688 0.1600058 0.2220808 -0.9109442 0.3476505 0.1932788 -0.7485268 0.6343114 0.2950449 -0.5088595 0.8087091 0.1624549 -0.622657 0.7654455 -0.01759713 -0.9378942 0.3464752 -4.71366e-6 -0.9841472 0.1773542 -7.22706e-6 -0.7958974 0.6054316 -0.02390486 -0.6114826 0.7908967 -0.1286074 -0.5893839 0.7975505 -1.31801e-5 -0.7959014 0.6054264 -0.1981506 -0.7535583 0.6268064 -0.006260752 -0.3345879 0.9423438 -0.1400455 -0.3286761 0.9340018 -0.1286166 -0.5893977 0.7975388 0.9680803 0.1611611 -0.1919574 0.9817779 -0.03979218 -0.185819 0.9069193 0.2303205 -0.3527746 0.9218826 -0.1466937 -0.3586272 0.8214236 0.07255035 -0.5656853 0.8116751 0.2070093 -0.5461966 0.637736 0.2249031 -0.7366895 0.5586095 0.3582595 -0.7480679 0.671391 0.4585409 -0.5822151 0.7753199 0.5016623 -0.3836847 0.5864928 0.7419747 -0.3248076 0.6170057 0.77364 -0.1441707 0.775327 0.5016363 -0.3837044 0.7952297 -0.5998658 -0.08815276 0.7907261 -0.6105574 0.0444042 0.531252 -0.847186 0.006870925 0.7907287 -0.6105534 0.04441541 0.9376236 -0.3400292 -0.07240426 0.9530177 -0.2823253 0.1097711 0.9900977 -0.1085923 -0.08896309 0.9750352 -0.1572469 0.1567801 0.9817709 -0.03981608 -0.1858515 0.9900984 -0.1085717 -0.08898073 0.9072513 -0.1610627 -0.3885279 0.9218818 -0.1467016 -0.3586261 0.978925 0.07699048 0.1891518 0.9750365 -0.1572486 0.1567701 0.9817777 -0.03979218 -0.1858204 0.9680795 0.1611806 -0.1919454 0.9233986 0.0479657 0.3808337 0.9078312 -0.1735492 0.381737 0.8726845 0.3021581 0.3835653 0.9088965 0.3425541 0.237832 0.7822118 0.5828621 0.2200372 0.7193163 -0.0370447 0.6936944 0.7673245 0.2202408 0.6022517 0.5089407 0.135435 0.8500805 0.56836 -0.01397258 0.8226613 0.7529187 -0.16059 0.6382196 0.5116872 -0.1500906 0.8459604 0.7529072 -0.1605866 0.6382341 0.5683685 -0.01396161 0.8226557 0.6692688 -0.3744691 0.6417571 0.3792322 -0.3330177 0.8632972 0.6692562 -0.3744528 0.6417798 0.5117054 -0.1500861 0.8459503 0.7035674 -0.5388072 0.4633356 0.6692569 -0.374472 0.6417679 0.5529885 -0.7197114 0.4197849 0.4540873 -0.602443 0.6564048 0.4540899 -0.602445 0.6564011 0.3791996 -0.3330473 0.8633002 0.3273624 -0.667347 0.6689409 0.2950339 -0.508855 0.808716 0.1391113 -0.2954242 0.9451839 0.1624685 -0.6226621 0.7654384 0.2950469 -0.5088665 0.8087041 -0.006258904 -0.3345655 0.9423518 -0.02389949 -0.6114844 0.7908955 -0.1286162 -0.5893862 0.7975475 1.31018e-5 -0.7959012 0.6054264 0.1932941 -0.7485377 0.634294 -0.3168801 -0.5046827 0.8030456 -0.1286106 -0.5893965 0.7975407 -0.1400391 -0.3286778 0.9340022 -0.2597787 -0.2149809 0.9414342 -0.1981392 -0.7535461 0.6268246 -0.378777 -0.3236374 0.8670566 -0.2597659 -0.2150037 0.9414324 -0.5125899 -0.1344516 0.8480415 -0.3294448 -0.6746709 0.660519 7.2401e-6 -0.7958974 0.6054316 -0.01755791 -0.937893 0.3464804 -0.3787882 -0.3236268 0.8670555 -0.6703366 -0.3789476 0.6380028 -0.458247 -0.6101794 0.6462901 -0.6703438 -0.3789412 0.6379991 -0.5125997 -0.1344507 0.8480358 -0.7529193 -0.1605696 0.6382242 -0.4582498 -0.6101623 0.6463041 -0.5519815 -0.7237026 0.4142114 -0.790232 -0.04320394 0.611283 -0.7528972 -0.1605882 0.6382455 -0.5862551 0.005629241 0.8101071 -0.5089406 0.1354349 0.8500806 -0.7391176 0.252788 0.6243424 -0.9172351 -0.01708096 0.39798 -0.8473815 0.3502857 0.3990546 -0.9973041 0.006948173 0.07305002 -0.9089682 0.3427456 0.2372815 -0.9771872 -0.1619912 0.1373467 -0.9860327 0.1456655 -0.08075296 -0.9817423 -0.04308187 -0.1852732 -0.7824192 0.5826805 0.2197809 -0.9900973 -0.108585 -0.08897638 -0.8107976 0.575008 -0.1094218 -0.5147503 0.8348047 0.1952776 -0.9134498 0.163771 -0.3725434 -0.9817464 -0.04306787 -0.1852543 -0.9218826 -0.1466937 -0.3586272 -0.8214238 0.07255029 -0.565685 -0.4749857 0.868796 -0.139936 -0.1842026 0.9738342 0.1331028 -0.1838798 0.978151 -0.09700071 -0.7271091 0.540381 -0.4234393 -0.5067813 0.7818367 -0.3631858 -0.8116752 0.2070093 -0.5461965 -0.6757623 0.1717364 -0.7168347 -0.6546532 0.4770627 -0.5863791 -0.6377593 0.1070232 -0.7627641 -0.3720782 0.2334242 -0.8983713 -0.4932855 0.3668634 -0.7887209 -0.4910207 0.6075994 -0.6242769 -0.6546385 0.4770856 -0.586377 -0.506787 0.7818365 -0.3631787 -0.3592085 0.4857798 -0.7968609 -0.4932657 0.3668933 -0.7887195 -0.1785625 0.9124113 -0.3682677 -0.2106173 0.8050025 -0.5546272 -0.1838858 0.9781488 -0.09700977 -6.65385e-6 0.9949687 -0.1001867 -0.1785289 0.9124168 -0.3682706 -6.37994e-6 0.931088 -0.3647947 -0.3592398 0.4857776 -0.7968482 -0.1454951 0.5435968 -0.8266401 -0.1888443 0.3268668 -0.9260108 0.01031649 0.3378241 -0.9411528 0 0.666296 -0.7456874 2.44946e-6 0.8353363 -0.5497392 0.1402137 0.5952816 -0.7911889 -9.26488e-6 0.9310789 -0.3648179 0.1791495 0.8106179 -0.5574983 -4.45565e-7 0.8353393 -0.5497348 0.1402071 0.5952916 -0.7911827 0.1213869 0.9369171 -0.3277983 0.3139285 0.4511616 -0.8354054 0.4557888 0.6650612 -0.591566 0.5864848 0.7419837 -0.3248012 0.1237579 0.9817366 -0.14449 6.65385e-6 0.9949677 -0.1001971 4.20988e-6 0.9919213 0.1268551 0.182506 0.9672534 0.1763874 0.6170152 0.773631 -0.1441787 0.5147501 0.8348047 0.1952777 0.6713956 0.4585371 -0.5822128 0.7753331 0.5016458 -0.3836798 0.5586143 0.3582504 -0.7480686 0.205565 0.3193191 -0.925083 0.3717697 0.2336928 -0.8984293 0.6377368 0.224895 -0.7366912 0.6433662 0.1072474 -0.7580091 0.821433 0.07254952 -0.5656719 0.7753174 0.5016488 -0.3837075 0.810294 0.5756615 -0.1097156 0.906921 0.2302891 -0.3527906 -0.5292173 -0.8482449 0.02023971 -0.7879945 -0.6134423 0.05247271 -0.7952298 -0.5998656 -0.08815288 -0.9523799 -0.2837656 0.1115791 -0.9376235 -0.3400291 -0.07240468 -0.7879778 -0.6134624 0.05248862 -0.9900977 -0.1085923 -0.08896303 -0.9771879 -0.1619835 0.13735 -0.9072514 -0.1610627 -0.3885279 -0.9900984 -0.1085717 -0.08898067 -0.9817459 -0.04307895 -0.1852548 -0.9218817 -0.1467016 -0.3586261 -0.9817466 -0.04307675 -0.1852511 -0.9973037 0.006939649 0.07305735 -0.9860377 0.145638 -0.08074265 -0.9078176 -0.1735253 0.3817803 -0.9172373 -0.01704692 0.3979766 -0.9771879 -0.1619906 0.1373422 -0.7902423 -0.04320853 0.6112693 -0.7529185 -0.1605903 0.6382198 -0.6703248 -0.3789649 0.638005 -0.5126069 -0.13444 0.8480332 -0.5862469 0.005624473 0.8101129 -0.7529072 -0.1605866 0.6382342 -0.5125956 -0.1344819 0.8480334 -0.6703299 -0.3789574 0.6380041 -0.3787701 -0.32363 0.8670622 -0.6980411 -0.5500685 0.4584359 -0.5519875 -0.7237025 0.4142037 -0.6703396 -0.3789761 0.6379828 -0.4582706 -0.6101689 0.6462831 -0.4582723 -0.610163 0.6462876 -0.3294427 -0.6746608 0.6605304 -0.3787705 -0.3236363 0.8670598 -0.3168886 -0.5046837 0.8030418 -0.2597857 -0.2149822 0.9414319 -0.7426924 -0.3221859 -0.5870301 -0.1352111 -0.7511962 -0.6460822 -0.3089648 -0.1477932 -0.9395201 -0.3089579 -0.1477707 -0.939526 -0.2597019 -0.04354315 -0.9647067 -0.4120249 0.7728462 -0.4826431 -0.4933696 0.3698291 -0.7872821 -0.400122 0.8047663 -0.4384674 -0.4518472 0.7438827 -0.4924152 -0.8674302 -0.309071 -0.3899229 0.3156263 0.334463 -0.8879834 0.4884622 0.3306291 -0.8075204 -0.4933624 0.3698204 -0.7872906 0.9832913 0.0905295 0.1579324 0.5254067 -0.6887633 -0.499553 -0.7952467 -0.599842 -0.08816128 -0.787994 -0.6134401 0.05250477 -0.9376208 -0.3400369 -0.07240319 -0.787994 -0.6134396 0.05250865 -0.6980701 -0.5500454 0.4584193 -0.9523791 -0.2837628 0.1115917 -0.5291994 -0.8482558 0.02025479 -0.8709782 -0.2848665 0.4003102 -0.6703267 -0.3789563 0.6380081 -0.9771889 -0.1619862 0.1373403 -0.9078297 -0.1735481 0.3817415 -0.3443083 -0.8781662 0.3320782 -0.3735122 -0.9125803 0.1663906 -0.2403361 -0.9540002 0.179227 -0.2464001 -0.9055234 0.3454192 4.47035e-6 -0.9841471 0.177354 0.536378 -0.1751889 0.8255953 -0.5127448 -0.3166874 0.7979987 0.5559034 0.2617856 0.7889485 0.1064224 0.6964436 0.7096765 0.6964895 0.02249693 -0.7172143 0.4660686 -0.8779327 -0.1096098 0.7258679 -0.6151133 -0.3078176 -0.02051109 -0.8634878 -0.5039526 0.7258828 -0.6151021 -0.3078047 0.8888165 0.2817088 -0.3614493 0.6964974 0.02250695 -0.7172064 0.02597385 -0.07171905 -0.9970867 0.02596122 -0.07170277 -0.9970882 -0.8213415 0.1075069 -0.5602145 -0.04102081 0.6883701 -0.7241989 -0.9535214 -0.005475878 -0.3012757 0.2303426 -0.2537682 -0.9394381 -0.6423559 -0.4938286 -0.5860992 -0.560983 -0.7034148 -0.4364696 -0.7793388 -0.6203123 -0.08856594 -0.5604094 -0.7543811 -0.3418338 0.7224008 -0.691072 0.02359408 0.5254194 -0.6887922 -0.4994996 -0.4653391 -0.555041 -0.6894847 -0.642358 -0.49383 -0.5860958 0.09898459 0.001884818 -0.9950872 -0.459476 0.4590195 -0.7603836 0.3329175 -0.4888462 -0.806347 -0.7822487 -0.4492492 -0.431581 -0.6061075 -0.7892124 -0.0988816 -0.5626935 -0.4560702 -0.6894752 -0.2086015 -0.5418339 0.8141877 -0.8257798 -0.2782733 0.4905626 -0.6679316 -0.3908416 -0.6333326 -0.8482664 -0.4570239 -0.2675319 -0.3458863 -0.274006 -0.8973759 -0.5042057 0.8533135 -0.132789 0.8775449 0.3718295 0.3027505 0.8641248 0.03508043 0.5020536 0.9127199 0.06618958 0.4031891 0.6852753 -0.3638517 0.6308802 -0.8671782 0.471898 0.1591054 -0.9105696 -0.3554707 0.2109587 -0.1557417 0.8116261 -0.5630344 -0.6327244 -0.6066412 0.4812966 0.8726835 0.3021747 0.3835543 0.7673131 0.2202382 0.6022673 0.9234012 0.04793149 0.380832 0.9789259 0.07698237 0.1891505 -0.8342133 -0.1967738 0.5151392 -0.8372721 -0.1792541 -0.5165691 -0.831717 0.5543013 -0.03157621 -0.01673203 -0.01823717 0.9996938 0.9564636 -0.268067 0.1154015 0.5559889 -0.06455498 0.8286791 -0.3753289 0.6924521 0.6161479 0.8509901 0.4646044 0.2448648 -0.2174219 0.9591022 -0.1812476 0.8123244 0.3565888 -0.4614905 0.388586 0.4810817 -0.7858508 0.6084383 -4.03821e-5 -0.7936013 0.8334887 -0.1252949 -0.5381429 0.4853173 0.3998385 -0.7775579 0.6986964 0.2845336 -0.6564023 0.476114 0.2401937 -0.8459447 0.1981543 0.3453228 -0.9173261 0.2842144 0.1986703 -0.9379511 0.100407 0.3293597 -0.9388508 0.1833518 0.1978189 -0.9629381 9.10089e-6 0.3462597 -0.9381388 4.67151e-6 0.2444196 -0.9696696 -4.86523e-6 0.3430984 -0.9392995 -0.4853112 0.3998613 -0.7775501 -0.3885905 0.4810814 -0.7858488 -0.3900281 0.3898859 -0.8341865 -0.1981412 0.3453103 -0.9173337 -0.1545604 0.3386499 -0.9281312 1.16852e-6 0.3462743 -0.9381333 0 0.3142172 -0.9493511 0.1545599 0.3386499 -0.9281312 0.1981412 0.3453097 -0.9173338 0.3900272 0.3898861 -0.8341868 0.4853107 0.3998613 -0.7775503 0.3885901 0.4810815 -0.7858489 -0.8674632 -0.3090422 -0.3898724 -0.07008522 -0.9441537 -0.3219659 -0.1732377 -0.8198055 0.5458095 -0.8189573 -0.572728 -0.03593873 -0.03988415 -0.7465518 0.6641308 -0.8258039 -0.2782997 0.4905069 -0.6561914 -0.6723489 0.3425785 0.5845342 -0.7884452 0.1915051 0.3880386 -0.4717475 0.7917578 0.6087808 -0.7520116 0.2527146 0.5363702 -0.1751759 0.8256032 -0.5127708 -0.3167607 0.7979528 0.2936652 -0.784719 0.5458725 -0.6561892 -0.6723841 0.3425135 -0.7715941 0.2914581 0.5654157 -0.9563876 0.1866545 -0.2246837 -0.745382 0.5376265 0.3941618 -0.9292303 0.2199146 -0.2969323 -0.5996394 0.7617247 0.2453735 -0.8989303 0.3905728 -0.1984372 -0.6344091 0.6833933 0.3612461 -0.4977037 0.8640242 0.07585024 0.02890759 -0.8605896 0.5084779 0.8177366 -0.5733823 0.05039566 0.818769 -0.0435943 0.5724655 0.8935952 -0.4327885 -0.1190878 0.9141648 0.2763792 0.2965085 0.9283652 -0.2905077 -0.2318264 0.8832221 0.4590905 0.09567952 0.02890992 -0.860563 0.508523 0.3466566 -0.8568047 -0.3817265 0.817724 -0.5734026 0.05036866 0.362854 -0.8654882 -0.3453508 0.8935912 -0.4328052 -0.1190571 0.9283615 -0.2905353 -0.2318063 0.5149492 -0.6930726 0.5044579 0.4282 -0.9018507 0.05753618 0.1865425 -0.9627743 0.1956209 -0.3827024 -0.7595472 0.5259534 0.5149313 -0.6930618 0.504491 -0.2395915 0.1669303 -0.9564153 -0.5644492 -0.8250634 -0.02584004 0.186514 -0.962792 0.1955611 -0.8288096 0.4256138 -0.3632185 -0.314328 -0.3342157 -0.8885369 -0.3143313 -0.3341916 -0.8885449 0.8713928 0.2110157 -0.4428851 0.8690547 -0.4157369 -0.2681546 0.2202706 0.7967253 -0.5627697 0.9064787 -0.3016368 0.2954857 -0.5359013 0.06839191 -0.8415061 0.7854235 -0.5644001 0.2540915 0.7854456 -0.5643749 0.2540796 0.7821084 -0.1089619 0.6135421 0.7487881 -0.195667 0.63327 0.8233529 -0.4262951 0.37465 0.9742332 0.100548 0.2018907 -0.898375 0.2371878 -0.3696814 -0.5358924 0.06840974 -0.8415102 -0.4382034 0.344094 -0.8304079 -0.8566631 -0.4901145 -0.1609851 -0.9668896 0.2485002 -0.05807167 -0.2122276 0.0208804 -0.9769971 -0.2121881 0.02087044 -0.977006 -0.09767615 -0.3298748 -0.9389579 0.906519 0.09178084 -0.4120676 -0.9906904 -0.1279789 -0.04641038 -0.9917832 -0.1259503 -0.02242219 -0.09763455 -0.3299456 -0.9389374 -0.2643783 -0.4202319 -0.8680491 0.9274395 -0.3699567 -0.05466187 0.974233 0.100538 0.2018966 0.7197385 -0.6906632 0.07043391 0.8645833 0.4095606 0.2911286 0.8569546 -0.3574272 0.3713149 0.8904193 -0.2878367 -0.3525669 0.4085271 -0.7634782 -0.5002066 0.3298562 -0.6418191 -0.6922884 0.4683335 -0.01741307 -0.8833803 0.8856559 -0.3651559 -0.286836 0.8961777 0.03446263 -0.4423549 -0.2643869 -0.4202843 -0.8680212 0.6231828 0.4080435 -0.6671911 0.8961768 0.03443562 -0.442359 -0.5631101 0.3076047 -0.7669984 0.8856762 -0.3651413 -0.2867922 0.4894716 -0.531899 -0.6910146 0.06923991 0.2892767 -0.9547381 0.08445107 0.2699698 -0.9591583 0.4894705 -0.5318803 -0.6910298 0.3937335 -0.5295717 -0.7513507 0.09538662 0.2474189 -0.964202 0.3945059 -0.5251227 -0.7540631 0.8024829 0.3093144 -0.510241 -0.1811419 -0.7418571 0.6456283 0.1610953 -0.6551532 0.738121 -0.4461937 -0.8655079 0.2276124 -0.2558969 -0.9493524 0.1823375 -0.8691684 -0.461607 0.1773849 -0.3041806 -0.9520109 -0.03390395 -0.8292444 -0.5574749 -0.0396949 -0.3683749 -0.4421444 -0.817807 -0.3683821 -0.4421727 -0.8177884 0.7025868 0.4082083 -0.5828703 0.8153591 -0.3927044 -0.4254091 0.5565509 0.2311244 -0.798018 0.7799692 -0.5325257 -0.3287315 -0.2396632 0.1669211 -0.956399 0.186535 -0.962773 0.1956346 -0.36843 -0.442083 -0.8178154 -0.8292241 -0.5575048 -0.03969556 -0.9848499 -0.0461803 -0.1671473 -0.8691664 -0.4616118 0.1773821 -0.971677 -0.2253388 0.07117855 -0.3684287 -0.4421209 -0.8177954 -0.9848509 -0.04615688 -0.1671477 -0.5603804 0.6879914 -0.461131 -0.9716756 -0.2253437 0.07118159 0.6964802 0.02247655 -0.717224 -0.02049928 -0.8634898 -0.5039498 -0.8691614 -0.4616205 0.1773841 -0.4462022 -0.8655164 0.2275633 -0.2049728 -0.7024884 -0.6815397 -0.7370927 0.005390763 -0.6757702 0.1350221 -0.1593583 -0.9779438 -0.7907084 0.02085477 -0.6118376 0.07654386 -0.2693426 -0.9599977 -0.7585088 -0.593195 -0.2697854 -0.02046251 -0.8634753 -0.5039759 -0.6061533 -0.7891787 -0.09887051 0.2733768 -0.9164625 0.2921676 -0.6060999 -0.7892146 -0.09891045 -0.0724045 -0.4074802 0.9103393 -0.2086338 -0.541828 0.8141833 -0.6311187 0.1526431 0.7605191 -0.07241773 -0.4074875 0.910335 -0.8257622 -0.278315 0.4905688 -0.8989341 0.3905733 -0.1984189 -0.6344187 0.6833801 0.3612543 -0.8257815 -0.2782689 0.4905623 -0.9292277 0.2199171 -0.2969383 -0.5626893 -0.4560808 -0.6894717 -0.5009792 -0.35326 -0.7900805 -0.9563884 0.1866339 -0.2246981 -0.6561629 -0.672402 0.3425285 0.3942558 0.6270697 0.671823 -0.634408 0.6833975 0.3612403 -0.4976933 0.8640319 0.07583165 0.1795014 0.6258959 0.7589688 0.8550875 -0.3736383 0.3594714 0.3436697 -0.5323982 0.7735913 0.3274683 -0.9435783 -0.04923945 0.2158213 -0.6291945 0.746683 0.3368039 -0.9413611 -0.02005946 0.7197471 -0.6906563 0.07041293 0.09141427 -0.6852217 0.722575 -0.5042931 0.8532683 -0.1327472 0.3710305 0.7316957 0.5718021 0.6536689 0.75558 -0.04261434 0.225789 0.5701873 0.7898772 0.6633118 0.7419427 0.09766554 -0.5043175 0.8532496 -0.1327743 -0.2594606 0.4420183 0.8586618 0.3710195 0.7316753 0.5718356 -0.2202445 0.2597047 0.9402371 0.2257905 0.570197 0.7898697 -0.5042355 0.8533002 -0.1327604 -0.8335416 -0.1079692 0.5418035 -0.2594578 0.4420211 0.8586612 -0.8550393 -0.1508271 0.4961442 -0.2202265 0.2597245 0.9402359 -0.5042802 0.8532624 -0.1328338 -0.8482744 -0.4570169 -0.2675186 -0.8335416 -0.1079946 0.5417986 -0.6679529 -0.3908244 -0.6333208 -0.8550214 -0.1508358 0.4961724 -0.504288 0.853256 -0.1328447 0.6536738 0.7555774 -0.04258513 0.3860136 0.4015323 -0.8305211 0.663313 0.7419407 0.09767293 0.3520467 0.3599241 -0.8640126 -0.7811232 0.2053097 -0.5896562 -0.09433364 0.774863 -0.6250509 -0.169997 -0.09527981 -0.9808277 -0.04632169 0.8335118 -0.5505566 -0.2421185 -0.1265891 -0.9619532 -0.1971953 0.2460375 -0.9489887 0.08088403 0.9053763 -0.4168353 -0.2886784 0.9561078 -0.05022764 -0.8492078 0.3097718 0.4276536 -0.2200399 0.1800309 0.9587343 -0.8218964 0.2672405 0.5030594 -0.1877174 0.05944454 0.9804226 -0.9031693 -0.3694092 -0.2186824 -0.9959359 -0.09006267 7.82654e-4 -0.9076918 -0.4194151 -0.01366215 -0.958274 -0.01751613 0.2853143 -0.5127364 -0.3167252 0.7979891 -0.1557583 0.8116105 -0.5630523 0.5990791 -0.569609 -0.5627165 0.8293124 0.5358977 -0.1582868 0.6418398 -0.7429628 0.1898629 0.853923 0.5198857 -0.02311706 0.5988786 -0.7800053 0.1814834 0.8120287 0.5826203 0.03410071 0.6680393 -0.7187604 0.1926318 0.7704756 0.3404813 -0.5389247 0.6541118 -0.682668 -0.3257334 0.8775442 0.3718177 0.3027671 0.6772658 0.716637 0.1665612 -0.1133986 0.3946216 -0.9118195 0.5812479 0.8129346 -0.03589451 -0.7952836 0.572704 -0.1988322 -0.8226941 0.5602833 -0.09621465 0.7619893 0.6304105 0.1481717 0.1345475 0.5372866 -0.8325983 -0.5834143 0.3699365 -0.7230317 0.7743801 0.2504977 -0.5810218 -0.9224941 -0.3213067 0.2139315 -0.9754136 0.05218917 0.2141135 -0.4998548 0.8658677 -0.0204553 -0.9864544 -0.1125854 0.119299 -0.2753956 0.9578706 -0.08149307 -0.3150687 0.8603028 -0.4007632 -0.8897683 -0.00765717 -0.4563484 0.1443297 0.8448347 -0.5151925 -0.315075 0.8603073 -0.4007481 0.1665809 0.9814765 -0.09463012 -0.2753955 0.9578719 -0.08147853 0.1878608 0.9680405 -0.1661509 -0.4998826 0.8658519 -0.02044564 -0.2651072 0.9493264 -0.1688126 -0.9754199 0.05218452 0.2140861 -0.8671875 0.4718898 0.1590788 -0.1557614 0.8116064 -0.5630572 0.5803626 -0.7874619 -0.2075646 0.7743884 0.2504996 -0.5810101 0.6092296 -0.7401525 0.2846289 0.7620001 0.6304082 0.1481264 0.8350763 -0.4570301 0.3062211 0.5812584 0.8129265 -0.03590714 0.912716 0.06620526 0.4031953 0.677241 0.7166594 0.1665654 0.8775667 0.3717951 0.3027295 -0.6546559 0.4770779 -0.5863637 -0.49103 0.6075838 -0.6242848 -0.4932561 0.3668696 -0.7887365 -0.7271365 0.5403608 -0.423418 -0.5068053 0.7818274 -0.3631727 -0.6546372 0.4770683 -0.5863925 -0.4932678 0.3668805 -0.7887241 -0.1888331 0.3268703 -0.9260119 -0.3720751 0.2334201 -0.8983737 -0.3592331 0.4857696 -0.796856 -0.4749903 0.8687949 -0.1399281 -0.1838808 0.9781526 -0.0969814 -0.5067878 0.7818389 -0.3631726 -0.1785548 0.9124159 -0.36826 -0.184212 0.9738309 0.1331142 -4.19002e-6 0.9919213 0.1268551 -0.183882 0.9781527 -0.09697806 -6.6854e-6 0.9949677 -0.1001971 0.1214161 0.9369037 -0.3278256 6.6854e-6 0.9949687 -0.1001867 0.1237365 0.9817355 -0.144515 6.34984e-6 0.931088 -0.3647947 -0.1785544 0.9124154 -0.3682615 2.84223e-5 0.9310789 -0.3648179 -0.2106223 0.8050037 -0.5546237 -0.1455221 0.543586 -0.8266423 -0.3592373 0.4857901 -0.7968416 4.56348e-7 0.8353393 -0.5497348 8.75104e-6 0.6663135 -0.7456717 -2.48663e-6 0.8353363 -0.5497393 0.140209 0.5952711 -0.7911978 0.2055273 0.3193289 -0.9250879 0.1402128 0.5952752 -0.791194 0.3139381 0.451156 -0.8354049 0.01028424 0.3378271 -0.941152 0.09249639 0.9894123 -0.1118379 0.01468104 0.04797226 -0.9987408 -0.09377247 0.9952731 -0.02526313 0.6609507 0.2213847 -0.7170308 -0.3050516 0.9504132 -0.06048393 0.7995297 0.5621468 -0.2115261 -0.5813229 0.6826999 -0.4427015 0.3405273 0.9098566 0.2370705 -0.4281842 0.595164 -0.6800282 0.03208053 0.9637544 0.2648558 0.00646305 0.3854496 -0.9227063 0.4483213 0.5250357 -0.7234262 -0.1954067 0.9696938 0.1466633 0.5727778 0.4928709 -0.654984 -0.5278409 0.8323411 -0.1690933 0.4781014 0.8779987 -0.02318716 -0.5490787 0.3233541 -0.7706846 0.1738938 0.9824813 -0.06701999 0.01469916 0.04799085 -0.9987397 0.09249097 0.989417 -0.1118004 0.09255558 0.9894081 -0.1118262 0.004421472 0.1392614 0.9902458 0.1738483 0.9824943 -0.06694614 0.669134 0.0366187 0.7422391 0.4780916 0.8780044 -0.02316915 0.9401855 -0.2979755 0.165112 0.5727902 0.4929013 -0.6549502 0.5349159 -0.6975034 -0.4768165 0.4483518 0.5250253 -0.723415 -0.007510423 -0.7224311 -0.6914022 0.00635606 0.3854762 -0.9226959 -0.4281856 0.5951363 -0.6800515 -0.5906402 -0.649527 -0.47881 -0.5813142 0.68269 -0.4427282 -0.9323886 -0.2987543 0.2034637 -0.3050433 0.9504166 -0.0604729 -0.6558642 0.003246486 0.754872 -0.09377413 0.9952726 -0.02527886 0.004411995 0.139243 0.9902485 0.09246575 0.989414 -0.1118485 -0.2542226 0.5130377 0.8198557 0.1976686 0.7744463 0.600966 -0.08646148 -0.1696394 0.9817062 0.4556913 -0.1594245 0.8757449 0.0335009 -0.6811181 0.7314067 0.4480219 -0.4086078 0.795183 -0.2157467 -0.8897253 0.4022966 0.1772441 -0.7732101 0.6088766 0.05007088 -0.8237542 0.5647317 -0.2731594 -0.9199844 0.2810921 -0.1277364 -0.9464331 0.2965599 0.1605207 -0.8249719 0.5418991 0.1041651 -0.926289 0.3621301 0.2028271 -0.3046624 -0.9306138 0.195035 -0.4338133 -0.8796405 0.2835996 -0.7024123 -0.652831 0.1359214 -0.6550812 -0.7432323 0.1226183 -0.7400817 -0.6612441 0.2380234 -0.944598 -0.2260079 0.03187173 -0.9688133 -0.2457339 -0.2201531 -0.9566666 -0.1905826 -7.768e-4 -0.9592857 -0.2824364 0.001198768 -0.7514798 -0.6597551 -0.1624024 -0.9747228 0.1534312 -0.2937185 -0.9415296 -0.1650803 -0.158591 -0.9468114 -0.2799949 -0.1219081 -0.7389332 -0.6626585 -0.4001091 -0.9018617 -0.1629671 -0.3606193 -0.8889308 -0.2824106 -0.3081672 -0.6868544 -0.6582279 -0.3579984 -0.9226208 0.1435546 -0.552209 -0.8245751 -0.1230493 -0.3794174 -0.9182504 0.1133968 -0.5447717 -0.7794375 -0.3093562 -0.5948624 -0.3785429 -0.709115 -0.8519611 -0.4075527 -0.3287295 -0.5623773 -0.8214036 0.09501546 -0.8532655 -0.5157924 0.0767886 -0.8330033 -0.5513678 0.04581671 -0.5465002 -0.8303334 0.1090138 -0.5138089 -0.8502272 0.1145172 -0.770088 -0.6377323 0.01618784 -0.6974193 -0.6960992 -0.1704477 -0.3137443 -0.9407627 -0.1285697 -0.4189063 -0.8026663 0.4245521 -0.02647483 -0.9885396 -0.1486228 -0.1277863 -0.7966628 0.5907615 -0.4985228 -0.8516513 -0.161756 -0.776721 -0.5305749 0.3394037 -0.4885179 -0.173528 0.8551248 -0.790683 -0.08915984 0.6056988 -0.4171214 0.6698025 0.6143081 -0.7093814 0.542499 0.44997 -0.7239511 0.5476663 0.4194717 -0.4988898 0.7553967 0.4248352 -0.552595 0.6878538 0.4706338 -0.1357569 0.5418024 0.8294699 -0.2117961 0.5000418 0.8397027 0.01512777 -0.002429306 0.9998827 -0.3900789 -0.001967489 0.9207795 -0.1377543 -0.544543 0.8273431 -0.2124353 -0.5008184 0.8390782 -0.4871181 -0.7691941 0.4135897 -0.5379855 -0.7070577 0.4589565 -0.840605 -0.5416074 0.00668776 -0.8623538 -0.4999158 0.08018767 -0.9856658 -0.002662599 -0.1686887 -0.997021 -0.001230359 -0.07712244 -0.8423916 0.538848 0.004414737 -0.8628647 0.4991514 0.07945096 -0.4988857 0.7553781 0.4248729 -0.5525616 0.6878943 0.4706136 0.4100586 0.8424081 -0.3495721 0.552633 0.6879937 -0.4703844 0.01995849 0.5992403 -0.8003205 0.212466 0.5008711 -0.8390389 -0.1550797 0.001807987 -0.9879004 0.07718169 0.001041531 -0.9970166 0.0162701 -0.5978624 -0.8014336 0.2118392 -0.5000156 -0.8397075 0.3997979 -0.851131 -0.3402024 0.537756 -0.7071547 -0.459076 0.8628594 -0.4991613 -0.07944697 0.7967663 -0.5948197 0.1065515 0.9970181 0.001293718 0.07715719 0.9534036 0.002064824 0.301691 0.8623166 0.4999825 -0.08017367 0.796177 0.5962622 0.1028286 0.5526022 0.6880158 -0.4703882 0.4100678 0.8424118 -0.3495522 -0.4077726 0.844324 0.3476185 0.3800658 0.8663955 -0.3238964 -0.01642316 0.5981669 0.8012033 0.7788055 0.6118422 0.1382436 0.1547957 -0.001605212 0.9879452 0.9392731 0.00201106 0.3431646 -0.02021551 -0.599157 0.8003764 0.779246 -0.6104404 0.1419093 -0.4023895 -0.8492611 0.3418163 0.3709881 -0.87334 -0.3156661 -0.7963968 -0.5959292 -0.1030573 -0.02158784 -0.6134067 -0.7894722 -0.9533151 -0.001900017 -0.3019711 -0.1982821 0.001704216 -0.9801436 -0.7966418 0.594942 -0.1067987 -0.01789897 0.6147329 -0.7885323 -0.4077821 0.8443155 0.3476279 0.3800511 0.866393 -0.3239203 0.3753288 0.6924521 0.6161481 -0.555989 -0.06455487 0.828679 -0.9564637 -0.2680668 0.1154015 -0.8509901 0.4646044 0.2448646 0.2174219 0.9591022 -0.1812476 -0.8123242 0.3565891 -0.4614908 -0.3885859 0.4810818 -0.7858508 -0.6084383 -4.03225e-5 -0.7936013 -0.8334886 -0.1252952 -0.538143 -0.485316 0.3998382 -0.7775588 -0.6986978 0.2845331 -0.6564011 -0.4761153 0.2401935 -0.8459441 -0.1981543 0.3453229 -0.917326 -0.2842147 0.1986703 -0.937951 -0.100407 0.3293597 -0.9388508 -9.05246e-6 0.3462597 -0.9381388 -0.183352 0.1978189 -0.9629381 4.73857e-6 0.3430979 -0.9392997 -4.62122e-6 0.2444197 -0.9696696 0.02599096 -0.0717526 -0.9970838 -0.7824724 -0.554797 -0.2827318 -0.8213326 0.1075221 -0.5602248 -0.9535194 -0.005462586 -0.3012823 -0.8222905 -0.473045 0.3163333 -0.5609614 -0.7034179 -0.4364924 -0.6061036 -0.7892196 -0.09884768 -0.6900101 0.3964892 0.6055431 -0.9959379 -0.09003943 7.9897e-4 0.02888864 -0.8605607 0.5085281 -0.5196506 0.6234722 0.5841625 -0.9582771 -0.01750659 0.2853044 -0.5127716 -0.3167337 0.7979631 0.1064715 0.6964924 0.7096211 0.2530339 -0.1155256 -0.9605352 0.5612993 -0.4081985 -0.7199425 0.63927 -0.3237622 -0.6975041 0.1028357 0.0350579 -0.9940804 0.7747581 0.6220234 -0.1133008 0.7748118 0.6219567 -0.1132988 -0.2167776 0.9057404 0.3642001 0.3816071 0.2787488 0.8812918 -0.2931321 0.866166 0.4047594 0.2320842 0.368887 0.9000331 -0.397044 0.07193183 -0.9149765 0.4325605 0.4155693 -0.800121 0.4042876 0.4781332 -0.7797052 -0.3940064 0.03132855 -0.9185736 -0.2585158 0.9019278 -0.3459707 -0.2676686 0.3801923 -0.8853291 0.6125006 0.4286605 -0.6641486 0.5862434 0.4870445 -0.6473844 -0.264616 0.3397309 -0.9025306 -0.2886602 0.9561131 -0.05023145 0.08092039 0.9053861 -0.4168068 -0.04633826 0.833518 -0.5505456 -0.04870843 0.8236414 0.5650154 -0.1067492 0.829271 0.5485566 -0.09433168 0.7748709 -0.6250413 -0.2515046 0.8259083 0.5045999 -0.7811524 0.2053644 -0.5895985 -0.781123 0.2053325 -0.5896486 -0.1700005 -0.09525883 -0.9808291 -0.3925366 -0.6514639 -0.6492379 -0.5932856 -0.7740445 0.2210597 -0.242116 -0.126568 -0.9619565 -0.3004499 -0.7992632 -0.5204886 -0.4560284 -0.8429834 0.2853369 -0.1971628 0.2460377 -0.9489955 -0.4870153 -0.2959455 -0.8217253 -0.4379442 -0.8908114 -0.121078 -0.4042842 -0.9021863 0.1503809 0.586201 0.4870768 -0.6473984 0.6125082 0.4286771 -0.6641308 0.9090605 0.3568877 0.2150352 0.9283555 0.319455 0.1900123 -0.2886947 0.9561009 -0.05026495 -0.2886847 0.9561082 -0.05018323 -0.264598 0.3397133 -0.9025424 -0.8439876 0.3700287 -0.3882832 -0.2676842 0.3801768 -0.8853308 -0.8492044 0.3097972 0.427642 -0.8353215 0.4172102 -0.3580134 -0.8218997 0.2672088 0.503071 -2.57359e-4 0.9998276 0.01856857 -0.10693 0.9940734 0.01959884 -3.31506e-4 0.999831 0.01838207 -0.1011803 0.9947589 0.01474958 -0.4294741 0.9030123 0.01099437 -0.4225199 0.9063102 0.008882641 -0.8351901 0.5495142 0.0221759 -0.8354371 0.5491247 0.02251785 -0.9998627 0.008405506 0.01428705 -0.9999013 0.004682302 0.01325231 -0.8301158 -0.5575221 0.00877273 -0.8190335 -0.5735638 0.01444804 -0.5769777 -0.8167591 0.001177966 -0.4349629 -0.9004476 0.001325368 -0.4198846 -0.9074714 -0.01387876 -0.9105881 -0.3554406 0.2109298 -0.155806 0.8116214 -0.5630233 -0.1462212 -0.98486 0.09311467 -0.6327428 -0.6066486 0.4812631 -0.1133551 0.3946382 -0.9118176 -0.7952913 0.5727019 -0.1988072 -0.6480194 -0.4094998 -0.6421689 -0.715644 -0.6827233 0.1474537 -0.8226891 0.5602913 -0.09621071 -0.6516123 -0.7508399 0.1078934 -0.5834338 0.3699598 -0.723004 -0.4288685 -0.7888344 -0.4402411 0.8293227 0.535879 -0.1582965 -0.2651221 0.9493201 -0.1688244 -0.1557715 0.8116143 -0.5630431 0.1878436 0.9680439 -0.1661502 0.853945 0.5198487 -0.02313554 0.1665781 0.9814771 -0.09462839 0.812027 0.5826248 0.03406584 0.1443337 0.8448566 -0.5151554 0.7704737 0.3404207 -0.5389658 0.8714507 -0.4893446 0.03340083 0.4717546 -0.8276337 -0.3040892 0.8725645 0.4852297 -0.0564208 0.5372729 0.5569602 -0.6333507 0.08642035 -0.6475195 -0.7571328 0.1066006 0.1873396 -0.9764938 0.1976613 0.7744527 0.6009603 0.03586763 -0.2282332 -0.9729456 0.7999984 -0.2193688 -0.5584622 -0.7093784 0.5424807 0.4499968 -0.7846925 -0.01324307 -0.6197438 -0.5991971 0.2391299 0.7640549 -0.8353909 0.2168771 0.5050608 -0.4885004 -0.1735274 0.8551349 0.02507776 0.2046461 0.9785147 -0.4653792 -0.1719872 0.8682412 0.4179906 0.07324528 0.9054937 0.8831237 0.01066738 0.4690189 0.7999861 -0.2194273 -0.5584568 0.1976482 0.7744735 0.6009376 0.4557049 -0.1594427 0.8757346 0.2793813 -0.1384239 0.95015 0.4480248 -0.4085958 0.7951876 0.3678228 -0.5687145 0.7357107 0.1772433 -0.7732493 0.6088269 -0.335135 -0.7489036 0.5716887 -0.4188581 -0.8026817 0.4245706 0.2974297 -0.6885387 0.6614001 0.05003291 -0.8237558 0.564733 -0.556819 -0.830591 -0.008444666 -0.6974197 -0.6960966 -0.1704565 -0.5522111 -0.8245719 -0.1230625 0.125231 -0.8234552 0.5533884 0.1605292 -0.8249751 0.5418914 -0.4876365 -0.8659523 -0.1110736 -0.4001061 -0.901857 -0.1630007 0.08250516 -0.879101 0.4694405 -0.3922966 -0.9040161 -0.1698775 0.1719406 -0.8361925 0.5207865 0.104151 -0.9262874 0.3621383 -0.3229891 -0.931698 -0.1661833 -0.2937347 -0.9415242 -0.1650823 0.2731914 -0.7763821 0.5679767 0.3727045 -0.7812549 0.5007319 -0.1847393 -0.9768416 -0.1079447 -0.2201393 -0.9566721 -0.1905705 0.3716796 -0.7705714 0.5177588 0.4982141 -0.8246459 0.2678468 0.02512055 -0.9720644 -0.2333666 0.03188818 -0.9688079 -0.2457528 0.4763337 -0.8653271 0.155934 0.6210545 -0.7695619 0.1485461 0.1799065 -0.8041017 -0.5666164 0.1359124 -0.6550645 -0.7432485 0.6540999 -0.7549473 0.04698956 0.8302512 -0.4666715 -0.3047963 0.3582993 -0.6406295 -0.6791285 0.1950352 -0.4338141 -0.87964 0.2028511 -0.3046867 -0.9306006 0.8615881 -0.4601796 -0.214245 0.47557 -0.3261963 -0.8169634 0.6406959 -0.0199418 -0.7675358 0.5000686 0.1245499 -0.8569824 0.9803214 0.02268296 0.1961011 0.9962983 0.06264793 -0.05886417 -0.8317049 0.5543199 -0.03156679 0.8155566 0.119809 0.5661389 -0.01672196 -0.01822251 0.9996941 0.7984973 0.1589326 0.5806398 0.7631891 0.1800001 -0.6205986 0.7473756 0.129948 -0.6515699 -0.04574602 0.01881706 -0.998776 -0.5891649 -0.110899 -0.8003662 -0.8372667 -0.1792262 -0.5165876 -0.8316888 0.5543474 -0.03150701 0.8962815 -0.3498939 -0.2724958 0.5559771 -0.06455481 0.8286871 0.9564419 -0.2681205 0.1154573 0.8510089 0.4645938 0.2448198 0.8123103 0.3566332 -0.461481 0.8889665 -0.3899359 -0.2401849 0.8334795 -0.1253253 -0.5381501 0.6084311 -4.81009e-5 -0.7936068 -0.9564419 -0.2681202 0.1154572 -0.5559768 -0.0645551 0.8286873 -0.8962826 -0.3498934 -0.2724929 -0.851009 0.4645933 0.2448201 -0.8123106 0.3566329 -0.4614809 -0.8889666 -0.3899357 -0.2401844 -0.8334796 -0.1253252 -0.5381501 -0.6084309 -4.81978e-5 -0.7936069 0.2530116 -0.1154991 -0.9605442 -0.02248746 0.1878685 -0.9819368 0.1028207 0.03506386 -0.9940817 -0.3448897 0.6442283 -0.6826574 -0.308134 0.6885927 -0.6564248 0.7747885 0.621993 -0.1132589 -0.216819 0.905731 0.3641991 -0.2931192 0.8661767 0.4047456 0.7748001 0.6219584 -0.1133696 0.8814755 -0.4122154 0.2303901 0.5613129 -0.4082226 -0.7199183 0.381597 0.2787148 0.8813069 0.6392755 -0.3237971 -0.6974828 0.9234303 -0.3618877 0.1277256 0.5537104 -0.03685331 0.8318935 0.2320357 0.3688963 0.9000417 0.1443374 0.8448316 -0.5151955 -0.8897749 -0.007674217 -0.4563351 -0.3150476 0.860298 -0.4007897 -0.1395187 -0.8027519 -0.5797621 0.6541572 -0.6826118 -0.3257599 0.7704703 0.34043 -0.5389648 0.5803886 -0.7874454 -0.2075545 0.1345571 0.5372669 -0.8326096 0.7743799 0.2504661 -0.5810357 0.1966789 -0.8576496 -0.4751365 -0.4288563 -0.7888551 -0.4402158 -0.5834181 0.3699499 -0.7230218 0.9089066 0.3425401 0.237813 0.7168896 0.550946 0.4272327 0.8726886 0.3021612 0.3835537 0.782218 0.5828655 0.2200068 0.5147477 0.8348021 0.1952954 0.479178 0.7676042 0.4256435 0.1825142 0.9672544 0.1763728 0.1723339 0.8905567 0.4209629 3.38402e-6 0.914447 0.4047057 8.41346e-6 0.9919253 0.1268239 -0.1842083 0.9738293 0.1331307 -0.172334 0.8905568 0.4209629 -0.4803805 0.7695339 0.4207757 -0.5147476 0.8348022 0.1952953 -0.7168897 0.5509459 0.4272328 -0.7824172 0.5826768 0.2197977 -0.9089761 0.3427349 0.2372664 -0.8473825 0.3502716 0.399065 -0.480376 0.7695274 0.420793 -0.7168814 0.5509385 0.4272562 -0.398936 0.6504337 0.6463637 -0.1625794 0.7304174 0.663369 -0.1723385 0.8905593 0.4209558 -0.6162891 0.4971419 0.6107682 -0.8473777 0.3502956 0.3990542 -0.7391185 0.2527883 0.6243413 -0.508947 0.1354343 0.8500768 -0.4230142 0.3654665 0.8291521 -0.2641258 0.4823704 0.8351984 -0.1201953 0.5132877 0.8497582 4.67757e-6 0.5348954 0.8449184 -2.35128e-7 0.7476984 0.6640385 -1.13318e-6 0.9144575 0.4046821 0.1723383 0.8905592 0.4209559 0.1625793 0.7304174 0.6633691 0.1201954 0.5132877 0.8497581 0.4791741 0.7675998 0.4256558 0.398936 0.6504337 0.6463637 0.264126 0.4823704 0.8351984 0.7168813 0.5509386 0.4272563 0.6162894 0.4971417 0.610768 0.8726755 0.302177 0.383571 0.4230147 0.3654665 0.829152 0.7673184 0.2202377 0.6022607 0.508947 0.1354344 0.8500767 -0.5164403 0.5602113 -0.6476518 -0.9238852 -0.3234353 0.2045133 -0.8942484 0.4370942 -0.09627407 -0.5708801 -0.8068255 -0.1520808 -0.09614264 -0.7358179 -0.6703199 0.1069244 0.1910407 -0.9757412 0.7180682 0.5249518 -0.4569506 -0.8317108 0.5543141 -0.0315119 0.5000411 0.1245235 -0.8570022 0.369698 0.6714875 -0.6422055 0.4140567 0.8117026 -0.4119418 0.7577374 0.4739202 -0.4485909 0.06796705 0.7408042 -0.6682736 0.8331943 0.5424957 -0.1071717 0.1551797 0.8888194 -0.4311838 0.01950031 0.7078198 -0.706124 0.4574975 0.8785449 -0.137313 0.5756229 0.802028 -0.1594037 0.006991267 0.8983371 -0.4392513 -0.03910905 0.7168898 -0.6960888 0.1789422 0.9763883 -0.1210192 -0.1576503 0.9184852 -0.3626726 -0.03913915 0.7169033 -0.6960732 -0.3383587 0.6645264 -0.6662718 -0.1445277 0.7109982 -0.6881812 -3.78129e-4 0.9942941 -0.1066735 -0.6165567 0.3970842 -0.6798397 -0.8331074 0.4139202 -0.3668818 -0.3383223 0.6645449 -0.6662719 -0.414709 0.8190616 -0.3964275 -0.8366227 0.5369862 -0.1082046 -0.1785321 0.9764227 -0.1213468 -0.4661241 0.8734644 -0.1406714 -0.5957422 0.7891845 -0.1492623 0 0.9995671 -0.02942484 -0.1760456 0.9836021 -0.03917914 -0.4141221 0.9085487 -0.05515539 0.1760455 0.9836021 -0.03917914 0 0.9864385 0.1641318 -0.1552149 0.9729658 0.1710143 -0.3459181 0.9292303 0.1298916 -0.4753993 0.8788839 0.03947883 0.1976561 0.7744649 0.6009462 -0.2542003 0.5130635 0.8198464 -0.2495457 0.8268182 0.5040821 -7.94279e-6 0.8655242 0.5008672 0.155215 0.9729658 0.1710143 0.2612833 0.8226671 0.5049258 0.4141222 0.9085488 -0.05515539 0.3568168 0.9234274 0.1412931 0.2811766 0.5222321 0.805117 0.4477744 0.8890984 0.0948801 0.1968695 0.7487462 0.6329467 -0.8331258 0.4138915 -0.3668722 -0.6165456 0.3970742 -0.6798557 -0.9469804 -3.39769e-4 -0.3212912 -0.7522758 -0.001603364 -0.6588464 -0.5948705 -0.378559 -0.7090996 -0.8519602 -0.4075571 -0.3287264 -0.04621458 -0.0168699 -0.9987891 0.1497304 -0.6670535 -0.7298086 0.06944781 -0.02550965 -0.9972594 -0.01710128 -0.6391721 -0.7688736 0.1668035 -0.9665781 -0.1946879 -0.09837925 -0.005433797 -0.9951342 0.04062485 -0.980876 -0.1903467 0.2561892 -0.8129433 0.5229632 -0.08353257 -0.6641668 -0.742903 0.2621232 -0.7556112 0.6002861 0.2436869 -0.1290407 0.9612312 0.3264811 -0.1073731 0.9390853 -0.007514536 -0.9939596 -0.1094894 0.1835128 -0.7993763 0.5721195 0.1921325 -0.0591948 0.9795822 -0.008937895 -0.04165506 0.9990921 -0.003825068 -0.7226016 0.6912541 -0.1597564 -0.07495135 0.984307 -0.02283978 -0.9987137 -0.04527008 -0.2253808 -0.7355893 0.6388365 -0.1947899 -0.04385119 0.9798643 -0.02429515 -0.6808483 -0.7320215 -0.005599617 -0.004188537 -0.9999756 -0.2366689 -0.9711173 -0.03031766 -0.2294259 -0.6895253 0.6869634 -0.0415768 -0.02524316 0.9988164 -0.03787481 -0.714152 0.6989652 -0.3030967 -0.7054782 -0.6406505 -0.2468313 -0.04925054 -0.9678061 -0.2053482 -0.9785667 -0.01548027 -0.03215813 -0.9993936 0.01336199 -0.2666719 -0.6929687 -0.6698362 -0.2233923 -0.0263397 -0.9743727 -0.05819916 -0.727824 -0.68329 -0.05433136 -0.01046669 -0.9984681 -0.06944787 -0.02550965 -0.9972594 -0.1497315 -0.6670533 -0.7298086 0.04621452 -0.0168699 -0.9987891 0.01710104 -0.6391721 -0.7688736 -0.1668046 -0.966578 -0.1946879 0.09837943 -0.005433797 -0.9951342 -0.04062539 -0.980876 -0.1903467 -0.2561894 -0.8129431 0.5229632 0.08353275 -0.6641668 -0.742903 -0.2621237 -0.755611 0.600286 -0.2436882 -0.1290405 0.9612308 -0.3264824 -0.1073729 0.9390849 0.007514476 -0.9939596 -0.1094895 -0.1835126 -0.7993764 0.5721195 -0.1921325 -0.0591948 0.9795821 0.008939385 -0.041655 0.9990921 0.003825843 -0.7226014 0.6912543 0.1597563 -0.07495135 0.984307 0.02283978 -0.9987137 -0.04527002 0.2253807 -0.7355893 0.6388364 0.19479 -0.04385137 0.9798643 0.02429521 -0.6808483 -0.7320215 0.005599021 -0.004188537 -0.9999756 0.2366689 -0.9711173 -0.03031766 0.2294258 -0.6895254 0.6869633 0.04157692 -0.02524322 0.9988164 0.03787481 -0.7141522 0.6989652 0.3030965 -0.7054783 -0.6406504 0.2468312 -0.04925042 -0.9678062 0.2053481 -0.9785667 -0.01548027 0.03215813 -0.9993936 0.01336193 0.2666718 -0.6929689 -0.6698361 0.2233921 -0.02633965 -0.9743727 0.05819916 -0.727824 -0.68329 0.0543313 -0.01046669 -0.9984682 -0.2436643 -0.129043 0.9612365 -0.4702441 0.6981603 0.5398544 -0.3264824 -0.1073582 0.9390865 -0.4575992 0.6598964 0.595936 -0.3747802 0.9257701 -0.04989749 -0.1921446 -0.05921816 0.9795783 -0.3044903 0.9498398 -0.0713464 -0.2969439 0.7178197 -0.6297295 -0.2574045 0.7633376 0.5925021 -0.1872571 0.6569117 -0.7303436 -0.06945115 -0.02548784 -0.9972597 0.04622954 -0.0168662 -0.9987885 -0.1218829 0.9898459 -0.07314181 -0.02818185 0.6710264 -0.7408977 0.09838145 -0.005418658 -0.9951341 0.005630552 -0.004179596 -0.9999755 0.1081912 0.6936643 -0.7121267 0.2468352 -0.04922658 -0.9678063 0.2230797 0.9740847 -0.03734326 0.2988174 0.6692456 -0.6803077 0.2233889 -0.0263701 -0.9743727 0.1293676 0.7120144 0.6901446 0.008914113 -0.04164421 0.9990928 0.3114711 0.9501141 -0.01639848 0.162133 0.6970168 -0.6984844 0.05431747 -0.01043087 -0.9984693 0.0294547 0.7190709 -0.6943122 0.2243307 0.7014753 0.6764675 0.1597539 -0.0749315 0.984309 0.09099698 0.9958222 -0.007601141 0.003325164 0.9999883 0.003518819 0.1422864 0.7057165 0.6940597 0.1948053 -0.04385131 0.9798613 0.02621465 0.7150704 0.6985608 0.04161685 -0.02522724 0.9988151 0.3264836 -0.1073584 0.939086 0.4702439 0.6981605 0.5398542 0.2436642 -0.129043 0.9612365 0.4575994 0.6598965 0.5959358 0.3747797 0.9257702 -0.04989749 0.1921454 -0.05921834 0.9795781 0.3044898 0.9498398 -0.0713464 0.2969439 0.7178198 -0.6297295 0.2574045 0.7633376 0.5925021 0.187257 0.6569117 -0.7303436 0.06945091 -0.02548801 -0.9972597 -0.04622936 -0.01686614 -0.9987885 0.1218827 0.9898459 -0.07314187 0.02818191 0.6710264 -0.7408977 -0.09838134 -0.005418479 -0.9951341 -0.00562483 -0.004179716 -0.9999755 -0.1081912 0.6936644 -0.7121267 -0.2468352 -0.04922658 -0.9678065 -0.2230797 0.9740847 -0.03734326 -0.2988174 0.6692455 -0.6803078 -0.2233889 -0.02637022 -0.9743726 -0.1293672 0.7120145 0.6901446 -0.008915007 -0.04164427 0.9990927 -0.3114709 0.9501142 -0.01639854 -0.162133 0.6970167 -0.6984845 -0.05431735 -0.01043093 -0.9984693 -0.0294547 0.719071 -0.6943122 -0.2243303 0.7014754 0.6764675 -0.1597535 -0.0749315 0.984309 -0.09099709 0.9958223 -0.007601261 -0.003325164 0.9999883 0.003518819 -0.1422865 0.7057166 0.6940596 -0.1948056 -0.04385125 0.9798611 -0.02621465 0.7150704 0.6985608 -0.04161697 -0.02522724 0.9988151 0.248616 -0.02229106 0.9683457 0.08591973 -0.001776397 0.9963005 0.4650332 -0.5781555 0.670433 0.2206004 -0.6895731 0.6898003 0.5694222 -0.8210484 0.04047232 -0.3752492 0.04874658 0.9256413 0.3035569 -0.9520491 0.03815376 0.6748723 -0.6017609 -0.4271197 -0.2583655 -0.6772196 0.6889274 0.4107522 -0.6096522 -0.6779431 0.6476095 0.0419228 -0.7608183 0.3508689 0.06499773 -0.9341662 -0.1411263 -0.9896272 -0.02685964 -0.2172357 -0.618614 -0.7550664 -0.2891931 0.08927392 -0.9530989 -0.7137649 -0.5977933 0.3649424 -0.8835255 0.09901714 0.4577975 -0.7564162 -0.5704156 -0.3200945 -0.906113 0.09838688 -0.4114357 -0.248616 -0.02229106 0.9683457 -0.4650332 -0.5781555 0.670433 -0.08591979 -0.001776397 0.9963005 -0.2206003 -0.6895732 0.6898003 -0.5694218 -0.8210486 0.04047238 0.3752492 0.0487467 0.9256413 -0.3035567 -0.9520492 0.03815382 -0.6748723 -0.6017608 -0.4271198 0.2583655 -0.6772196 0.6889274 -0.4107522 -0.6096522 -0.6779431 -0.6476095 0.04192268 -0.7608183 -0.350869 0.06499767 -0.9341661 0.7137649 -0.5977932 0.3649424 0.8835254 0.09901744 0.4577973 0.2172357 -0.6186141 -0.7550664 0.289193 0.08927392 -0.953099 0.1411263 -0.9896272 -0.02685958 0.7564163 -0.5704156 -0.3200946 0.906113 0.09838688 -0.4114358 0.02890461 -0.8605657 0.5085187 -0.9959366 -0.09005451 7.89102e-4 -0.9031571 -0.3694195 -0.2187158 -0.3468632 -0.7872251 -0.5098654 0.3466632 -0.8568105 -0.3817073 -0.90768 -0.4194403 -0.013668 -0.37789 -0.8942126 -0.2399647 0.3628419 -0.8654861 -0.3453691 0.4281863 -0.9018592 0.05750226 0.1611046 -0.6551609 0.7381122 0.2936886 -0.7847073 0.545877 -0.5127632 -0.3166856 0.7979876 0.1611141 -0.6551208 0.7381457 0.8054419 -0.5291875 0.2668784 -0.446171 -0.8655106 0.2276464 0.7273825 -0.4648168 -0.5048367 -0.02049481 -0.863507 -0.5039204 0.7561208 -0.6094766 0.2383688 0.076541 -0.2693584 -0.9599936 0.76179 -0.3940485 -0.5142002 -0.2049664 -0.7024675 -0.6815631 0.134989 -0.1593896 -0.9779433 0.4281827 -0.9018614 0.05749678 0.1610818 -0.6551663 0.7381123 -0.1811717 -0.741847 0.6456313 0.4683408 -0.7355656 0.4894899 0.5149385 -0.693092 0.5044422 -0.2558853 -0.9493522 0.1823547 0.1864909 -0.9627928 0.1955794 0.4404425 -0.8977267 -0.009866595 0.779978 -0.5324942 -0.3287618 -0.3042006 -0.9520052 -0.03388518 0.8153665 -0.3927177 -0.4253826 0.4118223 -0.8922162 -0.1853451 -0.3684376 -0.4421357 -0.8177835 0.2937088 -0.7847132 0.5458577 0.6087961 -0.7519987 0.2527157 0.1262536 -0.6399378 0.7579841 0.2363248 -0.8810237 -0.4098145 -0.9631763 -0.2688674 -0.001333117 -0.6061022 -0.7892136 -0.09890431 0.5845394 -0.788434 0.1915352 -0.5626891 -0.4560452 -0.6894952 0.2809449 -0.8062012 -0.5206821 -0.6561649 -0.6723753 0.342577 -0.5009827 -0.3532525 -0.7900818 -0.6679325 -0.3908546 -0.6333237 -0.3458849 -0.2739951 -0.8973798 -0.1862212 -0.1661324 -0.9683603 0.3860372 0.4015024 -0.8305246 0.3520821 0.3598743 -0.864019 -0.5042601 0.8532814 -0.1327883 0.1064608 0.6964812 0.7096338 -0.519681 0.6234447 0.5841646 0.3819198 0.8447725 0.3748292 0.3240518 0.7450585 0.5829908 0.8832327 0.4590719 0.09567081 -0.6900203 0.396499 0.6055251 0.9141707 0.2763698 0.2964993 0.2495806 0.4047583 0.8797047 0.0289371 -0.8605673 0.5085141 0.8187769 -0.04360944 0.5724531 0.09141099 -0.6852243 0.722573 0.215796 -0.6291989 0.7466866 0.03234863 -0.003723442 0.9994698 0.1160206 0.04406839 0.9922688 0.0246784 0.6345079 0.7725224 0.3436818 -0.5323666 0.7736077 0.08437556 0.6513928 0.7540347 0.2607636 0.09800505 0.9604153 0.855113 -0.3735725 0.3594794 0.2831209 0.6740815 0.682244 -0.04872673 0.8236413 0.5650139 -0.1067358 0.8292696 0.5485612 -0.361954 -0.1043832 0.9263334 -0.4400487 -0.1522887 0.8849663 -0.4042661 -0.9021963 0.150369 -0.2514861 0.8259119 0.5046032 -0.4560259 -0.8429875 0.2853288 -0.5437824 -0.08574426 0.8348346 -0.781098 0.2054223 -0.5896505 -0.593304 -0.7740235 0.221084 -0.7855545 0.01029688 0.618707 -0.7753759 0.106143 0.6225157 -0.9195036 -0.08858096 -0.3829705 -0.960599 -0.05381107 -0.2726793 -0.3970304 0.07189744 -0.9149851 -0.3940077 0.03132265 -0.9185734 -0.2585133 0.9019096 -0.3460205 -0.2585036 0.9019511 -0.3459195 0.313794 0.5232428 0.792307 0.8007246 0.5958588 0.06158375 0.2903529 0.4463998 0.8464174 0.4325291 0.4155918 -0.8001263 0.7760556 0.6287167 0.0495305 0.40431 0.4781339 -0.7796931 0.290329 0.4464004 0.8464254 0.3138064 0.52328 0.7922776 -0.2900953 0.1668962 0.9423325 -0.3019486 0.2853862 0.9096053 -0.7855243 0.0102449 0.6187462 -0.2585059 0.9019363 -0.3459561 -0.7753859 0.1061167 0.622508 0.9090456 0.3569087 0.2150638 0.928353 0.3194587 0.1900178 0.5362993 0.2174311 0.8155408 0.550064 0.2231194 0.8047654 -0.1877397 0.05945974 0.9804174 -0.2886881 0.9561039 -0.05024629 -0.2200327 0.1800218 0.9587376 0.6853072 -0.3638461 0.6308488 0.7443333 -0.5633833 0.358563 0.8641198 0.03506016 0.5020636 0.2253409 -0.899717 0.3738059 0.3836081 -0.9234656 0.007504343 0.9127108 0.06620961 0.4032062 0.04648524 -0.9560251 0.2895774 -0.6480181 -0.4094998 -0.6421701 0.8350639 -0.4570437 0.3062343 -0.71565 -0.6827121 0.147477 0.08571845 -0.9704438 0.2255913 0.6092414 -0.7401436 0.2846269 -0.6516134 -0.7508379 0.1079001 0.09961974 -0.9800146 0.1721838 0.5803678 -0.7874658 -0.2075356 0.1966803 -0.8576347 -0.475163 -0.4289222 -0.7888141 -0.4402251 -0.8898024 -0.007649421 -0.456282 -0.1394914 -0.802748 -0.5797739 -0.9864615 -0.1125796 0.1192464 -0.2409883 -0.952935 0.1839556 0.6541429 -0.6826259 -0.325759 -0.9225011 -0.3212878 0.2139297 0.6680346 -0.7187566 0.1926627 -0.2457816 -0.9424006 0.2268755 -0.9754214 0.05216223 0.2140848 0.5988541 -0.7800236 0.1814858 -0.3147614 -0.9121506 0.2625005 -0.867173 0.4719061 0.1591087 0.6418401 -0.7429651 0.1898538 -0.63275 -0.6066191 0.4812906 -0.761961 -0.5465102 0.3474796 -0.2842597 -0.9071291 0.3103441 0.5991395 -0.5695939 -0.5626676 0.2944383 0.102651 0.9501415 0.5089491 0.1354317 0.850076 0.4230399 0.3654949 0.8291265 0.159696 0.2893016 0.9438229 0.1115843 0.08439612 0.9901648 0.2641325 0.4823852 0.8351877 5.12344e-6 0.06628459 0.9978008 1.57257e-7 0.325092 0.9456824 0.1201987 0.5132719 0.8497672 -4.04799e-6 0.5349046 0.8449125 -0.1201977 0.5132718 0.8497674 -0.2641325 0.4823853 0.8351877 -0.1596964 0.2893016 0.9438229 -0.09690546 0.05753582 0.9936293 -0.4230396 0.365495 0.8291267 -0.2944386 0.102651 0.9501415 -0.5089483 0.135432 0.8500763 0.2944299 0.1026767 0.9501414 0.5683403 -0.01397508 0.822675 0.5089524 0.135438 0.850073 0.2786962 -0.04796361 0.9591809 0.5117174 -0.1500883 0.8459426 0.1115812 0.08439278 0.9901654 0.2699384 -0.1822195 0.9454784 0.295048 -0.5088704 0.8087012 0.3792216 -0.333029 0.8632976 0.1391246 -0.2954334 0.9451792 0.08294594 -0.1758047 0.9809244 0.115961 -0.06884115 0.9908653 -0.01312166 -0.03169232 0.9994115 9.43802e-6 0.06627053 0.9978018 0 -0.1748481 0.9845955 -0.006249189 -0.3345911 0.9423428 -0.1211553 -0.1560584 0.9802893 -0.140046 -0.3286627 0.9340065 -0.2597763 -0.2149742 0.9414364 -0.1159609 -0.06884115 0.9908653 -0.09691882 0.05754631 0.9936274 -0.2786962 -0.04796361 0.9591809 -0.5125996 -0.1344533 0.8480353 -0.2944303 0.1026767 0.9501413 -0.5862654 0.005635261 0.8100996 -0.5089539 0.135438 0.8500721 -0.5164422 0.5602232 -0.6476399 0.5136152 0.4348675 -0.7396552 0.1069368 0.1910799 -0.975732 0.01241952 0.9629406 -0.2694275 0.01683288 0.4500543 -0.8928425 -0.8942319 0.4371269 -0.09627783 -0.6914111 0.7180659 0.07957398 -0.3834589 0.8183792 0.428036 -0.7608747 -0.05487477 0.6465745 -0.4279518 -0.1961637 0.8822569 -0.9238807 -0.3234537 0.2045052 0.05578428 -0.9026219 0.4268043 -0.3147639 -0.9050726 0.2859497 -0.5709173 -0.8068105 -0.1520207 0.5817983 -0.7215699 -0.375297 0.07181549 -0.8492457 -0.5230911 -0.09614038 -0.7358417 -0.6702941 0.5136224 0.4348514 -0.7396597 0.01682639 0.4500461 -0.8928468 0.1068919 0.1910865 -0.9757356 0.5049152 -0.1244599 0.8541489 0.3040667 -0.4801472 0.8228015 0.8768647 -0.1424346 0.4591519 0.7744403 -0.560265 0.2938461 0.9982954 0.05202913 -0.02644205 0.1361094 -0.7460682 0.6518101 0.8944283 -0.2442649 -0.3746101 0.8187765 0.4498521 -0.3567048 0.6552671 -0.7389373 0.1568339 0.09204387 -0.904733 0.4159162 0.5523083 0.3206246 -0.7695164 0.4433647 0.8341113 -0.3281556 0.8570704 -0.2755312 -0.4353308 0.6769509 -0.7359408 0.01134067 0.1490019 -0.9643822 0.2185535 -0.02813273 0.7722078 -0.634747 0.09624493 0.994174 0.04852885 0.5488712 0.4002248 -0.7338668 0.9044271 -0.0980941 -0.415198 0.747228 -0.6636127 -0.03561758 0.2066219 -0.9782401 0.01880759 0.5582307 0.5974848 -0.5756652 0.8029293 -0.5956394 -0.02276897 0.212355 -0.9770327 -0.01768112 0.9595426 0.06670683 -0.2735473 0.8098216 -0.5713613 0.1331742 0.985369 0.1697008 -0.01580178 0.5484739 0.7679393 -0.3308256 -0.07394766 0.8193106 -0.5685612 -0.1196129 0.8959589 -0.4277269 -0.5202903 0.8532245 -0.03614205 -0.03964042 0.8027358 0.595016 -0.6742171 0.7384331 -0.01216894 -0.6094251 0.4810005 0.6302695 0.1488707 0.3586736 0.9215154 -0.7696629 0.6381987 -0.01793599 -0.264465 -0.06008058 0.962522 0.5049051 -0.1244748 0.8541529 0.3040488 -0.480134 0.8228157 -0.7950245 0.2485423 0.5533201 -0.4710717 -0.3328627 0.8168807 0.136106 -0.746087 0.6517894 -0.9120444 0.01648157 0.4097602 -0.5578443 -0.5902665 0.5834341 0.092022 -0.9047317 0.4159239 -0.8470229 0.5274209 -0.06617736 -0.5550007 -0.7662334 0.3238222 0.1489958 -0.9643877 0.2185328 -0.9643856 -0.1741644 0.1990657 -0.5310106 -0.8471496 0.01911503 0.206623 -0.9782394 0.01883131 -0.9689305 -0.2375068 -0.06902402 -0.5131619 -0.8458349 -0.1456996 0.2123564 -0.9770321 -0.01769739 -0.958594 -0.1813504 -0.2195668 -0.845857 0.5113354 -0.1518627 -0.7866084 0.5907926 -0.1794753 -0.5836781 -0.8044172 -0.1106032 0.1169273 -0.9904174 0.07349574 -0.9666745 -0.06750166 -0.2469492 -0.6926956 0.6681336 -0.2716069 -0.2152999 0.9752883 -0.04958748 -0.2496955 0.9602696 -0.1246378 -0.205729 0.9419229 -0.2654376 0.5159239 0.8562276 -0.02640193 0.4879429 0.86426 0.1223375 0.9547228 0.1997593 0.2204555 -0.0846104 0.9801479 -0.1793074 0.5895099 0.8071903 0.0303635 0.9599069 0.1264948 0.2501557 0.7358601 -0.6324123 0.2420013 0.1169481 -0.990414 0.07350701 -0.05786687 -0.9039194 0.4237702 0.6448981 -0.5875185 0.4888032 -0.1533874 -0.5612502 0.8133084 0.9746364 0.09041607 0.2047165 0.623146 -0.3823341 0.6822828 -0.1372512 -0.1291654 0.9820787 0.7040932 0.6764861 -0.215915 0.994908 0.01407116 0.09980124 0.6331114 -0.1544436 0.7584967 0.08380722 0.8739628 -0.4787123 0.770739 0.3727895 -0.5167102 -0.5732899 0.6537171 -0.4939561 0.1631498 0.5242286 -0.835803 0.9934133 -0.09090465 0.0697602 0.771032 0.00592333 -0.6367689 -0.9645133 0.03695052 -0.261436 -0.5377714 0.4023675 -0.7408794 -0.7384856 -0.6645944 0.1138126 -0.05787771 -0.9039153 0.4237777 -0.9725437 0.01351362 -0.2323279 -0.8031762 -0.4090211 0.4331395 -0.1533665 -0.5612298 0.8133265 -0.5553178 0.1134378 -0.8238654 -0.7942896 -0.03609037 0.6064664 -0.1372596 -0.129159 0.9820783 -0.9805005 0.07192957 -0.1828796 -0.1135317 0.3246208 0.9390059 -0.7901544 0.300433 0.5342246 -0.9779133 0.07829248 -0.1937931 -0.7088198 0.5304883 0.4649267 -0.011541 0.6477329 0.7617802 1.13398e-4 0.6566852 0.7541648 -0.9901877 0.08509278 -0.1108506 -0.680677 0.5185906 0.5174385 -0.7266548 0.3394919 0.5972588 -0.03035867 0.4229553 0.9056419 -0.9950178 0.09958285 -0.004805803 -0.7187618 0.2340201 0.6546878 -0.004334867 0.2451171 0.9694838 -0.9986491 0.05168324 -0.005375087 -0.7218014 0.2197287 0.6562942 -0.03547579 0.2449777 0.9688795 -0.9968601 0.07918125 -6.24766e-4 -0.7166692 -0.1231471 -0.6864547 -0.7071649 -0.2711206 -0.653002 0.02359306 -0.2584189 -0.9657449 -0.7340546 -0.4086157 -0.5423996 0.05809724 -0.4174254 -0.9068522 -0.670481 -0.4090194 -0.6189978 -0.01961827 -0.6716991 -0.7405644 -0.5850712 -0.1902593 -0.7883483 0.00862962 -0.6591452 -0.7519663 0.6885432 -0.5276833 -0.4974521 0.717235 -0.3404446 -0.6080062 0.6918825 -0.2433626 -0.6797597 0.9941829 -0.1062864 -0.01742845 0.9985927 -0.05298268 -0.002364933 0.7392171 0.1206114 0.6625791 0.6859125 0.1061658 0.7198978 -0.03548336 0.2449653 0.9688823 -0.004332721 0.245089 0.969491 0.696534 0.2871417 0.6575638 -0.03039562 0.4229556 0.9056406 0.9971373 -0.05731105 0.04932254 0.6871502 0.4411371 0.5772544 1.39982e-4 0.6566691 0.7541789 -0.01155692 0.6477395 0.7617743 0.6618655 -0.5738258 -0.4823465 0.9824095 -0.1731517 0.06993001 0.705659 0.3598884 0.6103488 0.6415814 0.1257634 0.756675 -0.1135348 0.3246197 0.9390059 0.9826794 -0.1585659 0.09590625 0.7366722 -0.3412883 -0.583812 0.1113231 -0.3519825 -0.929363 0.1435794 0.08342617 -0.9861161 0.6801238 0.46815 0.5641517 0.7158324 0.5465213 0.4346246 0.3617495 0.8084643 0.4642443 0.3484811 0.8627136 0.3664508 0.08507037 0.9006678 0.4260994 0.6923335 0.6760217 -0.2523273 0.2354997 0.8013821 0.5498424 1.4858e-5 0.9002758 0.4353199 0.2073763 0.9148423 -0.3464949 -0.1285157 -0.01819944 -0.9915404 -0.4554466 -0.0238986 -0.8899423 -1.31943e-5 0.6688115 0.7434321 -0.3397368 0.5116029 -0.7892031 -0.2357583 0.8015379 0.5495043 0.448233 0.8457423 0.2894949 -0.08492285 0.9006038 0.4262639 -0.01007622 0.7036415 -0.7104838 -0.00397998 0.8758038 0.4826508 -0.3590061 0.862543 0.3565589 -0.3613447 0.8082102 0.4650014 -0.4464288 0.8472718 0.2878054 -0.7066445 0.5647819 0.4262336 -0.6908748 0.4522412 0.5640656 -0.21653 0.9163302 -0.3368291 0.300949 0.5931101 -0.7467598 -0.8821669 0.00274384 0.470929 -0.8102903 -0.0250436 0.5854934 -0.6966678 0.6717858 -0.2517101 -0.6849763 -0.60033 0.4128092 -0.7261886 -0.4466619 0.5226311 -0.479525 -0.7616847 0.4357663 -0.4514402 -0.8345673 0.3157517 -0.594294 -0.7896767 -0.1523992 -0.7175047 -0.6628375 -0.2140876 -0.9777436 0.0143156 -0.2093147 -0.03077191 -0.05065459 -0.9982421 0.164222 0.1390018 -0.9765806 0.5897405 0.6513051 -0.4775017 0.8460481 -0.003302097 -0.5330964 -0.02280867 0.006405711 -0.9997194 0.6623183 -0.571763 -0.4841711 0.0563724 0.09367072 -0.994006 0.525471 -0.7406223 -0.4187588 0.539045 -0.7109584 -0.4516291 0.4647333 -0.02563065 -0.8850796 0.4579542 -0.4457579 -0.769141 0.2938765 -0.5201761 -0.8019062 -0.01241981 -0.3116883 -0.9501034 -0.02575528 -0.4971591 -0.8672771 -0.4466117 -0.4322241 -0.783403 -0.3397008 0.5115958 -0.7892232 -0.278691 -0.53896 -0.7948922 -0.455444 -0.0239014 -0.8899435 -0.539045 -0.7109583 -0.4516291 -0.5260473 -0.7380079 -0.4226332 -0.1284979 -0.01818984 -0.991543 -0.6669348 -0.5623053 -0.4888873 0.2811683 0.5222101 0.8051342 0.06206536 -0.1723996 0.9830699 0.196905 0.7487576 0.6329222 0.2777926 0.6548469 0.7028563 0.09119457 -0.1430878 0.9854996 0.4474375 0.8892691 0.09486919 0.3700197 0.6742622 0.6391055 0.618253 -0.1077622 0.7785567 0.8317593 0.445739 0.3308979 0.4779445 0.8783798 0.004231333 0.5756199 0.8020298 -0.1594052 0.4237418 0.9043776 -0.05043905 0.7998754 0.5941915 -0.08447456 0.6422828 0.6950687 -0.3230361 0.8332046 0.5424757 -0.107193 0.3691085 0.6787835 -0.6348322 0.7504196 0.4439775 -0.4896475 0.7555008 0.02147632 -0.6547957 0.1784263 -0.001096606 -0.9839528 0.8663479 -0.01305615 -0.4992704 0.9970487 -0.01459872 -0.07537168 0.2560126 -0.7232406 -0.6413897 0.7368037 -0.4870214 -0.4689677 0.7767175 -0.5573459 -0.2933867 0.02872538 -0.9883428 -0.1495105 0.6980134 -0.7014172 -0.1441921 0.2391476 -0.970474 0.03144603 0.1220761 -0.7934166 0.5963116 0.7767173 -0.5305774 0.3394082 0.6182366 -0.1077781 0.7785676 0.09118652 -0.1431035 0.9854981 0.0620597 -0.1724041 0.9830694 -0.03177392 -0.8176019 0.5749068 0.06365776 -0.783686 0.6178867 0.360813 -0.8870255 0.2880968 0.2063079 -0.8737265 0.4404988 0.3331543 -0.9165526 0.2212229 0.1775838 -0.9099817 0.3746964 0.1241246 -0.9548143 0.2700421 0.5000828 -0.8504913 0.1630399 0.7539052 -0.6567518 0.01743805 0.3498623 -0.9243627 0.1521511 0.8258686 -0.5616633 0.04975426 0.5369915 -0.8337175 0.1286676 0.1497712 -0.9714395 0.1840488 0.1041548 -0.9262925 0.3621243 0.372708 -0.7812556 0.500728 0.3647347 -0.9255152 0.101933 0.4982091 -0.8246421 0.2678677 0.5502447 -0.8343517 0.03298884 0.6210611 -0.7695491 0.1485843 0.8431836 -0.5321774 0.07634609 0.8013569 -0.5026607 -0.324283 0.8302457 -0.4666697 -0.3048138 0.9957212 -0.01470386 0.09123122 0.9963009 0.06261277 -0.05885612 0.9282273 7.59764e-4 -0.372013 0.7577452 0.4739005 -0.4485986 -0.8316923 0.5543366 -0.03160429 -0.08645331 -0.1696537 0.9817044 -0.221817 -0.2080807 0.9526278 -0.2542113 0.5130566 0.8198474 -0.4116492 0.4448444 0.7953982 -0.2495477 0.8268196 0.5040788 -0.7399443 -0.2048297 0.640724 -0.52938 0.6486037 0.546873 -1.84989e-5 0.8655104 0.5008912 1.77026e-5 0.9114744 0.4113569 -4.67896e-6 0.9848664 0.1733152 -0.7023709 0.6958509 0.1498895 -0.9703434 -0.2118913 0.1163436 1.04308e-5 0.7329601 0.6802716 -0.5516067 0.5438134 0.6324532 -0.7784322 -0.2253543 0.585883 -5.17815e-6 -0.1664361 0.9860522 0.1041545 -0.9262923 0.3621248 0.1241331 -0.9548146 0.2700372 -6.78375e-6 -0.956626 0.2913191 0.07361882 -0.9061676 0.4164623 0.1776051 -0.9099888 0.3746691 -3.68431e-6 -0.9047949 0.4258475 0.05376607 -0.8429092 0.5353629 2.25194e-5 -0.8282033 0.560428 0.206301 -0.8737222 0.4405105 2.35662e-5 -0.7782762 0.6279222 0.03208446 -0.7627579 0.6458877 0.06365495 -0.7837018 0.6178671 -0.0155574 -0.7489649 0.6624271 6.0075e-6 -0.7805125 0.6251403 0.1504228 -0.7299531 0.6667395 0.06204146 -0.1723576 0.9830787 0.2361004 -0.2205257 0.9463747 0.03117114 -0.7615637 0.6473401 0.1710236 -0.937053 0.3044383 5.99027e-6 -0.9597296 0.2809256 0.4445466 -0.8050947 0.3926842 0.7208349 -0.2355273 0.6518619 0.9703486 -0.2118703 0.1163381 0.4976341 -0.8627892 0.08919233 3.91901e-6 -0.9993435 0.03623282 0.7784322 -0.2253632 0.5858795 -2.51085e-5 -0.8683468 0.4959576 0.4632987 -0.740068 0.4874974 0 -0.1664611 0.986048 -0.4985379 -0.8516481 -0.1617271 -0.7368036 -0.4870214 -0.4689677 -0.02647495 -0.9885402 -0.1486181 -0.2560126 -0.7232405 -0.6413897 -0.3137378 -0.9407683 -0.1285443 -0.8663479 -0.01305693 -0.4992704 -0.7767174 -0.5573458 -0.2933866 -0.770087 -0.6377338 0.01617568 -0.8330009 -0.5513733 0.0457946 -0.1784265 -0.001096606 -0.9839527 -0.7504193 0.4439778 -0.4896476 -0.9970678 -0.01414799 -0.07520413 -0.8532642 -0.5157935 0.07679337 -0.7555009 0.0214768 -0.6547955 -0.3691084 0.6787836 -0.6348321 -0.7998744 0.5941929 -0.08447432 -0.6271881 0.7081171 -0.3243538 -0.4237416 0.9043776 -0.05043894 -0.7239828 0.5476639 0.4194203 -0.4171099 0.6698143 0.6143031 -0.4671221 0.8837237 -0.0287978 -0.7094033 0.5424818 0.4499562 -0.4753987 0.8788838 0.03948986 0.1976337 0.7744504 0.6009721 -0.5957229 0.7892014 -0.1492498 -0.8366226 0.5369868 -0.1082025 -0.8331264 0.4138996 -0.3668619 -0.9469805 -3.25432e-4 -0.321291 -0.9956147 -0.01563084 0.09223395 -0.851948 -0.4075919 -0.3287148 6.82473e-6 -0.9566259 0.2913193 -0.1277662 -0.94643 0.2965571 0.1041764 -0.9262938 0.3621147 -0.07361865 -0.9061675 0.4164622 -0.2731696 -0.9199836 0.2810847 3.72529e-6 -0.9047951 0.4258475 -0.06703013 -0.842814 0.5340146 -2.25212e-5 -0.8282031 0.5604281 -0.2157561 -0.8897333 0.4022735 1.84793e-5 -0.7782813 0.6279158 -0.03208482 -0.762758 0.6458877 0.03347021 -0.6811182 0.7314081 0.01555752 -0.748965 0.662427 0.08832639 -0.8345565 0.543796 1.46106e-5 -0.7782762 0.6279221 -6.17001e-6 -0.7805123 0.6251405 -0.1504226 -0.7299531 0.6667395 -0.2218188 -0.2080547 0.952633 -0.08644491 -0.1696582 0.9817044 -0.03117114 -0.7615637 0.6473401 -0.1710237 -0.937053 0.3044383 -6.4671e-6 -0.9597296 0.2809257 -0.4445465 -0.8050947 0.3926842 -0.7399574 -0.2048279 0.6407095 -0.9703487 -0.2118703 0.1163378 -0.4976342 -0.8627891 0.08919233 -4.24683e-6 -0.9993434 0.03623294 -0.7784323 -0.225363 0.5858795 2.563e-5 -0.8683468 0.4959576 -0.4632988 -0.740068 0.4874974 1.76951e-7 -0.1664611 0.9860481 -0.8116807 -0.02921181 -0.5833706 -0.9968247 -0.03797203 -0.06999135 -0.5518352 -0.5348458 -0.6398577 -0.716417 -0.6968215 -0.03444552 0.03014874 -0.737176 -0.675028 -0.9987863 -0.02842766 0.04022234 0.008219361 -0.9995331 -0.02943027 0.5523015 -0.5255402 -0.6471248 -0.7775372 -0.592245 0.2113813 -0.9975574 -0.001408457 0.06983911 0.6952466 -0.7181833 -0.02906793 0.8168587 -0.01323074 -0.5766861 -0.9014403 0.01498734 -0.432644 -0.6781553 -0.2922733 -0.674301 -0.006419897 -0.7638726 0.6453353 -0.8922424 -0.4177764 0.1713663 -0.6733031 -0.6313856 0.3847272 -0.5885246 -0.4654569 -0.6610513 -0.5847197 -0.5824772 0.5646445 -0.002045691 -0.781312 -0.6241374 0.00876367 -0.5208653 0.853594 0.01373594 -0.6198952 0.7845644 -0.003534972 -0.9005986 0.4346376 0.6527692 -0.6292833 0.4217762 0.5901157 -0.4734773 -0.6538982 0.7557953 -0.6004551 0.2612034 0.5811252 -0.5752938 0.5756132 0.8939897 -0.4129701 0.1738916 0.6870394 -0.2905067 -0.6660201 0.7264023 0.02130413 -0.6869395 0.996865 0.00540173 -0.07893741 0.6122034 0.5253629 -0.5909324 0.9976351 0.01873332 0.06613129 0.9964855 0.04028367 0.07344436 0.5233935 0.5024678 -0.6881755 0.7277014 0.6840977 -0.04960972 0.02535766 0.7832705 -0.6211638 0.7256368 0.6791359 0.1105706 0.7285621 0.677426 0.1014458 -0.002017438 0.7115154 -0.7026676 0.01584953 0.998424 -0.053837 -0.6229592 0.5054464 -0.5970309 0.004139423 0.9962215 0.08675104 -0.00472337 0.9978981 0.06463044 -0.5349736 0.4764626 -0.6977011 -0.756415 0.6512655 -0.06074273 -0.8116919 -0.02920275 -0.5833554 -0.9968274 -0.03793591 -0.0699715 -0.7535319 0.6543157 0.06372338 -0.9987868 -0.02840179 0.04022854 -0.7518928 0.6563245 0.06241524 -0.9975572 -0.001415729 0.06984168 -0.9014551 0.01500111 -0.4326128 0.8155575 -0.02405494 -0.578176 0.9966883 -0.03102326 -0.07516849 0.6214354 0.5054731 -0.5985943 0.7554734 0.6526507 -0.05750757 -0.02411794 0.7821825 -0.6225825 0.998861 -0.02776819 0.03880417 -0.01754212 0.9983962 -0.05382901 -0.6121281 0.5243037 -0.5919499 0.7534026 0.654529 0.06305909 -0.7246954 0.6873609 -0.04849404 -0.8134212 -0.01602011 -0.5814544 -0.007112741 0.9960298 0.08873623 0.7518928 0.6563244 0.06241524 0.9975571 -0.001415729 0.06984239 0.9014552 0.01500105 -0.4326128 0.5349723 0.476464 -0.697701 0.004723429 0.9978981 0.06463044 0.002020716 0.7115154 -0.7026676 -0.7285622 0.677426 0.1014459 -0.5233934 0.5024678 -0.6881755 -0.722211 0.6827047 0.1110211 -0.9964855 0.04028362 0.07344436 -0.7264022 0.02130633 -0.6869396 -0.9972537 -0.004881441 -0.07390177 -0.5546344 -0.5198966 -0.6496833 -0.9976248 0.01226621 0.0677824 -0.8939895 -0.4129702 0.1738916 -0.6870395 -0.2905063 -0.6660202 -0.5901156 -0.4734773 -0.6538982 -0.704415 -0.7092647 -0.0272603 -0.02974027 -0.7388219 -0.6732442 -0.7592915 -0.5953561 0.2627314 -0.005803763 -0.9995327 -0.03001093 0.5518577 -0.5414452 -0.6342636 -0.5811251 -0.575294 0.5756132 0.7119283 -0.7010215 -0.04155856 0.8155596 -0.02408534 -0.5781717 0.996687 -0.03100454 -0.07519137 0.008278667 -0.7652285 0.6437055 0.7771574 -0.5931584 0.2102133 0.9988622 -0.02776443 0.03877592 0.9975574 -0.001408517 0.0698387 -0.008763611 -0.5208653 0.853594 0.9014404 0.01498728 -0.432644 0.678156 -0.2922717 -0.674301 -0.6527691 -0.6292833 0.4217761 0.002045452 -0.7813119 -0.6241375 0.8922425 -0.4177764 0.1713663 0.6733032 -0.6313857 0.3847272 0.5885255 -0.4654558 -0.6610513 0.5847197 -0.5824772 0.5646443 0.003535032 -0.9005986 0.4346375 -0.01373589 -0.6198953 0.7845643 -0.8116847 -0.02919548 -0.5833658 -0.7525111 -0.007185816 -0.6585404 -0.6229711 0.5054498 -0.5970156 -0.5036318 0.3542931 -0.7879287 0.0253334 0.7832943 -0.6211348 -0.8915506 -0.03206425 -0.4517849 0.0346378 0.5722339 -0.8193587 0.6121937 0.5253574 -0.5909473 -0.6715961 0.5236856 -0.5241299 0.4099692 0.3769283 -0.8305723 0.8168597 -0.01324582 -0.5766842 0.0135014 0.848211 -0.5294864 -0.7663172 0.6312552 -0.1194773 -0.9867036 -0.06092351 -0.1506797 -0.9851327 -0.05734103 0.1619436 0.5733886 0.03669196 -0.8184616 0.5522804 -0.5255222 -0.6471575 0.5874066 0.5580855 -0.5860838 0.4628127 -0.3692597 -0.8058856 0.03019064 -0.7371491 -0.6750555 0.8238106 -0.02162688 -0.5664526 -0.02965313 -0.6022183 -0.7977806 -0.5518825 -0.5348325 -0.6398282 0.6187211 -0.6650192 -0.4182507 -0.4741002 -0.4168129 -0.7755619 -0.8116769 -0.02917528 -0.5833776 -0.7525129 -0.007194042 -0.6585383 -0.01121103 -0.9204142 -0.3907842 -0.6440083 -0.6306132 -0.4331055 -0.8915494 -0.03206592 -0.4517872 -0.9867075 -0.06088346 -0.1506704 -0.7101081 -0.6942631 -0.1172403 -0.6987553 -0.7149652 0.02378886 -0.9851301 -0.05735105 0.1619552 -0.008506953 -0.9878296 -0.1553076 0.6621376 -0.7137889 -0.2282084 0.9791604 -0.03816092 -0.199471 0.6773318 -0.7179755 -0.1604149 -0.01395142 -0.9935954 -0.1121322 0.7321771 0.6577219 -0.1769705 0.9978098 -0.02519053 0.06116521 0.7169756 -0.6936722 -0.06902921 -0.01922816 -0.9978978 -0.06189066 -0.6967265 -0.7160488 0.04296863 0.6910645 -0.7190181 0.07377487 0.008647203 -0.999801 0.01798194 -0.719642 -0.6875067 0.09721106 -0.8726007 0.01635253 0.4881605 -0.6282381 -0.6797984 -0.3784061 -0.9863511 0.1308373 0.09996587 -2.46484e-5 0.02769482 -0.9996165 -2.17631e-5 -0.5297756 -0.8481379 -0.4051083 -0.9038741 -0.1374731 0.04764604 -0.9306209 -0.3628702 4.43973e-4 -0.8891896 -0.4575388 9.351e-4 -0.9987243 -0.05048787 0.1296857 -0.9899349 -0.05666112 9.06423e-4 -0.9956817 0.09282881 0.1349208 -0.9867619 0.08998519 -0.02569532 -0.9988158 0.04131221 0.3237187 -0.9262633 0.1929832 0.05402433 -0.9959779 0.0714814 0.1128588 -0.9803631 0.1617136 0.6643033 -0.6090608 0.433297 0.689053 -0.6861703 0.2331871 0.6570112 -0.6358369 0.4050281 0.9650141 0.02991724 0.2604858 0.9027327 0.0234825 0.4295607 0.8620764 0.006410598 0.5067381 0.6905637 0.5920499 0.41545 0.9909167 0.006535589 0.1343182 0.7035088 0.6916758 0.1632792 0.7025849 0.6665359 0.2492075 0.7015491 0.7017748 0.1238593 0.6970113 0.6894863 0.1969364 -0.001440584 0.9875769 0.15713 0.01932024 0.9917095 -0.1270392 -0.7050995 0.6863641 0.1781547 -0.8726031 0.01633721 0.4881567 0.009507894 0.97776 0.2095112 -0.7381792 0.6281743 0.2459446 -0.986351 0.1308364 0.0999673 0.1334179 0.9894407 0.05662995 -0.5618102 0.7836201 -0.2651584 9.53674e-7 0.0276556 -0.9996175 2.76566e-5 0.6002722 -0.7997959 0.261529 0.9627334 0.06889915 -0.06528085 0.977651 -0.1998425 -0.02058386 0.9500222 -0.3115029 -0.02107208 0.9995709 0.02035129 0.3417189 0.9132646 0.2217565 0.3244795 0.8809776 0.3443713 0.1720395 0.9540901 0.2451827 0.1078112 0.9891126 0.100166 1.44029e-6 0.9781847 0.2077376 8.99743e-4 -0.9956808 0.09283852 -0.1953304 -0.9771403 0.0839219 9.23894e-4 -0.9987246 -0.05048233 -0.1424076 -0.9887897 -0.04488992 4.3378e-4 -0.8891924 -0.4575333 -0.3117548 -0.9201877 0.2367776 -0.0481593 -0.9304305 -0.3632903 2.13012e-5 -0.5297756 -0.8481379 0.02925992 -0.9963271 0.08047515 0.9862961 0.1309238 0.1003947 2.51234e-5 0.02769476 -0.9996165 -0.1193227 -0.9776449 0.1731265 0.6284024 -0.67988 -0.3779864 0.8723177 0.01628875 0.4886682 -0.651302 -0.6141333 0.4456972 0.7209791 -0.6856364 0.1004586 0.9850934 -0.05736702 0.1621732 0.4050979 -0.9039039 -0.1373078 -0.6493161 -0.6501657 0.3945545 -0.8649449 -6.78335e-4 0.5018663 -0.06618559 -0.9944818 0.08139765 -0.01005125 -0.9997406 0.02043962 -0.6790373 -0.6924077 0.2438852 -0.8993693 0.009756624 0.4370809 -0.6905637 0.5920499 0.4154502 -0.9664735 0.02195495 0.2558265 -0.6965544 0.6712062 0.2535631 -0.6914846 -0.7185823 0.0740838 -0.3417189 0.9132646 0.2217565 -0.3244795 0.8809775 0.3443714 -0.1720395 0.9540901 0.2451828 -0.6995683 0.6971569 0.1567693 -0.08975124 0.9925795 0.08204168 -1.45286e-6 0.9781847 0.2077377 -0.02106326 0.9995713 0.02033919 -0.0205819 0.9500238 -0.3114986 -0.2615289 0.9627335 0.06889927 0.09027051 0.9810026 -0.1717129 -2.81036e-5 0.6002722 -0.7997958 -0.1334952 0.9894312 0.05661308 0.561841 0.7837162 -0.2648088 1.67266e-6 0.0276553 -0.9996176 0.9862971 0.1309128 0.1003992 0.738068 0.6280493 0.2465963 0.8723103 0.01631712 0.4886804 -0.009553253 0.977762 0.2095 0.7051144 0.6862814 0.1784141 0.9850912 -0.05738008 0.1621817 -0.6970966 0.6895326 0.1964716 0.001542866 0.9875749 0.1571412 0.7663172 0.6312552 -0.1194773 0.9867036 -0.06092357 -0.1506796 0.8915506 -0.03206425 -0.4517849 -0.9909907 0.006555497 0.1337708 -0.7015177 0.7018488 0.1236174 -0.9978259 -0.02516746 0.06091189 -0.7321772 0.6577219 -0.1769705 -0.0193203 0.9917095 -0.1270392 -0.7164061 -0.6941056 -0.07056748 -0.0135014 0.848211 -0.5294864 0.01900935 -0.997535 -0.06754803 -0.676376 -0.7191313 -0.1592665 -0.9791604 -0.03816092 -0.1994711 0.6958989 -0.7170848 0.03891199 0.01544511 -0.9939301 -0.1089247 0.6970092 -0.7166117 0.02541828 0.9867075 -0.06088352 -0.1506704 0.008441925 -0.9878296 -0.1553109 0.7101005 -0.6942717 -0.1172358 0.6440083 -0.6306133 -0.4331054 0.8915494 -0.03206598 -0.4517872 0.7525129 -0.007194101 -0.6585383 0.01122891 -0.9204146 -0.3907827 -0.6621461 -0.7137792 -0.2282145 0.4741002 -0.4168129 -0.7755618 0.8155807 -0.02408158 -0.5781422 0.5518657 -0.5414487 -0.6342536 0.02965307 -0.6022183 -0.7977806 -0.02977764 -0.7388003 -0.6732664 -0.6187211 -0.6650192 -0.4182507 -0.4628127 -0.3692598 -0.8058856 -0.5546284 -0.5198999 -0.6496858 -0.8238106 -0.02162694 -0.5664526 -0.5733886 0.0366919 -0.8184616 -0.8133913 -0.01603561 -0.5814959 -0.5874067 0.5580855 -0.5860837 -0.4099695 0.3769284 -0.8305721 -0.6121159 0.5242797 -0.591984 -0.03463786 0.5722338 -0.8193587 -0.02413123 0.7821992 -0.6225611 0.6715961 0.5236856 -0.5241299 0.5036318 0.3542931 -0.7879287 0.6214199 0.5054818 -0.598603 0.7525111 -0.007185757 -0.6585405 0.8155714 -0.02403616 -0.5781571 -0.4423859 0.813502 0.3775041 -0.842409 0.538821 0.004382967 -0.4988545 0.7553971 0.4248758 -0.8410545 0.5409175 0.005972623 -0.9856727 -0.002669751 -0.1686483 -0.9708713 -9.3284e-4 -0.2396 -0.8406053 -0.5416072 0.006666243 -0.4424152 0.8134917 0.3774921 -0.377588 0.8682234 0.3218936 -0.8410385 0.5409417 0.006026744 -0.7790681 0.6105968 -0.1422126 -0.9391854 -0.001821815 -0.3434058 -0.8087028 -0.5833481 -0.07553017 -0.7790108 -0.611532 -0.1384589 -0.4871374 -0.7691825 0.4135885 -0.3737277 -0.8715603 0.3173488 -0.4861198 -0.7692102 0.4147329 -0.4861577 -0.7691914 0.4147232 -0.1377751 -0.5445706 0.8273215 -0.05013811 -0.583782 0.8103609 -0.05014467 -0.5838106 0.81034 0.01756501 -0.6146112 0.7886347 0.01512908 -0.002432942 0.9998826 0.1979897 -0.001515448 0.980203 0.01510244 -9.30593e-4 0.9998856 0.01513701 -9.52668e-4 0.999885 -0.1357614 0.5418132 0.829462 -0.1357746 0.5417432 0.8295057 -0.1357728 0.5418084 0.8294635 0.02138572 0.613716 0.7892373 -0.4988571 0.7554008 0.4248659 -0.4423885 0.8135042 0.3774959 -0.3775878 0.8682304 0.3218752 -0.44242 0.8134998 0.377469 -0.3775865 0.8682214 0.3219009 -0.3406982 0.8939622 0.2911298 -0.7790697 0.6105884 -0.1422401 -0.750405 0.6331633 -0.1897276 -0.9391758 -0.001804351 -0.3434322 0.004192531 0.9999855 -0.003397881 -0.9240095 4.15149e-6 -0.3823695 -0.7789972 -0.6115468 -0.1384696 -0.4598966 0.7071067 -0.5371175 0.3446726 0.8914096 -0.2942615 -0.752537 -0.6314232 -0.187064 -0.3737451 -0.8715544 0.3173444 -0.6544736 -1.45617e-4 -0.7560849 -0.07256239 0.6321739 -0.7714214 0.3800468 0.866401 -0.3239039 -0.0178852 0.6147454 -0.7885228 -0.2410407 -1.40157e-4 -0.9705151 -0.1983014 0.001710653 -0.9801396 -0.4656677 -0.7070856 -0.53215 -0.07590681 -0.6339007 -0.7696806 -0.02155089 -0.6134122 -0.7894689 -0.3441213 -0.8915346 0.2945281 0.01754069 -0.6146085 0.7886373 -0.004181861 -0.9999855 0.003389954 0.3400688 -0.8940844 -0.2914902 0.3710203 -0.8733336 -0.315646 0.07285243 -0.6322774 0.7713091 0.1979991 -0.001542508 0.980201 0.4599003 -0.7071067 0.5371143 0.7502514 -0.633266 0.1899927 0.7792373 -0.6104505 0.1419139 0.2412866 2.37375e-4 0.9704539 0.02137553 0.6136999 0.7892501 0.6544741 1.4379e-4 0.7560845 0.9239102 9.36777e-5 0.3826096 0.9392805 0.002032876 0.3431445 0.0758323 0.6340169 0.7695922 -0.3775906 0.8682258 0.3218842 -0.3407067 0.8939744 0.2910823 0.4656639 0.7070863 0.5321524 0.004169821 0.9999856 -0.003381073 0.7524604 0.6315397 0.1869785 0.3446554 0.8914199 -0.2942505 0.7788092 0.6118361 0.1382495 0.3800775 0.8663964 -0.3238803 -0.4077789 0.8443131 0.3476377 -0.3658016 0.8766414 0.3125528 -0.7966303 0.594963 -0.1067682 -0.7660579 0.6220795 -0.1617797 -0.9533207 -0.001912534 -0.3019539 0.004149198 0.9999858 -0.003362774 -0.9375662 -2.74519e-5 -0.347807 -0.7963773 -0.595961 -0.1030242 -0.4598993 0.7071064 -0.5371158 0.3695608 0.8739809 -0.3155665 -0.7680333 -0.6203157 -0.159165 -0.4023979 -0.849249 0.3418365 -0.6544297 -1.44856e-4 -0.7561229 -0.0425204 0.6211268 -0.7825557 0.4100857 0.8424031 -0.3495526 0.01993215 0.5992237 -0.8003336 -0.2046983 -1.07017e-4 -0.9788252 -0.1550799 0.001812994 -0.9879004 -0.4656054 -0.7070867 -0.532203 -0.04575139 -0.6228763 -0.7809815 0.0162937 -0.5979002 -0.8014051 -0.3690529 -0.8740988 0.3158341 -0.02023053 -0.5991566 0.8003764 -0.004138171 -0.9999858 0.003353238 0.3651763 -0.8767624 -0.3129442 0.3998073 -0.8511242 -0.3402085 0.04279154 -0.6212301 0.782459 0.1548116 -0.001610994 0.9879427 0.4598996 -0.7071065 0.5371152 0.7659209 -0.6221825 0.162032 0.7967506 -0.5948473 0.1065139 0.2049323 2.02576e-4 0.9787762 -0.01644271 0.5981513 0.8012145 0.6544278 1.45002e-4 0.7561245 0.9374816 1.23483e-4 0.348035 0.9533894 0.002057552 0.3017357 0.04568344 0.622986 0.780898 -0.4077778 0.8443156 0.3476328 -0.3657795 0.8766447 0.3125694 0.4656056 0.7070865 0.5322031 0.0041489 0.9999858 -0.003364205 0.7679612 0.6204265 0.1590809 0.3695828 0.8739786 -0.3155472 0.7962108 0.5962166 0.1028314 0.4100919 0.8424052 -0.3495399 0.1064766 0.6964639 0.7096484 0.1303561 0.7941315 0.5936015 0.5559239 0.2617608 0.7889423 0.05222624 0.7196595 0.6923602 -0.4976758 0.8640404 0.07584744 -0.5996403 0.7617242 0.2453729 -0.7453876 0.5376166 0.3941646 -0.08922672 0.3964152 0.9137251 0.5363722 -0.1751946 0.8255978 -0.7715797 0.2914432 0.565443 -0.1732677 8.56859e-4 0.9848744 0.3880591 -0.4717254 0.7917608 -0.6562275 -0.672332 0.3425424 -0.871837 0.1960775 0.4488361 -0.07237815 -0.4074888 0.9103375 -0.6311259 0.1526395 0.7605138 -0.3630791 -0.6526383 0.6650089 -0.7822129 -0.4493021 -0.4315907 0.1930466 -0.9696143 0.1502709 0.273383 -0.9164673 0.2921464 -0.9740021 0.1264384 0.1879716 0.1262223 -0.639976 0.757957 -0.9631772 -0.2688641 -0.001362979 -0.6151378 0.02184748 0.7881169 -0.9911305 -0.05611139 0.1204659 0.147827 -0.2483406 0.9573266 0.2936844 -0.7847342 0.5458406 0.1610419 -0.6551446 0.7381403 0.8054538 -0.5291869 0.2668434 -0.6581747 -0.2534409 0.7089244 -0.2050527 -0.7024681 -0.6815366 0.03482514 -0.5129375 0.8577193 0.7561243 -0.6094831 0.238341 0.7487915 -0.1956416 0.6332738 0.2589053 -0.3698695 0.8922806 0.9064778 -0.301658 0.295467 0.3546286 -0.7193361 0.5973225 0.5149332 -0.693102 0.5044338 -0.3827208 -0.7595375 0.5259541 0.3216945 -0.9424116 -0.09150499 0.8690492 -0.415749 -0.2681535 -0.5644645 -0.825054 -0.02580583 -0.3142598 -0.3342706 -0.8885403 -0.4795229 -0.7616864 0.4357659 -0.4514138 -0.8345795 0.3157577 -0.380797 -0.8435615 0.3786791 -0.3442461 -0.8911237 0.2956236 -0.1469848 -0.935772 0.3205095 -0.53746 -0.8255742 -0.1719424 -0.594313 -0.7896609 -0.1524063 0.1642681 0.1389927 -0.9765741 -0.1493448 -0.9573361 0.2473943 -0.006754338 -0.9581881 0.2860593 -0.0780344 -0.01499181 -0.996838 0.5897411 0.6513146 -0.4774881 -0.2160286 -0.9421303 -0.2563636 0.04150915 0.09543079 -0.9945703 0.3427934 0.8704354 -0.3533198 -0.09210902 -0.9658905 -0.2420157 0.03976327 0.1582556 -0.9865972 0.184087 0.937735 -0.2945595 0.03977197 0.1582623 -0.9865959 -0.00232011 0.9562311 -0.2926037 -0.01277679 0.1543093 -0.98794 -0.1165405 0.9458001 -0.3031182 0.006702423 -0.9731794 0.2299497 -0.009086787 -0.9686737 -0.248171 0.1637219 -0.9590411 0.2311606 0.1425005 -0.9535965 0.2652307 0.3619263 -0.8527276 0.3766497 -0.02813369 0.1998417 -0.9794242 0.08826214 -0.9592935 -0.2682647 0.3310132 -0.8976919 0.290826 -0.05466783 0.07379043 -0.9957743 -0.3579363 0.8701043 -0.3388217 0.2592415 -0.9382155 -0.2292285 -0.6526848 0.5875545 -0.4783121 0.04674154 -0.05133247 -0.9975872 0.7254085 -0.654017 -0.2145794 0.6907619 -0.5857002 0.4240323 0.7201303 -0.4596586 0.5197368 0.8115054 -0.02499467 0.5838102 0.8818606 0.002741575 0.4715023 0.6800963 0.4681713 0.5641673 0.7158059 0.5465539 0.4346272 0.9799873 0.01366287 -0.1985908 0.6923342 0.676011 -0.2523537 -0.1285211 -0.01818329 -0.9915401 0.03920131 0.006231546 -0.9992119 -0.6669358 -0.5623061 -0.4888852 -0.8445061 -3.51839e-4 -0.5355458 0.06204485 -0.1723582 0.9830784 0.2811971 0.5222054 0.8051273 0.2361121 -0.2205201 0.9463731 0.4304455 0.4638857 0.7742911 0.2612785 0.8226823 0.5049034 0.5098187 0.6617745 0.5496722 1.8537e-5 0.8655104 0.5008912 -1.77026e-5 0.9114747 0.4113564 0.7208482 -0.2355492 0.6518393 4.61936e-6 0.9848666 0.1733145 0.7023708 0.6958508 0.1498895 0.9703434 -0.2118914 0.1163427 -1.15782e-5 0.7329602 0.6802716 0.5516062 0.5438137 0.6324535 0.7784321 -0.2253543 0.5858831 4.0076e-6 -0.1664361 0.9860522 -0.7504167 0.4440095 -0.4896227 -0.8663675 -0.0130673 -0.4992361 -0.9977778 -0.007474184 -0.06620931 -0.7998956 0.5941615 -0.084495 -0.7239912 0.5476247 0.4194568 -0.7906923 -0.0891577 0.6056869 -0.7767001 -0.5306042 0.3394056 -0.4985474 -0.8516501 -0.1616868 -0.7368034 -0.4870048 -0.4689851 -0.8663498 -0.01301157 -0.4992681 0.736799 -0.4870085 -0.4689884 0.8663471 -0.01301509 -0.4992729 0.9977778 -0.007474541 -0.06620985 0.6980105 -0.7014197 -0.1441937 0.7766969 -0.5306062 0.3394101 0.6182026 -0.1077995 0.7785916 0.8317524 0.4457631 0.3308826 0.7998923 0.5941659 -0.08449506 0.7504127 0.4440129 -0.4896258 0.8663645 -0.01306527 -0.4992413 -0.8628557 0.4991697 0.07943487 -0.7614223 -0.002813696 0.6482502 -0.5526148 0.6878632 0.4705964 -0.9970203 -0.001232862 -0.07713031 -0.8623188 -0.4999697 0.08022767 -0.537966 -0.707045 0.4589989 -0.2124509 -0.5008539 0.839053 -0.3900555 -0.001907467 0.9207894 -0.552776 0.6878653 0.4704042 -0.7614178 -0.002812147 0.6482556 -0.2118306 0.5000929 0.8396636 -0.390056 -0.001936912 0.9207893 0.8623486 0.499933 -0.08013832 0.76142 0.002813637 -0.6482529 0.552588 0.6880178 -0.4704021 0.9970167 0.001233637 0.07717788 0.8628562 -0.4991674 -0.07944267 0.5377635 -0.7071333 -0.4591003 0.2118362 -0.5000044 -0.8397148 0.07717776 0.001027762 -0.9970169 0.2124462 0.500853 -0.8390548 0.5524858 0.688017 -0.4705232 -0.002202868 -0.1303566 -0.9914647 0.599131 -0.5695703 -0.5627005 -0.15578 0.8116208 -0.5630313 -0.113429 0.3946056 -0.9118225 -0.6479745 -0.4095131 -0.6422057 0.01318103 -0.7567477 -0.6535743 -0.7038226 -0.7103747 -0.001319527 -0.7619763 -0.5465018 0.3474593 0.6944086 -0.7195081 -0.01023393 0.3836353 -0.9234542 0.007502019 0.7443063 -0.5634033 0.3585876 0.008167564 -0.9884883 0.1510767 -0.5230904 -0.6117809 0.5933806 -0.6327667 -0.6066143 0.4812747 -0.004012763 -0.8678404 0.496827 -0.02563202 -0.7008822 0.7128164 0.5468249 -0.6181799 0.5646559 0.6853148 -0.3638727 0.6308252 0.6762092 0.7148831 0.1779984 0.7680398 -0.1487875 0.6228783 0.5277721 0.7476745 0.4030377 0.8725898 0.4851843 -0.05642044 0.8714545 -0.4893366 0.03341817 0.4278131 -0.4761208 0.7683001 -0.08275866 -0.9204735 0.3819417 0.2957611 -0.9290866 0.222089 0.4717506 -0.8276258 -0.3041168 -0.6083496 -0.7426493 -0.2799694 -0.1181995 -0.8491553 -0.5147467 0.08639329 -0.6474984 -0.7571539 -0.5747507 0.3639318 -0.7329498 0.2099585 0.480498 -0.8514923 0.1066362 0.187348 -0.9764884 0.03043115 0.9475005 -0.3183031 0.6761767 0.7149001 0.1780531 0.5372334 0.5569399 -0.6334021 0.5277455 0.7476871 0.4030493 0.8725809 0.4851956 -0.05646103 0.01243573 0.2731958 -0.9618782 0.209981 0.4804753 -0.8514994 -0.1182329 -0.849152 -0.5147445 0.07178771 -0.8492324 -0.5231165 0.01677787 0.4500541 -0.8928438 0.008445978 -0.6183495 -0.785858 0.01278775 -0.9998056 0.01501083 0.5122696 -0.8588055 0.00575006 0.2957829 -0.9290848 0.2220678 -0.4968789 -0.8673849 0.02747768 -0.3147584 -0.9050763 0.2859444 -0.01633805 -0.7496447 0.6616389 0.5720562 -0.6434207 0.5086861 0.76805 -0.1488062 0.6228613 -0.5671676 -0.6425064 0.5152732 -0.7608916 -0.05488741 0.6465535 0.6996083 0.1258701 0.7033526 0.6761863 0.7149049 0.1779974 0.004221916 0.1286757 0.9916778 0.6259258 0.7746794 0.08993726 -0.6911433 0.05083084 0.720928 -0.571898 0.7913832 0.2159754 -0.6914111 0.7180649 0.07958358 -0.01969236 0.9045349 0.4259447 0.4691284 0.759643 -0.4504011 0.2099748 0.4804892 -0.8514932 0.01243692 0.2732027 -0.9618762 -0.02248895 0.8760476 -0.4817001 -0.549261 0.7341241 -0.3992172 0.01679623 0.4500402 -0.8928504 0.8024857 0.3093379 -0.5102224 0.1294667 0.7269592 0.6743655 0.4865458 -0.1597049 0.8589341 0.6163837 -0.7820559 0.09197717 0.001178085 0.7010095 0.7131511 0.3431663 -0.1978771 0.9181947 0.5846846 -0.7997785 0.1360093 -0.01570087 0.7332103 0.6798208 0.8856405 -0.3651968 -0.2868316 0.3901396 0.7662516 0.5105388 -0.0020262 -0.7813206 -0.6241268 0 0 -1 0.5901224 -0.4734458 -0.6539149 -0.5885556 -0.4654471 -0.6610305 0.6870127 -0.2904975 -0.6660517 0 0 -1 -0.6781647 -0.2922397 -0.674306 0.7263934 0.02130234 -0.686949 0 0 -1 -0.9014473 0.01494538 -0.4326308 0 0 -1 0.5233613 0.5024649 -0.6882021 -0.5349608 0.4764688 -0.6977066 -0.002047896 0.7115136 -0.7026693 -0.5901225 -0.4734457 -0.653915 0 0 -1 0.002026379 -0.7813206 -0.6241268 -0.6870128 -0.2904973 -0.6660516 0.5885555 -0.4654472 -0.6610305 0 0 -1 -0.7263934 0.0213021 -0.686949 0.6781647 -0.29224 -0.674306 0 0 -1 0.9014473 0.0149455 -0.4326308 0 0 -1 -0.5233612 0.5024649 -0.6882021 0.5349608 0.4764688 -0.6977066 0.002048015 0.7115136 -0.7026694 -0.8674189 -0.3091219 -0.389908 -0.3095899 -0.060341 0.9489537 -0.4738233 0.7475362 0.4654903 -0.1732358 -0.8197936 0.5458278 -0.2802593 0.8083705 0.5176793 -0.03987973 -0.7465336 0.6641514 -0.08320754 0.04306775 0.9956012 0.1795619 0.625929 0.7589272 -0.8257814 -0.2782354 0.4905815 -0.6344122 0.6833884 0.3612499 0.02593207 -0.07169067 -0.9970898 0.7258811 -0.6151042 -0.3078044 -0.2647584 -0.9368155 -0.2286478 -0.7824726 -0.5547895 -0.2827462 0.4660635 -0.8779377 -0.1095917 -0.8222917 -0.4730473 0.316327 -0.3779423 -0.8800264 0.2875993 -0.02049469 -0.8635023 -0.5039285 -0.606123 -0.7891958 -0.09891957 -0.7585204 -0.5931864 -0.2697716 -0.2121877 0.02093493 -0.9770047 0.7435915 -0.6231899 -0.2422934 0.06789886 -0.9877552 -0.1404619 0.9065098 0.09182924 -0.412077 0.7854412 -0.5643656 0.2541133 0.9742415 0.1004936 0.2018776 0.8233429 -0.4263252 0.3746377 0.2980908 0.6480602 -0.7008281 0.6476125 0.04191792 -0.760816 0.3508709 0.06502354 -0.9341636 0.3868393 0.7634232 -0.5172432 -0.2891826 0.08923405 -0.9531059 0.2884497 0.9574943 -0.001172065 -0.2027205 0.6524159 -0.7302451 -0.9061115 0.0983808 -0.4114406 0.1729298 0.9849112 0.006729364 0.2529274 0.7081945 0.6591573 -0.06920391 0.9954918 -0.06486171 -0.6345119 0.7046332 -0.3176269 -0.6344714 0.6939517 0.3404074 -0.8835274 0.09904402 0.4577878 -0.2415635 0.710914 0.6604911 -0.3752442 0.04875981 0.9256426 0.08590292 -0.001748025 0.996302 0.09711563 0.7097817 0.6976952 0.2486163 -0.02225369 0.9683464 -0.3508715 0.06502366 -0.9341635 -0.6476132 0.04191774 -0.7608155 -0.2980908 0.6480602 -0.7008281 -0.3868393 0.7634231 -0.5172432 0.2891827 0.08923405 -0.9531059 -0.2884492 0.9574945 -0.001172065 0.2027205 0.652416 -0.7302451 0.9061115 0.09838062 -0.4114403 -0.1729295 0.9849112 0.006729364 -0.2529269 0.7081946 0.6591574 0.06920385 0.9954918 -0.06486177 0.6345119 0.7046332 -0.317627 0.6344714 0.6939517 0.3404074 0.8835274 0.09904384 0.457788 0.2415634 0.710914 0.660491 0.3752441 0.04875981 0.9256427 -0.08590304 -0.001748383 0.9963021 -0.09711533 0.7097817 0.6976952 -0.2486163 -0.02225416 0.9683464 0.7469371 0.5228772 0.4107123 0.09623247 0.9941747 0.04854011 -0.03965646 0.8027141 0.5950443 0.1488413 0.3586558 0.9215272 0.4433792 0.8341038 -0.3281549 0.5049102 -0.1244833 0.8541485 0.8187747 0.44985 -0.3567114 0.8768674 -0.1424716 0.4591355 0.9982944 0.05205351 -0.02643591 0.896271 -0.3499318 -0.2724815 0.9503356 -0.1119083 -0.2904114 0.8889626 -0.3899499 -0.2401763 0.833481 -0.1253192 -0.5381494 0.9531887 -0.1459794 -0.2648047 0.9564376 -0.268142 0.1154434 0.9506136 -0.09489953 -0.2955131 0.9617273 -0.2047215 -0.1821259 0.8618952 -0.05465519 -0.5041325 0.6987134 0.2844967 -0.6564003 0.9684184 -0.1136029 -0.2219465 0.9656987 -0.1075413 -0.2363491 0.9605772 -0.2463851 -0.1287866 0.9582149 -0.2736306 -0.0833711 0.935737 -0.3481332 -0.0565654 0.8876856 -0.4405897 0.1337727 0.7895673 -0.6108545 0.05865621 0.5811745 -0.7829792 0.2217653 0.7764576 -0.6176238 -0.1251181 0.4761738 -0.8748216 0.08913874 0.3515935 -0.9332599 0.07353979 0.3776924 -0.9098993 0.171557 0.4178545 -0.901322 -0.1140889 0.2467407 -0.9664174 0.0718103 0.2532979 -0.9517863 0.1730411 0.3341153 -0.9316499 -0.1428124 0.316354 -0.9435647 -0.09800994 0 -0.9964226 0.08451104 0 -0.9801712 0.1981525 -0.2532979 -0.9517863 0.1730411 -0.2467407 -0.9664174 0.0718103 -0.3776923 -0.9098993 0.171557 0 -0.9991322 -0.04165363 -0.3515935 -0.9332599 0.07353973 -0.5811743 -0.7829794 0.2217654 -0.316354 -0.9435647 -0.09800994 0 -0.9858728 -0.1674966 -0.4761737 -0.8748217 0.0891388 -0.3341153 -0.9316499 -0.1428124 -0.7895671 -0.6108547 0.05865627 -0.8876854 -0.4405901 0.1337729 -0.4178546 -0.9013221 -0.1140888 -0.935737 -0.3481332 -0.05656546 -0.9582147 -0.2736307 -0.08337128 -0.9605771 -0.2463851 -0.1287866 -0.9656987 -0.1075416 -0.2363489 -0.7764574 -0.6176239 -0.1251181 -0.9684184 -0.1136028 -0.2219464 -0.9564381 -0.2681392 0.115445 -0.9617273 -0.2047214 -0.1821259 -0.9531887 -0.1459795 -0.2648047 -0.8962708 -0.349932 -0.2724817 -0.7400763 -0.6326067 -0.2282453 -0.3748564 -0.9094603 -0.1799021 -0.7577525 -0.6173502 -0.2114003 -0.9503356 -0.1119083 -0.2904114 -0.8889625 -0.3899499 -0.2401763 -0.8334808 -0.1253191 -0.5381495 -0.9506136 -0.09489959 -0.2955131 -0.8618952 -0.05465513 -0.5041325 -0.6987134 0.2844967 -0.6564003 -0.7900545 -0.5689591 -0.2282533 -0.6192091 -0.03537392 -0.784429 -0.4761155 0.240195 -0.8459435 -0.7569711 -0.50811 -0.410876 -0.2842137 0.1986613 -0.9379532 -0.442352 -0.846787 -0.2954261 -0.3857383 -0.05140191 -0.9211753 -0.56682 -0.4229192 -0.707004 -0.3668812 -0.3947182 -0.8423752 -0.2847016 -0.09409832 -0.9539867 -0.1833637 0.1977948 -0.9629409 6.26594e-6 0.244404 -0.9696736 -0.2866082 -0.4541346 -0.8435742 -0.276766 -0.6811053 -0.6778615 0 -0.1665941 -0.9860256 0.2847015 -0.09409832 -0.9539867 0.1833637 0.1977948 -0.9629408 0.2842137 0.1986613 -0.9379533 0 -0.5262752 -0.8503143 0.3857383 -0.05140191 -0.9211753 0.2866083 -0.4541347 -0.8435743 0.6192092 -0.03537398 -0.784429 0.4761157 0.2401952 -0.8459433 0.3668813 -0.3947182 -0.8423752 0.7569711 -0.50811 -0.410876 0.56682 -0.4229192 -0.7070039 0.276766 -0.6811054 -0.6778615 0.2310776 -0.6953862 -0.6804713 0.3690436 -0.7649688 -0.5278538 -1.42945e-7 -0.7096424 -0.7045621 0.231227 -0.7688946 -0.5961 0.3107696 -0.8707971 -0.3809657 0.4423522 -0.846787 -0.2954261 0.3400621 -0.9141288 -0.2207404 0.7900545 -0.5689591 -0.2282534 0.3744763 -0.9245309 -0.07078367 0.7577525 -0.6173501 -0.2114002 0.4384765 -0.892774 -0.1034071 0.3375754 -0.9389637 -0.06625676 0.7400762 -0.6326068 -0.2282453 0.3702382 -0.9231578 -0.1034581 0.3748564 -0.9094603 -0.1799021 0.3258427 -0.9251904 -0.194549 0.4036911 -0.9000422 -0.1641874 0.403829 -0.9147098 -0.0151093 0.4751906 -0.8662685 -0.1541852 0.2405914 -0.9527018 0.1856744 0.3210982 -0.8799608 -0.3500927 0.5169144 -0.8019104 0.2995653 3.49778e-7 -0.9957087 -0.09254449 0.2031807 -0.8568786 0.4737896 -0.5021098 -0.8173756 0.2824591 -0.4038289 -0.9147098 -0.01510924 -0.4863888 -0.8586223 -0.1618449 0 -0.8368168 -0.5474831 0.266471 -0.861452 -0.4323123 0 -0.7933896 -0.6087142 4.18388e-7 -0.851952 -0.5236201 -0.2793174 -0.8619458 -0.4231209 -0.3534716 -0.8733361 -0.3351742 -0.2312268 -0.7688946 -0.5961003 -0.3588905 -0.9296731 -0.08310091 -0.3122677 -0.92703 -0.2076162 -0.2978085 -0.8811359 -0.3673008 -0.2310773 -0.6953862 -0.6804714 -0.3690436 -0.7649688 -0.5278538 -0.4384765 -0.892774 -0.1034069 -0.3375755 -0.9389637 -0.06625676 -0.3702383 -0.9231577 -0.1034581 -0.3258428 -0.9251905 -0.194549 -0.4036911 -0.9000423 -0.1641874</float_array>
          <technique_common>
            <accessor source="#Untitled-mesh-normals-array" count="2948" stride="3">
              <param name="X" type="float"/>
              <param name="Y" type="float"/>
              <param name="Z" type="float"/>
            </accessor>
          </technique_common>
        </source>
        <source id="Untitled-mesh-map-0">
          <float_array id="Untitled-mesh-map-0-array" count="19794">0.188477 0.5046856 0.188477 0.4976544 0.179806 0.4975282 0.4876751 0.8746463 0.4876744 0.8746482 0.4876738 0.8746462 0.4872486 0.8746424 0.4872486 0.8746423 0.4872533 0.8746554 0.6998975 0.6855407 0.6962629 0.6895883 0.7003816 0.6895883 0.4819913 0.9595718 0.4819851 0.9595718 0.4819917 0.9595717 0.4757475 0.9630976 0.4756913 0.9630803 0.4757998 0.9631137 0.4819797 0.9595502 0.481985 0.9595227 0.4819757 0.9595718 0.4819949 0.9595717 0.4819879 0.9595718 0.4819791 0.9595718 0.4849426 0.8627178 0.4850048 0.8626514 0.4848333 0.8626832 0.4850048 0.8626514 0.4850048 0.8626514 0.4850048 0.8626514 0.4850048 0.8626514 0.4845793 0.8626441 0.4850048 0.8626514 0.4872533 0.8746554 0.4872522 0.8746488 0.4876735 0.8746498 0.4872514 0.874644 0.4872555 0.8746548 0.4872522 0.8746488 0.487257 0.8746473 0.4872555 0.8746548 0.4872514 0.874644 0.4872594 0.8746538 0.4872555 0.8746548 0.487257 0.8746473 0.4876736 0.8746502 0.4872594 0.8746538 0.487257 0.8746473 0.4876736 0.8746502 0.487257 0.8746473 0.4876744 0.8746482 0.487257 0.8746473 0.4872514 0.874644 0.4876744 0.8746482 0.4876744 0.8746482 0.4872514 0.874644 0.4875068 0.8746806 0.4876736 0.8746502 0.4875019 0.8746902 0.4875097 0.8746909 0.4875097 0.8746909 0.4875019 0.8746902 0.4875108 0.8746857 0.4875019 0.8746902 0.4875025 0.8746814 0.4875108 0.8746857 0.4872523 0.874646 0.4875108 0.8746857 0.4875025 0.8746814 0.487257 0.8746473 0.4872513 0.8746498 0.4872523 0.874646 0.4872583 0.8746508 0.4872513 0.8746498 0.487257 0.8746473 0.487257 0.8746473 0.4872612 0.8746497 0.4872583 0.8746508 0.4872583 0.8746508 0.4872612 0.8746497 0.4872618 0.8746515 0.4876118 0.8747218 0.4872618 0.8746515 0.4872612 0.8746497 0.4875019 0.8746902 0.4875068 0.8746806 0.4872514 0.874644 0.4872514 0.874644 0.4875077 0.8746932 0.4875019 0.8746902 0.4875019 0.8746902 0.4876725 0.8746461 0.4875068 0.8746806 0.4875019 0.8746902 0.4875077 0.8746932 0.4876133 0.874719 0.4875019 0.8746902 0.4876133 0.874719 0.4876085 0.8747159 0.4876118 0.8747218 0.4876133 0.874719 0.4875077 0.8746932 0.4876085 0.8747159 0.4876133 0.874719 0.4876102 0.8747189 0.4876118 0.8747218 0.4876102 0.8747189 0.4876133 0.874719 0.4876085 0.8747159 0.4876751 0.8746463 0.4876725 0.8746461 0.4876118 0.8747218 0.4876734 0.8746492 0.4876741 0.8746492 0.4876731 0.8746482 0.4876741 0.8746492 0.4876734 0.8746492 0.4876744 0.8746482 0.4876741 0.8746492 0.4876731 0.8746482 0.4876725 0.8746461 0.4876744 0.8746482 0.4876731 0.8746482 0.4876751 0.8746463 0.4876744 0.8746482 0.4876725 0.8746461 0.4876725 0.8746461 0.4876751 0.8746463 0.4876731 0.8746482 0.4876725 0.8746461 0.4876731 0.8746482 0.4872533 0.8746554 0.4876744 0.8746482 0.4876731 0.8746482 0.4876751 0.8746463 0.4872533 0.8746554 0.4876731 0.8746482 0.4872594 0.8746538 0.4876118 0.8747218 0.4876731 0.8746482 0.4876744 0.8746482 0.4876118 0.8747218 0.4872594 0.8746538 0.4876731 0.8746482 0.4876118 0.8747218 0.4876085 0.8747159 0.4876147 0.8747161 0.4876147 0.8747161 0.4876085 0.8747159 0.4876177 0.8747105 0.4876053 0.87471 0.4876177 0.8747105 0.4876085 0.8747159 0.4876177 0.8747105 0.4876147 0.8747161 0.4876085 0.8747159 0.4876118 0.8747218 0.4876085 0.8747159 0.4876147 0.8747161 0.487547 0.8746997 0.4876147 0.8747161 0.4876177 0.8747105 0.487547 0.8746997 0.487607 0.8747132 0.4875507 0.8747082 0.4876118 0.8747218 0.4875507 0.8747082 0.487607 0.8747132 0.4876053 0.87471 0.487607 0.8747132 0.487547 0.8746997 0.4876118 0.8747218 0.487607 0.8747132 0.4876147 0.8747161 0.4876053 0.87471 0.4876147 0.8747161 0.487607 0.8747132 0.4876053 0.87471 0.4876169 0.8747121 0.4876147 0.8747161 0.4876053 0.87471 0.4876169 0.8747121 0.4876053 0.87471 0.4876053 0.87471 0.4875019 0.8746902 0.4876085 0.8747159 0.4875071 0.874704 0.4876085 0.8747159 0.4875019 0.8746902 0.4874968 0.8746765 0.4875019 0.8746902 0.4876053 0.87471 0.4875071 0.874704 0.4875019 0.8746902 0.4875097 0.8746909 0.4874968 0.8746765 0.4875097 0.8746909 0.4875019 0.8746902 0.4875124 0.8746778 0.4875097 0.8746909 0.4874968 0.8746765 0.4875124 0.8746778 0.4876744 0.8746482 0.4876741 0.8746496 0.4876723 0.8746494 0.4876741 0.8746496 0.4876735 0.8746495 0.4876741 0.8746496 0.4876744 0.8746482 0.4876731 0.8746482 0.4875071 0.874704 0.4876731 0.8746482 0.4876744 0.8746482 0.4875071 0.874704 0.4875019 0.8746902 0.4876751 0.8746463 0.4874968 0.8746765 0.4876751 0.8746463 0.4875019 0.8746902 0.4872486 0.8746423 0.4876751 0.8746463 0.487257 0.8746473 0.4872486 0.8746423 0.487257 0.8746473 0.4872509 0.8746486 0.4872509 0.8746486 0.487257 0.8746473 0.4872533 0.8746554 0.4876118 0.8747218 0.487257 0.8746473 0.4876751 0.8746463 0.4872533 0.8746554 0.487257 0.8746473 0.4876732 0.8746499 0.4876118 0.8747218 0.4876732 0.8746499 0.487257 0.8746473 0.4876741 0.87465 0.4876784 0.8747278 0.4876732 0.8746499 0.4876118 0.8747218 0.4876147 0.8747161 0.4875097 0.8746909 0.4876118 0.8747218 0.4876085 0.8747159 0.4876147 0.8747161 0.4876053 0.87471 0.4876147 0.8747161 0.4876085 0.8747159 0.4876177 0.8747105 0.4876147 0.8747161 0.4876053 0.87471 0.4876744 0.8746473 0.4876784 0.8747278 0.4876743 0.8746462 0.4876727 0.8746469 0.4876784 0.8747278 0.4876744 0.8746473 0.4876744 0.8746473 0.4876744 0.8746482 0.4876727 0.8746469 0.4876727 0.8746469 0.4876744 0.8746482 0.4876731 0.8746482 0.4875071 0.874704 0.4876731 0.8746482 0.4876744 0.8746482 0.4874989 0.8746822 0.487609 0.8747134 0.4876784 0.8747278 0.4875071 0.874704 0.4876085 0.8747159 0.4876147 0.8747161 0.4875071 0.874704 0.4876147 0.8747161 0.4875097 0.8746909 0.4876064 0.8747119 0.4876147 0.8747161 0.4876085 0.8747159 0.4876147 0.8747161 0.4874972 0.8746777 0.4875097 0.8746909 0.4874972 0.8746777 0.4876147 0.8747161 0.4876064 0.8747119 0.4876064 0.8747119 0.4876053 0.87471 0.4874972 0.8746777 0.4875097 0.8746909 0.4874972 0.8746777 0.4875115 0.8746821 0.4874972 0.8746777 0.4876053 0.87471 0.4874968 0.8746765 0.4874972 0.8746777 0.4874968 0.8746765 0.4875115 0.8746821 0.4875115 0.8746821 0.4874968 0.8746765 0.4875124 0.8746778 0.4875005 0.8746864 0.487609 0.8747134 0.4874989 0.8746822 0.4874989 0.8746822 0.4875071 0.8746833 0.4875005 0.8746864 0.4875048 0.8746772 0.4875071 0.8746833 0.4874989 0.8746822 0.4875124 0.8746778 0.4875071 0.8746833 0.4875048 0.8746772 0.4875113 0.8746833 0.4875071 0.8746833 0.4875124 0.8746778 0.4875097 0.8746909 0.4875071 0.8746833 0.4875113 0.8746833 0.4875019 0.8746902 0.4875005 0.8746864 0.4875071 0.8746833 0.4875097 0.8746909 0.4875019 0.8746902 0.4875071 0.8746833 0.4875005 0.8746864 0.4875019 0.8746902 0.487609 0.8747134 0.4876118 0.8747218 0.4875019 0.8746902 0.4875097 0.8746909 0.487609 0.8747134 0.4875019 0.8746902 0.4876119 0.8747161 0.4876118 0.8747218 0.4876119 0.8747161 0.4875019 0.8746902 0.4876119 0.8747161 0.4876744 0.8746482 0.487609 0.8747134 0.4876744 0.8746482 0.4876119 0.8747161 0.4876118 0.8747218 0.4876118 0.8747218 0.4876731 0.8746482 0.4876744 0.8746482 0.4876731 0.8746482 0.4876728 0.8746472 0.4876744 0.8746482 0.4876744 0.8746482 0.4876728 0.8746472 0.4876748 0.8746473 0.4876725 0.8746461 0.4876748 0.8746473 0.4876728 0.8746472 0.64778 0.6211404 0.6300159 0.6210519 0.6433751 0.6189008 0.6433751 0.6189008 0.6469172 0.6013308 0.6469172 0.6189829 0.6469172 0.6189829 0.6469172 0.6013308 0.6695041 0.6189829 0.6695041 0.6189829 0.6469172 0.6013308 0.6695041 0.5860196 0.6469172 0.5860196 0.6695041 0.5860196 0.6469172 0.6013308 0.6695041 0.6189829 0.6695041 0.5860196 0.7108998 0.6190565 0.7108998 0.6190565 0.6695041 0.5860196 0.7108998 0.5860196 0.7108998 0.6190565 0.7108998 0.5860196 0.7556533 0.6190565 0.7556533 0.6190565 0.7108998 0.5860196 0.7556594 0.5860196 0.7556533 0.6190565 0.7556594 0.5860196 0.7100931 0.6190565 0.7100931 0.6190565 0.7556594 0.5860196 0.7100931 0.5860196 0.7100931 0.6190565 0.7100931 0.5860196 0.6728193 0.6190565 0.6728193 0.6190565 0.7100931 0.5860196 0.6728193 0.5860196 0.6728193 0.6190565 0.6728193 0.5860196 0.6507831 0.6190565 0.6507831 0.6190565 0.6728193 0.5860196 0.6507831 0.5860196 0.6507831 0.6190565 0.6507831 0.5860196 0.6384672 0.6190565 0.6384672 0.6190565 0.6507831 0.5860196 0.6384673 0.5860196 0.4758682 0.9631316 0.4758363 0.9631205 0.4758729 0.9631316 0.4758363 0.9631205 0.4758693 0.9631316 0.4758175 0.9631149 0.4758071 0.9631118 0.4758175 0.9631149 0.4758697 0.9631316 0.4758729 0.9631316 0.4757041 0.9630813 0.4758071 0.9631118 0.4758034 0.9631111 0.4757651 0.9630991 0.4758175 0.9631149 0.4757651 0.9630991 0.4758034 0.9631111 0.4758729 0.9631316 0.475828 0.9631188 0.4758034 0.9631111 0.4758175 0.9631149 0.4758729 0.9631316 0.4758034 0.9631111 0.4757004 0.963081 0.475828 0.9631188 0.4757004 0.963081 0.4758034 0.9631111 0.4757311 0.9630913 0.4758729 0.9631316 0.4757071 0.9630846 0.4756933 0.9630805 0.4757004 0.963081 0.475828 0.9631188 0.475828 0.9631188 0.4757041 0.9630813 0.4756933 0.9630805 0.4756919 0.9630803 0.4756933 0.9630805 0.4756916 0.9630803 0.4756939 0.9630805 0.4756933 0.9630805 0.4757041 0.9630813 0.4757041 0.9630813 0.4757031 0.9630813 0.4756939 0.9630805 0.4757031 0.9630813 0.4757041 0.9630813 0.4758729 0.9631316 0.4756913 0.9630803 0.4756939 0.9630805 0.4757031 0.9630813 0.4757031 0.9630813 0.4756917 0.9630814 0.4756913 0.9630803 0.4757031 0.9630813 0.4758729 0.9631316 0.475703 0.9630826 0.475703 0.9630826 0.4756917 0.9630814 0.4757031 0.9630813 0.475703 0.9630826 0.4758729 0.9631316 0.4758073 0.9631124 0.4758729 0.9631316 0.4758729 0.9631316 0.4758073 0.9631124 0.4758073 0.9631124 0.4758729 0.9631316 0.4758691 0.9631316 0.475703 0.9630826 0.4757029 0.9630839 0.4756917 0.9630814 0.4758073 0.9631124 0.4757029 0.9630839 0.475703 0.9630826 0.4756917 0.9630814 0.4757029 0.9630839 0.4756923 0.9630829 0.4758682 0.9631317 0.4757029 0.9630839 0.4758073 0.9631124 0.4758629 0.9631316 0.4758691 0.9631316 0.4758682 0.9631317 0.4758728 0.9631316 0.4758682 0.9631317 0.4758691 0.9631316 0.4758571 0.9631316 0.4758729 0.9631316 0.4758691 0.9631316 0.4758729 0.9631316 0.4757311 0.9630913 0.4758309 0.9631195 0.4758309 0.9631195 0.4757311 0.9630913 0.4758122 0.9631142 0.4758122 0.9631142 0.4757893 0.9631078 0.4758309 0.9631195 0.4757682 0.9631018 0.4758309 0.9631195 0.4757893 0.9631078 0.4757612 0.9630999 0.4757682 0.9631018 0.4757893 0.9631078 0.4756913 0.9630803 0.4757682 0.9631018 0.4757612 0.9630999 0.4756923 0.9630804 0.4757682 0.9631018 0.4756913 0.9630803 0.4756933 0.9630805 0.4758309 0.9631195 0.4757682 0.9631018 0.4756933 0.9630805 0.4757682 0.9631018 0.4756923 0.9630804 0.4758122 0.9631142 0.4758729 0.9631316 0.4756933 0.9630805 0.4756916 0.9630803 0.4758049 0.9631121 0.4756939 0.9630805 0.4758049 0.9631121 0.4756919 0.9630803 0.4758403 0.9631222 0.4757071 0.9630846 0.4758403 0.9631222 0.4756919 0.9630803 0.4757069 0.9630815 0.4758403 0.9631222 0.4757071 0.9630846 0.4757311 0.9630913 0.4757071 0.9630846 0.4756913 0.9630803 0.4758122 0.9631142 0.4757311 0.9630913 0.4756913 0.9630803 0.4757069 0.9630815 0.4757069 0.9630815 0.4757311 0.9630913 0.4758729 0.9631316 0.4757069 0.9630815 0.4757311 0.9630913 0.4758314 0.9631191 0.4757069 0.9630815 0.4757069 0.9630815 0.4757651 0.9630991 0.4757069 0.9630815 0.4758314 0.9631191 0.4758729 0.9631316 0.4757069 0.9630815 0.4758729 0.9631316 0.4758729 0.9631316 0.4757069 0.9630815 0.4758729 0.9631316 0.4758729 0.9631316 0.4758729 0.9631316 0.4758729 0.9631316 0.4758729 0.9631316 0.4757651 0.9630991 0.4758314 0.9631191 0.4758314 0.9631191 0.4758729 0.9631316 0.4758729 0.9631316 0.4758729 0.9631316 0.4758681 0.9631316 0.4758729 0.9631316 0.4758729 0.9631316 0.4758681 0.9631316 0.4758682 0.9631316 0.4758363 0.9631205 0.4757651 0.9630991 0.4758729 0.9631316 0.4758693 0.9631316 0.4758363 0.9631205 0.4758682 0.9631316 0.4758175 0.9631149 0.4757651 0.9630991 0.4758363 0.9631205 0.4758697 0.9631316 0.4758175 0.9631149 0.4758693 0.9631316 0.475828 0.9631188 0.4758175 0.9631149 0.4758275 0.9631187 0.4758275 0.9631187 0.4758175 0.9631149 0.4758071 0.9631118 0.4758071 0.9631118 0.4758697 0.9631316 0.4758729 0.9631316 0.4758729 0.9631316 0.4758697 0.9631316 0.4758695 0.9631316 0.4758729 0.9631316 0.4758691 0.9631316 0.4758695 0.9631316 0.4758571 0.9631316 0.4758691 0.9631316 0.4758729 0.9631316 0.4758571 0.9631316 0.4758629 0.9631316 0.4758691 0.9631316 0.4758691 0.9631316 0.4758629 0.9631316 0.4758571 0.9631316 0.4758682 0.9631317 0.4758691 0.9631316 0.4758629 0.9631316 0.4758728 0.9631316 0.4758691 0.9631316 0.4758682 0.9631317 0.4758729 0.9631316 0.4758691 0.9631316 0.4758729 0.9631316 0.4758729 0.9631316 0.4758631 0.9631316 0.4758729 0.9631316 0.4758691 0.9631316 0.4758729 0.9631316 0.4758073 0.9631124 0.4758697 0.9631316 0.4758631 0.9631316 0.4758693 0.9631316 0.4758729 0.9631316 0.4758073 0.9631124 0.4758729 0.9631316 0.4758682 0.9631317 0.4758073 0.9631124 0.4757029 0.9630839 0.4758697 0.9631316 0.4758175 0.9631149 0.4758071 0.9631118 0.4758175 0.9631149 0.4758693 0.9631316 0.4758363 0.9631205 0.4758071 0.9631118 0.4757041 0.9630813 0.4758729 0.9631316 0.4758729 0.9631316 0.4758363 0.9631205 0.4758682 0.9631316 0.4758682 0.9631316 0.4758681 0.9631316 0.4758729 0.9631316 0.4758729 0.9631316 0.4758729 0.9631316 0.4758681 0.9631316 0.4758729 0.9631316 0.4758729 0.9631316 0.4758314 0.9631191 0.4758729 0.9631316 0.4758314 0.9631191 0.4758729 0.9631316 0.4758314 0.9631191 0.4758729 0.9631316 0.4757069 0.9630815 0.4758729 0.9631316 0.4757069 0.9630815 0.4758729 0.9631316 0.4757069 0.9630815 0.4758729 0.9631316 0.4758314 0.9631191 0.4758729 0.9631316 0.4758729 0.9631316 0.4757069 0.9630815 0.4757069 0.9630815 0.4757311 0.9630913 0.4758729 0.9631316 0.4758729 0.9631316 0.4758729 0.9631316 0.4758729 0.9631316 0.4757071 0.9630846 0.4758729 0.9631316 0.4757311 0.9630913 0.4758729 0.9631316 0.4758729 0.9631316 0.4758729 0.9631316 0.4758729 0.9631316 0.4758686 0.963054 0.4758729 0.9631316 0.4758309 0.9631195 0.4757311 0.9630913 0.4758729 0.9631316 0.4758729 0.9631316 0.4758729 0.9631316 0.4758309 0.9631195 0.4758122 0.9631142 0.4757311 0.9630913 0.4758309 0.9631195 0.4758309 0.9631195 0.4757893 0.9631078 0.4758122 0.9631142 0.4758686 0.9630534 0.4758729 0.9631316 0.4758686 0.963054 0.4758686 0.963054 0.4758686 0.963054 0.4758686 0.9630534 0.4757036 0.963098 0.4758686 0.9630534 0.4758686 0.963054 0.4758729 0.9631316 0.4758686 0.9630534 0.4756933 0.9630805 0.4756933 0.9630805 0.4758309 0.9631195 0.4758729 0.9631316 0.4758122 0.9631142 0.4756933 0.9630805 0.4758686 0.9630534 0.4757893 0.9631078 0.4758309 0.9631195 0.4757682 0.9631018 0.4757682 0.9631018 0.4758309 0.9631195 0.4756933 0.9630805 0.4757893 0.9631078 0.4757682 0.9631018 0.4756913 0.9630803 0.4756923 0.9630804 0.4757682 0.9631018 0.4756933 0.9630805 0.4757998 0.9631137 0.4756913 0.9630803 0.4757998 0.9631137 0.4757998 0.9631137 0.4756913 0.9630803 0.4756913 0.9630803 0.4756913 0.9630803 0.4757682 0.9631018 0.4756913 0.9630803 0.4756923 0.9630804 0.4756913 0.9630803 0.4757682 0.9631018 0.4756913 0.9630803 0.4756923 0.9630804 0.4758122 0.9631142 0.4756913 0.9630803 0.4756913 0.9630803 0.4756913 0.9630803 0.4758122 0.9631142 0.4756913 0.9630803 0.4756913 0.9630803 0.4756913 0.9630803 0.4757165 0.9630919 0.4756913 0.9630803 0.4757165 0.9630919 0.4756913 0.9630803 0.4756913 0.9630803 0.4757036 0.963098 0.4757052 0.9630902 0.4756913 0.9630803 0.4757792 0.9630651 0.4756913 0.9630803 0.4757052 0.9630902 0.4756913 0.9630803 0.4757416 0.9631035 0.4758004 0.9631138 0.4758004 0.9631138 0.4757416 0.9631035 0.4757419 0.9631035 0.4757416 0.9631035 0.4757426 0.9631035 0.4757419 0.9631035 0.4757426 0.9631035 0.4757416 0.9631035 0.4757757 0.9630869 0.4757419 0.9631035 0.4757426 0.9631035 0.4758008 0.9631138 0.4757792 0.9630651 0.475746 0.963097 0.4757757 0.9630869 0.4758008 0.9631138 0.4757757 0.9630869 0.475746 0.963097 0.4756913 0.9630803 0.475746 0.963097 0.4757792 0.9630651 0.4758008 0.9631138 0.475746 0.963097 0.4756913 0.9630803 0.4756913 0.9630803 0.4756913 0.9630803 0.475746 0.963097 0.4756913 0.9630803 0.475746 0.963097 0.4756913 0.9630803 0.4758122 0.9631142 0.4756913 0.9630803 0.4756913 0.9630803 0.4756913 0.9630803 0.4757036 0.963098 0.4758122 0.9631142 0.4757052 0.9630902 0.4756582 0.9630566 0.4757036 0.963098 0.4757036 0.963098 0.4756582 0.9630566 0.4758686 0.963054 0.4757036 0.963098 0.4758686 0.963054 0.4758686 0.9630534 0.4758122 0.9631142 0.4757036 0.963098 0.4758686 0.9630534 0.4758686 0.9630534 0.4758686 0.963054 0.4758686 0.963054 0.4758122 0.9631142 0.4756923 0.9630804 0.4756913 0.9630803 0.4756933 0.9630805 0.4756923 0.9630804 0.4758122 0.9631142 0.4756913 0.9630803 0.4756913 0.9630803 0.4756923 0.9630804 0.4756913 0.9630803 0.4756913 0.9630803 0.4756913 0.9630803 0.4756913 0.9630803 0.4756913 0.9630803 0.4758004 0.9631138 0.4757998 0.9631137 0.4758004 0.9631138 0.4756913 0.9630803 0.4756913 0.9630803 0.4756913 0.9630803 0.4757998 0.9631137 0.4757998 0.9631137 0.4756913 0.9630803 0.4757998 0.9631137 0.4757998 0.9631137 0.4756913 0.9630803 0.4757475 0.9630976 0.4756933 0.9630805 0.4758686 0.9630534 0.4758729 0.9631316 0.4758686 0.9630534 0.4758686 0.963054 0.4758729 0.9631316 0.4758729 0.9631316 0.4757756 0.9631038 0.4756933 0.9630805 0.4758729 0.9631316 0.4758686 0.963054 0.4758729 0.9631316 0.4758729 0.9631316 0.4757756 0.9631038 0.4758729 0.9631316 0.4758729 0.9631316 0.4758729 0.9631316 0.4758729 0.9631316 0.4756939 0.9630805 0.4758049 0.9631121 0.4756916 0.9630803 0.4758403 0.9631222 0.4756919 0.9630803 0.4758049 0.9631121 0.4756919 0.9630803 0.4758403 0.9631222 0.4757071 0.9630846 0.4758729 0.9631316 0.4757071 0.9630846 0.4758403 0.9631222 0.4756913 0.9630803 0.4757071 0.9630846 0.4757311 0.9630913 0.4756913 0.9630803 0.4757311 0.9630913 0.4758122 0.9631142 0.4757311 0.9630913 0.4757069 0.9630815 0.4758729 0.9631316 0.4757651 0.9630991 0.4758314 0.9631191 0.4758729 0.9631316 0.4758314 0.9631191 0.4757651 0.9630991 0.4758729 0.9631316 0.4758363 0.9631205 0.4758729 0.9631316 0.4757651 0.9630991 0.4758363 0.9631205 0.4757651 0.9630991 0.4758175 0.9631149 0.4758693 0.9631316 0.4758682 0.9631316 0.4758363 0.9631205 0.4758693 0.9631316 0.4758175 0.9631149 0.4758697 0.9631316 0.475828 0.9631188 0.4758275 0.9631187 0.4758175 0.9631149 0.4758071 0.9631118 0.4758175 0.9631149 0.4758275 0.9631187 0.4758071 0.9631118 0.4758729 0.9631316 0.4758697 0.9631316 0.4758695 0.9631316 0.4758697 0.9631316 0.4758729 0.9631316 0.4758697 0.9631316 0.4758695 0.9631316 0.4758631 0.9631316 0.4872486 0.8746423 0.4872515 0.8746504 0.4872515 0.8746504 0.4872515 0.8746504 0.4875536 0.8747147 0.4875576 0.8747096 0.4872515 0.8746504 0.4875576 0.8747096 0.487547 0.8746998 0.487547 0.8746998 0.4875576 0.8747096 0.4875593 0.8746995 0.4875576 0.8747096 0.4875536 0.8747147 0.4875567 0.8747146 0.4875558 0.8747197 0.4875567 0.8747146 0.4875536 0.8747147 0.487547 0.8746998 0.4875576 0.8747096 0.487547 0.8746998 0.4875514 0.8747097 0.4875576 0.8747096 0.487547 0.8746998 0.4875558 0.8747197 0.4875576 0.8747096 0.4875514 0.8747097 0.4756916 0.9630803 0.4756933 0.9630805 0.4756919 0.9630803 0.4756933 0.9630805 0.475828 0.9631188 0.4757004 0.963081 0.4756933 0.9630805 0.4757041 0.9630813 0.475828 0.9631188 0.4757041 0.9630813 0.4756933 0.9630805 0.4756939 0.9630805 0.4758034 0.9631111 0.4757004 0.963081 0.475828 0.9631188 0.4758175 0.9631149 0.4758034 0.9631111 0.475828 0.9631188 0.4757004 0.963081 0.4758034 0.9631111 0.4758729 0.9631316 0.4758034 0.9631111 0.4758175 0.9631149 0.4757651 0.9630991 0.4757651 0.9630991 0.4758729 0.9631316 0.4758034 0.9631111 0.4756939 0.9630805 0.4757031 0.9630813 0.4757041 0.9630813 0.4757031 0.9630813 0.4756939 0.9630805 0.4756913 0.9630803 0.4757031 0.9630813 0.4758729 0.9631316 0.4757041 0.9630813 0.4756913 0.9630803 0.4756917 0.9630814 0.4757031 0.9630813 0.4757031 0.9630813 0.475703 0.9630826 0.4758729 0.9631316 0.475703 0.9630826 0.4757031 0.9630813 0.4756917 0.9630814 0.4758073 0.9631124 0.4758729 0.9631316 0.475703 0.9630826 0.475703 0.9630826 0.4757029 0.9630839 0.4758073 0.9631124 0.475703 0.9630826 0.4756917 0.9630814 0.4757029 0.9630839 0.4756923 0.9630829 0.4757029 0.9630839 0.4756917 0.9630814 -0.5308576 0.7747979 -0.5310589 0.7781167 -0.5318523 0.7781198 -0.531188 0.7802835 -0.5318523 0.7781198 -0.5310589 0.7781167 0.4849998 0.8627302 0.4849956 0.8627301 0.4850054 0.8627309 0.4849953 0.8627296 0.4849956 0.8627301 0.4849998 0.8627302 0.4848405 0.8626927 0.4848327 0.862692 0.4848298 0.8626844 0.4848378 0.8627057 0.4848327 0.862692 0.4848405 0.8626927 0.4848378 0.8627057 0.4850039 0.8626505 0.4850049 0.8626508 0.4850038 0.86265 0.4850049 0.8626508 0.4850039 0.8626505 0.4850051 0.86265 0.4850049 0.8626508 0.4850038 0.86265 0.4850059 0.862648 0.4850038 0.86265 0.4845796 0.8626447 0.4850059 0.862648 0.4850051 0.86265 0.4850038 0.86265 0.4850059 0.862648 0.4848422 0.8626844 0.4850051 0.86265 0.4848422 0.8626844 0.4848405 0.8626927 0.4850051 0.86265 0.4850051 0.86265 0.4848405 0.8626927 0.4848327 0.862692 0.4848378 0.8627057 0.4848327 0.862692 0.4848405 0.8626927 0.4849124 0.8627064 0.4850059 0.862648 0.4849299 0.8627164 0.4849124 0.8627064 0.4849299 0.8627164 0.4849187 0.8627151 0.4849299 0.8627164 0.4850059 0.862648 0.4849426 0.8627178 0.4849187 0.8627151 0.4849299 0.8627164 0.4849425 0.8627236 0.4849426 0.8627178 0.4849425 0.8627236 0.4849299 0.8627164 0.4848821 0.8627115 0.4848836 0.8627148 0.4848788 0.862704 0.4848788 0.862704 0.4848836 0.8627148 0.4848856 0.8627024 0.3897582 0.9582324 0.389819 0.9583428 0.3897034 0.9583387 0.3897642 0.9584492 0.3897034 0.9583387 0.389819 0.9583428 0.695994 0.6146687 0.7000128 0.614669 0.7000368 0.6160286 0.6999921 0.6134875 0.7000128 0.614669 0.695994 0.6146687 0.6798987 0.6300908 0.6675274 0.6211184 0.6807107 0.6220886 0.6675274 0.6211184 0.6798987 0.6300908 0.655813 0.6217982 0.4758729 0.9631316 0.4758729 0.9631316 0.4758314 0.9631191 0.4758314 0.9631191 0.4757069 0.9630815 0.4758729 0.9631316 0.8427724 0.7462425 0.842892 0.7462425 0.8120526 0.7462425 0.8427724 0.7462425 0.8120526 0.7462425 0.8426249 0.7462425 0.464963 0.4312979 0.4641415 0.4345455 0.4623605 0.4302876 0.4593597 0.4365131 0.4623605 0.4302876 0.4641415 0.4345455 0.4592736 0.4290893 0.4623605 0.4302876 0.4593597 0.4365131 0.4593597 0.4365131 0.457428 0.4358442 0.4592736 0.4290893 0.4592736 0.4290893 0.457428 0.4358442 0.4506212 0.4257616 0.4506212 0.4257616 0.457428 0.4358442 0.45252 0.4320346 0.4477205 0.4269548 0.4506212 0.4257616 0.45252 0.4320346 0.4477205 0.4269548 0.4483278 0.4204522 0.4506212 0.4257616 0.4477205 0.4269548 0.4453118 0.4252813 0.4483278 0.4204522 0.4440641 0.4243142 0.4483278 0.4204522 0.4453118 0.4252813 0.4440641 0.4243142 0.4462012 0.4182668 0.4483278 0.4204522 0.4440641 0.4243142 0.4399572 0.4178674 0.4462012 0.4182668 0.4412708 0.4121655 0.4462012 0.4182668 0.4399572 0.4178674 0.4399572 0.4178674 0.4366495 0.4111489 0.4412708 0.4121655 0.4490448 0.4070935 0.4462012 0.4182668 0.4412708 0.4121655 0.436685 0.4075779 0.4412708 0.4121655 0.4366495 0.4111489 0.4490448 0.4070935 0.4412708 0.4121655 0.4407143 0.4074199 0.4407143 0.4074199 0.4412708 0.4121655 0.436685 0.4075779 0.452194 0.3864429 0.4574633 0.3744612 0.4495295 0.3744345 0.4495295 0.3744345 0.4446421 0.3864429 0.452194 0.3864429 0.4428318 0.3744608 0.4446421 0.3864429 0.4495295 0.3744345 0.4446421 0.3864429 0.4428318 0.3744608 0.434971 0.3864429 0.4428318 0.3744608 0.434971 0.3744843 0.434971 0.3864429 0.434971 0.3864429 0.434971 0.3744843 0.4271102 0.3744608 0.434971 0.3864429 0.4271102 0.3744608 0.4252998 0.3864429 0.4204124 0.3744345 0.4252998 0.3864429 0.4271102 0.3744608 0.417748 0.3864429 0.4252998 0.3864429 0.4204124 0.3744345 0.4204124 0.3744345 0.4124787 0.3744612 0.417748 0.3864429 -1.515064 0.9858349 -1.534713 0.8517898 -1.513354 0.8441225 -1.548376 0.784971 -1.513354 0.8441225 -1.534713 0.8517898 -1.510069 0.7848737 -1.513354 0.8441225 -1.548376 0.784971 -1.510069 0.7848737 -1.548376 0.784971 -1.513253 0.765146 -0.5815491 0.917006 -0.5826832 0.8734109 -0.5579724 0.8762492 -0.5841806 0.8411146 -0.5579724 0.8762492 -0.5826832 0.8734109 -0.5416958 0.8395078 -0.5579724 0.8762492 -0.5841806 0.8411146 -0.5841806 0.8411146 -0.5393276 0.8004797 -0.5416958 0.8395078 -0.5841806 0.8411146 -0.5851312 0.8009216 -0.5393276 0.8004797 -0.5614907 0.9032124 -0.5599188 0.8959736 -0.5651966 0.8959093 -0.5593175 0.8849869 -0.5651966 0.8959093 -0.5599188 0.8959736 -0.5684872 0.888317 -0.5651966 0.8959093 -0.5593175 0.8849869 -0.5597358 0.8797389 -0.5684872 0.888317 -0.5593175 0.8849869 -0.5698959 0.8776432 -0.5684872 0.888317 -0.5597358 0.8797389 -0.5679733 0.8726981 -0.5698959 0.8776432 -0.5597358 0.8797389 -0.5597358 0.8797389 -0.559052 0.8714702 -0.5679733 0.8726981 1.177485 -0.04292881 1.165162 -0.1015064 1.192993 -0.1043263 1.160289 -0.1521106 1.192993 -0.1043263 1.165162 -0.1015064 1.200415 -0.148832 1.192993 -0.1043263 1.160289 -0.1521106 1.151358 -0.2146714 1.200415 -0.148832 1.160289 -0.1521106 1.209126 -0.2240614 1.200415 -0.148832 1.151358 -0.2146714 0.4876711 0.8747304 0.4876729 0.8747298 0.4876682 0.8747298 0.4876711 0.8747291 0.4876682 0.8747298 0.4876729 0.8747298 0.4876652 0.8747291 0.4876682 0.8747298 0.4876711 0.8747291 0.4876652 0.8747291 0.4876711 0.8747291 0.4876592 0.8747279 0.4876592 0.8747279 0.4876711 0.8747291 0.4876693 0.8747279 0.4876711 0.8747291 0.4876784 0.8747278 0.4876693 0.8747279 0.4875593 0.8746995 0.4876738 0.8746462 0.4876693 0.8747279 0.487547 0.8746998 0.4875576 0.8747096 0.4875593 0.8746995 0.4875514 0.8747097 0.4875576 0.8747096 0.487547 0.8746998 0.4876741 0.8746504 0.4875576 0.8747096 0.4875514 0.8747097 0.4876741 0.8746504 0.4876652 0.8747291 0.4876732 0.8746499 0.4876741 0.8746504 0.4876747 0.8747291 0.4876652 0.8747291 0.4876732 0.8746499 0.4876652 0.8747291 0.4876723 0.8746494 0.4876784 0.8747278 0.4876652 0.8747291 0.4876747 0.8747291 0.4876723 0.8746494 0.4876652 0.8747291 0.4872486 0.8746423 0.4872486 0.8746423 0.4876652 0.8747291 0.4876784 0.8747278 0.4872486 0.8746423 0.4872486 0.8746423 0.4872486 0.8746423 0.4872486 0.8746423 0.4872533 0.8746554 0.4872486 0.8746423 0.4872533 0.8746554 0.4872486 0.8746423 0.4872533 0.8746554 0.487547 0.8746998 0.4876784 0.8747278 0.4875593 0.8746995 0.487547 0.8746998 0.4875576 0.8747096 0.4876784 0.8747278 0.4875514 0.8747097 0.4875576 0.8747096 0.487547 0.8746998 0.4875558 0.8747197 0.4875576 0.8747096 0.4875514 0.8747097 0.4875558 0.8747197 0.4876784 0.8747278 0.4876652 0.8747291 0.487547 0.8746998 0.4875514 0.8747097 0.4876784 0.8747278 0.4875558 0.8747197 0.4876784 0.8747278 0.4875514 0.8747097 0.4876784 0.8747278 0.4876705 0.8747279 0.4876652 0.8747291 0.4872533 0.8746554 0.4876652 0.8747291 0.4876705 0.8747279 0.4872533 0.8746554 0.4876705 0.8747279 0.4872486 0.8746423 0.4872486 0.8746423 0.4872486 0.8746424 0.4872533 0.8746554 0.4876705 0.8747279 0.4872509 0.8746486 0.4872486 0.8746423 0.4875533 0.8746997 0.4872486 0.8746423 0.4872509 0.8746486 0.4872486 0.8746423 0.4875533 0.8746997 0.4875568 0.874705 0.4875545 0.8747097 0.4875568 0.874705 0.487609 0.8747134 0.4875533 0.8746997 0.487609 0.8747134 0.4875568 0.874705 0.487609 0.8747134 0.4875533 0.8746997 0.4876784 0.8747278 0.4875533 0.8746997 0.4876732 0.8746499 0.4876784 0.8747278 0.4875558 0.8747197 0.4876691 0.8747291 0.4876732 0.8746499 0.4875558 0.8747197 0.4876747 0.8747291 0.4876691 0.8747291 0.4876784 0.8747278 0.4876691 0.8747291 0.4876747 0.8747291 0.4876784 0.8747278 0.4876747 0.8747291 0.4876053 0.87471 0.4876053 0.87471 0.4875485 0.8747031 0.4876053 0.87471 0.4876053 0.87471 0.4875485 0.8747031 0.4875584 0.8747047 0.4875514 0.8747097 0.4875584 0.8747047 0.4875485 0.8747031 0.4875576 0.8747096 0.4875584 0.8747047 0.4875514 0.8747097 0.4875558 0.8747197 0.4875576 0.8747096 0.4875514 0.8747097 0.4858993 0.7952344 0.4555405 0.7689988 0.4524506 0.7900976 0.4858993 0.7952344 0.4524506 0.7900976 0.4798253 0.8407506 0.4542664 0.8388131 0.4798253 0.8407506 0.4524506 0.7900976 0.4798253 0.8407506 0.4542664 0.8388131 0.4770657 0.8754588 0.4608998 0.876641 0.4770657 0.8754588 0.4542664 0.8388131 0.4804973 0.9177709 0.4770657 0.8754588 0.4608998 0.876641 0.4886677 0.8745732 0.4886626 0.8745595 0.4886704 0.8745601 0.4886626 0.8745595 0.4886589 0.8745496 0.4886704 0.8745601 0.4886704 0.8745601 0.4886589 0.8745496 0.4886715 0.8745545 0.4886574 0.8745458 0.4886715 0.8745545 0.4886589 0.8745496 0.488673 0.874547 0.4886715 0.8745545 0.4886574 0.8745458 0.2920436 0.9692369 0.327421 0.9181032 0.3364496 0.9276965 0.3433372 0.8812186 0.3364496 0.9276965 0.327421 0.9181032 0.3566282 0.9088202 0.3364496 0.9276965 0.3433372 0.8812186 0.1436079 0.8374679 0.1437212 0.8384928 0.1436079 0.83838 0.1437136 0.8394902 0.1436079 0.83838 0.1437212 0.8384928 0.1436079 0.8390499 0.1436079 0.83838 0.1437136 0.8394902 0.1436079 0.8404405 0.1436079 0.8390499 0.1437136 0.8394902 0.1437136 0.8394902 0.1439225 0.8393613 0.1436079 0.8404405 0.1436079 0.8404405 0.1439225 0.8393613 0.1443521 0.8405172 0.4875558 0.8747197 0.4875567 0.8747147 0.4875536 0.8747147 0.4876744 0.8746482 0.4875536 0.8747147 0.4875567 0.8747147 0.4876741 0.8746482 0.4875536 0.8747147 0.4876744 0.8746482 0.4876744 0.8746482 0.4876739 0.8746479 0.4876741 0.8746482 0.4876739 0.8746479 0.4876738 0.8746482 0.4876741 0.8746482 0.4876739 0.8746477 0.4876739 0.8746479 0.4876744 0.8746482 0.4876741 0.8746498 0.4876739 0.8746477 0.4876735 0.8746498 0.4876728 0.8746495 0.4876735 0.8746498 0.4876739 0.8746477 0.4872555 0.8746548 0.4876735 0.8746498 0.4872522 0.8746488 0.4875587 0.8747031 0.4876751 0.8746463 0.4872522 0.8746488 0.4875576 0.8747096 0.4875587 0.8747031 0.4872522 0.8746488 0.4875576 0.8747096 0.4872522 0.8746488 0.4875529 0.8747131 0.4875529 0.8747131 0.4875544 0.8747164 0.4875576 0.8747096 0.4875576 0.8747096 0.4875544 0.8747164 0.4875567 0.8747146 0.4875558 0.8747197 0.4875567 0.8747146 0.4875544 0.8747164 0.4876736 0.8746462 0.4876751 0.8746463 0.4876725 0.8746461 0.4876751 0.8746463 0.4876751 0.8746463 0.4876736 0.8746462 1.480646 0.9208085 1.48864 0.8799516 1.466714 0.8871311 1.48864 0.8799516 1.484188 0.8250836 1.466714 0.8871311 1.466714 0.8871311 1.484188 0.8250836 1.451381 0.8110587 1.426697 0.7409259 1.451381 0.8110587 1.484188 0.8250836 1.48603 0.7668466 1.426697 0.7409259 1.484188 0.8250836 0.3832993 0.9571487 0.3831865 0.9571787 0.3831423 0.9570569 0.3830738 0.9572086 0.3831423 0.9570569 0.3831865 0.9571787 0.3829854 0.9569652 0.3831423 0.9570569 0.3830738 0.9572086 0.3909263 0.9571162 0.3909263 0.9571083 0.3909103 0.9571068 0.3909264 0.9571003 0.3909103 0.9571068 0.3909263 0.9571083 0.3908944 0.9570973 0.3909103 0.9571068 0.3909264 0.9571003 0.3908717 0.9586085 0.3909392 0.9585847 0.3907604 0.9585852 0.3910067 0.9585609 0.3907604 0.9585852 0.3909392 0.9585847 0.390649 0.9585619 0.3907604 0.9585852 0.3910067 0.9585609 0.3878102 0.9581155 0.3877141 0.9578596 0.3878598 0.9578714 0.387618 0.9576038 0.3878598 0.9578714 0.3877141 0.9578596 0.3879095 0.9576274 0.3878598 0.9578714 0.387618 0.9576038 0.3909187 0.9571132 0.390908 0.9570749 0.3909329 0.9570756 0.3908973 0.9570366 0.3909329 0.9570756 0.390908 0.9570749 0.3909469 0.9570381 0.3909329 0.9570756 0.3908973 0.9570366 0.4090035 0.7787766 0.4090044 0.7787715 0.4090013 0.7787716 0.4090053 0.7787665 0.4090013 0.7787716 0.4090044 0.7787715 0.4089991 0.7787666 0.4090013 0.7787716 0.4090053 0.7787665 0.4089991 0.7787666 0.4090053 0.7787665 0.4089947 0.7787567 0.4089947 0.7787567 0.4090053 0.7787665 0.409007 0.7787564 0.2521234 0.9380206 0.2013709 0.8258957 0.2493777 0.8194136 0.2106079 0.7754256 0.2493777 0.8194136 0.2013709 0.8258957 0.2497214 0.762845 0.2493777 0.8194136 0.2106079 0.7754256 0.4875544 0.8747147 0.4875552 0.8747137 0.4875522 0.874711 0.4875522 0.874711 0.4875552 0.8747137 0.4875538 0.8747106 0.4875522 0.874711 0.4875538 0.8747106 0.4875514 0.8747097 0.6616297 0.6129781 0.6616297 0.6158828 0.6287748 0.6129781 0.6287748 0.6129781 0.6616297 0.6158828 0.6287748 0.6158828 0.6287748 0.6129781 0.6287748 0.6158828 0.5909042 0.6129781 0.5909042 0.6129781 0.6287748 0.6158828 0.5909042 0.6158828 0.5909042 0.6158828 0.5554035 0.6129781 0.5909042 0.6129781 0.5554035 0.6158828 0.5554035 0.6129781 0.5909042 0.6158828 0.5554035 0.6129781 0.5554035 0.6158828 0.521251 0.6129781 0.521251 0.6129781 0.5554035 0.6158828 0.521251 0.6158828 0.6867144 0.6356881 0.6841143 0.6371945 0.6841769 0.635395 0.6841143 0.6371945 0.6800853 0.6378915 0.6841769 0.635395 0.6800234 0.6337493 0.6841769 0.635395 0.6800853 0.6378915 0.6800853 0.6378915 0.6744554 0.6331032 0.6800234 0.6337493 0.6743848 0.6390594 0.6744554 0.6331032 0.6800853 0.6378915 0.6676239 0.6357382 0.6744554 0.6331032 0.6743848 0.6390594 0.6672798 0.632652 0.6744554 0.6331032 0.6676239 0.6357382 0.6676239 0.6357382 0.6743848 0.6390594 0.6689951 0.6406237 0.5953992 0.6146152 0.6337031 0.6127945 0.5953992 0.6127945 0.5953992 0.6127945 0.5563247 0.6146152 0.5953992 0.6146152 0.5563247 0.6127945 0.5563247 0.6146152 0.5953992 0.6127945 0.5169087 0.6127945 0.5563247 0.6146152 0.5563247 0.6127945 0.5169087 0.6146152 0.5563247 0.6146152 0.5169087 0.6127945 0.6710603 0.6496875 0.6710603 0.6488137 0.6761387 0.6504431 0.6761387 0.6504431 0.6710603 0.6488137 0.6761387 0.6488137 0.6761387 0.6488137 0.6807258 0.6504431 0.6761387 0.6504431 0.6807258 0.6488137 0.6807258 0.6504431 0.6761387 0.6488137 0.6807258 0.6488137 0.6858452 0.6493994 0.6807258 0.6504431 0.6858452 0.6488137 0.6858452 0.6493994 0.6807258 0.6488137 0.687442 0.6488326 0.6858452 0.6493994 0.6858452 0.6488137 0.6885423 0.6519093 0.6858452 0.6493994 0.687442 0.6488326 0.5169087 0.6164358 0.5169087 0.6145971 0.5563247 0.6164358 0.5563247 0.6164358 0.5169087 0.6145971 0.5563247 0.6144804 0.5953992 0.6164358 0.5563247 0.6164358 0.5563247 0.6144804 0.5953992 0.6164358 0.5563247 0.6144804 0.5953992 0.6128491 0.5953992 0.6164358 0.5953992 0.6128491 0.6337031 0.6164358 0.6337031 0.6164358 0.5953992 0.6128491 0.6337031 0.6128491 0.6337031 0.6164358 0.6337031 0.6128491 0.6673995 0.6128491 0.4756923 0.9630804 0.4758122 0.9631142 0.4756913 0.9630803 0.4756933 0.9630805 0.4758122 0.9631142 0.4756923 0.9630804 0.4756913 0.9630803 0.4758004 0.9631138 0.4757998 0.9631137 0.4758004 0.9631138 0.4756913 0.9630803 0.4758122 0.9631142 0.4758729 0.9631316 0.4757036 0.963098 0.4758122 0.9631142 0.4756913 0.9630803 0.4758122 0.9631142 0.4757036 0.963098 0.4758686 0.963054 0.4756582 0.9630566 0.4757036 0.963098 0.4757052 0.9630902 0.4757036 0.963098 0.4756582 0.9630566 0.4756913 0.9630803 0.4757052 0.9630902 0.4757036 0.963098 0.4757792 0.9630651 0.4757052 0.9630902 0.4756913 0.9630803 0.4756913 0.9630803 0.4757792 0.9630651 0.475746 0.963097 0.4758008 0.9631138 0.4758122 0.9631142 0.475746 0.963097 0.4757757 0.9630869 0.475746 0.963097 0.4757792 0.9630651 0.475746 0.963097 0.4757757 0.9630869 0.4758008 0.9631138 0.4757722 0.9631087 0.4757757 0.9630869 0.4757416 0.9631035 0.4758004 0.9631138 0.4757416 0.9631035 0.4756913 0.9630803 0.4757998 0.9631137 0.4757416 0.9631035 0.4758004 0.9631138 0.9253602 0.5649313 0.9877517 0.5654208 0.9253602 0.5623549 0.9877517 0.5654208 0.9877517 0.5628415 0.9253602 0.5623549 0.9253602 0.5623549 0.9877517 0.5628415 0.9253602 0.558767 0.9253602 0.558767 0.9877517 0.5628415 0.9877517 0.558888 0.9253602 0.558767 0.9877517 0.558888 0.9253602 0.555524 0.9253602 0.555524 0.9877517 0.558888 0.9877517 0.5538396 0.9253602 0.555524 0.9877517 0.5538396 0.9253602 0.5527421 0.9877517 0.5474471 0.9253602 0.5527421 0.9877517 0.5538396 0.9253602 0.5473749 0.9253602 0.5527421 0.9877517 0.5474471 0.9253602 0.5473749 0.9877517 0.5474471 0.9253602 0.5440424 0.9877517 0.5426859 0.9253602 0.5440424 0.9877517 0.5474471 0.9253602 0.5410346 0.9253602 0.5440424 0.9877517 0.5426859 0.9877517 0.5426859 0.9877517 0.5365857 0.9253602 0.5410346 0.9253602 0.535835 0.9253602 0.5410346 0.9877517 0.5365857 0.9877517 0.5365857 0.9877517 0.5313066 0.9253602 0.535835 0.9253602 0.5313524 0.9253602 0.535835 0.9877517 0.5313066 0.9877517 0.5313066 0.9877517 0.5256001 0.9253602 0.5313524 0.9253602 0.5249998 0.9253602 0.5313524 0.9877517 0.5256001 0.987828 0.5198939 0.9484407 0.520031 0.987828 0.5166429 0.987828 0.5166429 0.9484407 0.520031 0.9484407 0.5165817 0.9484407 0.5165817 0.987828 0.5135839 0.987828 0.5166429 0.9484407 0.5134497 0.987828 0.5135839 0.9484407 0.5165817 0.9484407 0.5134497 0.987828 0.5097452 0.987828 0.5135839 0.9484407 0.5097432 0.987828 0.5097452 0.9484407 0.5134497 0.987828 0.5097452 0.9484407 0.5097432 0.987828 0.5071544 0.9484407 0.5049313 0.987828 0.5071544 0.9484407 0.5097432 0.987828 0.5051941 0.987828 0.5071544 0.9484407 0.5049313 0.987828 0.5051941 0.9484407 0.5049313 0.987828 0.5026124 0.9484407 0.5016034 0.987828 0.5026124 0.9484407 0.5049313 0.987828 0.501228 0.987828 0.5026124 0.9484407 0.5016034 0.9484407 0.4981713 0.987828 0.501228 0.9484407 0.5016034 0.987828 0.4984195 0.987828 0.501228 0.9484407 0.4981713 0.9484407 0.4945341 0.987828 0.4984195 0.9484407 0.4981713 0.987828 0.4944633 0.987828 0.4984195 0.9484407 0.4945341 0.9484407 0.4915165 0.987828 0.4944633 0.9484407 0.4945341 0.987828 0.491365 0.987828 0.4944633 0.9484407 0.4915165 0.622543 0.9667754 0.6064817 0.9644491 0.622543 0.9357029 0.622543 0.9357029 0.6064817 0.9644491 0.6055979 0.9353383 0.622543 0.9357029 0.6055979 0.9353383 0.622543 0.9066113 0.622543 0.9066113 0.6055979 0.9353383 0.6070793 0.9079688 0.622543 0.9066113 0.6070793 0.9079688 0.622543 0.8826539 0.622543 0.8826539 0.6070793 0.9079688 0.6087678 0.8852837 0.622543 0.8826539 0.6087678 0.8852837 0.6101546 0.8711251 0.622543 0.8826539 0.6101546 0.8711251 0.622543 0.8711223 0.622543 0.8711223 0.6101546 0.8711251 0.622543 0.8585709 0.622543 0.8585709 0.6101546 0.8711251 0.6131096 0.8582853 0.622543 0.8585709 0.6131096 0.8582853 0.6217134 0.8353025 0.7324391 0.7669019 0.7085446 0.7790403 0.6945902 0.7669019 0.6945902 0.7669019 0.7085446 0.7790403 0.6929144 0.7859292 0.6697438 0.7669019 0.6945902 0.7669019 0.6929144 0.7859292 0.6686384 0.7879855 0.6697438 0.7669019 0.6929144 0.7859292 0.6686384 0.7879855 0.6929144 0.7859292 0.6682625 0.7999655 0.6682625 0.7999655 0.650255 0.8101743 0.6686384 0.7879855 0.6686384 0.7879855 0.6498243 0.7874009 0.6697438 0.7669019 0.6686384 0.7879855 0.650255 0.8101743 0.6498243 0.7874009 0.6501008 0.767109 0.6697438 0.7669019 0.6498243 0.7874009 0.650255 0.8101743 0.624381 0.8061829 0.6498243 0.7874009 0.650255 0.8101743 0.6372448 0.8194653 0.624381 0.8061829 0.6498243 0.7874009 0.6235271 0.7878608 0.6501008 0.767109 0.6498243 0.7874009 0.624381 0.8061829 0.6235271 0.7878608 0.6240395 0.767109 0.6501008 0.767109 0.6235271 0.7878608 0.624381 0.8061829 0.6372448 0.8194653 0.6221163 0.828556 0.6235271 0.7878608 0.5870354 0.7876681 0.6240395 0.767109 0.6235271 0.7878608 0.624381 0.8061829 0.5870354 0.7876681 0.5866632 0.767109 0.6240395 0.767109 0.5870354 0.7876681 0.5765697 0.8261973 0.624381 0.8061829 0.6221163 0.828556 0.5765697 0.8261973 0.6221163 0.828556 0.5943223 0.8490816 0.5870354 0.7876681 0.624381 0.8061829 0.5851436 0.8086371 0.5851436 0.8086371 0.624381 0.8061829 0.5765697 0.8261973 0.5870354 0.7876681 0.5532764 0.7867733 0.5866632 0.767109 0.5870354 0.7876681 0.5851436 0.8086371 0.5532764 0.7867733 0.5866632 0.767109 0.5532764 0.7867733 0.5504509 0.767109 0.5337162 0.786765 0.5504509 0.767109 0.5532764 0.7867733 0.5532764 0.7867733 0.5550679 0.8097829 0.5337162 0.786765 0.5532764 0.7867733 0.5851436 0.8086371 0.5550679 0.8097829 0.5343677 0.8097599 0.5337162 0.786765 0.5550679 0.8097829 0.5343677 0.8097599 0.5550679 0.8097829 0.5343677 0.8318098 0.5550679 0.8097829 0.5851436 0.8086371 0.5614721 0.8276004 0.5614721 0.8276004 0.5343677 0.8318098 0.5550679 0.8097829 0.5765697 0.8261973 0.5614721 0.8276004 0.5851436 0.8086371 0.5614721 0.8276004 0.5594701 0.8466884 0.5343677 0.8318098 0.5614721 0.8276004 0.5765697 0.8261973 0.5594701 0.8466884 0.5943223 0.8490816 0.5594701 0.8466884 0.5765697 0.8261973 0.5343677 0.8502393 0.5343677 0.8318098 0.5594701 0.8466884 0.5943223 0.8490816 0.5691438 0.8703048 0.5594701 0.8466884 0.5343677 0.8502393 0.5594701 0.8466884 0.5385606 0.8707747 0.5385606 0.8707747 0.5594701 0.8466884 0.5691438 0.8703048 0.5385606 0.8707747 0.5691438 0.8703048 0.5467872 0.9093888 0.5385606 0.8707747 0.5467872 0.9093888 0.5270324 0.8719006 0.5270324 0.8719006 0.5467872 0.9093888 0.5174034 0.9054805 0.5270324 0.8719006 0.5174034 0.9054805 0.5018851 0.8725878 0.5007079 0.9077389 0.5018851 0.8725878 0.5174034 0.9054805 0.5174034 0.9054805 0.5467872 0.9093888 0.5354391 0.9488539 0.5354391 0.9488539 0.5007079 0.9077389 0.5174034 0.9054805 0.5007079 0.9456086 0.5007079 0.9077389 0.5354391 0.9488539 0.5354391 0.9488539 0.5166036 0.9913841 0.5007079 0.9456086 0.5354391 0.9488539 0.5334849 0.9960737 0.5166036 0.9913841 0.5007079 0.9850108 0.5007079 0.9456086 0.5166036 0.9913841 0.9916424 0.4064236 0.9916424 0.4488346 0.9819404 0.4064673 0.9819404 0.4064673 0.9916424 0.4488346 0.9819404 0.4488782 0.9819404 0.4064673 0.9819404 0.4488782 0.9723517 0.4064235 0.9723517 0.4064235 0.9819404 0.4488782 0.9723517 0.4488344 0.9723517 0.4064235 0.9723517 0.4488344 0.9629093 0.4063354 0.9629093 0.4063354 0.9723517 0.4488344 0.9629093 0.4474816 0.9629093 0.4063354 0.9629093 0.4474816 0.9533522 0.4062475 0.9533522 0.4062475 0.9629093 0.4474816 0.9533522 0.4486584 0.9533522 0.4062475 0.9533522 0.4486584 0.9438623 0.4062038 0.9438623 0.4062038 0.9533522 0.4486584 0.9438623 0.4486148 0.9438623 0.4062038 0.9438623 0.4486148 0.9343587 0.4062476 0.9343587 0.4062476 0.9438623 0.4486148 0.9343587 0.4481342 0.9343587 0.4062476 0.9343587 0.4481342 0.9248613 0.4063357 0.9248613 0.4063357 0.9343587 0.4481342 0.9248613 0.4487466 0.9248613 0.4063357 0.9248613 0.4487466 0.9153051 0.4064236 0.9153051 0.4064236 0.9248613 0.4487466 0.9153051 0.4488346 0.9153051 0.19646 0.9153051 0.1572855 0.9248613 0.19646 0.9248613 0.19646 0.9153051 0.1572855 0.9248613 0.1572855 0.9248613 0.1572855 0.9343587 0.19646 0.9248613 0.19646 0.9343587 0.1572855 0.9343587 0.19646 0.9248613 0.1572855 0.9343587 0.19646 0.9343587 0.1572855 0.9438623 0.19646 0.9438623 0.19646 0.9343587 0.1572855 0.9438623 0.1572855 0.9438623 0.1572855 0.9533522 0.19646 0.9438623 0.19646 0.9533522 0.1565703 0.9533522 0.19646 0.9438623 0.1572855 0.9629093 0.1577507 0.9533522 0.19646 0.9533522 0.1565703 0.9629093 0.19646 0.9533522 0.19646 0.9629093 0.1577507 0.9723517 0.1572855 0.9629093 0.19646 0.9629093 0.1577507 0.9723517 0.19646 0.9629093 0.19646 0.9723517 0.1572855 0.9819404 0.1583374 0.9723517 0.19646 0.9723517 0.1572855 0.9819404 0.19646 0.9723517 0.19646 0.9819404 0.1583374 0.9916424 0.1572855 0.9819404 0.19646 0.9819404 0.1583374 0.9916424 0.19646 0.9819404 0.19646 0.9916424 0.1572855 0.9916424 0.2246156 0.9916424 0.3399469 0.9819404 0.2246156 0.9819404 0.2246156 0.9916424 0.3399469 0.9819404 0.3399469 0.9819404 0.3399469 0.9723517 0.2246156 0.9819404 0.2246156 0.9723517 0.3399469 0.9723517 0.2246156 0.9819404 0.3399469 0.9723517 0.2246156 0.9723517 0.3399469 0.9629093 0.2246156 0.9629093 0.2246156 0.9723517 0.3399469 0.9629093 0.3399469 0.9629093 0.3399469 0.9533522 0.2246156 0.9629093 0.2246156 0.9533522 0.3399469 0.9533522 0.2246156 0.9629093 0.3399469 0.9533522 0.3399469 0.9438623 0.2246156 0.9533522 0.2246156 0.9438623 0.3399469 0.9438623 0.2246156 0.9533522 0.3399469 0.9438623 0.3399469 0.9343587 0.2246156 0.9438623 0.2246156 0.9343587 0.3399469 0.9343587 0.2246156 0.9438623 0.3399469 0.9343587 0.2246156 0.9343587 0.3399469 0.9248613 0.2246156 0.9248613 0.2246156 0.9343587 0.3399469 0.9248613 0.3399469 0.9248613 0.2246156 0.9248613 0.3399469 0.9153051 0.2246156 0.9153051 0.2246156 0.9248613 0.3399469 0.9153051 0.3399469 0.4623605 0.4302876 0.4641415 0.4345455 0.464963 0.4312979 0.4641415 0.4345455 0.4623605 0.4302876 0.4593597 0.4365131 0.4593597 0.4365131 0.4623605 0.4302876 0.4592736 0.4290893 0.4592736 0.4290893 0.457428 0.4358442 0.4593597 0.4365131 0.4592736 0.4290893 0.4506212 0.4257616 0.457428 0.4358442 0.45252 0.4320346 0.457428 0.4358442 0.4506212 0.4257616 0.45252 0.4320346 0.4506212 0.4257616 0.4477205 0.4269548 0.4506212 0.4257616 0.4483278 0.4204522 0.4477205 0.4269548 0.4483278 0.4204522 0.4453118 0.4252813 0.4477205 0.4269548 0.4453118 0.4252813 0.4483278 0.4204522 0.4440641 0.4243142 0.4483278 0.4204522 0.4462012 0.4182668 0.4440641 0.4243142 0.4462012 0.4182668 0.4399572 0.4178674 0.4440641 0.4243142 0.4399572 0.4178674 0.4462012 0.4182668 0.4412708 0.4121655 0.4412708 0.4121655 0.4462012 0.4182668 0.4490448 0.4070935 0.4412708 0.4121655 0.4366495 0.4111489 0.4399572 0.4178674 0.4407143 0.4074199 0.4412708 0.4121655 0.4490448 0.4070935 0.4366495 0.4111489 0.4412708 0.4121655 0.436685 0.4075779 0.4407143 0.4074199 0.436685 0.4075779 0.4412708 0.4121655 0.1405723 0.8284002 0.1405192 0.8368226 0.1372786 0.83522 0.1362033 0.8374465 0.1372786 0.83522 0.1405192 0.8368226 0.1362033 0.8374465 0.1405192 0.8368226 0.14042 0.844242 0.14042 0.844242 0.1357928 0.8441284 0.1362033 0.8374465 0.14042 0.844242 0.1378964 0.8518077 0.1357928 0.8441284 -0.5499182 -0.1411335 -0.5427986 -0.1397774 -0.5416902 -0.1206587 -0.5499182 -0.1411335 -0.550217 -0.1536204 -0.5427986 -0.1397774 -0.550217 -0.1536204 -0.5414385 -0.1511193 -0.5427986 -0.1397774 -0.5408174 -0.1557954 -0.5414385 -0.1511193 -0.550217 -0.1536204 -0.550217 -0.1536204 -0.5445388 -0.1675263 -0.5408174 -0.1557954 0.4642026 0.9758664 0.4642131 0.9758763 0.4642149 0.9758662 0.4642069 0.9758764 0.4642131 0.9758763 0.4642026 0.9758664 0.4642114 0.9758864 0.4642131 0.9758763 0.4642069 0.9758764 0.4642114 0.9758864 0.4643303 0.9758958 0.4643207 0.9758958 0.4643339 0.9758945 0.4643207 0.9758958 0.4643303 0.9758958 0.4643147 0.9758945 0.4643207 0.9758958 0.4643339 0.9758945 0.4642026 0.9758664 0.4642131 0.9758763 0.4642149 0.9758662 0.4642069 0.9758764 0.4642131 0.9758763 0.4642026 0.9758664 0.4642114 0.9758864 0.4642131 0.9758763 0.4642069 0.9758764 0.4642026 0.9758664 0.4642131 0.9758763 0.4642149 0.9758662 0.4642069 0.9758764 0.4642131 0.9758763 0.4642026 0.9758664 0.4642114 0.9758864 0.4642131 0.9758763 0.4642069 0.9758764 0.4091228 0.7787031 0.4091221 0.7787051 0.4091202 0.778703 0.4091202 0.778703 0.4091221 0.7787051 0.4091207 0.7787051 0.4091221 0.7787051 0.4091217 0.7787061 0.4091207 0.7787051 0.4091207 0.7787051 0.4091217 0.7787061 0.409121 0.7787061 0.4089548 0.7787609 0.409121 0.7787061 0.4091217 0.7787061 0.4089548 0.7787609 0.4090579 0.7787758 0.4089522 0.778754 0.4089548 0.7787609 0.4089522 0.778754 0.4089561 0.7787543 0.4090562 0.7787728 0.4089522 0.778754 0.4090579 0.7787758 0.4089496 0.7787472 0.4089561 0.7787543 0.4089522 0.778754 0.4089496 0.7787472 0.4089522 0.778754 0.4090562 0.7787728 0.4089574 0.7787477 0.4089561 0.7787543 0.4089496 0.7787472 0.409053 0.7787669 0.4090579 0.7787671 0.4090562 0.7787728 0.4089445 0.7787334 0.4090562 0.7787728 0.4090579 0.7787671 0.4089496 0.7787472 0.4090562 0.7787728 0.4089445 0.7787334 0.4089445 0.7787334 0.4089574 0.7787477 0.4089496 0.7787472 0.4089601 0.7787347 0.4089574 0.7787477 0.4089445 0.7787334 0.4643307 0.9758129 0.46433 0.9758149 0.4643281 0.9758128 0.4643281 0.9758128 0.46433 0.9758149 0.4643286 0.9758149 0.4641627 0.9758706 0.4643286 0.9758149 0.46433 0.9758149 0.4641627 0.9758706 0.464264 0.9758826 0.4641575 0.9758569 0.4642608 0.9758766 0.4641575 0.9758569 0.464264 0.9758826 0.4641627 0.9758706 0.4641575 0.9758569 0.4641653 0.9758576 0.4641523 0.9758432 0.4641575 0.9758569 0.4642608 0.9758766 0.4641523 0.9758432 0.4641653 0.9758576 0.4641575 0.9758569 0.464168 0.9758445 0.4641653 0.9758576 0.4641523 0.9758432 0.6367572 0.5860196 0.6244413 0.5860196 0.6367573 0.6190565 0.6244414 0.6190565 0.6367573 0.6190565 0.6244413 0.5860196 0.6244413 0.5860196 0.6024051 0.5860196 0.6244414 0.6190565 0.6024051 0.6190565 0.6244414 0.6190565 0.6024051 0.5860196 0.6024051 0.5860196 0.5651314 0.5860196 0.6024051 0.6190565 0.5651314 0.6190565 0.6024051 0.6190565 0.5651314 0.5860196 0.5651314 0.5860196 0.5195651 0.5860196 0.5651314 0.6190565 0.5195646 0.6190565 0.5651314 0.6190565 0.5195651 0.5860196 0.5195651 0.5860196 0.5643181 0.5860196 0.5195646 0.6190565 0.5643181 0.6190565 0.5195646 0.6190565 0.5643181 0.5860196 0.5643181 0.5860196 0.5854751 0.5860196 0.5643181 0.6190565 0.5643181 0.6190565 0.5854751 0.5860196 0.6057139 0.6190677 0.6057139 0.5860196 0.6057139 0.6190677 0.5854751 0.5860196 0.6057139 0.5860196 0.6283007 0.6018367 0.6057139 0.6190677 0.6283007 0.5860196 0.6283007 0.6018367 0.6057139 0.5860196 0.6283007 0.6190677 0.6057139 0.6190677 0.6283007 0.6018367 0.6283007 0.6190677 0.6283007 0.6018367 0.6325396 0.6190193 0.6374422 0.6129781 0.5909042 0.6129781 0.6452023 0.6158828 0.5909042 0.6158828 0.6452023 0.6158828 0.5909042 0.6129781 0.5909042 0.6129781 0.5554034 0.6129781 0.5909042 0.6158828 0.5909042 0.6158828 0.5554034 0.6129781 0.5554034 0.6158828 0.5554034 0.6129781 0.521251 0.6129781 0.5554034 0.6158828 0.5554034 0.6158828 0.521251 0.6129781 0.521251 0.6158828 0.5826772 0.6345024 0.5826772 0.6231824 0.5948414 0.6345024 0.5595878 0.6278896 0.5826772 0.6231824 0.5826772 0.6345024 0.5595878 0.6278896 0.5826772 0.6345024 0.5595878 0.6345024 0.5595878 0.6278896 0.5595878 0.6345024 0.5388993 0.6278896 0.5388993 0.6278896 0.5595878 0.6345024 0.5388993 0.6345024 0.5388993 0.6278896 0.5388993 0.6345024 0.5159947 0.6244816 0.5159947 0.6244816 0.5388993 0.6345024 0.5159947 0.6345024 0.9601678 0.79618 0.9728924 0.7924491 0.9572021 0.8089356 0.9572021 0.8089356 0.9728924 0.7924491 0.9713212 0.8083742 0.9842897 0.7977403 0.9713212 0.8083742 0.9728924 0.7924491 0.9853378 0.8080921 0.9713212 0.8083742 0.9842897 0.7977403 0.5162079 0.7138046 0.5044534 0.7177912 0.5044329 0.7133566 0.5162079 0.7138046 0.5165295 0.7253317 0.5044534 0.7177912 0.5043793 0.7220891 0.5044534 0.7177912 0.5165295 0.7253317 0.5043793 0.7220891 0.5165295 0.7253317 0.5122171 0.7317363 0.5043165 0.7281664 0.5043793 0.7220891 0.5122171 0.7317363 0.5584961 0.7243291 0.5122171 0.7317363 0.5165295 0.7253317 0.5043165 0.7281664 0.5122171 0.7317363 0.5043787 0.7324046 0.5584961 0.7243291 0.5586003 0.7324779 0.5122171 0.7317363 0.512211 0.7370184 0.5043787 0.7324046 0.5122171 0.7317363 0.5045325 0.7367194 0.5043787 0.7324046 0.512211 0.7370184 0.5047115 0.7392189 0.5045325 0.7367194 0.5121999 0.746229 0.5121999 0.746229 0.5045325 0.7367194 0.512211 0.7370184 0.5121999 0.746229 0.512211 0.7370184 0.5585904 0.7462425 0.512211 0.7370184 0.5122171 0.7317363 0.5586382 0.7362824 0.5585904 0.7462425 0.512211 0.7370184 0.5586382 0.7362824 0.5586382 0.7362824 0.5122171 0.7317363 0.5586003 0.7324779 0.5586382 0.7362824 0.6113457 0.7462425 0.5585904 0.7462425 0.6113457 0.7462425 0.5586382 0.7362824 0.6108179 0.7362885 0.5586382 0.7362824 0.5586003 0.7324779 0.6108179 0.7362885 0.6113457 0.7462425 0.6108179 0.7362885 0.6262661 0.7462425 0.5584961 0.7243291 0.609399 0.7327002 0.5586003 0.7324779 0.6108179 0.7362885 0.5586003 0.7324779 0.609399 0.7327002 0.6068023 0.7243291 0.609399 0.7327002 0.5584961 0.7243291 0.6262661 0.7462425 0.6108179 0.7362885 0.6257989 0.7367368 0.6262661 0.7462425 0.6257989 0.7367368 0.6604016 0.7462425 0.6108179 0.7362885 0.609399 0.7327002 0.6199529 0.7332387 0.6068023 0.7243291 0.6199529 0.7332387 0.609399 0.7327002 0.6108179 0.7362885 0.6199529 0.7332387 0.6257989 0.7367368 0.6142259 0.7243291 0.6199529 0.7332387 0.6068023 0.7243291 0.6582095 0.7243291 0.6199529 0.7332387 0.6142259 0.7243291 0.6604016 0.7462425 0.6257989 0.7367368 0.6620475 0.7372456 0.6199529 0.7332387 0.6620475 0.7372456 0.6257989 0.7367368 0.6604016 0.7462425 0.6620475 0.7372456 0.6835407 0.7462425 0.6594066 0.7327093 0.6199529 0.7332387 0.6582095 0.7243291 0.6594066 0.7327093 0.6620475 0.7372456 0.6199529 0.7332387 0.6881219 0.7243291 0.6594066 0.7327093 0.6582095 0.7243291 0.6835407 0.7462425 0.6620475 0.7372456 0.6839218 0.7373359 0.6594066 0.7327093 0.6839218 0.7373359 0.6620475 0.7372456 0.6858789 0.7327852 0.6594066 0.7327093 0.6881219 0.7243291 0.6858789 0.7327852 0.6839218 0.7373359 0.6594066 0.7327093 0.6835407 0.7462425 0.6839218 0.7373359 0.6921595 0.7368915 0.6858789 0.7327852 0.6921595 0.7368915 0.6839218 0.7373359 0.6835407 0.7462425 0.6921595 0.7368915 0.695373 0.7462425 0.6881219 0.7243291 0.6928419 0.7328607 0.6858789 0.7327852 0.6928419 0.7328607 0.6921595 0.7368915 0.6858789 0.7327852 0.6925627 0.7243291 0.6928419 0.7328607 0.6881219 0.7243291 0.6970714 0.7365862 0.695373 0.7462425 0.6921595 0.7368915 0.695373 0.7462425 0.6970714 0.7365862 0.7055926 0.7462425 0.6976756 0.7329612 0.6921595 0.7368915 0.6928419 0.7328607 0.6925627 0.7243291 0.6976756 0.7329612 0.6928419 0.7328607 0.6970714 0.7365862 0.6921595 0.7368915 0.6976756 0.7329612 0.6980788 0.7243291 0.6976756 0.7329612 0.6925627 0.7243291 0.7055926 0.7462425 0.6970714 0.7365862 0.7070168 0.7348746 0.6976756 0.7329612 0.7070168 0.7348746 0.6970714 0.7365862 0.7269814 0.7462425 0.7055926 0.7462425 0.7070168 0.7348746 0.6980788 0.7243291 0.7078744 0.7316471 0.6976756 0.7329612 0.6976756 0.7329612 0.7078744 0.7316471 0.7070168 0.7348746 0.7082318 0.7243291 0.7078744 0.7316471 0.6980788 0.7243291 0.7269814 0.7462425 0.7070168 0.7348746 0.7269445 0.7341306 0.7078744 0.7316471 0.7269445 0.7341306 0.7070168 0.7348746 0.7269814 0.7462425 0.7269445 0.7341306 0.7539502 0.7462425 0.7082318 0.7243291 0.7271921 0.7312652 0.7078744 0.7316471 0.7271921 0.7312652 0.7269445 0.7341306 0.7078744 0.7316471 0.7278375 0.7243291 0.7271921 0.7312652 0.7082318 0.7243291 0.7539502 0.7462425 0.7269445 0.7341306 0.7542301 0.7373467 0.7271921 0.7312652 0.7542301 0.7373467 0.7269445 0.7341306 0.7539502 0.7462425 0.7542301 0.7373467 0.7580381 0.7462425 0.7278375 0.7243291 0.7546002 0.7304951 0.7271921 0.7312652 0.7271921 0.7312652 0.7546002 0.7304951 0.7542301 0.7373467 0.7548649 0.7243291 0.7546002 0.7304951 0.7278375 0.7243291 0.7577915 0.7243291 0.7546002 0.7304951 0.7548649 0.7243291 0.7580381 0.7462425 0.7542301 0.7373467 0.7581335 0.7375371 0.7546002 0.7304951 0.7581335 0.7375371 0.7542301 0.7373467 0.7580636 0.7305905 0.7546002 0.7304951 0.7577915 0.7243291 0.7580636 0.7305905 0.7581335 0.7375371 0.7546002 0.7304951 0.7577915 0.7243291 0.7859313 0.731132 0.7580636 0.7305905 0.7580636 0.7305905 0.7859313 0.731132 0.7581335 0.7375371 0.7853012 0.7243291 0.7859313 0.731132 0.7577915 0.7243291 0.7580381 0.7462425 0.7581335 0.7375371 0.7860029 0.7425723 0.7860029 0.7425723 0.7581335 0.7375371 0.7859313 0.731132 0.7860029 0.7425723 0.7858446 0.7462425 0.7580381 0.7462425 0.7860029 0.7425723 0.8120526 0.7462425 0.7858446 0.7462425 0.8120526 0.7462425 0.7860029 0.7425723 0.812567 0.7366822 0.7859313 0.731132 0.812567 0.7366822 0.7860029 0.7425723 0.812567 0.7366822 0.8426249 0.7462425 0.8120526 0.7462425 0.8422073 0.7367066 0.8426249 0.7462425 0.812567 0.7366822 0.812567 0.7366822 0.8420344 0.7330508 0.8422073 0.7367066 0.8123871 0.7332656 0.8420344 0.7330508 0.812567 0.7366822 0.8123871 0.7332656 0.812567 0.7366822 0.7859313 0.731132 0.8123871 0.7332656 0.8427865 0.7298424 0.8420344 0.7330508 0.8123871 0.7332656 0.7859313 0.731132 0.8127481 0.7285335 0.8123871 0.7332656 0.8127481 0.7285335 0.8427865 0.7298424 0.7859313 0.731132 0.7853012 0.7243291 0.8127481 0.7285335 0.8431617 0.7243291 0.8427865 0.7298424 0.8127481 0.7285335 0.8127481 0.7285335 0.7853012 0.7243291 0.8117697 0.7243291 0.8431617 0.7243291 0.8127481 0.7285335 0.8117697 0.7243291 0.3998745 0.6892547 0.4410389 0.7334865 0.3998968 0.7162395 0.4765244 0.7093136 0.4410389 0.7334865 0.3998745 0.6892547 0.3998745 0.6892547 0.479105 0.6686503 0.4765244 0.7093136 0.4002174 0.6468002 0.479105 0.6686503 0.3998745 0.6892547 0.3948502 0.5991736 0.479105 0.6686503 0.4002174 0.6468002 0.446132 0.6192489 0.479105 0.6686503 0.3948502 0.5991736 0.3998968 0.7162395 0.4410389 0.7334865 0.3998745 0.6892547 0.4765244 0.7093136 0.3998745 0.6892547 0.4410389 0.7334865 0.4765244 0.7093136 0.479105 0.6686503 0.3998745 0.6892547 0.4002174 0.6468002 0.3998745 0.6892547 0.479105 0.6686503 0.4002174 0.6468002 0.479105 0.6686503 0.3948502 0.5991736 0.446132 0.6192489 0.3948502 0.5991736 0.479105 0.6686503 0.4642608 0.9758766 0.4642664 0.9758769 0.464264 0.9758826 0.4641523 0.9758432 0.464264 0.9758826 0.4642664 0.9758769 0.4641575 0.9758569 0.464264 0.9758826 0.4641523 0.9758432 0.463921 0.9758188 0.464264 0.9758826 0.4641575 0.9758569 0.4641523 0.9758432 0.4641653 0.9758576 0.4641575 0.9758569 0.463921 0.9758188 0.4641575 0.9758569 0.4641653 0.9758576 0.464168 0.9758445 0.4641653 0.9758576 0.4641523 0.9758432 0.463921 0.9758188 0.4639126 0.9758139 0.46433 0.9758149 0.463921 0.9758188 0.4639149 0.9758204 0.4639126 0.9758139 0.4643307 0.9758129 0.46433 0.9758149 0.4643281 0.9758128 0.4643281 0.9758128 0.46433 0.9758149 0.4639126 0.9758139 0.4643281 0.9758128 0.4639126 0.9758139 0.4639065 0.9758156 0.4639126 0.9758139 0.4639149 0.9758204 0.4639065 0.9758156 0.4639089 0.975822 0.4639065 0.9758156 0.4639149 0.9758204 0.7176551 0.6275816 0.7119159 0.6261596 0.711916 0.6275816 0.7206827 0.6247376 0.7119159 0.6261596 0.7176551 0.6275816 0.7176551 0.6275816 0.7333196 0.6247376 0.7206827 0.6247376 0.7333197 0.6275816 0.7333196 0.6247376 0.7176551 0.6275816 0.7119159 0.6247856 0.7244181 0.6276295 0.7119159 0.6262435 0.7226178 0.6247856 0.7244181 0.6276295 0.7119159 0.6247856 0.7226178 0.6247856 0.7333196 0.6247856 0.7244181 0.6276295 0.7244181 0.6276295 0.7333196 0.6247856 0.7333196 0.6276295 0.4845926 0.9583215 0.4840396 0.9580749 0.4844266 0.9577873 0.4842225 0.9586338 0.4840396 0.9580749 0.4845926 0.9583215 0.4835837 0.9588636 0.4840396 0.9580749 0.4842225 0.9586338 0.4834649 0.9582886 0.4840396 0.9580749 0.4835837 0.9588636 0.4828054 0.9589835 0.4834649 0.9582886 0.4835837 0.9588636 0.4827659 0.9583998 0.4834649 0.9582886 0.4828054 0.9589835 0.4827659 0.9583998 0.4828054 0.9589835 0.4823961 0.9583983 0.4823961 0.9583983 0.4828054 0.9589835 0.4823938 0.9589812 0.4823938 0.9589812 0.4819821 0.9589789 0.4823961 0.9583983 0.4820262 0.9583958 0.4823961 0.9583983 0.4819821 0.9589789 0.4820262 0.9583958 0.4819821 0.9589789 0.4813349 0.9582768 0.4812119 0.9588505 0.4813349 0.9582768 0.4819821 0.9589789 0.4813349 0.9582768 0.4812119 0.9588505 0.4807744 0.9580568 0.4805884 0.9586136 0.4807744 0.9580568 0.4812119 0.9588505 0.4805884 0.9586136 0.4802389 0.9582973 0.4807744 0.9580568 0.4804063 0.957765 0.4807744 0.9580568 0.4802389 0.9582973 0.4813349 0.9582768 0.4828169 0.9593775 0.4816729 0.959423 0.4816729 0.959423 0.480724 0.9590989 0.4813349 0.9582768 0.4808189 0.9582332 0.4813349 0.9582768 0.480724 0.9590989 0.4824321 0.9600454 0.4816729 0.959423 0.4828169 0.9593775 0.4828169 0.9593775 0.483402 0.9603573 0.4824321 0.9600454 0.4829279 0.9608485 0.4824321 0.9600454 0.483402 0.9603573 0.4823158 0.9612725 0.4819995 0.9606148 0.4829279 0.9608485 0.4824321 0.9600454 0.4829279 0.9608485 0.4819995 0.9606148 0.4819995 0.9606148 0.4813832 0.9602497 0.4824321 0.9600454 0.4816729 0.959423 0.4824321 0.9600454 0.4813832 0.9602497 0.4813832 0.9602497 0.480619 0.9599874 0.4816729 0.959423 0.480724 0.9590989 0.4816729 0.959423 0.480619 0.9599874 0.480619 0.9599874 0.4802096 0.959955 0.480724 0.9590989 0.480724 0.9590989 0.4802205 0.9590621 0.4808189 0.9582332 0.4802205 0.9590621 0.480724 0.9590989 0.4802096 0.959955 0.4802273 0.9582277 0.4808189 0.9582332 0.4802205 0.9590621 0.4802205 0.9590621 0.4796359 0.9582171 0.4802273 0.9582277 0.4802096 0.959955 0.4797159 0.9590852 0.4802205 0.9590621 0.4797159 0.9590852 0.4796359 0.9582171 0.4802205 0.9590621 0.4797992 0.9599761 0.4797159 0.9590852 0.4802096 0.959955 0.4797159 0.9590852 0.4785164 0.9585905 0.4796359 0.9582171 0.4797992 0.9599761 0.4787549 0.9593831 0.4797159 0.9590852 0.4787549 0.9593831 0.4785164 0.9585905 0.4797159 0.9590852 0.4790252 0.9602174 0.4787549 0.9593831 0.4797992 0.9599761 0.4787549 0.9593831 0.4775945 0.9593061 0.4785164 0.9585905 0.4790252 0.9602174 0.4779719 0.9599844 0.4787549 0.9593831 0.4779719 0.9599844 0.4775945 0.9593061 0.4787549 0.9593831 0.4779719 0.9599844 0.4769717 0.9602693 0.4775945 0.9593061 0.478395 0.9605656 0.4779719 0.9599844 0.4790252 0.9602174 0.4774452 0.9607735 0.4769717 0.9602693 0.4779719 0.9599844 0.478395 0.9605656 0.4774452 0.9607735 0.4779719 0.9599844 0.4780534 0.9612143 0.4774452 0.9607735 0.478395 0.9605656 0.9714788 0.8587357 0.9595995 0.8701757 0.959842 0.8621851 0.973912 0.8763425 0.9595995 0.8701757 0.9714788 0.8587357 0.9714788 0.8587357 0.9834776 0.8728213 0.973912 0.8763425 0.9840103 0.8622589 0.9834776 0.8728213 0.9714788 0.8587357 0.8093552 0.5788462 0.8093876 0.5912429 0.7787251 0.5790868 0.8478116 0.5788462 0.8093876 0.5912429 0.8093552 0.5788462 0.84745 0.6020907 0.8093876 0.5912429 0.8478116 0.5788462 0.8080741 0.6008087 0.8093876 0.5912429 0.84745 0.6020907 0.8478116 0.5788462 0.8722452 0.5788462 0.84745 0.6020907 0.8080741 0.6008087 0.84745 0.6020907 0.8073219 0.6283395 0.84745 0.6020907 0.8722452 0.5788462 0.8674871 0.6024088 0.8906905 0.5788462 0.8674871 0.6024088 0.8722452 0.5788462 0.8445767 0.628279 0.8073219 0.6283395 0.84745 0.6020907 0.8445767 0.628279 0.84745 0.6020907 0.8674871 0.6024088 0.8445767 0.628279 0.8235602 0.6500772 0.8073219 0.6283395 0.8907982 0.6025161 0.8674871 0.6024088 0.8906905 0.5788462 0.907646 0.5788462 0.8907982 0.6025161 0.8906905 0.5788462 0.8667193 0.6284859 0.8445767 0.628279 0.8674871 0.6024088 0.9141131 0.602118 0.8907982 0.6025161 0.907646 0.5788462 0.9338737 0.5788462 0.9141131 0.602118 0.907646 0.5788462 0.8909633 0.6286208 0.8674871 0.6024088 0.8907982 0.6025161 0.8667193 0.6284859 0.8674871 0.6024088 0.8909633 0.6286208 0.9654272 0.5788462 0.974891 0.6005913 0.9338737 0.5788462 0.9341429 0.6015462 0.9338737 0.5788462 0.974891 0.6005913 0.9341429 0.6015462 0.9141131 0.602118 0.9338737 0.5788462 0.9754235 0.6246321 0.9341429 0.6015462 0.974891 0.6005913 0.9141131 0.602118 0.9152076 0.6281738 0.8907982 0.6025161 0.8907982 0.6025161 0.9152076 0.6281738 0.8909633 0.6286208 0.937348 0.6276903 0.9141131 0.602118 0.9341429 0.6015462 0.937348 0.6276903 0.9341429 0.6015462 0.9754235 0.6246321 0.9152076 0.6281738 0.9141131 0.602118 0.937348 0.6276903 0.9754235 0.6246321 0.9586437 0.6492244 0.937348 0.6276903 0.8909633 0.6286208 0.9152076 0.6281738 0.8911203 0.6516698 0.8909633 0.6286208 0.8911203 0.6516698 0.8667193 0.6284859 0.9152076 0.6281738 0.937348 0.6276903 0.9156695 0.6513897 0.9156695 0.6513897 0.8911203 0.6516698 0.9152076 0.6281738 0.9385279 0.6507304 0.937348 0.6276903 0.9586437 0.6492244 0.9385279 0.6507304 0.9156695 0.6513897 0.937348 0.6276903 0.8667193 0.6284859 0.8911203 0.6516698 0.8665607 0.651702 0.8667193 0.6284859 0.8665607 0.651702 0.8445767 0.628279 0.8911203 0.6516698 0.9156695 0.6513897 0.8912684 0.6754225 0.8912684 0.6754225 0.8665607 0.651702 0.8911203 0.6516698 0.9156695 0.6513897 0.9385279 0.6507304 0.9159511 0.6749988 0.9159511 0.6749988 0.8912684 0.6754225 0.9156695 0.6513897 0.9385279 0.6507304 0.9586437 0.6492244 0.9385782 0.6741056 0.9385782 0.6741056 0.9159511 0.6749988 0.9385279 0.6507304 0.9592742 0.6734821 0.9385782 0.6741056 0.9586437 0.6492244 0.9592742 0.6734821 0.9629016 0.7023144 0.9385782 0.6741056 0.9385782 0.6741056 0.9629016 0.7023144 0.9540365 0.7178388 0.9317512 0.7178388 0.9385782 0.6741056 0.9540365 0.7178388 0.9385782 0.6741056 0.9317512 0.7178388 0.9159511 0.6749988 0.8914715 0.7178388 0.9159511 0.6749988 0.9317512 0.7178388 0.8912684 0.6754225 0.9159511 0.6749988 0.8914715 0.7178388 0.8914715 0.7178388 0.8665823 0.6753091 0.8912684 0.6754225 0.8665823 0.6753091 0.8665607 0.651702 0.8912684 0.6754225 0.8511748 0.7178388 0.8665823 0.6753091 0.8914715 0.7178388 0.8665823 0.6753091 0.843693 0.6513333 0.8665607 0.651702 0.8445767 0.628279 0.8665607 0.651702 0.843693 0.6513333 0.843693 0.6513333 0.8235602 0.6500772 0.8445767 0.628279 0.8665823 0.6753091 0.8511748 0.7178388 0.8439441 0.6747041 0.8439441 0.6747041 0.843693 0.6513333 0.8665823 0.6753091 0.8439441 0.6747041 0.8235602 0.6500772 0.843693 0.6513333 0.8285734 0.7168358 0.8439441 0.6747041 0.8511748 0.7178388 0.8232446 0.6743364 0.8235602 0.6500772 0.8439441 0.6747041 0.8285734 0.7168358 0.8232446 0.6743364 0.8439441 0.6747041 0.8179048 0.7094808 0.8232446 0.6743364 0.8285734 0.7168358 0.9944791 0.7458358 0.9927594 0.7240829 0.9355388 0.7453987 0.9355388 0.7240829 0.9355388 0.7453987 0.9927594 0.7240829 0.9355388 0.7240829 0.8649976 0.7240829 0.9355388 0.7453987 0.8645225 0.7453386 0.9355388 0.7453987 0.8649976 0.7240829 0.09857898 0.2469957 0.08094787 0.2601894 0.09423911 0.2448162 0.08941262 0.2617656 0.08094787 0.2601894 0.09857898 0.2469957 0.08941262 0.2617656 0.07767409 0.2790762 0.08094787 0.2601894 0.1054979 0.2484015 0.08941262 0.2617656 0.09857898 0.2469957 0.08570474 0.2790762 0.07767409 0.2790762 0.08941262 0.2617656 0.07767409 0.2790762 0.08570474 0.2790762 0.07767021 0.302256 0.1015466 0.2632128 0.08941262 0.2617656 0.1054979 0.2484015 0.1015466 0.2632128 0.08570474 0.2790762 0.08941262 0.2617656 0.07767021 0.302256 0.08570474 0.2790762 0.0864948 0.3007389 0.07767021 0.302256 0.0864948 0.3007389 0.08207732 0.3246524 0.09131526 0.3207952 0.08207732 0.3246524 0.0864948 0.3007389 0.08570474 0.2790762 0.09771072 0.2790762 0.0864948 0.3007389 0.09771072 0.2790762 0.08570474 0.2790762 0.1015466 0.2632128 0.0864948 0.3007389 0.09953981 0.2971529 0.09131526 0.3207952 0.0864948 0.3007389 0.09771072 0.2790762 0.09953981 0.2971529 0.09131526 0.3207952 0.09953981 0.2971529 0.1005693 0.3141981 0.1005693 0.3141981 0.09953981 0.2971529 0.123847 0.3143847 0.12251 0.297258 0.123847 0.3143847 0.09953981 0.2971529 0.09953981 0.2971529 0.09771072 0.2790762 0.12251 0.297258 0.123847 0.3143847 0.12251 0.297258 0.1368809 0.3156713 0.1217846 0.2790762 0.12251 0.297258 0.09771072 0.2790762 0.09771072 0.2790762 0.1015466 0.2632128 0.1217846 0.2790762 0.1427412 0.2978116 0.1368809 0.3156713 0.12251 0.297258 0.12251 0.297258 0.1217846 0.2790762 0.1427412 0.2978116 0.1368809 0.3156713 0.1427412 0.2978116 0.1528515 0.3209995 0.1235757 0.26502 0.1217846 0.2790762 0.1015466 0.2632128 0.1015466 0.2632128 0.1054979 0.2484015 0.1235757 0.26502 0.1256331 0.2486274 0.1235757 0.26502 0.1054979 0.2484015 0.1451026 0.2790762 0.1427412 0.2978116 0.1217846 0.2790762 0.1217846 0.2790762 0.1235757 0.26502 0.1451026 0.2790762 0.1528515 0.3023037 0.1528515 0.3209995 0.1427412 0.2978116 0.1427412 0.2978116 0.1451026 0.2790762 0.1528515 0.3023037 0.1528515 0.3209995 0.1528515 0.3023037 0.1827259 0.3266801 0.1827259 0.3045702 0.1827259 0.3266801 0.1528515 0.3023037 0.1235757 0.26502 0.1256331 0.2486274 0.1430782 0.264877 0.1430782 0.264877 0.1451026 0.2790762 0.1235757 0.26502 0.1380633 0.2479063 0.1430782 0.264877 0.1256331 0.2486274 0.1528515 0.2790762 0.1528515 0.3023037 0.1451026 0.2790762 0.1528515 0.3023037 0.1528515 0.2790762 0.1827259 0.3045702 0.1451026 0.2790762 0.1430782 0.264877 0.1528515 0.2790762 0.1827259 0.2790762 0.1827259 0.3045702 0.1528515 0.2790762 0.1430782 0.264877 0.1380633 0.2479063 0.1528515 0.262992 0.1528515 0.262992 0.1528515 0.2790762 0.1430782 0.264877 0.1528515 0.2790762 0.1528515 0.262992 0.1827259 0.2790762 0.1528515 0.2430757 0.1528515 0.262992 0.1380633 0.2479063 0.1827259 0.2611208 0.1827259 0.2790762 0.1528515 0.262992 0.1528515 0.262992 0.1528515 0.2430757 0.1827259 0.2611208 0.1827259 0.2369017 0.1827259 0.2611208 0.1528515 0.2430757 0.09423911 0.2448162 0.08094787 0.2601894 0.09857898 0.2469957 0.09857898 0.2469957 0.08094787 0.2601894 0.08941262 0.2617656 0.08094787 0.2601894 0.07767409 0.2790762 0.08941262 0.2617656 0.09857898 0.2469957 0.08941262 0.2617656 0.1054979 0.2484015 0.08941262 0.2617656 0.07767409 0.2790762 0.08570474 0.2790762 0.07767021 0.302256 0.08570474 0.2790762 0.07767409 0.2790762 0.1054979 0.2484015 0.08941262 0.2617656 0.1015466 0.2632128 0.08941262 0.2617656 0.08570474 0.2790762 0.1015466 0.2632128 0.0864948 0.3007389 0.08570474 0.2790762 0.07767021 0.302256 0.08207732 0.3246524 0.0864948 0.3007389 0.07767021 0.302256 0.0864948 0.3007389 0.08207732 0.3246524 0.09131526 0.3207952 0.0864948 0.3007389 0.09771072 0.2790762 0.08570474 0.2790762 0.1015466 0.2632128 0.08570474 0.2790762 0.09771072 0.2790762 0.09131526 0.3207952 0.09953981 0.2971529 0.0864948 0.3007389 0.09953981 0.2971529 0.09771072 0.2790762 0.0864948 0.3007389 0.1005693 0.3141981 0.09953981 0.2971529 0.09131526 0.3207952 0.1005693 0.3141981 0.123847 0.3143847 0.09953981 0.2971529 0.09953981 0.2971529 0.123847 0.3143847 0.12251 0.297258 0.12251 0.297258 0.09771072 0.2790762 0.09953981 0.2971529 0.123847 0.3143847 0.1368809 0.3156713 0.12251 0.297258 0.1217846 0.2790762 0.1015466 0.2632128 0.09771072 0.2790762 0.1217846 0.2790762 0.09771072 0.2790762 0.12251 0.297258 0.12251 0.297258 0.1368809 0.3156713 0.1427412 0.2978116 0.12251 0.297258 0.1427412 0.2978116 0.1217846 0.2790762 0.1368809 0.3156713 0.1528515 0.3209995 0.1427412 0.2978116 0.1235757 0.26502 0.1015466 0.2632128 0.1217846 0.2790762 0.1235757 0.26502 0.1054979 0.2484015 0.1015466 0.2632128 0.1256331 0.2486274 0.1054979 0.2484015 0.1235757 0.26502 0.1217846 0.2790762 0.1427412 0.2978116 0.1451026 0.2790762 0.1217846 0.2790762 0.1451026 0.2790762 0.1235757 0.26502 0.1427412 0.2978116 0.1528515 0.3209995 0.1528515 0.3023037 0.1427412 0.2978116 0.1528515 0.3023037 0.1451026 0.2790762 0.1827259 0.3266801 0.1528515 0.3023037 0.1528515 0.3209995 0.1827259 0.3045702 0.1528515 0.3023037 0.1827259 0.3266801 0.1235757 0.26502 0.1430782 0.264877 0.1256331 0.2486274 0.1235757 0.26502 0.1451026 0.2790762 0.1430782 0.264877 0.1256331 0.2486274 0.1430782 0.264877 0.1380633 0.2479063 0.1451026 0.2790762 0.1528515 0.3023037 0.1528515 0.2790762 0.1827259 0.3045702 0.1528515 0.2790762 0.1528515 0.3023037 0.1451026 0.2790762 0.1528515 0.2790762 0.1430782 0.264877 0.1827259 0.2790762 0.1528515 0.2790762 0.1827259 0.3045702 0.1430782 0.264877 0.1528515 0.262992 0.1380633 0.2479063 0.1430782 0.264877 0.1528515 0.2790762 0.1528515 0.262992 0.1827259 0.2790762 0.1528515 0.262992 0.1528515 0.2790762 0.1380633 0.2479063 0.1528515 0.262992 0.1528515 0.2430757 0.1827259 0.2611208 0.1528515 0.262992 0.1827259 0.2790762 0.1827259 0.2611208 0.1528515 0.2430757 0.1528515 0.262992 0.1827259 0.2369017 0.1528515 0.2430757 0.1827259 0.2611208 0.2143914 0.1588269 0.2243275 0.1355925 0.2070711 0.1523164 0.2070711 0.1523164 0.2243275 0.1355925 0.213703 0.1323879 0.2243275 0.1355925 0.2288114 0.1160712 0.213703 0.1323879 0.213703 0.1323879 0.1988393 0.1476584 0.2070711 0.1523164 0.213703 0.1323879 0.2288114 0.1160712 0.2185633 0.1149053 0.2280367 0.09679758 0.2185633 0.1149053 0.2288114 0.1160712 0.203893 0.1285803 0.1988393 0.1476584 0.213703 0.1323879 0.2185633 0.1149053 0.203893 0.1285803 0.213703 0.1323879 0.2185633 0.1149053 0.2280367 0.09679758 0.2187395 0.09839308 0.2280367 0.09679758 0.2132582 0.07967644 0.2187395 0.09839308 0.2187395 0.09839308 0.2132582 0.07967644 0.2096448 0.08046835 0.2185633 0.1149053 0.2187395 0.09839308 0.20584 0.1133279 0.203893 0.1285803 0.2185633 0.1149053 0.20584 0.1133279 0.2187395 0.09839308 0.2096448 0.08046835 0.2047388 0.09929984 0.20584 0.1133279 0.2187395 0.09839308 0.2047388 0.09929984 0.2047388 0.09929984 0.2096448 0.08046835 0.1998369 0.08173936 0.1790912 0.08126187 0.2047388 0.09929984 0.1998369 0.08173936 0.1753264 0.1000855 0.2047388 0.09929984 0.1790912 0.08126187 0.1753264 0.1000855 0.20584 0.1133279 0.2047388 0.09929984 0.1790912 0.08126187 0.1658421 0.07900118 0.1753264 0.1000855 0.20584 0.1133279 0.1750078 0.1133279 0.203893 0.1285803 0.1750078 0.1133279 0.20584 0.1133279 0.1753264 0.1000855 0.1753264 0.1000855 0.1658421 0.07900118 0.1664264 0.09976178 0.1753264 0.1000855 0.1664264 0.09976178 0.1750078 0.1133279 0.1658421 0.07900118 0.1489474 0.07532507 0.1664264 0.09976178 0.203893 0.1285803 0.1750078 0.1133279 0.1754298 0.128284 0.203893 0.1285803 0.1754298 0.128284 0.1988393 0.1476584 0.1988393 0.1476584 0.1754298 0.128284 0.1785083 0.1474156 0.1750078 0.1133279 0.1664264 0.09976178 0.166657 0.1133279 0.1750078 0.1133279 0.166657 0.1133279 0.1754298 0.128284 0.1664264 0.09976178 0.1489474 0.07532507 0.1489474 0.09598445 0.1664264 0.09976178 0.1489474 0.09598445 0.166657 0.1133279 0.1190125 0.07103693 0.1489474 0.09598445 0.1489474 0.07532507 0.1190125 0.09440803 0.1489474 0.09598445 0.1190125 0.07103693 0.1754298 0.128284 0.1664698 0.1286928 0.1785083 0.1474156 0.1754298 0.128284 0.166657 0.1133279 0.1664698 0.1286928 0.1785083 0.1474156 0.1664698 0.1286928 0.16571 0.1496847 0.166657 0.1133279 0.1489474 0.09598445 0.1489474 0.1133279 0.1190125 0.09440803 0.1489474 0.1133279 0.1489474 0.09598445 0.166657 0.1133279 0.1489474 0.1133279 0.1664698 0.1286928 0.1190125 0.1133279 0.1489474 0.1133279 0.1190125 0.09440803 0.1664698 0.1286928 0.1489474 0.1325579 0.16571 0.1496847 0.1664698 0.1286928 0.1489474 0.1133279 0.1489474 0.1325579 0.1190125 0.1133279 0.1489474 0.1325579 0.1489474 0.1133279 0.16571 0.1496847 0.1489474 0.1325579 0.1489474 0.1534956 0.1190125 0.1341437 0.1489474 0.1325579 0.1190125 0.1133279 0.1190125 0.1341437 0.1489474 0.1534956 0.1489474 0.1325579 0.1190125 0.1574829 0.1489474 0.1534956 0.1190125 0.1341437 0.2070711 0.1523164 0.2243275 0.1355925 0.2143914 0.1588269 0.213703 0.1323879 0.2243275 0.1355925 0.2070711 0.1523164 0.213703 0.1323879 0.2288114 0.1160712 0.2243275 0.1355925 0.2070711 0.1523164 0.1988393 0.1476584 0.213703 0.1323879 0.2185633 0.1149053 0.2288114 0.1160712 0.213703 0.1323879 0.2288114 0.1160712 0.2185633 0.1149053 0.2280367 0.09679758 0.213703 0.1323879 0.1988393 0.1476584 0.203893 0.1285803 0.213703 0.1323879 0.203893 0.1285803 0.2185633 0.1149053 0.2187395 0.09839308 0.2280367 0.09679758 0.2185633 0.1149053 0.2187395 0.09839308 0.2132582 0.07967644 0.2280367 0.09679758 0.2096448 0.08046835 0.2132582 0.07967644 0.2187395 0.09839308 0.20584 0.1133279 0.2187395 0.09839308 0.2185633 0.1149053 0.20584 0.1133279 0.2185633 0.1149053 0.203893 0.1285803 0.2047388 0.09929984 0.2096448 0.08046835 0.2187395 0.09839308 0.2047388 0.09929984 0.2187395 0.09839308 0.20584 0.1133279 0.1998369 0.08173936 0.2096448 0.08046835 0.2047388 0.09929984 0.1998369 0.08173936 0.2047388 0.09929984 0.1790912 0.08126187 0.1753264 0.1000855 0.1790912 0.08126187 0.2047388 0.09929984 0.2047388 0.09929984 0.20584 0.1133279 0.1753264 0.1000855 0.1790912 0.08126187 0.1753264 0.1000855 0.1658421 0.07900118 0.1750078 0.1133279 0.1753264 0.1000855 0.20584 0.1133279 0.20584 0.1133279 0.203893 0.1285803 0.1750078 0.1133279 0.1664264 0.09976178 0.1658421 0.07900118 0.1753264 0.1000855 0.1753264 0.1000855 0.1750078 0.1133279 0.1664264 0.09976178 0.1658421 0.07900118 0.1664264 0.09976178 0.1489474 0.07532507 0.1754298 0.128284 0.1750078 0.1133279 0.203893 0.1285803 0.203893 0.1285803 0.1988393 0.1476584 0.1754298 0.128284 0.1785083 0.1474156 0.1754298 0.128284 0.1988393 0.1476584 0.166657 0.1133279 0.1664264 0.09976178 0.1750078 0.1133279 0.1750078 0.1133279 0.1754298 0.128284 0.166657 0.1133279 0.1489474 0.09598445 0.1489474 0.07532507 0.1664264 0.09976178 0.1664264 0.09976178 0.166657 0.1133279 0.1489474 0.09598445 0.1489474 0.07532507 0.1489474 0.09598445 0.1190125 0.07103693 0.1190125 0.09440803 0.1190125 0.07103693 0.1489474 0.09598445 0.1754298 0.128284 0.1785083 0.1474156 0.1664698 0.1286928 0.1664698 0.1286928 0.166657 0.1133279 0.1754298 0.128284 0.16571 0.1496847 0.1664698 0.1286928 0.1785083 0.1474156 0.1489474 0.1133279 0.1489474 0.09598445 0.166657 0.1133279 0.1489474 0.09598445 0.1489474 0.1133279 0.1190125 0.09440803 0.166657 0.1133279 0.1664698 0.1286928 0.1489474 0.1133279 0.1190125 0.1133279 0.1190125 0.09440803 0.1489474 0.1133279 0.1664698 0.1286928 0.16571 0.1496847 0.1489474 0.1325579 0.1489474 0.1325579 0.1489474 0.1133279 0.1664698 0.1286928 0.1489474 0.1133279 0.1489474 0.1325579 0.1190125 0.1133279 0.1489474 0.1534956 0.1489474 0.1325579 0.16571 0.1496847 0.1190125 0.1341437 0.1190125 0.1133279 0.1489474 0.1325579 0.1489474 0.1325579 0.1489474 0.1534956 0.1190125 0.1341437 0.1190125 0.1574829 0.1190125 0.1341437 0.1489474 0.1534956 0.1827259 0.3266801 0.1914432 0.3284332 0.1827259 0.3045702 0.1827259 0.3045702 0.1914432 0.3284332 0.1914432 0.3053092 0.1827259 0.3045702 0.1914432 0.3053092 0.1827259 0.2790762 0.2275388 0.3250753 0.1914432 0.3053092 0.1914432 0.3284332 0.1827259 0.2790762 0.1914432 0.3053092 0.1914432 0.2790762 0.1827259 0.2790762 0.1914432 0.2790762 0.1827259 0.2611208 0.2196913 0.3038212 0.1914432 0.3053092 0.2275388 0.3250753 0.1827259 0.2611208 0.1914432 0.2790762 0.1914432 0.2543033 0.1914432 0.2543033 0.1827259 0.2369017 0.1827259 0.2611208 0.1827259 0.2369017 0.1914432 0.2543033 0.1914432 0.2325519 0.1914432 0.2790762 0.1914432 0.3053092 0.2157007 0.2772381 0.2196913 0.3038212 0.2157007 0.2772381 0.1914432 0.3053092 0.1914432 0.2543033 0.1914432 0.2790762 0.2153844 0.2515694 0.2153844 0.2515694 0.1914432 0.2325519 0.1914432 0.2543033 0.2157007 0.2772381 0.2153844 0.2515694 0.1914432 0.2790762 0.2217261 0.232126 0.1914432 0.2325519 0.2153844 0.2515694 0.2338808 0.2940163 0.2157007 0.2772381 0.2196913 0.3038212 0.2196913 0.3038212 0.2275388 0.3250753 0.2338808 0.2940163 0.2519161 0.3042226 0.2338808 0.2940163 0.2275388 0.3250753 0.2153844 0.2515694 0.2157007 0.2772381 0.2359048 0.26881 0.2157007 0.2772381 0.2338808 0.2940163 0.2359048 0.26881 0.2359048 0.26881 0.2217261 0.232126 0.2153844 0.2515694 0.2338808 0.2940163 0.2519161 0.3042226 0.2359048 0.26881 0.2533905 0.2605594 0.2217261 0.232126 0.2359048 0.26881 0.2533905 0.2605594 0.2359048 0.26881 0.2519161 0.3042226 0.1827259 0.3266801 0.1827259 0.3045702 0.1914432 0.3284332 0.1914432 0.3053092 0.1914432 0.3284332 0.1827259 0.3045702 0.1827259 0.3045702 0.1827259 0.2790762 0.1914432 0.3053092 0.1914432 0.3284332 0.1914432 0.3053092 0.2275388 0.3250753 0.1914432 0.2790762 0.1914432 0.3053092 0.1827259 0.2790762 0.1827259 0.2790762 0.1827259 0.2611208 0.1914432 0.2790762 0.2196913 0.3038212 0.2275388 0.3250753 0.1914432 0.3053092 0.1914432 0.2543033 0.1914432 0.2790762 0.1827259 0.2611208 0.1827259 0.2611208 0.1827259 0.2369017 0.1914432 0.2543033 0.1914432 0.2325519 0.1914432 0.2543033 0.1827259 0.2369017 0.2196913 0.3038212 0.2338808 0.2940163 0.2275388 0.3250753 0.2275388 0.3250753 0.2338808 0.2940163 0.2519161 0.3042226 0.1914432 0.2543033 0.1914432 0.2325519 0.2153844 0.2515694 0.1914432 0.2543033 0.2153844 0.2515694 0.1914432 0.2790762 0.2217261 0.232126 0.2153844 0.2515694 0.1914432 0.2325519 0.1914432 0.2790762 0.2157007 0.2772381 0.1914432 0.3053092 0.1914432 0.2790762 0.2153844 0.2515694 0.2157007 0.2772381 0.1914432 0.3053092 0.2157007 0.2772381 0.2196913 0.3038212 0.2196913 0.3038212 0.2157007 0.2772381 0.2338808 0.2940163 0.2153844 0.2515694 0.2217261 0.232126 0.2359048 0.26881 0.2359048 0.26881 0.2157007 0.2772381 0.2153844 0.2515694 0.2359048 0.26881 0.2338808 0.2940163 0.2157007 0.2772381 0.2359048 0.26881 0.2519161 0.3042226 0.2338808 0.2940163 0.2533905 0.2605594 0.2359048 0.26881 0.2217261 0.232126 0.2533905 0.2605594 0.2519161 0.3042226 0.2359048 0.26881 0.4875071 0.874704 0.4876739 0.8746493 0.487674 0.8746492 0.4875071 0.874704 0.487674 0.8746492 0.4875046 0.8746971 0.4875071 0.874704 0.4875046 0.8746971 0.4875084 0.8746974 0.487674 0.8746492 0.487609 0.8747167 0.4875046 0.8746971 0.4875046 0.8746971 0.487503 0.8746931 0.4875084 0.8746974 0.4875046 0.8746971 0.487609 0.8747167 0.487503 0.8746931 0.4875097 0.8746909 0.4875084 0.8746974 0.487503 0.8746931 0.4875097 0.8746909 0.487503 0.8746931 0.4875124 0.8746778 0.4875124 0.8746778 0.487503 0.8746931 0.4875063 0.8746773 0.4876147 0.8747161 0.487503 0.8746931 0.487609 0.8747167 0.4876147 0.8747161 0.4875063 0.8746773 0.487503 0.8746931 0.4876085 0.8747159 0.4876147 0.8747161 0.487609 0.8747167 0.4875063 0.8746773 0.4875097 0.8746909 0.4874968 0.8746765 0.4874968 0.8746765 0.4875097 0.8746909 0.4876147 0.8747161 0.4874968 0.8746765 0.4876147 0.8747161 0.4876053 0.87471 0.4875097 0.8746909 0.4875084 0.8746974 0.4876147 0.8747161 0.4876053 0.87471 0.4876147 0.8747161 0.4876085 0.8747159 0.4876147 0.8747161 0.4875084 0.8746974 0.4876133 0.874719 0.4876147 0.8747161 0.4876133 0.874719 0.4876085 0.8747159 0.4876118 0.8747218 0.4876133 0.874719 0.4875084 0.8746974 0.4876085 0.8747159 0.4876133 0.874719 0.4876102 0.8747189 0.4876118 0.8747218 0.4876102 0.8747189 0.4876133 0.874719 0.3010002 0.7714394 0.3301439 0.7730719 0.3222317 0.8305605 0.3222317 0.8305605 0.2925515 0.8234397 0.3010002 0.7714394 0.3010002 0.7714394 0.2925515 0.8234397 0.2673888 0.7672059 0.3222317 0.8305605 0.3088961 0.8685351 0.2925515 0.8234397 0.261671 0.8197842 0.2673888 0.7672059 0.2925515 0.8234397 0.2925515 0.8234397 0.3088961 0.8685351 0.2900375 0.8620029 0.2925515 0.8234397 0.2900375 0.8620029 0.261671 0.8197842 0.261671 0.8197842 0.2900375 0.8620029 0.2671563 0.8594503 0.3088961 0.8685351 0.2993434 0.8965853 0.2900375 0.8620029 0.2712279 0.888894 0.2671563 0.8594503 0.2900375 0.8620029 0.2900375 0.8620029 0.2993434 0.8965853 0.2884337 0.8939897 0.2900375 0.8620029 0.2884337 0.8939897 0.2712279 0.888894 0.2899352 0.9274877 0.2884337 0.8939897 0.2993434 0.8965853 0.2899352 0.9274877 0.2712279 0.888894 0.2884337 0.8939897 0.4848403 0.8626908 0.4848405 0.8626927 0.4848399 0.862691 0.4848338 0.862695 0.4848399 0.862691 0.4848405 0.8626927 0.4848397 0.8626911 0.4848399 0.862691 0.4848338 0.862695 0.4848386 0.8626915 0.4848397 0.8626911 0.4848338 0.862695 0.4848405 0.8626927 0.4848392 0.8626992 0.4848338 0.862695 0.4848386 0.8626915 0.4848338 0.862695 0.484941 0.8627188 0.4848338 0.862695 0.4848392 0.8626992 0.4848359 0.8627004 0.4848338 0.862695 0.4848359 0.8627004 0.484941 0.8627188 0.4848378 0.8627057 0.4848359 0.8627004 0.4848392 0.8626992 0.484941 0.8627188 0.4848359 0.8627004 0.4849417 0.8627212 0.4848378 0.8627057 0.4849417 0.8627212 0.4848359 0.8627004 0.3885556 0.9580379 0.3886374 0.9582236 0.3886705 0.9580356 0.3887523 0.9582213 0.3886705 0.9580356 0.3886374 0.9582236 0.3887853 0.9580333 0.3886705 0.9580356 0.3887523 0.9582213 0.3887192 0.9584094 0.3887523 0.9582213 0.3886374 0.9582236 1.419958 -0.223164 1.412565 -0.1751176 1.390115 -0.2289173 1.390115 -0.2289173 1.412565 -0.1751176 1.387252 -0.1760753 1.390115 -0.2289173 1.387252 -0.1760753 1.36564 -0.2292511 1.412565 -0.1751176 1.407528 -0.1347744 1.387252 -0.1760753 1.36564 -0.2292511 1.387252 -0.1760753 1.361262 -0.1747329 1.387252 -0.1760753 1.407528 -0.1347744 1.386904 -0.1338983 1.387252 -0.1760753 1.386904 -0.1338983 1.361262 -0.1747329 1.386904 -0.1338983 1.407528 -0.1347744 1.390742 -0.06531214 1.361262 -0.1747329 1.386904 -0.1338983 1.36622 -0.1299602 1.390742 -0.06531214 1.36622 -0.1299602 1.386904 -0.1338983 1.418914 0.7965446 1.419674 0.8237689 1.398243 0.7983129 1.398243 0.7983129 1.419674 0.8237689 1.398772 0.8212177 1.398243 0.7983129 1.398772 0.8212177 1.361053 0.7921541 1.413528 0.8481504 1.398772 0.8212177 1.419674 0.8237689 1.361053 0.7921541 1.398772 0.8212177 1.370044 0.8201024 1.396816 0.845088 1.398772 0.8212177 1.413528 0.8481504 1.396816 0.845088 1.370044 0.8201024 1.398772 0.8212177 1.391193 0.936701 1.396816 0.845088 1.413528 0.8481504 1.378105 0.8482702 1.370044 0.8201024 1.396816 0.845088 1.391193 0.936701 1.378105 0.8482702 1.396816 0.845088 0.3205289 0.7762312 0.3205317 0.807923 0.2935925 0.7703258 0.2935925 0.7703258 0.3205317 0.807923 0.292824 0.8073527 0.2935925 0.7703258 0.292824 0.8073527 0.2704526 0.7831012 0.3205317 0.807923 0.3138989 0.8630343 0.292824 0.8073527 0.2704526 0.7831012 0.292824 0.8073527 0.274746 0.8131229 0.292824 0.8073527 0.3138989 0.8630343 0.29326 0.8641614 0.292824 0.8073527 0.29326 0.8641614 0.274746 0.8131229 0.29326 0.8641614 0.3138989 0.8630343 0.2913306 0.9297688 0.274746 0.8131229 0.29326 0.8641614 0.2793758 0.8662933 0.2913306 0.9297688 0.2793758 0.8662933 0.29326 0.8641614 0.464168 0.9758445 0.4641653 0.9758576 0.4641523 0.9758432 0.4641523 0.9758432 0.4641653 0.9758576 0.4641575 0.9758569 0.4641523 0.9758432 0.4641575 0.9758569 0.4642608 0.9758766 0.4642608 0.9758766 0.4641575 0.9758569 0.464264 0.9758826 0.463921 0.9758188 0.4641575 0.9758569 0.4641653 0.9758576 0.463921 0.9758188 0.464264 0.9758826 0.4641575 0.9758569 0.463921 0.9758188 0.4639149 0.9758204 0.4639126 0.9758139 0.4639089 0.975822 0.4639126 0.9758139 0.4639149 0.9758204 0.463921 0.9758188 0.4639126 0.9758139 0.46433 0.9758149 0.4643281 0.9758128 0.4639126 0.9758139 0.4639089 0.975822 0.4643281 0.9758128 0.46433 0.9758149 0.4639126 0.9758139 0.4643307 0.9758129 0.46433 0.9758149 0.4643281 0.9758128 0.4959142 0.7741889 0.4935249 0.8227685 0.4767973 0.7731972 0.4767973 0.7731972 0.4935249 0.8227685 0.4801837 0.8226471 0.4767973 0.7731972 0.4801837 0.8226471 0.4317153 0.774089 0.4791288 0.9080407 0.4801837 0.8226471 0.4935249 0.8227685 0.4317153 0.774089 0.4801837 0.8226471 0.4474667 0.8224086 0.4791288 0.9080407 0.4474667 0.8224086 0.4801837 0.8226471 0.4238807 0.7709862 0.4165383 0.8085906 0.3970203 0.7589238 0.3970203 0.7589238 0.4165383 0.8085906 0.3951613 0.8181756 0.3970203 0.7589238 0.3951613 0.8181756 0.3739874 0.7667761 0.3927578 0.9369795 0.3951613 0.8181756 0.4165383 0.8085906 0.3739874 0.7667761 0.3951613 0.8181756 0.374193 0.8218139 0.3927578 0.9369795 0.374193 0.8218139 0.3951613 0.8181756 0.6544569 0.6367641 0.6526102 0.6435511 0.6407766 0.6366096 0.6430061 0.643663 0.6407766 0.6366096 0.6526102 0.6435511 0.6526102 0.6435511 0.654259 0.6469528 0.6430061 0.643663 0.6250336 0.6364318 0.6407766 0.6366096 0.6430061 0.643663 0.6271658 0.6438476 0.6430061 0.643663 0.654259 0.6469528 0.6271658 0.6438476 0.6250336 0.6364318 0.6430061 0.643663 0.6271658 0.6438476 0.654259 0.6469528 0.6540874 0.6557065 0.6271658 0.6438476 0.6003484 0.637465 0.6250336 0.6364318 0.60328 0.6596429 0.6271658 0.6438476 0.6540874 0.6557065 0.6007732 0.6469596 0.6003484 0.637465 0.6271658 0.6438476 0.6007732 0.6469596 0.6271658 0.6438476 0.60328 0.6596429 0.6007732 0.6469596 0.5494537 0.6373372 0.6003484 0.637465 0.5494537 0.6641978 0.6007732 0.6469596 0.60328 0.6596429 0.5494537 0.651692 0.5494537 0.6373372 0.6007732 0.6469596 0.5494537 0.651692 0.6007732 0.6469596 0.5494537 0.6641978 0.5494537 0.651692 0.515178 0.6373372 0.5494537 0.6373372 0.515178 0.651692 0.515178 0.6373372 0.5494537 0.651692 0.5494537 0.6641978 0.515178 0.651692 0.5494537 0.651692 0.515178 0.6641978 0.515178 0.651692 0.5494537 0.6641978 0.5148283 0.6838412 0.5148283 0.6750707 0.5452307 0.6838412 0.5452307 0.6838412 0.5148283 0.6750707 0.5452307 0.6750707 0.5148283 0.654646 0.5452307 0.6750707 0.5148283 0.6750707 0.5452307 0.6838412 0.5452307 0.6750707 0.5761994 0.6838412 0.5452307 0.654646 0.5452307 0.6750707 0.5148283 0.654646 0.5761994 0.6838412 0.5452307 0.6750707 0.5761994 0.6750707 0.5452307 0.654646 0.5761994 0.6750707 0.5452307 0.6750707 0.5761994 0.6750707 0.6067047 0.6838412 0.5761994 0.6838412 0.5761994 0.654646 0.5761994 0.6750707 0.5452307 0.654646 0.6070079 0.6750707 0.6067047 0.6838412 0.5761994 0.6750707 0.5761994 0.654646 0.6070079 0.6750707 0.5761994 0.6750707 0.6070079 0.6750707 0.6276541 0.683862 0.6067047 0.6838412 0.6067047 0.654646 0.6070079 0.6750707 0.5761994 0.654646 0.6539802 0.683878 0.6276541 0.683862 0.6539998 0.6752502 0.6067047 0.654646 0.6386976 0.6750707 0.6070079 0.6750707 0.6386976 0.6750707 0.6276541 0.683862 0.6070079 0.6750707 0.6539998 0.6752502 0.6276541 0.683862 0.6386976 0.6750707 0.6541547 0.6553065 0.6386976 0.6750707 0.6067047 0.654646 0.6386976 0.6750707 0.6541547 0.6553065 0.6539998 0.6752502 0.485659 0.9582567 0.4841753 0.9576544 0.4845169 0.9570057 0.485659 0.9582567 0.4845169 0.9570057 0.4856036 0.9574656 0.4856036 0.9574656 0.4857568 0.9581233 0.485659 0.9582567 0.4856036 0.9574656 0.4845169 0.9570057 0.4851471 0.9566576 0.4856036 0.9574656 0.4863041 0.958142 0.4857568 0.9581233 0.4856036 0.9574656 0.4851471 0.9566576 0.4863182 0.9573233 0.4863182 0.9573233 0.4863041 0.958142 0.4856036 0.9574656 0.4863182 0.9573233 0.4851471 0.9566576 0.4859211 0.9564163 0.4863182 0.9573233 0.4859211 0.9564163 0.4863315 0.9563952 0.4863315 0.9563952 0.486741 0.9564275 0.4863182 0.9573233 0.486741 0.9564275 0.4875051 0.9566898 0.4863182 0.9573233 0.4863182 0.9573233 0.4870269 0.9574851 0.4863041 0.958142 0.4870269 0.9574851 0.4863182 0.9573233 0.4875051 0.9566898 0.4868515 0.9581383 0.4863041 0.958142 0.4870269 0.9574851 0.4875051 0.9566898 0.4881215 0.957055 0.4870269 0.9574851 0.4874607 0.9580331 0.4868515 0.9581383 0.4870269 0.9574851 0.4870269 0.9574851 0.4881215 0.957055 0.4874607 0.9580331 0.4881215 0.957055 0.4884378 0.9577127 0.4874607 0.9580331 0.4819815 0.9595718 0.4819902 0.9595718 0.4819901 0.9595718 0.4819847 0.9595718 0.4819902 0.9595718 0.4819815 0.9595718 0.4819847 0.9595718 0.4819913 0.9595718 0.4819902 0.9595718 0.4819815 0.9595718 0.4819771 0.9595718 0.4819847 0.9595718 0.4819851 0.9595718 0.4819913 0.9595718 0.4819847 0.9595718 0.4819851 0.9595718 0.4819915 0.9595718 0.4819917 0.9595717 0.4819949 0.9595717 0.4819915 0.9595718 0.4819851 0.9595718 0.4819851 0.9595718 0.481984 0.9595718 0.4819949 0.9595717 0.4819847 0.9595718 0.481984 0.9595718 0.4819851 0.9595718 0.4819847 0.9595718 0.4819771 0.9595718 0.4819837 0.9595718 0.4819837 0.9595718 0.481984 0.9595718 0.4819847 0.9595718 0.481983 0.9595718 0.4819837 0.9595718 0.4819771 0.9595718 0.481983 0.9595718 0.481984 0.9595718 0.4819837 0.9595718 0.481983 0.9595718 0.4819771 0.9595718 0.4819797 0.9595502 0.481983 0.9595718 0.4819782 0.9595718 0.481984 0.9595718 0.4819791 0.9595718 0.481984 0.9595718 0.4819782 0.9595718 0.4819782 0.9595718 0.481984 0.9595718 0.4819791 0.9595718 0.481984 0.9595718 0.4819782 0.9595718 0.481983 0.9595718 0.4819949 0.9595717 0.4819791 0.9595718 0.481984 0.9595718 0.4819949 0.9595717 0.481984 0.9595718 0.4819851 0.9595718 0.4819837 0.9595718 0.481984 0.9595718 0.481983 0.9595718 0.4819771 0.9595718 0.4819837 0.9595718 0.481983 0.9595718 0.4819851 0.9595718 0.481984 0.9595718 0.4819847 0.9595718 0.4819837 0.9595718 0.4819847 0.9595718 0.481984 0.9595718 0.4819837 0.9595718 0.4819771 0.9595718 0.4819847 0.9595718 0.4819851 0.9595718 0.4819847 0.9595718 0.4819913 0.9595718 0.4819815 0.9595718 0.4819847 0.9595718 0.4819771 0.9595718 0.4819902 0.9595718 0.4819913 0.9595718 0.4819847 0.9595718 0.4819847 0.9595718 0.4819815 0.9595718 0.4819902 0.9595718 0.4819901 0.9595718 0.4819902 0.9595718 0.4819815 0.9595718 0.9579759 0.8795909 0.9518563 0.8944374 0.9492122 0.8795909 0.9589517 0.8948443 0.9518563 0.8944374 0.9579759 0.8795909 0.9518563 0.8944374 0.9589517 0.8948443 0.9554493 0.9046435 0.9662057 0.8795909 0.9589517 0.8948443 0.9579759 0.8795909 0.9554493 0.9046435 0.9589517 0.8948443 0.9654772 0.9046435 0.9661202 0.8946295 0.9654772 0.9046435 0.9589517 0.8948443 0.9661202 0.8946295 0.9589517 0.8948443 0.9662057 0.8795909 0.9705352 0.9046435 0.9654772 0.9046435 0.9661202 0.8946295 0.9661202 0.8946295 0.9662057 0.8795909 0.9705063 0.8941748 0.9705063 0.8941748 0.9705352 0.9046435 0.9661202 0.8946295 0.9705063 0.8941748 0.9662057 0.8795909 0.9708718 0.8795909 0.9792638 0.8933165 0.9705352 0.9046435 0.9705063 0.8941748 0.9705063 0.8941748 0.9708718 0.8795909 0.9792638 0.8933165 0.9784547 0.9046435 0.9705352 0.9046435 0.9792638 0.8933165 0.9792638 0.8933165 0.9708718 0.8795909 0.9807632 0.8795909 0.9863765 0.8937308 0.9784547 0.9046435 0.9792638 0.8933165 0.9807632 0.8795909 0.9863765 0.8937308 0.9792638 0.8933165 0.9857472 0.9046435 0.9784547 0.9046435 0.9863765 0.8937308 0.987281 0.8795909 0.9863765 0.8937308 0.9807632 0.8795909 0.9913752 0.8949509 0.9857472 0.9046435 0.9863765 0.8937308 0.987281 0.8795909 0.9913752 0.8949509 0.9863765 0.8937308 0.991492 0.9046435 0.9857472 0.9046435 0.9913752 0.8949509 0.9944141 0.8795909 0.9913752 0.8949509 0.987281 0.8795909 0.3854028 0.3423174 0.3854028 0.3361127 0.3962394 0.3423174 0.3962394 0.3423174 0.3854028 0.3361127 0.3962394 0.3361127 0.3962394 0.3423174 0.3962394 0.3361127 0.4094137 0.3423174 0.3854028 0.3216874 0.3962394 0.3361127 0.3854028 0.3361127 0.4094137 0.3423174 0.3962394 0.3361127 0.4094137 0.3361127 0.4094137 0.3423174 0.4094137 0.3361127 0.4263323 0.3423174 0.3962394 0.3216874 0.3962394 0.3361127 0.3854028 0.3216874 0.3962394 0.3216874 0.4094137 0.3361127 0.3962394 0.3361127 0.3854028 0.3216874 0.3854028 0.305693 0.3962394 0.3216874 0.4263323 0.3423174 0.4094137 0.3361127 0.4263323 0.3361127 0.4263323 0.3423174 0.4263323 0.3361127 0.4373798 0.3423174 0.4094137 0.3216874 0.4094137 0.3361127 0.3962394 0.3216874 0.4094137 0.3216874 0.4263323 0.3361127 0.4094137 0.3361127 0.3962394 0.3216874 0.3854028 0.305693 0.3962394 0.305693 0.3962394 0.3216874 0.3962394 0.305693 0.4094137 0.3216874 0.3854028 0.305693 0.3854028 0.2869252 0.3962394 0.305693 0.4373798 0.3423174 0.4263323 0.3361127 0.4373798 0.3361127 0.4373798 0.3423174 0.4373798 0.3361127 0.4489388 0.3423174 0.4263323 0.3216874 0.4263323 0.3361127 0.4094137 0.3216874 0.4263323 0.3216874 0.4373798 0.3361127 0.4263323 0.3361127 0.4094137 0.3216874 0.3962394 0.305693 0.4094137 0.305693 0.4094137 0.3216874 0.4094137 0.305693 0.4263323 0.3216874 0.3962394 0.305693 0.3854028 0.2869252 0.3962394 0.2869252 0.3962394 0.305693 0.3962394 0.2869252 0.4094137 0.305693 0.3854028 0.2869252 0.3854028 0.264993 0.3962394 0.2869252 0.4263323 0.3216874 0.4094137 0.305693 0.4263323 0.305693 0.3962394 0.2869252 0.3854028 0.264993 0.3962394 0.264993 0.3854028 0.2575087 0.3962394 0.264993 0.3854028 0.264993 0.4094137 0.305693 0.3962394 0.2869252 0.4094137 0.2869252 0.3962394 0.2869252 0.3962394 0.264993 0.4094137 0.2869252 0.4094137 0.305693 0.4094137 0.2869252 0.4263323 0.305693 0.3962394 0.2575087 0.3962394 0.264993 0.3854028 0.2575087 0.4094137 0.2869252 0.3962394 0.264993 0.4094137 0.264993 0.3962394 0.2575087 0.4094137 0.264993 0.3962394 0.264993 0.4263323 0.305693 0.4094137 0.2869252 0.4263323 0.2869252 0.4094137 0.2869252 0.4094137 0.264993 0.4263323 0.2869252 0.4263323 0.3216874 0.4263323 0.305693 0.4373798 0.3216874 0.4373798 0.3216874 0.4373798 0.3361127 0.4263323 0.3216874 0.4263323 0.305693 0.4263323 0.2869252 0.4373798 0.305693 0.4373798 0.3216874 0.4263323 0.305693 0.4373798 0.305693 0.4373798 0.3216874 0.4489388 0.3361127 0.4373798 0.3361127 0.4489388 0.3423174 0.4373798 0.3361127 0.4489388 0.3361127 0.4489388 0.3423174 0.4489388 0.3361127 0.4613143 0.3423174 0.4489388 0.3216874 0.4489388 0.3361127 0.4373798 0.3216874 0.4373798 0.3216874 0.4373798 0.305693 0.4489388 0.3216874 0.4613143 0.3423174 0.4489388 0.3361127 0.4613143 0.3361127 0.4489388 0.3216874 0.4613143 0.3361127 0.4489388 0.3361127 0.4613143 0.3423174 0.4613143 0.3361127 0.4720597 0.3423174 0.4489388 0.3216874 0.4373798 0.305693 0.4489388 0.305693 0.4720597 0.3423174 0.4613143 0.3361127 0.4720597 0.3361127 0.4720597 0.3423174 0.4720597 0.3361127 0.4829122 0.3423174 0.4829122 0.3423174 0.4720597 0.3361127 0.4829122 0.3361127 0.4613143 0.3216874 0.4613143 0.3361127 0.4489388 0.3216874 0.4613143 0.3216874 0.4720597 0.3361127 0.4613143 0.3361127 0.4489388 0.3216874 0.4489388 0.305693 0.4613143 0.3216874 0.4720597 0.3216874 0.4829122 0.3361127 0.4720597 0.3361127 0.4720597 0.3216874 0.4720597 0.3361127 0.4613143 0.3216874 0.4829122 0.3216874 0.4829122 0.3361127 0.4720597 0.3216874 0.4613143 0.3216874 0.4613143 0.305693 0.4720597 0.3216874 0.4613143 0.3216874 0.4489388 0.305693 0.4613143 0.305693 0.4720597 0.3216874 0.4720597 0.305693 0.4829122 0.3216874 0.4720597 0.3216874 0.4613143 0.305693 0.4720597 0.305693 0.4829122 0.3216874 0.4720597 0.305693 0.4829122 0.305693 0.4489388 0.305693 0.4489388 0.2869252 0.4613143 0.305693 0.4720597 0.305693 0.4720597 0.2869252 0.4829122 0.305693 0.4829122 0.305693 0.4720597 0.2869252 0.4829122 0.2869252 0.4613143 0.305693 0.4613143 0.2869252 0.4720597 0.305693 0.4720597 0.305693 0.4613143 0.2869252 0.4720597 0.2869252 0.4613143 0.305693 0.4489388 0.2869252 0.4613143 0.2869252 0.4720597 0.2869252 0.4720597 0.2649931 0.4829122 0.2869252 0.4829122 0.2869252 0.4720597 0.2649931 0.4829122 0.2649931 0.4613143 0.2869252 0.4613143 0.2649931 0.4720597 0.2869252 0.4720597 0.2869252 0.4613143 0.2649931 0.4720597 0.2649931 0.4720597 0.2575087 0.4829122 0.2649931 0.4720597 0.2649931 0.4829122 0.2575087 0.4829122 0.2649931 0.4720597 0.2575087 0.4613143 0.2575087 0.4720597 0.2649931 0.4613143 0.2649931 0.4720597 0.2575087 0.4720597 0.2649931 0.4613143 0.2575087 0.4613143 0.2869252 0.4489388 0.2649931 0.4613143 0.2649931 0.4489388 0.2869252 0.4489388 0.2649931 0.4613143 0.2869252 0.4613143 0.2575087 0.4613143 0.2649931 0.4489388 0.2575087 0.4489388 0.2575087 0.4613143 0.2649931 0.4489388 0.2649931 0.4720597 0.2575087 0.4720597 0.2334417 0.4829122 0.2575087 0.4829122 0.2575087 0.4720597 0.2334417 0.4829122 0.2334417 0.4613143 0.2575087 0.4613143 0.2334417 0.4720597 0.2575087 0.4720597 0.2575087 0.4613143 0.2334417 0.4720597 0.2334417 0.4489388 0.2575087 0.4489388 0.2334417 0.4613143 0.2575087 0.4613143 0.2575087 0.4489388 0.2334417 0.4613143 0.2334417 0.4489388 0.2575087 0.4489388 0.2649931 0.4373798 0.2575087 0.4373798 0.2575087 0.4489388 0.2334417 0.4489388 0.2575087 0.4489388 0.2869252 0.4373798 0.264993 0.4489388 0.2649931 0.4373798 0.2575087 0.4489388 0.2649931 0.4373798 0.264993 0.4373798 0.2869252 0.4373798 0.264993 0.4489388 0.2869252 0.4489388 0.305693 0.4373798 0.2869252 0.4489388 0.2869252 0.4373798 0.305693 0.4373798 0.2869252 0.4489388 0.305693 0.4373798 0.305693 0.4263323 0.2869252 0.4373798 0.2869252 0.4263323 0.2869252 0.4263323 0.264993 0.4373798 0.2869252 0.4373798 0.2869252 0.4263323 0.264993 0.4373798 0.264993 0.4263323 0.2869252 0.4094137 0.264993 0.4263323 0.264993 0.4373798 0.2575087 0.4373798 0.264993 0.4263323 0.2575087 0.4263323 0.2575087 0.4373798 0.264993 0.4263323 0.264993 0.4094137 0.2575087 0.4263323 0.264993 0.4094137 0.264993 0.4263323 0.2575087 0.4263323 0.264993 0.4094137 0.2575087 0.4094137 0.2575087 0.4094137 0.264993 0.3962394 0.2575087 0.4263323 0.2575087 0.4373798 0.2334417 0.4373798 0.2575087 0.4373798 0.2334417 0.4489388 0.2334417 0.4373798 0.2575087 0.4094137 0.2575087 0.4263323 0.2334417 0.4263323 0.2575087 0.4263323 0.2334417 0.4373798 0.2334417 0.4263323 0.2575087 0.3962394 0.2575087 0.4094137 0.2334417 0.4094137 0.2575087 0.4094137 0.2334417 0.4263323 0.2334417 0.4094137 0.2575087 0.3962394 0.2334417 0.4094137 0.2334417 0.3962394 0.2575087 0.3854028 0.2575087 0.3962394 0.2334417 0.3962394 0.2575087 0.3854028 0.2334417 0.3962394 0.2334417 0.3854028 0.2575087 0.3854028 0.2149993 0.3962394 0.2334417 0.3854028 0.2334417 0.3962394 0.2151107 0.3962394 0.2334417 0.3854028 0.2149993 0.3962394 0.2151107 0.4094137 0.2334417 0.3962394 0.2334417 0.3854028 0.2149993 0.3854028 0.1901758 0.3962394 0.2151107 0.4094137 0.2153007 0.4263323 0.2334417 0.4094137 0.2334417 0.4094137 0.2153007 0.4094137 0.2334417 0.3962394 0.2151107 0.3962394 0.2151107 0.3854028 0.1901758 0.3962394 0.1902758 0.3962394 0.2151107 0.3962394 0.1902758 0.4094137 0.2153007 0.3854028 0.1612607 0.3962394 0.1902758 0.3854028 0.1901758 0.4263323 0.2154622 0.4263323 0.2334417 0.4094137 0.2153007 0.4263323 0.2154622 0.4373798 0.2334417 0.4263323 0.2334417 0.4094137 0.2153007 0.3962394 0.1902758 0.4094137 0.190446 0.4094137 0.2153007 0.4094137 0.190446 0.4263323 0.2154622 0.3962394 0.1613676 0.3962394 0.1902758 0.3854028 0.1612607 0.3962394 0.1613676 0.4094137 0.190446 0.3962394 0.1902758 0.4373798 0.2156374 0.4373798 0.2334417 0.4263323 0.2154622 0.4373798 0.2156374 0.4489388 0.2334417 0.4373798 0.2334417 0.4263323 0.2154622 0.4094137 0.190446 0.4263323 0.1905906 0.4263323 0.2154622 0.4263323 0.1905906 0.4373798 0.2156374 0.4489388 0.2158769 0.4489388 0.2334417 0.4373798 0.2156374 0.4489388 0.2158769 0.4613143 0.2334417 0.4489388 0.2334417 0.4373798 0.2156374 0.4263323 0.1905906 0.4373798 0.1907477 0.4373798 0.2156374 0.4373798 0.1907477 0.4489388 0.2158769 0.4094137 0.1615497 0.4263323 0.1905906 0.4094137 0.190446 0.4094137 0.1615497 0.4094137 0.190446 0.3962394 0.1613676 0.4263323 0.1617047 0.4373798 0.1907477 0.4263323 0.1905906 0.4263323 0.1617047 0.4263323 0.1905906 0.4094137 0.1615497 0.4613143 0.2160494 0.4613143 0.2334417 0.4489388 0.2158769 0.4613143 0.2160494 0.4720597 0.2334417 0.4613143 0.2334417 0.4489388 0.2158769 0.4373798 0.1907477 0.4489388 0.1909625 0.4489388 0.2158769 0.4489388 0.1909625 0.4613143 0.2160494 0.4720597 0.216233 0.4720597 0.2334417 0.4613143 0.2160494 0.4720597 0.216233 0.4829122 0.2334417 0.4720597 0.2334417 0.4829122 0.2163106 0.4829122 0.2334417 0.4720597 0.216233 0.4613143 0.2160494 0.4613143 0.1911171 0.4720597 0.216233 0.4613143 0.2160494 0.4489388 0.1909625 0.4613143 0.1911171 0.4720597 0.216233 0.4720597 0.1912814 0.4829122 0.2163106 0.4720597 0.216233 0.4613143 0.1911171 0.4720597 0.1912814 0.4829122 0.2163106 0.4720597 0.1912814 0.4829122 0.191351 0.4489388 0.1621028 0.4613143 0.1911171 0.4489388 0.1909625 0.4720597 0.162444 0.4829122 0.191351 0.4720597 0.1912814 0.4829122 0.1625187 0.4829122 0.191351 0.4720597 0.162444 0.4613143 0.1622681 0.4720597 0.1912814 0.4613143 0.1911171 0.4720597 0.162444 0.4720597 0.1912814 0.4613143 0.1622681 0.4613143 0.1622681 0.4613143 0.1911171 0.4489388 0.1621028 0.4720597 0.162444 0.4829122 0.1354652 0.4829122 0.1625187 0.4613143 0.1622681 0.4720597 0.1354652 0.4720597 0.162444 0.4720597 0.1354652 0.4829122 0.1354652 0.4720597 0.162444 0.4489388 0.1621028 0.4613143 0.1354652 0.4613143 0.1622681 0.4613143 0.1354652 0.4720597 0.1354652 0.4613143 0.1622681 0.4720597 0.1354652 0.4720597 0.104368 0.4829122 0.1354652 0.4829122 0.1354652 0.4720597 0.104368 0.4829122 0.104368 0.4829122 0.104368 0.4720597 0.104368 0.4829122 0.0716511 0.4720597 0.1354652 0.4613143 0.104368 0.4720597 0.104368 0.4613143 0.1354652 0.4613143 0.104368 0.4720597 0.1354652 0.4829122 0.0716511 0.4720597 0.104368 0.4720597 0.0716511 0.4720597 0.104368 0.4613143 0.104368 0.4720597 0.0716511 0.4720597 0.0716511 0.4720597 0.0412985 0.4829122 0.0716511 0.4829122 0.0716511 0.4720597 0.0412985 0.4829122 0.0412985 0.4720597 0.0716511 0.4613143 0.104368 0.4613143 0.0716511 0.4720597 0.0412985 0.4720597 0.02746856 0.4829122 0.0412985 0.4829122 0.0412985 0.4720597 0.02746856 0.4829122 0.02829259 0.4720597 0.0716511 0.4613143 0.0412985 0.4720597 0.0412985 0.4720597 0.0412985 0.4613143 0.0412985 0.4720597 0.02746856 0.4613143 0.0716511 0.4613143 0.0412985 0.4720597 0.0716511 0.4720597 0.002480745 0.4829122 0.02829259 0.4720597 0.02746856 0.4829122 0.002480745 0.4829122 0.02829259 0.4720597 0.002480745 0.4720597 0.002480745 0.4720597 0.02746856 0.4613143 0.002480745 0.4613143 0.002480745 0.4720597 0.02746856 0.4613143 0.0412985 0.4613143 0.002480745 0.4613143 0.0412985 0.4489388 0.002480745 0.4489388 0.002480745 0.4613143 0.0412985 0.4489388 0.0412985 0.4613143 0.0716511 0.4489388 0.0412985 0.4613143 0.0412985 0.4489388 0.0412985 0.4373798 0.002480745 0.4489388 0.002480745 0.4489388 0.0716511 0.4489388 0.0412985 0.4613143 0.0716511 0.4373798 0.0412985 0.4373798 0.002480745 0.4489388 0.0412985 0.4613143 0.0716511 0.4489388 0.104368 0.4489388 0.0716511 0.4613143 0.104368 0.4489388 0.104368 0.4613143 0.0716511 0.4613143 0.1354652 0.4489388 0.104368 0.4613143 0.104368 0.4373798 0.0716511 0.4489388 0.0412985 0.4489388 0.0716511 0.4489388 0.0716511 0.4489388 0.104368 0.4373798 0.0716511 0.4373798 0.0412985 0.4489388 0.0412985 0.4373798 0.0716511 0.4489388 0.1354652 0.4489388 0.104368 0.4613143 0.1354652 0.4489388 0.1354652 0.4613143 0.1354652 0.4489388 0.1621028 0.4373798 0.0716511 0.4489388 0.104368 0.4373798 0.104368 0.4489388 0.1354652 0.4373798 0.104368 0.4489388 0.104368 0.4263323 0.0716511 0.4373798 0.0412985 0.4373798 0.0716511 0.4373798 0.0716511 0.4373798 0.104368 0.4263323 0.0716511 0.4373798 0.0412985 0.4263323 0.0412985 0.4373798 0.002480745 0.4263323 0.0412985 0.4373798 0.0412985 0.4263323 0.0716511 0.4373798 0.002480745 0.4263323 0.0412985 0.4263323 0.002480745 0.4263323 0.0412985 0.4094137 0.002480745 0.4263323 0.002480745 0.4094137 0.0412985 0.4094137 0.002480745 0.4263323 0.0412985 0.4263323 0.0716511 0.4094137 0.0412985 0.4263323 0.0412985 0.4094137 0.0412985 0.3962394 0.02858924 0.4094137 0.002480745 0.3962394 0.002480745 0.4094137 0.002480745 0.3962394 0.02858924 0.3962394 0.002480745 0.3962394 0.02858924 0.3854028 0.002480745 0.3854028 0.002480745 0.3962394 0.02858924 0.3854028 0.02829259 0.3962394 0.0412985 0.3854028 0.02829259 0.3962394 0.02858924 0.3962394 0.0412985 0.3962394 0.02858924 0.4094137 0.0412985 0.3854028 0.0412985 0.3854028 0.02829259 0.3962394 0.0412985 0.4094137 0.0716511 0.4094137 0.0412985 0.4263323 0.0716511 0.4094137 0.0716511 0.3962394 0.0412985 0.4094137 0.0412985 0.3962394 0.0716511 0.3854028 0.0412985 0.3962394 0.0412985 0.3962394 0.0716511 0.3962394 0.0412985 0.4094137 0.0716511 0.3854028 0.0716511 0.3854028 0.0412985 0.3962394 0.0716511 0.3962394 0.0716511 0.3854028 0.104368 0.3854028 0.0716511 0.4263323 0.0716511 0.4263323 0.104368 0.4094137 0.0716511 0.4263323 0.0716511 0.4373798 0.104368 0.4263323 0.104368 0.4094137 0.0716511 0.4094137 0.104368 0.3962394 0.0716511 0.4094137 0.0716511 0.4263323 0.104368 0.4094137 0.104368 0.3962394 0.104368 0.3854028 0.104368 0.3962394 0.0716511 0.3962394 0.0716511 0.4094137 0.104368 0.3962394 0.104368 0.3962394 0.1354652 0.3854028 0.104368 0.3962394 0.104368 0.3854028 0.1354652 0.3854028 0.104368 0.3962394 0.1354652 0.3854028 0.1354652 0.3962394 0.1354652 0.3854028 0.1612607 0.3854028 0.1612607 0.3962394 0.1354652 0.3962394 0.1613676 0.3962394 0.1354652 0.3962394 0.104368 0.4094137 0.1354652 0.3962394 0.1354652 0.4094137 0.1354652 0.3962394 0.1613676 0.4094137 0.1354652 0.3962394 0.104368 0.4094137 0.104368 0.3962394 0.1613676 0.4094137 0.1354652 0.4094137 0.1615497 0.4094137 0.1354652 0.4094137 0.104368 0.4263323 0.1354652 0.4094137 0.1354652 0.4263323 0.1354652 0.4094137 0.1615497 0.4263323 0.1354652 0.4094137 0.104368 0.4263323 0.104368 0.4094137 0.1615497 0.4263323 0.1354652 0.4263323 0.1617047 0.4263323 0.1354652 0.4263323 0.104368 0.4373798 0.1354652 0.4263323 0.1354652 0.4373798 0.1354652 0.4263323 0.1617047 0.4373798 0.1354652 0.4263323 0.104368 0.4373798 0.104368 0.4373798 0.1354652 0.4373798 0.104368 0.4489388 0.1354652 0.4263323 0.1617047 0.4373798 0.1354652 0.4373798 0.1618728 0.4373798 0.1354652 0.4489388 0.1354652 0.4373798 0.1618728 0.4373798 0.1618728 0.4373798 0.1907477 0.4263323 0.1617047 0.4373798 0.1618728 0.4489388 0.1354652 0.4489388 0.1621028 0.4373798 0.1618728 0.4489388 0.1909625 0.4373798 0.1907477 0.4489388 0.1621028 0.4489388 0.1909625 0.4373798 0.1618728 0.8982535 0.5714828 0.8982535 0.5435453 0.8712115 0.571483 0.8712117 0.5435453 0.8712115 0.571483 0.8982535 0.5435453 0.8712115 0.571483 0.8712117 0.5435453 0.8481587 0.5714828 0.8982535 0.5435453 0.8983086 0.4983269 0.8712117 0.5435453 0.8523595 0.5435453 0.8481587 0.5714828 0.8712117 0.5435453 0.8481587 0.5714828 0.8523595 0.5435453 0.8305667 0.5714828 0.8712117 0.5435453 0.8983086 0.4983269 0.8711017 0.4983269 0.8712117 0.5435453 0.8711017 0.4983269 0.8523595 0.5435453 0.8982797 0.4942589 0.8714167 0.4940159 0.8983086 0.4983269 0.8983086 0.4983269 0.8714167 0.4940159 0.8711017 0.4983269 0.8305667 0.5435453 0.8305667 0.5714828 0.8523595 0.5435453 0.8714167 0.4940159 0.8436155 0.4942589 0.8711017 0.4983269 0.8305667 0.5435453 0.8130068 0.5435453 0.8305667 0.5714828 0.8711017 0.4983269 0.8436155 0.4942589 0.8436157 0.4983269 0.8436157 0.4983269 0.8523595 0.5435453 0.8711017 0.4983269 0.8130068 0.571483 0.8305667 0.5714828 0.8130068 0.5435453 0.8436155 0.4942589 0.8310256 0.4942589 0.8436157 0.4983269 0.8523595 0.5435453 0.8310255 0.4983269 0.8305667 0.5435453 0.8436157 0.4983269 0.8310255 0.4983269 0.8523595 0.5435453 0.8310255 0.4983269 0.8130068 0.5435453 0.8305667 0.5435453 0.8436157 0.4983269 0.8310256 0.4942589 0.8310255 0.4983269 0.8130068 0.5435453 0.7899547 0.5435453 0.8130068 0.571483 0.7899546 0.5714828 0.8130068 0.571483 0.7899547 0.5435453 0.8138257 0.4983269 0.8130068 0.5435453 0.8310255 0.4983269 0.7899547 0.5435453 0.7663436 0.5435453 0.7899546 0.5714828 0.7663434 0.5714828 0.7899546 0.5714828 0.7663436 0.5435453 0.8130068 0.5435453 0.7820767 0.4983269 0.7899547 0.5435453 0.8138257 0.4983269 0.7820767 0.4983269 0.8130068 0.5435453 0.7899547 0.5435453 0.7820767 0.4983269 0.7663436 0.5435453 0.8310255 0.4983269 0.8138257 0.4942589 0.8138257 0.4983269 0.8138257 0.4983269 0.8138257 0.4942589 0.7820767 0.4983269 0.8310256 0.4942589 0.8138257 0.4942589 0.8310255 0.4983269 0.7663436 0.5435453 0.7450929 0.5435453 0.7663434 0.5714828 0.745093 0.5714828 0.7663434 0.5714828 0.7450929 0.5435453 0.7663436 0.5435453 0.7820767 0.4983269 0.7672464 0.4983269 0.7217273 0.5435453 0.745093 0.5714828 0.7450929 0.5435453 0.745093 0.5714828 0.7217273 0.5435453 0.7158184 0.5714828 0.7158184 0.5714828 0.7217273 0.5435453 0.6910028 0.5714828 0.6910028 0.5714828 0.7217273 0.5435453 0.6908364 0.543562 0.6908364 0.543562 0.7217273 0.5435453 0.6908485 0.4983269 0.7217273 0.5435453 0.7450929 0.5435453 0.7367558 0.4983269 0.7367558 0.4983269 0.6908485 0.4983269 0.7217273 0.5435453 0.7663436 0.5435453 0.7443709 0.4983269 0.7450929 0.5435453 0.7443709 0.4983269 0.7367558 0.4983269 0.7450929 0.5435453 0.7672464 0.4983269 0.7443709 0.4983269 0.7663436 0.5435453 0.7367558 0.4983269 0.7367558 0.4942587 0.6908485 0.4983269 0.7443709 0.4983269 0.7367558 0.4942587 0.7367558 0.4983269 0.6910006 0.4940159 0.6908485 0.4983269 0.7367558 0.4942587 0.6908088 0.4643552 0.6910006 0.4940159 0.7367558 0.4942587 0.7367558 0.4942587 0.7434147 0.4643552 0.6908088 0.4643552 0.7438469 0.4940159 0.7367558 0.4942587 0.7443709 0.4983269 0.7438469 0.4940159 0.7434147 0.4643552 0.7367558 0.4942587 0.7672464 0.4983269 0.7438469 0.4940159 0.7443709 0.4983269 0.7438469 0.4940159 0.7669354 0.4643552 0.7434147 0.4643552 0.7672464 0.4942587 0.7438469 0.4940159 0.7672464 0.4983269 0.7672464 0.4942587 0.7669354 0.4643552 0.7438469 0.4940159 0.7820767 0.4983269 0.7672464 0.4942587 0.7672464 0.4983269 0.7672464 0.4942587 0.790243 0.4781288 0.7669354 0.4643552 0.7669354 0.4643552 0.790243 0.4781288 0.7903724 0.4643552 0.7818554 0.4942587 0.7672464 0.4942587 0.7820767 0.4983269 0.790243 0.4781288 0.7672464 0.4942587 0.7818554 0.4942587 0.7820767 0.4983269 0.8138257 0.4942589 0.7818554 0.4942587 0.790243 0.4781288 0.8119388 0.4780781 0.7903724 0.4643552 0.7818554 0.4942587 0.8119388 0.4780781 0.790243 0.4781288 0.8138257 0.4942589 0.8119388 0.4780781 0.7818554 0.4942587 0.7903724 0.4643552 0.8119388 0.4780781 0.811134 0.4643552 0.8310256 0.4942589 0.8119388 0.4780781 0.8138257 0.4942589 0.8119388 0.4780781 0.8303295 0.4779347 0.811134 0.4643552 0.8119388 0.4780781 0.8310256 0.4942589 0.8303295 0.4779347 0.8305819 0.4643552 0.811134 0.4643552 0.8303295 0.4779347 0.8310256 0.4942589 0.8494691 0.4780213 0.8303295 0.4779347 0.8303295 0.4779347 0.8494691 0.4780213 0.8305819 0.4643552 0.8447973 0.4940159 0.8494691 0.4780213 0.8310256 0.4942589 0.8500284 0.4643552 0.8305819 0.4643552 0.8494691 0.4780213 0.8714167 0.4940159 0.8494691 0.4780213 0.8447973 0.4940159 0.8494691 0.4780213 0.8710582 0.4643552 0.8500284 0.4643552 0.8494691 0.4780213 0.8714167 0.4940159 0.8714831 0.4780457 0.8494691 0.4780213 0.8714831 0.4780457 0.8710582 0.4643552 0.8972247 0.4940159 0.8714831 0.4780457 0.8714167 0.4940159 0.8714831 0.4780457 0.8972454 0.4643552 0.8710582 0.4643552 0.8972454 0.4643552 0.8714831 0.4780457 0.8972247 0.4940159 0.9232089 0.9541623 0.8682128 0.9894791 0.890634 0.9531096 0.8619795 0.9527046 0.890634 0.9531096 0.8682128 0.9894791 0.8682128 0.9894791 0.8273684 0.9900939 0.8619795 0.9527046 0.8619795 0.9527046 0.8815023 0.9153113 0.890634 0.9531096 0.8479022 0.952689 0.8619795 0.9527046 0.8273684 0.9900939 0.826335 0.9900939 0.8479022 0.952689 0.8273684 0.9900939 0.8360822 0.952689 0.8479022 0.952689 0.826335 0.9900939 0.8613297 0.9146934 0.8815023 0.9153113 0.8619795 0.9527046 0.8613297 0.9146934 0.8619795 0.9527046 0.8479022 0.952689 0.8613297 0.9146934 0.8814263 0.8934825 0.8815023 0.9153113 0.8360822 0.952689 0.8467213 0.9145077 0.8479022 0.952689 0.8479022 0.952689 0.8467213 0.9145077 0.8613297 0.9146934 0.8360822 0.9145077 0.8467213 0.9145077 0.8360822 0.952689 0.8610584 0.8916603 0.8814263 0.8934825 0.8613297 0.9146934 0.8613297 0.9146934 0.8467213 0.9145077 0.8610584 0.8916603 0.8600488 0.8527302 0.8814263 0.8934825 0.8610584 0.8916603 0.8467213 0.9145077 0.8360822 0.9145077 0.8427549 0.8915514 0.8610584 0.8916603 0.8467213 0.9145077 0.8427549 0.8915514 0.8259686 0.8917561 0.8427549 0.8915514 0.8360822 0.9145077 0.8610584 0.8916603 0.8427549 0.8915514 0.8054471 0.8583558 0.8259686 0.8917561 0.8054471 0.8696231 0.8427549 0.8915514 0.8054471 0.8583558 0.8427549 0.8915514 0.8054471 0.8696231 0.8054471 0.8808905 0.8054471 0.8696231 0.8259686 0.8917561 0.8054471 0.8412795 0.8610584 0.8916603 0.8054471 0.8583558 0.8610584 0.8916603 0.8054471 0.8412795 0.8600488 0.8527302 0.8054471 0.8808905 0.7776926 0.8880439 0.8054471 0.8696231 0.7886431 0.8897436 0.7776926 0.8880439 0.8054471 0.8808905 0.8054471 0.8583558 0.8054471 0.8696231 0.7629235 0.8741 0.7776926 0.8880439 0.7629235 0.8741 0.8054471 0.8696231 0.8054471 0.8583558 0.7629235 0.8741 0.8054471 0.8412795 0.7886431 0.8897436 0.7649967 0.9144407 0.7776926 0.8880439 0.7800192 0.9145077 0.7649967 0.9144407 0.7886431 0.8897436 0.7629235 0.8741 0.7776926 0.8880439 0.7498595 0.9143756 0.7498595 0.9143756 0.7776926 0.8880439 0.7649967 0.9144407 0.7649967 0.9144407 0.7800192 0.9145077 0.7644289 0.9522342 0.7800192 0.9522342 0.7644289 0.9522342 0.7800192 0.9145077 0.7857928 0.9870731 0.7833474 0.9870731 0.7800192 0.9522342 0.7644289 0.9522342 0.7800192 0.9522342 0.7833474 0.9870731 0.7833474 0.9870731 0.7454633 0.9870731 0.7644289 0.9522342 0.7644289 0.9522342 0.749859 0.9522342 0.7649967 0.9144407 0.749859 0.9522342 0.7644289 0.9522342 0.7454633 0.9870731 0.7498595 0.9143756 0.7649967 0.9144407 0.749859 0.9522342 0.749859 0.9522342 0.7454633 0.9870731 0.715264 0.9522342 0.715264 0.9522342 0.7498595 0.9143756 0.749859 0.9522342 0.7209839 0.9059072 0.7498595 0.9143756 0.715264 0.9522342 0.715264 0.9522342 0.678553 0.9067348 0.7209839 0.9059072 0.6836655 0.8630994 0.7209839 0.9059072 0.678553 0.9067348 0.678553 0.9067348 0.6625207 0.8866683 0.6836655 0.8630994 0.6449337 0.865705 0.6836655 0.8630994 0.6625207 0.8866683 0.7209839 0.9059072 0.7169935 0.8666271 0.7498595 0.9143756 0.6836655 0.8630994 0.7169935 0.8666271 0.7209839 0.9059072 0.7498595 0.9143756 0.7169935 0.8666271 0.7447862 0.8696548 0.7498595 0.9143756 0.7447862 0.8696548 0.7629235 0.8741 0.6449337 0.865705 0.6843918 0.8399546 0.6836655 0.8630994 0.6843918 0.8399546 0.7169935 0.8666271 0.6836655 0.8630994 0.7629235 0.8741 0.7447862 0.8696548 0.7450265 0.8410964 0.7447862 0.8696548 0.7169935 0.8666271 0.7450265 0.8410964 0.7450265 0.8410964 0.8054471 0.8412795 0.7629235 0.8741 0.716865 0.8426722 0.7169935 0.8666271 0.6843918 0.8399546 0.7450265 0.8410964 0.7169935 0.8666271 0.716865 0.8426722 0.6501668 0.8412302 0.6843918 0.8399546 0.6449337 0.865705 0.6501668 0.8412302 0.6449337 0.865705 0.6260128 0.8429777 0.6501668 0.8412302 0.6260128 0.8429777 0.6486336 0.8174194 0.6501668 0.8412302 0.6486336 0.8174194 0.6843918 0.8399546 0.6828209 0.8153853 0.6843918 0.8399546 0.6486336 0.8174194 0.6828209 0.8153853 0.716865 0.8426722 0.6843918 0.8399546 0.6828209 0.8153853 0.6486336 0.8174194 0.6817421 0.797931 0.717689 0.8176981 0.716865 0.8426722 0.6828209 0.8153853 0.6828209 0.8153853 0.6817421 0.797931 0.717689 0.8176981 0.716865 0.8426722 0.717689 0.8176981 0.7450265 0.8410964 0.7016755 0.7876426 0.717689 0.8176981 0.6817421 0.797931 0.7450265 0.8410964 0.717689 0.8176981 0.7414221 0.8118345 0.7450265 0.8410964 0.7414221 0.8118345 0.8054471 0.8412795 0.7016755 0.7876426 0.7390326 0.7863991 0.717689 0.8176981 0.7414221 0.8118345 0.717689 0.8176981 0.7390326 0.7863991 0.7390326 0.7863991 0.7016755 0.7876426 0.7206012 0.7776218 0.8054471 0.8412795 0.7414221 0.8118345 0.8054471 0.8115568 0.7414221 0.8118345 0.7390326 0.7863991 0.8054471 0.8115568 0.8054471 0.8115568 0.8600488 0.8527302 0.8054471 0.8412795 0.7206012 0.7776218 0.8054367 0.7772357 0.7390326 0.7863991 0.8054367 0.7864575 0.8600488 0.8527302 0.8054471 0.8115568 0.8054471 0.8115568 0.7390326 0.7863991 0.8054367 0.7864575 0.7390326 0.7863991 0.8054367 0.7772357 0.8054367 0.7864575 0.8564767 0.7867589 0.8600488 0.8527302 0.8054367 0.7864575 0.8054367 0.7864575 0.8054367 0.7772357 0.8564767 0.7867589 0.8564767 0.7867589 0.8054367 0.7772357 0.856339 0.7788372 0.2274349 0.1630675 0.2382466 0.1670181 0.2487701 0.140612 0.2592962 0.1496475 0.2487701 0.140612 0.2382466 0.1670181 0.2487701 0.140612 0.2592962 0.1496475 0.2628598 0.1391634 0.248211 0.1719125 0.2592962 0.1496475 0.2382466 0.1670181 0.2628598 0.1391634 0.2592962 0.1496475 0.2693049 0.157388 0.2693049 0.157388 0.2592962 0.1496475 0.248211 0.1719125 0.2628598 0.1391634 0.2693049 0.157388 0.2953876 0.1380728 0.2953876 0.1380728 0.2693049 0.157388 0.2956594 0.1572749 0.2956594 0.1572749 0.2693049 0.157388 0.2956594 0.1778547 0.2693049 0.157388 0.248211 0.1719125 0.2764225 0.1793217 0.2764225 0.1793217 0.2956594 0.1778547 0.2693049 0.157388 0.2579592 0.1855411 0.2764225 0.1793217 0.248211 0.1719125 0.2956594 0.1778547 0.2764225 0.1793217 0.2956594 0.1926776 0.2764225 0.1793217 0.2579592 0.1855411 0.281667 0.1926776 0.281667 0.1926776 0.2956594 0.1926776 0.2764225 0.1793217 0.2646189 0.1926777 0.281667 0.1926776 0.2579592 0.1855411 0.281667 0.1926776 0.2833231 0.2034232 0.2956594 0.1926776 0.2646189 0.1926777 0.2833231 0.2034232 0.281667 0.1926776 0.007266163 0.2384166 0.01534038 0.2482236 0.007266163 0.2503539 0.01534038 0.2482236 0.01665365 0.2639238 0.007266163 0.2503539 0.01534038 0.2482236 0.02869522 0.2639238 0.01665365 0.2639238 0.007266163 0.2503539 0.01665365 0.2639238 0.007266163 0.2639482 0.01665365 0.2639238 0.02869522 0.2639238 0.01665365 0.2790762 0.01665365 0.2790762 0.007266163 0.2639482 0.01665365 0.2639238 0.007266163 0.2790762 0.007266163 0.2639482 0.01665365 0.2790762 0.01665365 0.2790762 0.02869522 0.2639238 0.04178744 0.2790762 0.007266163 0.2790762 0.01665365 0.2790762 0.007266163 0.2943442 0.01665365 0.2790762 0.04178744 0.2790762 0.03990787 0.2994695 0.03990787 0.2994695 0.04178744 0.2790762 0.05668228 0.299983 0.007266163 0.2943442 0.01665365 0.2790762 0.01665365 0.2964792 0.03990787 0.2994695 0.01665365 0.2964792 0.01665365 0.2790762 0.007266163 0.2943442 0.01665365 0.2964792 0.007266163 0.3038266 0.03990787 0.2994695 0.05668228 0.299983 0.03886562 0.314828 0.03886562 0.314828 0.01665365 0.2964792 0.03990787 0.2994695 0.05668228 0.299983 0.06808173 0.3279835 0.05610835 0.3291546 0.03886562 0.314828 0.05668228 0.299983 0.05610835 0.3291546 0.007266163 0.3038266 0.01665365 0.2964792 0.01665365 0.3052403 0.01665365 0.3052403 0.01665365 0.2964792 0.03886562 0.314828 0.01665365 0.3052403 0.01873385 0.3155097 0.007266163 0.3038266 0.03886562 0.314828 0.01873385 0.3155097 0.01665365 0.3052403 0.007266163 0.3038266 0.01873385 0.3155097 0.007266163 0.3153334 0.05610835 0.3291546 0.03616237 0.3237912 0.03886562 0.314828 0.03616237 0.3237912 0.01873385 0.3155097 0.03886562 0.314828 0.0476107 0.3360214 0.03616237 0.3237912 0.05610835 0.3291546 0.0476107 0.3360214 0.04461246 0.3506054 0.03616237 0.3237912 0.01873385 0.3155097 0.0285418 0.3453895 0.007266163 0.3153334 0.01873385 0.3155097 0.03616237 0.3237912 0.0285418 0.3453895 0.03616237 0.3237912 0.04461246 0.3506054 0.0285418 0.3453895 0.007266163 0.3153334 0.0285418 0.3453895 0.007266163 0.3427374 0.03939092 0.3567866 0.0285418 0.3453895 0.04461246 0.3506054 0.007266163 0.3427374 0.0285418 0.3453895 0.007266163 0.3567865 0.02305305 0.3567865 0.0285418 0.3453895 0.03939092 0.3567866 0.007266163 0.3567865 0.0285418 0.3453895 0.02305305 0.3567865 0.03939092 0.3567866 0.01692163 0.3652606 0.02305305 0.3567865 0.007266163 0.3567865 0.02305305 0.3567865 0.01692163 0.3652606 0.7797117 0.9147447 0.7886431 0.8897436 0.7649967 0.9144407 0.7776926 0.8880439 0.7649967 0.9144407 0.7886431 0.8897436 0.7649967 0.9144407 0.7776926 0.8880439 0.7498595 0.9143756 0.7886431 0.8897436 0.8054471 0.8808905 0.7776926 0.8880439 0.7629235 0.8741 0.7498595 0.9143756 0.7776926 0.8880439 0.7629235 0.8741 0.7447862 0.8696548 0.7498595 0.9143756 0.7450265 0.8410964 0.7447862 0.8696548 0.7629235 0.8741 0.8054471 0.8696231 0.7776926 0.8880439 0.8054471 0.8808905 0.7776926 0.8880439 0.8054471 0.8696231 0.7629235 0.8741 0.8054471 0.8808905 0.8259686 0.8917561 0.8054471 0.8696231 0.7629235 0.8741 0.8054471 0.8412795 0.7450265 0.8410964 0.7450265 0.8410964 0.8054471 0.8412795 0.7414221 0.8118345 0.7629235 0.8741 0.8054471 0.8696231 0.8054471 0.8583558 0.8054471 0.8412795 0.7629235 0.8741 0.8054471 0.8583558 0.8427549 0.8915514 0.8054471 0.8696231 0.8259686 0.8917561 0.8054471 0.8696231 0.8427549 0.8915514 0.8054471 0.8583558 0.8360822 0.9145077 0.8427549 0.8915514 0.8259686 0.8917561 0.8610584 0.8916603 0.8054471 0.8583558 0.8427549 0.8915514 0.8054471 0.8583558 0.8610584 0.8916603 0.8054471 0.8412795 0.8467213 0.9145077 0.8427549 0.8915514 0.8360822 0.9145077 0.8427549 0.8915514 0.8467213 0.9145077 0.8610584 0.8916603 0.8360822 0.9145077 0.8360822 0.952689 0.8467213 0.9145077 0.8479022 0.952689 0.8467213 0.9145077 0.8360822 0.952689 0.8613297 0.9146934 0.8467213 0.9145077 0.8479022 0.952689 0.8613297 0.9146934 0.8610584 0.8916603 0.8467213 0.9145077 0.8479022 0.952689 0.8619795 0.9527046 0.8613297 0.9146934 0.8613297 0.9146934 0.8619795 0.9527046 0.8812982 0.9153285 0.890634 0.9531096 0.8812982 0.9153285 0.8619795 0.9527046 0.8613297 0.9146934 0.8812982 0.9153285 0.8610584 0.8916603 0.8610584 0.8916603 0.8812982 0.9153285 0.8814263 0.8934825 0.8610584 0.8916603 0.8814263 0.8934825 0.8600487 0.8527302 0.8600487 0.8527302 0.8054471 0.8412795 0.8610584 0.8916603 0.8564768 0.7867589 0.8054471 0.7864443 0.8600487 0.8527302 0.8054471 0.8412795 0.8600487 0.8527302 0.8054471 0.8115568 0.8054471 0.8115568 0.8600487 0.8527302 0.8054471 0.7864443 0.8054471 0.8115568 0.7414221 0.8118345 0.8054471 0.8412795 0.8054471 0.7864443 0.7390486 0.7863842 0.8054471 0.8115568 0.7414221 0.8118345 0.8054471 0.8115568 0.7390486 0.7863842 0.007266163 0.2503539 0.01534038 0.2482236 0.007266163 0.2384166 0.01534038 0.2482236 0.007266163 0.2503539 0.01665365 0.2639238 0.01665365 0.2639238 0.02869522 0.2639238 0.01534038 0.2482236 0.007266163 0.2639482 0.01665365 0.2639238 0.007266163 0.2503539 0.01665365 0.2790762 0.02869522 0.2639238 0.01665365 0.2639238 0.01665365 0.2639238 0.007266163 0.2639482 0.01665365 0.2790762 0.007266163 0.2790762 0.01665365 0.2790762 0.007266163 0.2639482 0.04178744 0.2790762 0.02869522 0.2639238 0.01665365 0.2790762 0.007266163 0.2790762 0.007266163 0.2943442 0.01665365 0.2790762 0.03990787 0.2994695 0.04178744 0.2790762 0.01665365 0.2790762 0.05668228 0.299983 0.04178744 0.2790762 0.03990787 0.2994695 0.01665365 0.2964792 0.01665365 0.2790762 0.007266163 0.2943442 0.01665365 0.2790762 0.01665365 0.2964792 0.03990787 0.2994695 0.007266163 0.2943442 0.007266163 0.3038266 0.01665365 0.2964792 0.03886562 0.314828 0.05668228 0.299983 0.03990787 0.2994695 0.03990787 0.2994695 0.01665365 0.2964792 0.03886562 0.314828 0.05610835 0.3291546 0.06808173 0.3279835 0.05668228 0.299983 0.05610835 0.3291546 0.05668228 0.299983 0.03886562 0.314828 0.01665365 0.3052403 0.01665365 0.2964792 0.007266163 0.3038266 0.01665365 0.3052403 0.03886562 0.314828 0.01665365 0.2964792 0.01665365 0.3052403 0.007266163 0.3038266 0.01873385 0.3155097 0.01665365 0.3052403 0.01873385 0.3155097 0.03886562 0.314828 0.007266163 0.3153334 0.01873385 0.3155097 0.007266163 0.3038266 0.03886562 0.314828 0.03616237 0.3237912 0.05610835 0.3291546 0.03616237 0.3237912 0.03886562 0.314828 0.01873385 0.3155097 0.05610835 0.3291546 0.03616237 0.3237912 0.0476107 0.3360214 0.0476107 0.3360214 0.03616237 0.3237912 0.04461246 0.3506054 0.01873385 0.3155097 0.007266163 0.3153334 0.0285418 0.3453895 0.0285418 0.3453895 0.03616237 0.3237912 0.01873385 0.3155097 0.0285418 0.3453895 0.04461246 0.3506054 0.03616237 0.3237912 0.007266163 0.3427374 0.0285418 0.3453895 0.007266163 0.3153334 0.04461246 0.3506054 0.0285418 0.3453895 0.03939092 0.3567866 0.007266163 0.3427374 0.007266163 0.3567865 0.0285418 0.3453895 0.02305305 0.3567865 0.03939092 0.3567866 0.0285418 0.3453895 0.02305305 0.3567865 0.0285418 0.3453895 0.007266163 0.3567865 0.02305305 0.3567865 0.01692163 0.3652606 0.03939092 0.3567866 0.01692163 0.3652606 0.02305305 0.3567865 0.007266163 0.3567865 0.5207585 0.1197299 0.5207585 0.07155913 0.5646343 0.1197299 0.5646343 0.1197299 0.5207585 0.07155913 0.565236 0.07164728 0.5646343 0.1197299 0.565236 0.07164728 0.595726 0.1197299 0.5207585 0.06244623 0.565236 0.07164728 0.5207585 0.07155913 0.595726 0.1197299 0.565236 0.07164728 0.595726 0.07149225 0.595726 0.1197299 0.595726 0.07149225 0.6322999 0.1197299 0.5653303 0.06254822 0.565236 0.07164728 0.5207585 0.06244623 0.5653303 0.06254822 0.595726 0.07149225 0.565236 0.07164728 0.5207585 0.04258042 0.5653303 0.06254822 0.5207585 0.06244623 0.6322999 0.1197299 0.595726 0.07149225 0.6282767 0.07164967 0.6322999 0.1197299 0.6282767 0.07164967 0.6737135 0.1197299 0.5207585 0.01616305 0.5580358 0.01616305 0.5207585 0.04258042 0.595726 0.06236886 0.6282767 0.07164967 0.595726 0.07149225 0.595726 0.06236886 0.595726 0.07149225 0.5653303 0.06254822 0.5592772 0.04373556 0.5207585 0.04258042 0.5580358 0.01616305 0.5592772 0.04373556 0.5653303 0.06254822 0.5207585 0.04258042 0.5580358 0.01616305 0.5769773 0.03262937 0.5592772 0.04373556 0.5755434 0.01616305 0.5769773 0.03262937 0.5580358 0.01616305 0.5592772 0.04373556 0.5708612 0.04958319 0.5653303 0.06254822 0.5592772 0.04373556 0.5769773 0.03262937 0.5708612 0.04958319 0.5755434 0.01616305 0.595726 0.01616305 0.5769773 0.03262937 0.595726 0.05475902 0.5653303 0.06254822 0.5708612 0.04958319 0.595726 0.06236886 0.5653303 0.06254822 0.595726 0.05475902 0.595726 0.04222971 0.5708612 0.04958319 0.5769773 0.03262937 0.595726 0.05475902 0.5708612 0.04958319 0.595726 0.04222971 0.5769773 0.03262937 0.595726 0.01616305 0.595726 0.02812099 0.5769773 0.03262937 0.595726 0.02812099 0.595726 0.04222971 0.595726 0.02812099 0.595726 0.01616305 0.6142585 0.03415811 0.595726 0.02812099 0.6142585 0.03415811 0.595726 0.04222971 0.595726 0.04222971 0.6142585 0.03415811 0.595726 0.05475902 0.6142585 0.03415811 0.595726 0.01616305 0.6155185 0.01616305 0.595726 0.05475902 0.6276462 0.06255102 0.595726 0.06236886 0.6276462 0.06255102 0.6282767 0.07164967 0.595726 0.06236886 0.595726 0.05475902 0.6142585 0.03415811 0.6215088 0.04921138 0.6215088 0.04921138 0.6276462 0.06255102 0.595726 0.05475902 0.6142585 0.03415811 0.6155185 0.01616305 0.6329074 0.04293954 0.6329074 0.04293954 0.6215088 0.04921138 0.6142585 0.03415811 0.6329074 0.04293954 0.6276462 0.06255102 0.6215088 0.04921138 0.6329074 0.04293954 0.6155185 0.01616305 0.6351422 0.01616305 0.6351422 0.01616305 0.6737135 0.01616305 0.6329074 0.04293954 0.6276462 0.06255102 0.6737136 0.07155621 0.6282767 0.07164967 0.6737135 0.1197299 0.6282767 0.07164967 0.6737136 0.07155621 0.6737135 0.1197299 0.6737136 0.07155621 0.7145508 0.1197299 0.6329074 0.04293954 0.6737135 0.06244289 0.6276462 0.06255102 0.6737135 0.06244289 0.6737136 0.07155621 0.6276462 0.06255102 0.6737135 0.04219317 0.6329074 0.04293954 0.6737135 0.01616305 0.6737135 0.04219317 0.6737135 0.06244289 0.6329074 0.04293954 0.6737135 0.01616305 0.7114126 0.01616305 0.6737135 0.04219317 0.7145508 0.1197299 0.6737136 0.07155621 0.7164081 0.0716595 0.6737135 0.06244289 0.7164081 0.0716595 0.6737136 0.07155621 0.7145508 0.1197299 0.7164081 0.0716595 0.7490845 0.1197299 0.6737135 0.04219317 0.7166992 0.06256234 0.6737135 0.06244289 0.7166992 0.06256234 0.7164081 0.0716595 0.6737135 0.06244289 0.7120448 0.04266893 0.6737135 0.04219317 0.7114126 0.01616305 0.7120448 0.04266893 0.7166992 0.06256234 0.6737135 0.04219317 0.7114126 0.01616305 0.7490845 0.01616305 0.7120448 0.04266893 0.7490845 0.1197299 0.7164081 0.0716595 0.7490845 0.07173252 0.7166992 0.06256234 0.7490845 0.07173252 0.7164081 0.0716595 0.7490845 0.1197299 0.7490845 0.07173252 0.7871516 0.1197299 0.7120448 0.04266893 0.7490845 0.06264686 0.7166992 0.06256234 0.7490845 0.06264686 0.7490845 0.07173252 0.7166992 0.06256234 0.7490845 0.04257249 0.7120448 0.04266893 0.7490845 0.01616305 0.7490845 0.04257249 0.7490845 0.06264686 0.7120448 0.04266893 0.7490845 0.01616305 0.7899953 0.01616305 0.7490845 0.04257249 0.7871516 0.1197299 0.7490845 0.07173252 0.7864018 0.07166242 0.7490845 0.06264686 0.7864018 0.07166242 0.7490845 0.07173252 0.7871516 0.1197299 0.7864018 0.07166242 0.8290803 0.1197299 0.8290803 0.1197299 0.7864018 0.07166242 0.8290803 0.07155913 0.7862843 0.06256574 0.7864018 0.07166242 0.7490845 0.06264686 0.7862843 0.06256574 0.8290803 0.07155913 0.7864018 0.07166242 0.7490845 0.04257249 0.7862843 0.06256574 0.7490845 0.06264686 0.8290803 0.06244623 0.8290803 0.07155913 0.7862843 0.06256574 0.7895058 0.04259276 0.7862843 0.06256574 0.7490845 0.04257249 0.7895058 0.04259276 0.8290803 0.06244623 0.7862843 0.06256574 0.7895058 0.04259276 0.7490845 0.04257249 0.7899953 0.01616305 0.8290803 0.04258042 0.8290803 0.06244623 0.7895058 0.04259276 0.7899953 0.01616305 0.8290803 0.01616305 0.7895058 0.04259276 0.8290803 0.04258042 0.7895058 0.04259276 0.8290803 0.01616305 0.8290803 0.1197299 0.8290803 0.07155913 0.7871516 0.1197299 0.7871516 0.1197299 0.8290803 0.07155913 0.7864018 0.07166242 0.7871516 0.1197299 0.7864018 0.07166242 0.7490845 0.1197299 0.8290803 0.06244623 0.7864018 0.07166242 0.8290803 0.07155913 0.7490845 0.1197299 0.7864018 0.07166242 0.7490845 0.07173252 0.7490845 0.1197299 0.7490845 0.07173252 0.7145508 0.1197299 0.7862843 0.06256574 0.7864018 0.07166242 0.8290803 0.06244623 0.7862843 0.06256574 0.7490845 0.07173252 0.7864018 0.07166242 0.7145508 0.1197299 0.7490845 0.07173252 0.7164081 0.0716595 0.7145508 0.1197299 0.7164081 0.0716595 0.6737135 0.1197299 0.7490845 0.06264686 0.7490845 0.07173252 0.7862843 0.06256574 0.7490845 0.06264686 0.7164081 0.0716595 0.7490845 0.07173252 0.7862843 0.06256574 0.8290803 0.06244623 0.7895058 0.04259276 0.8290803 0.04258042 0.7895058 0.04259276 0.8290803 0.06244623 0.8290803 0.01616305 0.7895058 0.04259276 0.8290803 0.04258042 0.7899953 0.01616305 0.7895058 0.04259276 0.8290803 0.01616305 0.7895058 0.04259276 0.7490845 0.04257249 0.7862843 0.06256574 0.7899953 0.01616305 0.7490845 0.04257249 0.7895058 0.04259276 0.7490845 0.06264686 0.7862843 0.06256574 0.7490845 0.04257249 0.7490845 0.01616305 0.7490845 0.04257249 0.7899953 0.01616305 0.7490845 0.01616305 0.7120448 0.04266893 0.7490845 0.04257249 0.7490845 0.04257249 0.7120448 0.04266893 0.7490845 0.06264686 0.7114126 0.01616305 0.7120448 0.04266893 0.7490845 0.01616305 0.7166992 0.06256234 0.7490845 0.06264686 0.7120448 0.04266893 0.7166992 0.06256234 0.7164081 0.0716595 0.7490845 0.06264686 0.7114126 0.01616305 0.6737135 0.04219317 0.7120448 0.04266893 0.7120448 0.04266893 0.6737135 0.04219317 0.7166992 0.06256234 0.6737135 0.01616305 0.6737135 0.04219317 0.7114126 0.01616305 0.7166992 0.06256234 0.6737136 0.07155621 0.7164081 0.0716595 0.6737135 0.1197299 0.7164081 0.0716595 0.6737136 0.07155621 0.6737135 0.1197299 0.6737136 0.07155621 0.6322999 0.1197299 0.6737135 0.06244289 0.7166992 0.06256234 0.6737135 0.04219317 0.6737135 0.06244289 0.6737136 0.07155621 0.7166992 0.06256234 0.6737135 0.01616305 0.6329074 0.04293954 0.6737135 0.04219317 0.6737135 0.04219317 0.6329074 0.04293954 0.6737135 0.06244289 0.6351422 0.01616305 0.6329074 0.04293954 0.6737135 0.01616305 0.6351422 0.01616305 0.6155185 0.01616305 0.6329074 0.04293954 0.6322999 0.1197299 0.6737136 0.07155621 0.6282767 0.07164967 0.6737135 0.06244289 0.6282767 0.07164967 0.6737136 0.07155621 0.6322999 0.1197299 0.6282767 0.07164967 0.595726 0.1197299 0.6276462 0.06255102 0.6282767 0.07164967 0.6737135 0.06244289 0.6276462 0.06255102 0.6737135 0.06244289 0.6329074 0.04293954 0.595726 0.1197299 0.6282767 0.07164967 0.595726 0.07149225 0.6276462 0.06255102 0.595726 0.07149225 0.6282767 0.07164967 0.595726 0.1197299 0.595726 0.07149225 0.5646343 0.1197299 0.6215088 0.04921138 0.6276462 0.06255102 0.6329074 0.04293954 0.5646343 0.1197299 0.595726 0.07149225 0.565236 0.07164728 0.5646343 0.1197299 0.565236 0.07164728 0.5207585 0.1197299 0.5207585 0.1197299 0.565236 0.07164728 0.5207585 0.07155913 0.595726 0.06236886 0.595726 0.07149225 0.6276462 0.06255102 0.595726 0.06236886 0.565236 0.07164728 0.595726 0.07149225 0.5653303 0.06254822 0.5207585 0.07155913 0.565236 0.07164728 0.5653303 0.06254822 0.565236 0.07164728 0.595726 0.06236886 0.5207585 0.06244623 0.5207585 0.07155913 0.5653303 0.06254822 0.5207585 0.06244623 0.5653303 0.06254822 0.5207585 0.04258042 0.595726 0.06236886 0.6276462 0.06255102 0.595726 0.05475902 0.595726 0.06236886 0.595726 0.05475902 0.5653303 0.06254822 0.6215088 0.04921138 0.595726 0.05475902 0.6276462 0.06255102 0.5207585 0.01616305 0.5207585 0.04258042 0.5580358 0.01616305 0.6215088 0.04921138 0.6142585 0.03415811 0.595726 0.05475902 0.6142585 0.03415811 0.6215088 0.04921138 0.6329074 0.04293954 0.6142585 0.03415811 0.6329074 0.04293954 0.6155185 0.01616305 0.6155185 0.01616305 0.595726 0.01616305 0.6142585 0.03415811 0.5580358 0.01616305 0.5207585 0.04258042 0.5592772 0.04373556 0.5592772 0.04373556 0.5207585 0.04258042 0.5653303 0.06254822 0.5592772 0.04373556 0.5769773 0.03262937 0.5580358 0.01616305 0.5755434 0.01616305 0.5580358 0.01616305 0.5769773 0.03262937 0.5755434 0.01616305 0.5769773 0.03262937 0.595726 0.01616305 0.5653303 0.06254822 0.5708612 0.04958319 0.5592772 0.04373556 0.5708612 0.04958319 0.5769773 0.03262937 0.5592772 0.04373556 0.5708612 0.04958319 0.5653303 0.06254822 0.595726 0.05475902 0.595726 0.02812099 0.595726 0.01616305 0.5769773 0.03262937 0.595726 0.02812099 0.6142585 0.03415811 0.595726 0.01616305 0.5769773 0.03262937 0.5708612 0.04958319 0.595726 0.04222971 0.595726 0.04222971 0.595726 0.02812099 0.5769773 0.03262937 0.595726 0.05475902 0.595726 0.04222971 0.5708612 0.04958319 0.595726 0.04222971 0.6142585 0.03415811 0.595726 0.02812099 0.595726 0.04222971 0.595726 0.05475902 0.6142585 0.03415811 0.8893929 0.1437697 0.8893929 0.1629402 0.8490427 0.1437697 0.8490427 0.1437697 0.8893929 0.1629402 0.8490427 0.1625593 0.8490427 0.1437697 0.8490427 0.1625593 0.7958658 0.1437697 0.8893929 0.1888371 0.8490427 0.1625593 0.8893929 0.1629402 0.7958658 0.1437697 0.8490427 0.1625593 0.7958658 0.1620191 0.7958658 0.1437697 0.7958658 0.1620191 0.7531027 0.1437697 0.8490427 0.1884903 0.8490427 0.1625593 0.8893929 0.1888371 0.8490427 0.1884903 0.7958658 0.1620191 0.8490427 0.1625593 0.7531027 0.1437697 0.7958658 0.1620191 0.7531027 0.1624935 0.7531027 0.1437697 0.7531027 0.1624935 0.7130954 0.1437697 0.7958658 0.1879986 0.7958658 0.1620191 0.8490427 0.1884903 0.7958658 0.1879986 0.7531027 0.1624935 0.7958658 0.1620191 0.8490427 0.1884903 0.8893929 0.1888371 0.8490427 0.214186 0.8490427 0.1884903 0.8490427 0.214186 0.7958658 0.1879986 0.8893929 0.2207124 0.8490427 0.214186 0.8893929 0.1888371 0.8893929 0.2207124 0.8893929 0.2598785 0.8490427 0.214186 0.7130954 0.1437697 0.7531027 0.1624935 0.7130954 0.1629402 0.7130954 0.1437697 0.7130954 0.1629402 0.6696665 0.1437697 0.7531027 0.1884305 0.7130954 0.1629402 0.7531027 0.1624935 0.7531027 0.1884305 0.7531027 0.1624935 0.7958658 0.1879986 0.6696665 0.1437697 0.7130954 0.1629402 0.6696665 0.1609691 0.6696665 0.1437697 0.6696665 0.1609691 0.621266 0.1437697 0.7130954 0.1888371 0.7130954 0.1629402 0.7531027 0.1884305 0.7130954 0.1888371 0.6696665 0.1609691 0.7130954 0.1629402 0.621266 0.1437697 0.6696665 0.1609691 0.621266 0.159963 0.621266 0.1437697 0.621266 0.159963 0.5732586 0.1437697 0.6696665 0.1870429 0.6696665 0.1609691 0.7130954 0.1888371 0.6696665 0.1870429 0.621266 0.159963 0.6696665 0.1609691 0.5732586 0.1437697 0.621266 0.159963 0.5732586 0.1608899 0.5732586 0.1437697 0.5732586 0.1608899 0.5289179 0.1437697 0.5289179 0.1437697 0.5732586 0.1608899 0.5289179 0.1629402 0.621266 0.186127 0.621266 0.159963 0.6696665 0.1870429 0.621266 0.186127 0.5732586 0.1608899 0.621266 0.159963 0.5732586 0.1869708 0.5289179 0.1629402 0.5732586 0.1608899 0.5732586 0.1869708 0.5732586 0.1608899 0.621266 0.186127 0.5289179 0.1888371 0.5289179 0.1629402 0.5732586 0.1869708 0.5289179 0.1888371 0.5732586 0.1869708 0.5289179 0.2207124 0.5732586 0.2183104 0.5289179 0.2207124 0.5732586 0.1869708 0.5732586 0.1869708 0.621266 0.186127 0.5732586 0.2183104 0.5732586 0.2183104 0.5732586 0.2452054 0.5289179 0.2207124 0.5289179 0.2207124 0.5732586 0.2452054 0.5289179 0.2598785 0.621266 0.2184028 0.5732586 0.2183104 0.621266 0.186127 0.5732586 0.2183104 0.621266 0.2184028 0.5732586 0.2452054 0.6696665 0.1870429 0.6696665 0.2177976 0.621266 0.186127 0.621266 0.186127 0.6696665 0.2177976 0.621266 0.2184028 0.6696665 0.1870429 0.7130954 0.1888371 0.6696665 0.2177976 0.7130954 0.2188172 0.6696665 0.2177976 0.7130954 0.1888371 0.7130954 0.1888371 0.7531027 0.1884305 0.7130954 0.2188172 0.6696665 0.2177976 0.6696665 0.2457942 0.621266 0.2184028 0.6696665 0.2177976 0.7130954 0.2188172 0.6696665 0.2457942 0.621266 0.2184028 0.6696665 0.2457942 0.621266 0.2421752 0.621266 0.2421752 0.5732586 0.2452054 0.621266 0.2184028 0.7531027 0.2146004 0.7130954 0.2188172 0.7531027 0.1884305 0.7531027 0.1884305 0.7958658 0.1879986 0.7531027 0.2146004 0.7130602 0.2715414 0.6696665 0.2457942 0.7130954 0.2188172 0.7130954 0.2188172 0.7531027 0.2146004 0.7130602 0.2715414 0.6696665 0.2457942 0.6696665 0.2664623 0.621266 0.2421752 0.6696665 0.2457942 0.7130602 0.2715414 0.6696665 0.2664623 0.621266 0.2421752 0.6212695 0.2637481 0.5732586 0.2452054 0.621266 0.2421752 0.6696665 0.2664623 0.6212695 0.2637481 0.5732586 0.2452054 0.6212695 0.2637481 0.5732586 0.2660207 0.5732586 0.2452054 0.5732586 0.2660207 0.5289179 0.2598785 0.6696725 0.3326557 0.6212695 0.2637481 0.6696665 0.2664623 0.6696725 0.3326557 0.6696665 0.2664623 0.7130602 0.2715414 0.6212863 0.3326557 0.5732586 0.2660207 0.6212695 0.2637481 0.6212863 0.3326557 0.6212695 0.2637481 0.6696725 0.3326557 0.5739552 0.3326557 0.5289179 0.2598785 0.5732586 0.2660207 0.5739552 0.3326557 0.5732586 0.2660207 0.6212863 0.3326557 0.5289179 0.2598785 0.5739552 0.3326557 0.5288738 0.3326557 0.5739552 0.3326557 0.5415563 0.3871519 0.5288738 0.3326557 0.5288738 0.3326557 0.5415563 0.3871519 0.528849 0.3823823 0.5173255 0.3822525 0.528849 0.3823823 0.5177099 0.3865392 0.5177099 0.3865392 0.528849 0.3823823 0.5415563 0.3871519 0.5739552 0.3326557 0.5732646 0.3910239 0.5415563 0.3871519 0.5739552 0.3326557 0.6212863 0.3326557 0.5732646 0.3910239 0.5415563 0.3871519 0.5400648 0.4018856 0.5177099 0.3865392 0.5400648 0.4018856 0.5415563 0.3871519 0.5732646 0.3910239 0.5177099 0.3865392 0.5400648 0.4018856 0.5184154 0.401431 0.5184154 0.401431 0.5400648 0.4018856 0.5181713 0.4133216 0.5411631 0.4138067 0.5181713 0.4133216 0.5400648 0.4018856 0.5181713 0.4133216 0.5411631 0.4138067 0.5151129 0.4465733 0.5384806 0.4465693 0.5151129 0.4465733 0.5411631 0.4138067 0.5939258 0.4039763 0.5411631 0.4138067 0.5400648 0.4018856 0.5411631 0.4138067 0.5939258 0.4039763 0.5384806 0.4465693 0.5939258 0.4039763 0.5400648 0.4018856 0.5732646 0.3910239 0.6212999 0.4468848 0.5384806 0.4465693 0.5939258 0.4039763 0.5732646 0.3910239 0.6213006 0.3911954 0.5939258 0.4039763 0.5732646 0.3910239 0.6212863 0.3326557 0.6213006 0.3911954 0.5939258 0.4039763 0.6213005 0.4053003 0.6212999 0.4468848 0.6213005 0.4053003 0.5939258 0.4039763 0.6213006 0.3911954 0.6213005 0.4053003 0.6696725 0.4460411 0.6212999 0.4468848 0.6213006 0.3911954 0.6212863 0.3326557 0.6696725 0.3926764 0.6213006 0.3911954 0.6696725 0.3926764 0.6213005 0.4053003 0.6696725 0.3326557 0.6696725 0.3926764 0.6212863 0.3326557 0.6213005 0.4053003 0.6696725 0.4053003 0.6696725 0.4460411 0.6696725 0.4053003 0.6213005 0.4053003 0.6696725 0.3926764 0.6696725 0.3926764 0.6696725 0.3326557 0.7132568 0.3925685 0.6696725 0.3926764 0.7132568 0.3925685 0.6696725 0.4053003 0.6696725 0.4053003 0.7132567 0.4053003 0.6696725 0.4460411 0.7132567 0.4053003 0.6696725 0.4053003 0.7132568 0.3925685 0.7132567 0.4460247 0.6696725 0.4460411 0.7132567 0.4053003 0.7531087 0.4468609 0.7132567 0.4460247 0.7132567 0.4053003 0.713199 0.3326557 0.7132568 0.3925685 0.6696725 0.3326557 0.713199 0.3326557 0.6696725 0.3326557 0.7130602 0.2715414 0.7132568 0.3925685 0.7531087 0.3914646 0.7132567 0.4053003 0.7132568 0.3925685 0.713199 0.3326557 0.7531087 0.3914646 0.7132567 0.4053003 0.7531086 0.4053003 0.7531087 0.4468609 0.7531086 0.4053003 0.7132567 0.4053003 0.7531087 0.3914646 0.7130602 0.2715414 0.7531027 0.2750772 0.713199 0.3326557 0.7130602 0.2715414 0.7531027 0.2146004 0.7531027 0.2750772 0.7531087 0.3326557 0.713199 0.3326557 0.7531027 0.2750772 0.7531087 0.3326557 0.7531087 0.3914646 0.713199 0.3326557 0.7531027 0.2146004 0.7958658 0.2805231 0.7531027 0.2750772 0.7531027 0.2750772 0.7958658 0.2805231 0.7531087 0.3326557 0.7958658 0.2111216 0.7958658 0.2805231 0.7531027 0.2146004 0.7958658 0.2111216 0.7531027 0.2146004 0.7958658 0.1879986 0.7958658 0.1879986 0.8490427 0.214186 0.7958658 0.2111216 0.7958658 0.2111216 0.8490427 0.214186 0.7958658 0.2805231 0.8490427 0.2764611 0.7958658 0.2805231 0.8490427 0.214186 0.8490427 0.2764611 0.8490427 0.214186 0.8893929 0.2598785 0.8893929 0.2598785 0.8892366 0.3326557 0.8490427 0.2764611 0.7958658 0.2805231 0.8490427 0.2764611 0.7961787 0.3326557 0.7961787 0.3326557 0.7531087 0.3326557 0.7958658 0.2805231 0.8490427 0.2764611 0.8892366 0.3326557 0.8483582 0.3326557 0.8483582 0.3326557 0.7961787 0.3326557 0.8490427 0.2764611 0.8892366 0.3326557 0.8889121 0.3759331 0.8483582 0.3326557 0.7961787 0.3326557 0.7964854 0.3904014 0.7531087 0.3326557 0.7961787 0.3326557 0.8483582 0.3326557 0.7964854 0.3904014 0.7531087 0.3914646 0.7531087 0.3326557 0.7964854 0.3904014 0.8483582 0.3326557 0.8889121 0.3759331 0.8490487 0.3874926 0.8490487 0.3874926 0.7964854 0.3904014 0.8483582 0.3326557 0.8958774 0.3814625 0.8490487 0.3874926 0.8889121 0.3759331 0.8924375 0.3914387 0.8490487 0.3874926 0.8958774 0.3814625 0.7964854 0.3904014 0.7964854 0.4059243 0.7531087 0.3914646 0.7964854 0.4059243 0.7531086 0.4053003 0.7531087 0.3914646 0.8490487 0.3874926 0.8490485 0.4059243 0.7964854 0.3904014 0.8490487 0.3874926 0.8924375 0.3914387 0.8490485 0.4059243 0.7964854 0.4059243 0.7964854 0.3904014 0.8490485 0.4059243 0.8958768 0.4059243 0.8490485 0.4059243 0.8924375 0.3914387 0.8958768 0.4059243 0.8958764 0.4358453 0.8490485 0.4059243 0.7964854 0.4059243 0.7964854 0.4358399 0.7531086 0.4053003 0.7964854 0.4059243 0.8490485 0.4059243 0.7964854 0.4358399 0.7531086 0.4053003 0.7964854 0.4358399 0.7531087 0.4468609 0.7964854 0.4469172 0.7531087 0.4468609 0.7964854 0.4358399 0.7964854 0.4469172 0.7964854 0.4358399 0.8474276 0.4461914 0.8490481 0.4358429 0.8490485 0.4059243 0.8958764 0.4358453 0.8490481 0.4358429 0.7964854 0.4358399 0.8490485 0.4059243 0.8490481 0.4358429 0.8474276 0.4461914 0.7964854 0.4358399 0.8958764 0.4358453 0.8958762 0.4470755 0.8490481 0.4358429 0.8474276 0.4461914 0.8490481 0.4358429 0.8958762 0.4470755 0.5151129 0.4465733 0.542523 0.4465693 0.5181713 0.4133216 0.5425236 0.4138067 0.5181713 0.4133216 0.542523 0.4465693 0.5181713 0.4133216 0.5425236 0.4138067 0.5184154 0.401431 0.542523 0.4465693 0.6212998 0.4468848 0.5425236 0.4138067 0.5400647 0.4018856 0.5184154 0.401431 0.5425236 0.4138067 0.5400647 0.4018856 0.5177099 0.3865392 0.5184154 0.401431 0.5939257 0.4039763 0.5425236 0.4138067 0.6212998 0.4468848 0.5425236 0.4138067 0.5939257 0.4039763 0.5400647 0.4018856 0.5177099 0.3865392 0.528849 0.3823814 0.5173255 0.3822525 0.6213005 0.4053003 0.5939257 0.4039763 0.6212998 0.4468848 0.528849 0.3823814 0.5177099 0.3865392 0.5415564 0.3871503 0.5177099 0.3865392 0.5400647 0.4018856 0.5415564 0.3871503 0.528849 0.3823814 0.5415564 0.3871503 0.5288749 0.3326542 0.6696717 0.4460414 0.6213005 0.4053003 0.6212998 0.4468848 0.5288749 0.3326542 0.5415564 0.3871503 0.5739563 0.3326551 0.5288749 0.3326542 0.5739563 0.3326551 0.5289179 0.2598785 0.5732646 0.3910236 0.5415564 0.3871503 0.5400647 0.4018856 0.5939257 0.4039763 0.5732646 0.3910236 0.5400647 0.4018856 0.5415564 0.3871503 0.5732646 0.3910236 0.5739563 0.3326551 0.5939257 0.4039763 0.6213005 0.4053003 0.5732646 0.3910236 0.6696723 0.4053003 0.6213005 0.4053003 0.6696717 0.4460414 0.6696717 0.4460414 0.7132559 0.446025 0.6696723 0.4053003 0.6213007 0.3911957 0.5732646 0.3910236 0.6213005 0.4053003 0.6213005 0.4053003 0.6696723 0.4053003 0.6213007 0.3911957 0.6212874 0.332656 0.5732646 0.3910236 0.6213007 0.3911957 0.5732646 0.3910236 0.6212874 0.332656 0.5739563 0.3326551 0.6696725 0.3926777 0.6213007 0.3911957 0.6696723 0.4053003 0.6213007 0.3911957 0.6696725 0.3926777 0.6212874 0.332656 0.7132566 0.4053003 0.6696723 0.4053003 0.7132559 0.446025 0.6696723 0.4053003 0.7132566 0.4053003 0.6696725 0.3926777 0.7132566 0.4053003 0.7132559 0.446025 0.7531078 0.4468614 0.7132568 0.3925706 0.6696725 0.3926777 0.7132566 0.4053003 0.7531084 0.4053003 0.7132566 0.4053003 0.7531078 0.4468614 0.7132566 0.4053003 0.7531084 0.4053003 0.7132568 0.3925706 0.6696737 0.332657 0.6212874 0.332656 0.6696725 0.3926777 0.6696725 0.3926777 0.7132568 0.3925706 0.6696737 0.332657 0.7531078 0.4468614 0.7964847 0.4358435 0.7531084 0.4053003 0.7531078 0.4468614 0.7964846 0.4469178 0.7964847 0.4358435 0.7964846 0.4469178 0.8474276 0.4461915 0.7964847 0.4358435 0.7531087 0.3914675 0.7132568 0.3925706 0.7531084 0.4053003 0.8490479 0.4358444 0.7964847 0.4358435 0.8474276 0.4461915 0.8474276 0.4461915 0.8958762 0.4470755 0.8490479 0.4358444 0.8958764 0.4358453 0.8490479 0.4358444 0.8958762 0.4470755 0.8958764 0.4358453 0.8958768 0.4059243 0.8490479 0.4358444 0.7531084 0.4053003 0.7964847 0.4358435 0.7964852 0.4059243 0.7531084 0.4053003 0.7964852 0.4059243 0.7531087 0.3914675 0.8490479 0.4358444 0.8490485 0.4059243 0.7964847 0.4358435 0.8490485 0.4059243 0.8490479 0.4358444 0.8958768 0.4059243 0.7964852 0.4059243 0.7964847 0.4358435 0.8490485 0.4059243 0.8958768 0.4059243 0.8924375 0.3914387 0.8490485 0.4059243 0.8490485 0.4059243 0.7964854 0.3904051 0.7964852 0.4059243 0.7531087 0.3914675 0.7964852 0.4059243 0.7964854 0.3904051 0.8490487 0.3874949 0.8490485 0.4059243 0.8924375 0.3914387 0.7964854 0.3904051 0.8490485 0.4059243 0.8490487 0.3874949 0.8958774 0.3814625 0.8490487 0.3874949 0.8924375 0.3914387 0.8490487 0.3874949 0.8958774 0.3814625 0.8889123 0.3759371 0.8490487 0.3874949 0.8889123 0.3759371 0.8483594 0.3326603 0.8490487 0.3874949 0.8483594 0.3326603 0.7964854 0.3904051 0.8483594 0.3326603 0.8889123 0.3759371 0.8892378 0.332661 0.7961727 0.3320308 0.7964854 0.3904051 0.8483594 0.3326603 0.8483594 0.3326603 0.8892378 0.332661 0.8490427 0.2764611 0.8483594 0.3326603 0.8490427 0.2764611 0.7961727 0.3320308 0.8490427 0.2764611 0.8892378 0.332661 0.8893929 0.2598785 0.7961727 0.3320308 0.7531098 0.3326585 0.7964854 0.3904051 0.7531087 0.3914675 0.7964854 0.3904051 0.7531098 0.3326585 0.7961727 0.3320308 0.8490427 0.2764611 0.7958658 0.2805231 0.7961727 0.3320308 0.7958658 0.2805231 0.7531098 0.3326585 0.8490427 0.2764611 0.8893929 0.2598785 0.8490427 0.214186 0.8490427 0.214186 0.7958658 0.2805231 0.8490427 0.2764611 0.8490427 0.214186 0.8893929 0.2598785 0.8893929 0.2207124 0.8893929 0.2207124 0.8893929 0.1888371 0.8490427 0.214186 0.7531098 0.3326585 0.7132002 0.3326578 0.7531087 0.3914675 0.7132568 0.3925706 0.7531087 0.3914675 0.7132002 0.3326578 0.7132002 0.3326578 0.6696737 0.332657 0.7132568 0.3925706 0.7531027 0.2750772 0.7132002 0.3326578 0.7531098 0.3326585 0.7531098 0.3326585 0.7958658 0.2805231 0.7531027 0.2750772 0.7130602 0.2715414 0.6696737 0.332657 0.7132002 0.3326578 0.7132002 0.3326578 0.7531027 0.2750772 0.7130602 0.2715414 0.7531027 0.2750772 0.7958658 0.2805231 0.7531027 0.2146004 0.7531027 0.2750772 0.7531027 0.2146004 0.7130602 0.2715414 0.7531027 0.2146004 0.7958658 0.2805231 0.7958658 0.2111216 0.7958658 0.2805231 0.8490427 0.214186 0.7958658 0.2111216 0.6696737 0.332657 0.7130602 0.2715414 0.6696665 0.2664623 0.6696737 0.332657 0.6696665 0.2664623 0.6212874 0.332656 0.7958658 0.2111216 0.8490427 0.214186 0.7958658 0.1879986 0.7958658 0.2111216 0.7958658 0.1879986 0.7531027 0.2146004 0.6212874 0.332656 0.6696665 0.2664623 0.6212695 0.2637481 0.6212874 0.332656 0.6212695 0.2637481 0.5739563 0.3326551 0.6696665 0.2457942 0.6696665 0.2664623 0.7130602 0.2715414 0.6696665 0.2457942 0.6212695 0.2637481 0.6696665 0.2664623 0.7130954 0.2188172 0.7130602 0.2715414 0.7531027 0.2146004 0.7130602 0.2715414 0.7130954 0.2188172 0.6696665 0.2457942 0.5739563 0.3326551 0.6212695 0.2637481 0.5732586 0.2660207 0.5739563 0.3326551 0.5732586 0.2660207 0.5289179 0.2598785 0.621266 0.2421752 0.5732586 0.2660207 0.6212695 0.2637481 0.621266 0.2421752 0.6212695 0.2637481 0.6696665 0.2457942 0.5289179 0.2598785 0.5732586 0.2660207 0.5732586 0.2452054 0.5732586 0.2452054 0.5732586 0.2660207 0.621266 0.2421752 0.5289179 0.2598785 0.5732586 0.2452054 0.5289179 0.2207124 0.621266 0.2421752 0.6696665 0.2457942 0.621266 0.2184028 0.621266 0.2421752 0.621266 0.2184028 0.5732586 0.2452054 0.5732586 0.2183104 0.5289179 0.2207124 0.5732586 0.2452054 0.5732586 0.2452054 0.621266 0.2184028 0.5732586 0.2183104 0.5732586 0.2183104 0.5732586 0.1869708 0.5289179 0.2207124 0.5289179 0.2207124 0.5732586 0.1869708 0.5289179 0.1888371 0.5289179 0.1888371 0.5732586 0.1869708 0.5289179 0.1629402 0.621266 0.2184028 0.621266 0.186127 0.5732586 0.2183104 0.5732586 0.2183104 0.621266 0.186127 0.5732586 0.1869708 0.6696665 0.2177976 0.621266 0.2184028 0.6696665 0.2457942 0.621266 0.2184028 0.6696665 0.2177976 0.621266 0.186127 0.6696665 0.2457942 0.7130954 0.2188172 0.6696665 0.2177976 0.5732586 0.1608899 0.5289179 0.1629402 0.5732586 0.1869708 0.5732586 0.1869708 0.621266 0.186127 0.5732586 0.1608899 0.5289179 0.1629402 0.5732586 0.1608899 0.5289179 0.1437697 0.5732586 0.1437697 0.5289179 0.1437697 0.5732586 0.1608899 0.5732586 0.1608899 0.621266 0.159963 0.5732586 0.1437697 0.621266 0.159963 0.5732586 0.1608899 0.621266 0.186127 0.621266 0.1437697 0.5732586 0.1437697 0.621266 0.159963 0.621266 0.186127 0.6696665 0.1870429 0.621266 0.159963 0.6696665 0.1870429 0.621266 0.186127 0.6696665 0.2177976 0.621266 0.159963 0.6696665 0.1609691 0.621266 0.1437697 0.6696665 0.1609691 0.621266 0.159963 0.6696665 0.1870429 0.6696665 0.1437697 0.621266 0.1437697 0.6696665 0.1609691 0.6696665 0.2177976 0.7130954 0.1888371 0.6696665 0.1870429 0.6696665 0.1870429 0.7130954 0.1888371 0.6696665 0.1609691 0.7130954 0.2188172 0.7130954 0.1888371 0.6696665 0.2177976 0.6696665 0.1609691 0.7130954 0.1629402 0.6696665 0.1437697 0.7130954 0.1629402 0.6696665 0.1609691 0.7130954 0.1888371 0.7130954 0.1437697 0.6696665 0.1437697 0.7130954 0.1629402 0.7130954 0.2188172 0.7531027 0.1884305 0.7130954 0.1888371 0.7130954 0.1888371 0.7531027 0.1884305 0.7130954 0.1629402 0.7531027 0.2146004 0.7531027 0.1884305 0.7130954 0.2188172 0.7531027 0.2146004 0.7958658 0.1879986 0.7531027 0.1884305 0.7130954 0.1629402 0.7531027 0.1624935 0.7130954 0.1437697 0.7531027 0.1624935 0.7130954 0.1629402 0.7531027 0.1884305 0.7531027 0.1884305 0.7958658 0.1879986 0.7531027 0.1624935 0.7531027 0.1437697 0.7130954 0.1437697 0.7531027 0.1624935 0.7531027 0.1624935 0.7958658 0.1620191 0.7531027 0.1437697 0.7958658 0.1620191 0.7531027 0.1624935 0.7958658 0.1879986 0.7958658 0.1437697 0.7531027 0.1437697 0.7958658 0.1620191 0.7958658 0.1879986 0.8490427 0.1884903 0.7958658 0.1620191 0.8490427 0.1884903 0.7958658 0.1879986 0.8490427 0.214186 0.8490427 0.214186 0.8893929 0.1888371 0.8490427 0.1884903 0.7958658 0.1620191 0.8490427 0.1625593 0.7958658 0.1437697 0.8490427 0.1625593 0.7958658 0.1620191 0.8490427 0.1884903 0.8490427 0.1884903 0.8893929 0.1888371 0.8490427 0.1625593 0.8490427 0.1437697 0.7958658 0.1437697 0.8490427 0.1625593 0.8893929 0.1629402 0.8490427 0.1625593 0.8893929 0.1888371 0.8490427 0.1625593 0.8893929 0.1629402 0.8490427 0.1437697 0.8893929 0.1437697 0.8490427 0.1437697 0.8893929 0.1629402 0.9153051 0.3979551 0.9248613 0.4041856 0.9153051 0.4041576 0.9248613 0.3987768 0.9248613 0.4041856 0.9153051 0.3979551 0.9248613 0.3987768 0.9343587 0.4041856 0.9248613 0.4041856 0.9343587 0.3979551 0.9343587 0.4041856 0.9248613 0.3987768 0.9343587 0.3979551 0.9438623 0.4041856 0.9343587 0.4041856 0.9153051 0.3979551 0.9153051 0.3662932 0.9248613 0.3971334 0.9248613 0.3971334 0.9153051 0.3662932 0.9248613 0.3662932 0.9248613 0.3662932 0.9343587 0.3662932 0.9248613 0.3971334 0.9248613 0.3971334 0.9343587 0.3662932 0.9343587 0.3979551 0.9438623 0.3975762 0.9438623 0.4041856 0.9343587 0.3979551 0.9343587 0.3979551 0.9343587 0.3662932 0.9438623 0.3975762 0.9438623 0.3975762 0.9343587 0.3662932 0.9438623 0.3662932 0.9438623 0.3975762 0.9533522 0.4041856 0.9438623 0.4041856 0.9438623 0.3662932 0.9533522 0.3662932 0.9438623 0.3975762 0.9533522 0.3987397 0.9533522 0.4041856 0.9438623 0.3975762 0.9438623 0.3975762 0.9533522 0.3662932 0.9533522 0.3971675 0.9533522 0.3987397 0.9629093 0.4041294 0.9533522 0.4041856 0.9533522 0.3971675 0.9533522 0.3662932 0.9629093 0.3979551 0.9629093 0.3979551 0.9629093 0.4041294 0.9533522 0.3987397 0.9629093 0.3979551 0.9533522 0.3662932 0.9629093 0.3662932 0.9629093 0.3979551 0.9723517 0.4041294 0.9629093 0.4041294 0.9629093 0.3662932 0.9723517 0.3662932 0.9629093 0.3979551 0.9723517 0.3987018 0.9723517 0.4041294 0.9629093 0.3979551 0.9629093 0.3979551 0.9723517 0.3662932 0.9723517 0.397187 0.9723517 0.3987018 0.9819404 0.4041294 0.9723517 0.4041294 0.9723517 0.397187 0.9723517 0.3662932 0.9819404 0.397187 0.9819404 0.3987018 0.9819404 0.4041294 0.9723517 0.3987018 0.9819404 0.397187 0.9723517 0.3662932 0.9819404 0.3662932 0.9819404 0.3987018 0.9916424 0.4041576 0.9819404 0.4041294 0.9916424 0.3979551 0.9916424 0.4041576 0.9819404 0.3987018 0.9819404 0.3662932 0.9916424 0.3662932 0.9819404 0.397187 0.9819404 0.397187 0.9916424 0.3662932 0.9916424 0.3979551 0.9153051 0.3628205 0.9153051 0.3604182 0.9248613 0.3628205 0.9248613 0.3628205 0.9153051 0.3604182 0.9248613 0.3604182 0.9248613 0.3628205 0.9248613 0.3604182 0.9343587 0.3628205 0.9153051 0.3604182 0.9153051 0.3527124 0.9248613 0.3604182 0.9343587 0.3628205 0.9248613 0.3604182 0.9343587 0.3604182 0.9343587 0.3628205 0.9343587 0.3604182 0.9438623 0.3628205 0.9248613 0.3604182 0.9153051 0.3527124 0.9248613 0.3527124 0.9248613 0.3604182 0.9248613 0.3527124 0.9343587 0.3604182 0.9153051 0.3527124 0.9153051 0.3447049 0.9248613 0.3527124 0.9438623 0.3628205 0.9343587 0.3604182 0.9438623 0.3604182 0.9438623 0.3628205 0.9438623 0.3604182 0.9533522 0.3628205 0.9343587 0.3604182 0.9248613 0.3527124 0.9343587 0.3527124 0.9343587 0.3604182 0.9343587 0.3527124 0.9438623 0.3604182 0.9248613 0.3527124 0.9153051 0.3447049 0.9248613 0.3447049 0.9248613 0.3527124 0.9248613 0.3447049 0.9343587 0.3527124 0.9153051 0.3423026 0.9248613 0.3447049 0.9153051 0.3447049 0.9248613 0.3423026 0.9248613 0.3447049 0.9153051 0.3423026 0.9248613 0.3423026 0.9343587 0.3447049 0.9248613 0.3447049 0.9343587 0.3527124 0.9248613 0.3447049 0.9343587 0.3447049 0.9343587 0.3423026 0.9343587 0.3447049 0.9248613 0.3423026 0.9343587 0.3527124 0.9343587 0.3447049 0.9438623 0.3527124 0.9438623 0.3604182 0.9343587 0.3527124 0.9438623 0.3527124 0.9343587 0.3423026 0.9438623 0.3447049 0.9343587 0.3447049 0.9438623 0.3527124 0.9343587 0.3447049 0.9438623 0.3447049 0.9438623 0.3423026 0.9438623 0.3447049 0.9343587 0.3423026 0.9438623 0.3604182 0.9438623 0.3527124 0.9533522 0.3604182 0.9533522 0.3628205 0.9438623 0.3604182 0.9533522 0.3604182 0.9533522 0.3628205 0.9533522 0.3604182 0.9629093 0.3628205 0.9438623 0.3527124 0.9438623 0.3447049 0.9533522 0.3527124 0.9533522 0.3604182 0.9438623 0.3527124 0.9533522 0.3527124 0.9438623 0.3423026 0.9533522 0.3447049 0.9438623 0.3447049 0.9533522 0.3527124 0.9438623 0.3447049 0.9533522 0.3447049 0.9533522 0.3423026 0.9533522 0.3447049 0.9438623 0.3423026 0.9629093 0.3628205 0.9533522 0.3604182 0.9629093 0.3604182 0.9533522 0.3604182 0.9533522 0.3527124 0.9629093 0.3604182 0.9629093 0.3628205 0.9629093 0.3604182 0.9723517 0.3628205 0.9533522 0.3527124 0.9533522 0.3447049 0.9629093 0.3527124 0.9629093 0.3604182 0.9533522 0.3527124 0.9629093 0.3527124 0.9533522 0.3423026 0.9629093 0.3447049 0.9533522 0.3447049 0.9629093 0.3527124 0.9533522 0.3447049 0.9629093 0.3447049 0.9629093 0.3423026 0.9629093 0.3447049 0.9533522 0.3423026 0.9723517 0.3628205 0.9629093 0.3604182 0.9723517 0.3604182 0.9629093 0.3604182 0.9629093 0.3527124 0.9723517 0.3604182 0.9723517 0.3628205 0.9723517 0.3604182 0.9819404 0.3628205 0.9629093 0.3527124 0.9629093 0.3447049 0.9723517 0.3527124 0.9723517 0.3604182 0.9629093 0.3527124 0.9723517 0.3527124 0.9629093 0.3423026 0.9723517 0.3447049 0.9629093 0.3447049 0.9723517 0.3527124 0.9629093 0.3447049 0.9723517 0.3447049 0.9723517 0.3423026 0.9723517 0.3447049 0.9629093 0.3423026 0.9819404 0.3628205 0.9723517 0.3604182 0.9819404 0.3604182 0.9723517 0.3604182 0.9723517 0.3527124 0.9819404 0.3604182 0.9819404 0.3628205 0.9819404 0.3604182 0.9916424 0.3628205 0.9916424 0.3628205 0.9819404 0.3604182 0.9916424 0.3604182 0.9819404 0.3604182 0.9723517 0.3527124 0.9819404 0.3527124 0.9819404 0.3604182 0.9819404 0.3527124 0.9916424 0.3604182 0.9723517 0.3527124 0.9723517 0.3447049 0.9819404 0.3527124 0.9916424 0.3604182 0.9819404 0.3527124 0.9916424 0.3527124 0.9819404 0.3527124 0.9723517 0.3447049 0.9819404 0.3447049 0.9819404 0.3527124 0.9819404 0.3447049 0.9916424 0.3527124 0.9723517 0.3423026 0.9819404 0.3447049 0.9723517 0.3447049 0.9916424 0.3527124 0.9819404 0.3447049 0.9916424 0.3447049 0.9819404 0.3423026 0.9819404 0.3447049 0.9723517 0.3423026 0.9819404 0.3423026 0.9916424 0.3447049 0.9819404 0.3447049 0.9916424 0.3423026 0.9916424 0.3447049 0.9819404 0.3423026 0.9153051 0.2213565 0.9153051 0.21902 0.9248613 0.2213565 0.9248613 0.2213565 0.9153051 0.21902 0.9248613 0.21902 0.9248613 0.2213565 0.9248613 0.21902 0.9343587 0.2213565 0.9153051 0.21902 0.9153051 0.2109836 0.9248613 0.21902 0.9343587 0.2213565 0.9248613 0.21902 0.9343587 0.21902 0.9343587 0.2213565 0.9343587 0.21902 0.9438623 0.2213565 0.9248613 0.21902 0.9153051 0.2109836 0.9248613 0.2109836 0.9248613 0.21902 0.9248613 0.2109836 0.9343587 0.21902 0.9153051 0.2007644 0.9248613 0.2109836 0.9153051 0.2109836 0.9438623 0.2213565 0.9343587 0.21902 0.9438623 0.21902 0.9438623 0.2213565 0.9438623 0.21902 0.9533522 0.2213565 0.9343587 0.21902 0.9248613 0.2109836 0.9343587 0.2109836 0.9343587 0.21902 0.9343587 0.2109836 0.9438623 0.21902 0.9248613 0.2007644 0.9248613 0.2109836 0.9153051 0.2007644 0.9248613 0.2007644 0.9343587 0.2109836 0.9248613 0.2109836 0.9153051 0.198428 0.9248613 0.2007644 0.9153051 0.2007644 0.9248613 0.198428 0.9248613 0.2007644 0.9153051 0.198428 0.9248613 0.198428 0.9343587 0.2007644 0.9248613 0.2007644 0.9343587 0.2007644 0.9343587 0.2109836 0.9248613 0.2007644 0.9343587 0.198428 0.9343587 0.2007644 0.9248613 0.198428 0.9343587 0.2007644 0.9438623 0.2109836 0.9343587 0.2109836 0.9438623 0.21902 0.9343587 0.2109836 0.9438623 0.2109836 0.9343587 0.198428 0.9438623 0.2007644 0.9343587 0.2007644 0.9438623 0.2007644 0.9438623 0.2109836 0.9343587 0.2007644 0.9438623 0.198428 0.9438623 0.2007644 0.9343587 0.198428 0.9438623 0.21902 0.9438623 0.2109836 0.9533522 0.21902 0.9533522 0.2213565 0.9438623 0.21902 0.9533522 0.21902 0.9533522 0.2213565 0.9533522 0.21902 0.9629093 0.2213565 0.9438623 0.2007644 0.9533522 0.2109836 0.9438623 0.2109836 0.9533522 0.21902 0.9438623 0.2109836 0.9533522 0.2109836 0.9438623 0.198428 0.9533522 0.2007644 0.9438623 0.2007644 0.9533522 0.2007644 0.9533522 0.2109836 0.9438623 0.2007644 0.9533522 0.198428 0.9533522 0.2007644 0.9438623 0.198428 0.9629093 0.2213565 0.9533522 0.21902 0.9629093 0.21902 0.9533522 0.21902 0.9533522 0.2109836 0.9629093 0.21902 0.9629093 0.2213565 0.9629093 0.21902 0.9723517 0.2213565 0.9533522 0.2007644 0.9629093 0.2109836 0.9533522 0.2109836 0.9629093 0.21902 0.9533522 0.2109836 0.9629093 0.2109836 0.9533522 0.198428 0.9629093 0.2007644 0.9533522 0.2007644 0.9629093 0.2007644 0.9629093 0.2109836 0.9533522 0.2007644 0.9629093 0.198428 0.9629093 0.2007644 0.9533522 0.198428 0.9723517 0.2213565 0.9629093 0.21902 0.9723517 0.21902 0.9629093 0.21902 0.9629093 0.2109836 0.9723517 0.21902 0.9723517 0.2213565 0.9723517 0.21902 0.9819404 0.2213565 0.9629093 0.2007644 0.9723517 0.2109836 0.9629093 0.2109836 0.9723517 0.21902 0.9629093 0.2109836 0.9723517 0.2109836 0.9629093 0.198428 0.9723517 0.2007644 0.9629093 0.2007644 0.9723517 0.2007644 0.9723517 0.2109836 0.9629093 0.2007644 0.9723517 0.198428 0.9723517 0.2007644 0.9629093 0.198428 0.9819404 0.2213565 0.9723517 0.21902 0.9819404 0.21902 0.9723517 0.21902 0.9723517 0.2109836 0.9819404 0.21902 0.9819404 0.2213565 0.9819404 0.21902 0.9916424 0.2213565 0.9916424 0.2213565 0.9819404 0.21902 0.9916424 0.21902 0.9819404 0.21902 0.9723517 0.2109836 0.9819404 0.2109836 0.9819404 0.21902 0.9819404 0.2109836 0.9916424 0.21902 0.9723517 0.2007644 0.9819404 0.2109836 0.9723517 0.2109836 0.9916424 0.21902 0.9819404 0.2109836 0.9916424 0.2109836 0.9819404 0.2007644 0.9819404 0.2109836 0.9723517 0.2007644 0.9819404 0.2007644 0.9916424 0.2109836 0.9819404 0.2109836 0.9723517 0.198428 0.9819404 0.2007644 0.9723517 0.2007644 0.9916424 0.2007644 0.9916424 0.2109836 0.9819404 0.2007644 0.9819404 0.198428 0.9819404 0.2007644 0.9723517 0.198428 0.9819404 0.198428 0.9916424 0.2007644 0.9819404 0.2007644 0.9916424 0.198428 0.9916424 0.2007644 0.9819404 0.198428 1.279656 -0.2104402 1.292317 -0.2178792 1.276375 -0.19172 1.293359 -0.19228 1.276375 -0.19172 1.292317 -0.2178792 1.292317 -0.2178792 1.307489 -0.2190033 1.293359 -0.19228 1.313681 -0.187215 1.293359 -0.19228 1.307489 -0.2190033 1.313681 -0.187215 1.31241 -0.1462129 1.293359 -0.19228 1.294924 -0.1526384 1.276375 -0.19172 1.293359 -0.19228 1.293359 -0.19228 1.31241 -0.1462129 1.294924 -0.1526384 1.278308 -0.1487324 1.276375 -0.19172 1.294924 -0.1526384 1.31241 -0.1462129 1.304506 -0.1070318 1.294924 -0.1526384 1.294924 -0.1526384 1.293122 -0.1082956 1.278308 -0.1487324 1.294924 -0.1526384 1.304506 -0.1070318 1.293122 -0.1082956 1.278308 -0.1487324 1.293122 -0.1082956 1.282976 -0.1066584 1.293453 -0.0666325 1.293122 -0.1082956 1.304506 -0.1070318 1.293453 -0.0666325 1.282976 -0.1066584 1.293122 -0.1082956 0.4309203 -0.1827764 0.3910765 -0.2315108 0.4121953 -0.223959 0.3949666 -0.1870945 0.3910765 -0.2315108 0.4309203 -0.1827764 0.3912889 -0.06887054 0.3949666 -0.1870945 0.4309203 -0.1827764 0.3632158 -0.1840093 0.3949666 -0.1870945 0.3912889 -0.06887054 0.3632158 -0.1840093 0.3910765 -0.2315108 0.3949666 -0.1870945 0.3720378 -0.2314579 0.3910765 -0.2315108 0.3632158 -0.1840093 3.490913 0.8122829 3.473697 0.7717478 3.493404 0.7755579 3.475938 0.8087061 3.473697 0.7717478 3.490913 0.8122829 3.490913 0.8122829 3.485247 0.895928 3.475938 0.8087061 3.475938 0.8087061 3.458177 0.8609375 3.473697 0.7717478 3.4501 0.7873782 3.473697 0.7717478 3.458177 0.8609375 3.4501 0.7873782 3.458177 0.8609375 3.418329 0.7642129 3.44703 0.8687201 3.418329 0.7642129 3.458177 0.8609375 3.475938 0.8087061 3.485247 0.895928 3.47772 0.8933526 3.475938 0.8087061 3.47772 0.8933526 3.458177 0.8609375 3.482247 0.9300475 3.47772 0.8933526 3.485247 0.895928 3.458177 0.8609375 3.466827 0.8944879 3.44703 0.8687201 3.458177 0.8609375 3.47772 0.8933526 3.466827 0.8944879 3.482247 0.9300475 3.466827 0.8944879 3.47772 0.8933526 3.44703 0.8687201 3.466827 0.8944879 3.458562 0.8998085 3.482247 0.9300475 3.458562 0.8998085 3.466827 0.8944879 2.134051 0.7656439 2.179351 0.7760015 2.14369 0.8405276 2.14369 0.8405276 2.179351 0.7760015 2.186524 0.8337112 2.186524 0.8337112 2.179351 0.7760015 2.219492 0.7845124 2.186524 0.8337112 2.219492 0.7845124 2.220703 0.842803 2.186524 0.8337112 2.184551 0.8936155 2.14369 0.8405276 2.186524 0.8337112 2.220703 0.842803 2.184551 0.8936155 2.14369 0.8405276 2.184551 0.8936155 2.160234 0.8948827 2.203663 0.8954598 2.184551 0.8936155 2.220703 0.842803 2.188044 0.9350652 2.160234 0.8948827 2.184551 0.8936155 2.188044 0.9350652 2.184551 0.8936155 2.203663 0.8954598 0.6872182 0.5714828 0.6875592 0.543562 0.6645634 0.5714828 0.6633812 0.5435453 0.6645634 0.5714828 0.6875592 0.543562 0.6645634 0.5714828 0.6633812 0.5435453 0.6465862 0.5714828 0.6633812 0.5435453 0.6875592 0.543562 0.6832706 0.4983269 0.6888647 0.4983269 0.6832706 0.4983269 0.6875592 0.543562 0.6888647 0.4983269 0.6888434 0.4940159 0.6832706 0.4983269 0.6462552 0.5435453 0.6465862 0.5714828 0.6633812 0.5435453 0.6465862 0.5714828 0.6462552 0.5435453 0.6321469 0.5714828 0.6832769 0.4940159 0.6832706 0.4983269 0.6888434 0.4940159 0.6832769 0.4940159 0.6888434 0.4940159 0.6876277 0.4643552 0.6633812 0.5435453 0.6832706 0.4983269 0.6691557 0.4983269 0.6691557 0.4983269 0.6462552 0.5435453 0.6633812 0.5435453 0.6832769 0.4940159 0.6688391 0.4940159 0.6832706 0.4983269 0.6688391 0.4940159 0.6832769 0.4940159 0.6876277 0.4643552 0.6691557 0.4983269 0.6832706 0.4983269 0.6688391 0.4940159 0.6688391 0.4940159 0.6876277 0.4643552 0.6700676 0.4643552 0.6466394 0.4983269 0.6462552 0.5435453 0.6691557 0.4983269 0.6691557 0.4983269 0.6688391 0.4940159 0.6466394 0.4983269 0.6688391 0.4940159 0.6700676 0.4643552 0.6477013 0.4940159 0.6473167 0.4643552 0.6477013 0.4940159 0.6700676 0.4643552 0.6466394 0.4942589 0.6466394 0.4983269 0.6688391 0.4940159 0.6473167 0.4643552 0.632297 0.4643552 0.6477013 0.4940159 0.6466394 0.4942589 0.6319456 0.4942589 0.6466394 0.4983269 0.6319456 0.4942589 0.6477013 0.4940159 0.632297 0.4643552 0.632297 0.4643552 0.6175948 0.4643552 0.6319456 0.4942589 0.6466394 0.4983269 0.6321467 0.5435453 0.6462552 0.5435453 0.6321467 0.5435453 0.6321469 0.5714828 0.6462552 0.5435453 0.6320442 0.4983269 0.6466394 0.4983269 0.6319456 0.4942589 0.6320442 0.4983269 0.6321467 0.5435453 0.6466394 0.4983269 0.6321467 0.5435453 0.6175177 0.5435453 0.6321469 0.5714828 0.6320442 0.4983269 0.6175177 0.5435453 0.6321467 0.5435453 0.6176122 0.5714828 0.6321469 0.5714828 0.6175177 0.5435453 0.6176122 0.5714828 0.6175177 0.5435453 0.5971429 0.5714828 0.6319456 0.4942589 0.617316 0.4942589 0.6320442 0.4983269 0.617316 0.4942589 0.6319456 0.4942589 0.6175948 0.4643552 0.617316 0.4983269 0.6175177 0.5435453 0.6320442 0.4983269 0.617316 0.4983269 0.6320442 0.4983269 0.617316 0.4942589 0.5971675 0.5434531 0.5971429 0.5714828 0.6175177 0.5435453 0.617316 0.4983269 0.5971675 0.5434531 0.6175177 0.5435453 0.617316 0.4942589 0.6175948 0.4643552 0.5971486 0.4940159 0.596935 0.4643552 0.5971486 0.4940159 0.6175948 0.4643552 0.617316 0.4983269 0.617316 0.4942589 0.5965854 0.4983269 0.5971486 0.4940159 0.5965854 0.4983269 0.617316 0.4942589 0.5965854 0.4983269 0.5971675 0.5434531 0.617316 0.4983269 0.596935 0.4643552 0.5716263 0.4643552 0.5971486 0.4940159 0.5971486 0.4940159 0.572731 0.4940159 0.5965854 0.4983269 0.5971486 0.4940159 0.5716263 0.4643552 0.572731 0.4940159 0.5734314 0.4983269 0.5971675 0.5434531 0.5965854 0.4983269 0.5965854 0.4983269 0.572731 0.4940159 0.5734314 0.4983269 0.5736323 0.5432686 0.5971429 0.5714828 0.5971675 0.5434531 0.5736323 0.5432686 0.5971675 0.5434531 0.5734314 0.4983269 0.5971429 0.5714828 0.5736323 0.5432686 0.5736324 0.5714828 0.5736323 0.5432686 0.5402006 0.5714828 0.5736324 0.5714828 0.5404436 0.5432686 0.5402006 0.5714828 0.5736323 0.5432686 0.5734314 0.4983269 0.5404436 0.5432686 0.5736323 0.5432686 0.5402006 0.5714828 0.5404436 0.5432686 0.5086375 0.5714828 0.5086375 0.5432686 0.5086375 0.5714828 0.5404436 0.5432686 0.5404436 0.5432686 0.5404316 0.4983269 0.5086375 0.5432686 0.5404316 0.4983269 0.5404436 0.5432686 0.5734314 0.4983269 0.5087972 0.4983269 0.5086375 0.5432686 0.5404316 0.4983269 0.5404316 0.4983269 0.5087872 0.4940159 0.5087972 0.4983269 0.5734314 0.4983269 0.5405251 0.4940159 0.5404316 0.4983269 0.5405251 0.4940159 0.5087872 0.4940159 0.5404316 0.4983269 0.572731 0.4940159 0.5405251 0.4940159 0.5734314 0.4983269 0.5716263 0.4643552 0.5405251 0.4940159 0.572731 0.4940159 0.5405251 0.4940159 0.508808 0.4643552 0.5087872 0.4940159 0.5405251 0.4940159 0.5716263 0.4643552 0.5406141 0.4643552 0.5406141 0.4643552 0.508808 0.4643552 0.5405251 0.4940159 0.2274349 0.1630675 0.2487701 0.140612 0.2382466 0.1670181 0.2592962 0.1496475 0.2382466 0.1670181 0.2487701 0.140612 0.2487701 0.140612 0.2628598 0.1391634 0.2592962 0.1496475 0.2693049 0.157388 0.2382466 0.1670181 0.2592962 0.1496475 0.2693049 0.157388 0.2592962 0.1496475 0.2628598 0.1391634 0.2628598 0.1391634 0.2953876 0.1380728 0.2693049 0.157388 0.2956594 0.1572749 0.2693049 0.157388 0.2953876 0.1380728 0.248211 0.1719125 0.2382466 0.1670181 0.2693049 0.157388 0.2956594 0.1572749 0.2956594 0.1778547 0.2693049 0.157388 0.2693049 0.157388 0.2764225 0.1793217 0.248211 0.1719125 0.2693049 0.157388 0.2956594 0.1778547 0.2764225 0.1793217 0.248211 0.1719125 0.2764225 0.1793217 0.2579592 0.1855411 0.2956594 0.1926776 0.2764225 0.1793217 0.2956594 0.1778547 0.281667 0.1926776 0.2579592 0.1855411 0.2764225 0.1793217 0.281667 0.1926776 0.2764225 0.1793217 0.2956594 0.1926776 0.2646189 0.1926777 0.2579592 0.1855411 0.281667 0.1926776 0.2956594 0.1926776 0.2833231 0.2034232 0.281667 0.1926776 0.281667 0.1926776 0.2833231 0.2034232 0.2646189 0.1926777 0.7895002 0.9770708 0.7895002 0.9825062 0.8225519 0.9604665 0.7895002 0.9726589 0.7895002 0.9770708 0.8225519 0.9604665 0.7895002 0.9671152 0.7895002 0.9726589 0.8225519 0.9604665 0.7895002 0.9604942 0.7895002 0.9671152 0.8225519 0.9604665 0.7895002 0.954114 0.7895002 0.9604942 0.8225519 0.9604665 0.7895002 0.948105 0.7895002 0.954114 0.8225519 0.9604665 0.7895002 0.9434557 0.7895002 0.948105 0.8225519 0.9604665 0.7895002 0.9389299 0.7895002 0.9434557 0.8225519 0.9604665 0.7895002 0.9434557 0.7895002 0.9389299 0.8225519 0.9604665 0.7895002 0.948105 0.7895002 0.9434557 0.8225519 0.9604665 0.7895002 0.954114 0.7895002 0.948105 0.8225519 0.9604665 0.7895002 0.9604942 0.7895002 0.954114 0.8225519 0.9604665 0.7895002 0.9671152 0.7895002 0.9604942 0.8225519 0.9604665 0.7895002 0.9726589 0.7895002 0.9671152 0.8225519 0.9604665 0.7895002 0.9770708 0.7895002 0.9726589 0.8225519 0.9604665 0.7895002 0.9825062 0.7895002 0.9770708 0.8225519 0.9604665 0.9255332 0.4509903 0.9586972 0.4702747 0.9154055 0.4509903 0.9338945 0.4520043 0.9586972 0.4702747 0.9255332 0.4509903 0.9432047 0.4509903 0.9586972 0.4702747 0.9338945 0.4520043 0.9538238 0.4509903 0.9586972 0.4702747 0.9432047 0.4509903 0.9763541 0.452255 0.9586972 0.4702747 0.9538238 0.4509903 0.9847379 0.4509903 0.9586972 0.4702747 0.9763541 0.452255 0.9910688 0.4509903 0.9586972 0.4702747 0.9805987 0.4509903 0.9805987 0.4509903 0.9586972 0.4702747 0.9693991 0.4509903 0.9819404 0.1530051 0.9541684 0.1307824 0.9916424 0.154057 0.9723517 0.154057 0.9541684 0.1307824 0.9819404 0.1530051 0.9629093 0.1535919 0.9541684 0.1307824 0.9723517 0.154057 0.9533522 0.1546034 0.9541684 0.1307824 0.9629093 0.1535919 0.9533522 0.1546034 0.9438623 0.154057 0.9541684 0.1307824 0.9343587 0.154057 0.9541684 0.1307824 0.9438623 0.154057 0.9248613 0.154057 0.9541684 0.1307824 0.9343587 0.154057 0.9153051 0.154057 0.9541684 0.1307824 0.9248613 0.154057 0.7266742 0.6209889 0.7051551 0.6313189 0.6964676 0.6209889 0.7607398 0.6209889 0.7495744 0.6307681 0.7266742 0.6209889 0.7266742 0.6304253 0.7051551 0.6313189 0.7266742 0.6209889 0.7495744 0.6307681 0.7266742 0.6304253 0.7266742 0.6209889 0.7051551 0.6313189 0.7266742 0.6304253 0.7125281 0.6523452 0.7125281 0.6523452 0.7045571 0.6665978 0.7051551 0.6313189 0.7495744 0.6307681 0.7420625 0.6526008 0.7266742 0.6304253 0.7420625 0.6526008 0.7495744 0.6307681 0.7475126 0.6525097 0.7420625 0.6526008 0.7475126 0.6525097 0.7470825 0.6676895 0.7266742 0.6522588 0.7125281 0.6523452 0.7266742 0.6304253 0.7266742 0.6304253 0.7420625 0.6526008 0.7266742 0.6522588 0.7119341 0.6722068 0.7045571 0.6665978 0.7125281 0.6523452 0.7042108 0.6899008 0.7045571 0.6665978 0.7119341 0.6722068 0.7119341 0.6722068 0.7266742 0.6916263 0.7042108 0.6899008 0.7266742 0.6718734 0.7125281 0.6523452 0.7266742 0.6522588 0.7119341 0.6722068 0.7125281 0.6523452 0.7266742 0.6718734 0.7266742 0.6522588 0.7420625 0.6526008 0.7266742 0.6718734 0.7119341 0.6722068 0.7266742 0.6718734 0.7266742 0.6916263 0.7266742 0.6718734 0.7420625 0.6526008 0.7417808 0.6724742 0.7417808 0.6724742 0.7266742 0.6916263 0.7266742 0.6718734 0.7420625 0.6526008 0.7470825 0.6676895 0.7417808 0.6724742 0.7458271 0.6908583 0.7266742 0.6916263 0.7417808 0.6724742 0.7417808 0.6724742 0.7470825 0.6676895 0.7458271 0.6908583 0.985992 0.836845 0.9822209 0.836845 0.9909488 0.8265802 0.9945017 0.813421 0.9909488 0.8265802 0.9872694 0.8131393 0.9856101 0.8244705 0.9909488 0.8265802 0.9822209 0.836845 0.9872694 0.8131393 0.9909488 0.8265802 0.9856101 0.8244705 0.9856101 0.8244705 0.9822209 0.836845 0.9794105 0.8248001 0.9794105 0.8248001 0.9872694 0.8131393 0.9856101 0.8244705 0.9794105 0.8248001 0.9822209 0.836845 0.9781963 0.836845 0.9796988 0.8130363 0.9872694 0.8131393 0.9794105 0.8248001 0.9781963 0.836845 0.9714215 0.8242689 0.9794105 0.8248001 0.9714215 0.8242689 0.9796988 0.8130363 0.9794105 0.8248001 0.9708963 0.836845 0.9714215 0.8242689 0.9781963 0.836845 0.9722 0.8130866 0.9796988 0.8130363 0.9714215 0.8242689 0.9714215 0.8242689 0.9708963 0.836845 0.9669023 0.8259186 0.9669023 0.8259186 0.9722 0.8130866 0.9714215 0.8242689 0.9708963 0.836845 0.965624 0.836845 0.9669023 0.8259186 0.965978 0.8130741 0.9722 0.8130866 0.9669023 0.8259186 0.9669023 0.8259186 0.965624 0.836845 0.9596244 0.8257251 0.9669023 0.8259186 0.9596244 0.8257251 0.965978 0.8130741 0.956845 0.836845 0.9596244 0.8257251 0.965624 0.836845 0.965978 0.8130741 0.9596244 0.8257251 0.958252 0.8132213 0.9522688 0.8257721 0.9596244 0.8257251 0.956845 0.836845 0.958252 0.8132213 0.9596244 0.8257251 0.9502175 0.813306 0.9502175 0.813306 0.9596244 0.8257251 0.9522688 0.8257721 0.916337 0.7750936 0.9354932 0.7791792 0.9362004 0.7922959 0.916337 0.7750936 0.8898559 0.7930378 0.8904878 0.7794598 0.9362004 0.7922959 0.9152461 0.7865033 0.916337 0.7750936 0.9152461 0.7865033 0.8898559 0.7930378 0.916337 0.7750936 0.9152461 0.7865033 0.9362004 0.7922959 0.9159331 0.8046378 0.9152461 0.7865033 0.9159331 0.8046378 0.8898559 0.7930378 0.9307114 0.8067675 0.9159331 0.8046378 0.9362004 0.7922959 0.9307114 0.8067675 0.9362004 0.7922959 0.936701 0.8101275 0.9015084 0.8060681 0.8898559 0.7930378 0.9159331 0.8046378 0.9015084 0.8060681 0.8901905 0.810697 0.8898559 0.7930378 0.9159331 0.8046378 0.9307114 0.8067675 0.9161787 0.8237482 0.9161787 0.8237482 0.9015084 0.8060681 0.9159331 0.8046378 0.9307114 0.8067675 0.936701 0.8101275 0.9293638 0.8239547 0.9161787 0.8237482 0.9307114 0.8067675 0.9293638 0.8239547 0.9293638 0.8239547 0.936701 0.8101275 0.9382397 0.8311202 0.899339 0.8246291 0.8901905 0.810697 0.9015084 0.8060681 0.899339 0.8246291 0.9015084 0.8060681 0.9161787 0.8237482 0.8891366 0.8380758 0.8901905 0.810697 0.899339 0.8246291 0.9382397 0.8311202 0.93097 0.8366142 0.9293638 0.8239547 0.9382397 0.8311202 0.9359086 0.8513348 0.93097 0.8366142 0.9293638 0.8239547 0.9156221 0.8360591 0.9161787 0.8237482 0.9156221 0.8360591 0.9293638 0.8239547 0.93097 0.8366142 0.899339 0.8246291 0.9161787 0.8237482 0.9156221 0.8360591 0.9331991 0.8578075 0.93097 0.8366142 0.9359086 0.8513348 0.93097 0.8366142 0.9331991 0.8578075 0.9156221 0.8360591 0.899339 0.8246291 0.8961777 0.8365312 0.8891366 0.8380758 0.9156221 0.8360591 0.8961777 0.8365312 0.899339 0.8246291 0.8891366 0.8380758 0.8961777 0.8365312 0.898508 0.8561535 0.9156221 0.8360591 0.898508 0.8561535 0.8961777 0.8365312 0.8891366 0.8380758 0.898508 0.8561535 0.8892456 0.8575687 0.9156221 0.8360591 0.9331991 0.8578075 0.9154986 0.8546982 0.9154986 0.8546982 0.898508 0.8561535 0.9156221 0.8360591 0.9252435 0.8770234 0.9331991 0.8578075 0.9359086 0.8513348 0.9331991 0.8578075 0.9252435 0.8770234 0.9154986 0.8546982 0.9359086 0.8513348 0.9333741 0.8831387 0.9252435 0.8770234 0.9172029 0.8933534 0.9252435 0.8770234 0.9333741 0.8831387 0.9252435 0.8770234 0.9138273 0.8799433 0.9154986 0.8546982 0.9138273 0.8799433 0.9252435 0.8770234 0.9172029 0.8933534 0.9008597 0.8764795 0.898508 0.8561535 0.9154986 0.8546982 0.9138273 0.8799433 0.9008597 0.8764795 0.9154986 0.8546982 0.9172029 0.8933534 0.9008597 0.8764795 0.9138273 0.8799433 0.8892456 0.8575687 0.898508 0.8561535 0.9008597 0.8764795 0.9005829 0.8870267 0.9008597 0.8764795 0.9172029 0.8933534 0.9005829 0.8870267 0.8892456 0.8575687 0.9008597 0.8764795 0.1775315 0.9489759 0.1538752 0.8649039 0.179804 0.8619184 0.1775315 0.9489759 0.179804 0.8619184 0.205932 0.8672419 0.1538752 0.8649039 0.1463306 0.8192495 0.179804 0.8619184 0.179804 0.8619184 0.1808214 0.8232872 0.205932 0.8672419 0.179804 0.8619184 0.1463306 0.8192495 0.1808214 0.8232872 0.205932 0.8672419 0.1808214 0.8232872 0.219034 0.823716 0.1463306 0.8192495 0.1391143 0.7534735 0.1808214 0.8232872 0.219034 0.823716 0.1808214 0.8232872 0.2283245 0.7686709 0.1808214 0.8232872 0.1391143 0.7534735 0.1807657 0.7534158 0.2283245 0.7686709 0.1808214 0.8232872 0.1807657 0.7534158 0.8985797 0.05484294 0.9091466 0.05475693 0.9089424 0.04207587 0.8985797 0.05484294 0.9088154 0.06701916 0.9091466 0.05475693 0.9089424 0.04207587 0.9091466 0.05475693 0.9288285 0.03068107 0.9091466 0.05475693 0.9088154 0.06701916 0.9292436 0.05483698 0.9288285 0.03068107 0.9091466 0.05475693 0.9292436 0.05483698 0.9292436 0.05483698 0.9088154 0.06701916 0.9287022 0.07845181 0.9288285 0.03068107 0.9292436 0.05483698 0.9544485 0.02432984 0.9292436 0.05483698 0.9287022 0.07845181 0.9545189 0.05479508 0.9545189 0.05479508 0.9544485 0.02432984 0.9292436 0.05483698 0.9550245 0.08433133 0.9545189 0.05479508 0.9287022 0.07845181 0.9545189 0.05479508 0.9752997 0.05475574 0.9544485 0.02432984 0.9550245 0.08433133 0.9752997 0.05475574 0.9545189 0.05479508 0.9544485 0.02432984 0.9752997 0.05475574 0.9751808 0.03122949 0.9761806 0.07775086 0.9752997 0.05475574 0.9550245 0.08433133 0.9871304 0.05529648 0.9751808 0.03122949 0.9752997 0.05475574 0.9871304 0.05529648 0.9752997 0.05475574 0.9761806 0.07775086 0.9089424 0.04207587 0.9091466 0.05475693 0.8985797 0.05484294 0.9089424 0.04207587 0.9288285 0.03068107 0.9091466 0.05475693 0.9091466 0.05475693 0.9088154 0.06701916 0.8985797 0.05484294 0.9292436 0.05483698 0.9091466 0.05475693 0.9288285 0.03068107 0.9091466 0.05475693 0.9292436 0.05483698 0.9088154 0.06701916 0.9544485 0.02432984 0.9292436 0.05483698 0.9288285 0.03068107 0.9287022 0.07845181 0.9088154 0.06701916 0.9292436 0.05483698 0.9545189 0.05479508 0.9287022 0.07845181 0.9292436 0.05483698 0.9545189 0.05479508 0.9292436 0.05483698 0.9544485 0.02432984 0.9550245 0.08433133 0.9287022 0.07845181 0.9545189 0.05479508 0.9545189 0.05479508 0.9544485 0.02432984 0.9752997 0.05475574 0.9545189 0.05479508 0.9752997 0.05475574 0.9550245 0.08433133 0.9751808 0.03122949 0.9752997 0.05475574 0.9544485 0.02432984 0.9761806 0.07775086 0.9550245 0.08433133 0.9752997 0.05475574 0.9752997 0.05475574 0.9751808 0.03122949 0.9871304 0.05529648 0.9761806 0.07775086 0.9752997 0.05475574 0.9871304 0.05529648 2.092504 0.973038 2.087709 0.8985933 2.067562 0.8980038 2.092504 0.973038 2.107332 0.8983286 2.087709 0.8985933 2.067562 0.8980038 2.087709 0.8985933 2.048563 0.8284416 2.110556 0.8274328 2.087709 0.8985933 2.107332 0.8983286 2.083931 0.82695 2.048563 0.8284416 2.087709 0.8985933 2.083931 0.82695 2.087709 0.8985933 2.110556 0.8274328 2.048563 0.8284416 2.083931 0.82695 2.040732 0.7527503 2.083931 0.82695 2.110556 0.8274328 2.112088 0.7965269 2.078312 0.7846601 2.040732 0.7527503 2.083931 0.82695 2.078312 0.7846601 2.083931 0.82695 2.112088 0.7965269 1.292043 0.9356601 1.268404 0.8903464 1.291264 0.888135 1.291264 0.888135 1.315123 0.8880726 1.292043 0.9356601 1.291264 0.888135 1.268404 0.8903464 1.25975 0.8380421 1.291264 0.888135 1.318468 0.8468579 1.315123 0.8880726 1.291264 0.888135 1.25975 0.8380421 1.290015 0.8391233 1.290015 0.8391233 1.318468 0.8468579 1.291264 0.888135 1.254027 0.7796551 1.290015 0.8391233 1.25975 0.8380421 1.321275 0.7692537 1.318468 0.8468579 1.290015 0.8391233 1.254027 0.7796551 1.292022 0.7765264 1.290015 0.8391233 1.321275 0.7692537 1.290015 0.8391233 1.292022 0.7765264 1.177217 0.9555124 1.180386 0.8601205 1.207429 0.863097 1.177217 0.9555124 1.150766 0.8634045 1.180386 0.8601205 1.207429 0.863097 1.180386 0.8601205 1.225159 0.7709712 1.1368 0.775251 1.180386 0.8601205 1.150766 0.8634045 1.183664 0.7699696 1.225159 0.7709712 1.180386 0.8601205 1.183664 0.7699696 1.180386 0.8601205 1.1368 0.775251 0.1102339 0.08921486 0.1190125 0.07103693 0.1102339 0.0684114 0.1190125 0.09440803 0.1190125 0.07103693 0.1102339 0.08921486 0.08353626 0.0694096 0.1102339 0.08921486 0.1102339 0.0684114 0.1190125 0.09440803 0.1102339 0.08921486 0.1190125 0.1133279 0.08906459 0.0873267 0.1102339 0.08921486 0.08353626 0.0694096 0.05439162 0.094392 0.08906459 0.0873267 0.08353626 0.0694096 0.1190125 0.1133279 0.1102339 0.08921486 0.1102339 0.1133279 0.1190125 0.1133279 0.1102339 0.1133279 0.1190125 0.1341437 0.08906459 0.0873267 0.09439426 0.1090495 0.1102339 0.08921486 0.1102339 0.1133279 0.1102339 0.08921486 0.09439426 0.1090495 0.0736404 0.1007721 0.08906459 0.0873267 0.05439162 0.094392 0.09439426 0.1090495 0.08906459 0.0873267 0.0736404 0.1007721 0.0736404 0.1007721 0.05439162 0.094392 0.07419919 0.1244701 0.07419919 0.1244701 0.09439426 0.1090495 0.0736404 0.1007721 0.05589932 0.1338722 0.07419919 0.1244701 0.05439162 0.094392 0.08801454 0.1339625 0.09439426 0.1090495 0.07419919 0.1244701 0.07419919 0.1244701 0.05589932 0.1338722 0.08801454 0.1339625 0.09439426 0.1090495 0.08801454 0.1339625 0.1102339 0.1133279 0.07655662 0.1529077 0.08801454 0.1339625 0.05589932 0.1338722 0.07655662 0.1529077 0.1102339 0.1583706 0.08801454 0.1339625 0.1102339 0.135452 0.1102339 0.1133279 0.08801454 0.1339625 0.08801454 0.1339625 0.1102339 0.1583706 0.1102339 0.135452 0.1190125 0.1341437 0.1102339 0.1133279 0.1102339 0.135452 0.1190125 0.1574829 0.1102339 0.135452 0.1102339 0.1583706 0.1190125 0.1341437 0.1102339 0.135452 0.1190125 0.1574829 0.1102339 0.0684114 0.1190125 0.07103693 0.1102339 0.08921486 0.1102339 0.08921486 0.1190125 0.07103693 0.1190125 0.09440803 0.1102339 0.0684114 0.1102339 0.08921486 0.08353626 0.0694096 0.1190125 0.09440803 0.1190125 0.1133279 0.1102339 0.08921486 0.08906459 0.0873267 0.08353626 0.0694096 0.1102339 0.08921486 0.08353626 0.0694096 0.08906459 0.0873267 0.05439162 0.094392 0.1102339 0.1133279 0.1102339 0.08921486 0.1190125 0.1133279 0.1190125 0.1133279 0.1190125 0.1341437 0.1102339 0.1133279 0.1102339 0.08921486 0.09439426 0.1090495 0.08906459 0.0873267 0.1102339 0.1133279 0.09439426 0.1090495 0.1102339 0.08921486 0.0736404 0.1007721 0.05439162 0.094392 0.08906459 0.0873267 0.0736404 0.1007721 0.08906459 0.0873267 0.09439426 0.1090495 0.0736404 0.1007721 0.07419919 0.1244701 0.05439162 0.094392 0.0736404 0.1007721 0.09439426 0.1090495 0.07419919 0.1244701 0.05439162 0.094392 0.07419919 0.1244701 0.05589932 0.1338722 0.07419919 0.1244701 0.09439426 0.1090495 0.08801454 0.1339625 0.08801454 0.1339625 0.05589932 0.1338722 0.07419919 0.1244701 0.1102339 0.1133279 0.08801454 0.1339625 0.09439426 0.1090495 0.07655662 0.1529077 0.05589932 0.1338722 0.08801454 0.1339625 0.07655662 0.1529077 0.08801454 0.1339625 0.1102339 0.1583706 0.1102339 0.135452 0.08801454 0.1339625 0.1102339 0.1133279 0.1102339 0.135452 0.1102339 0.1583706 0.08801454 0.1339625 0.1102339 0.135452 0.1102339 0.1133279 0.1190125 0.1341437 0.1102339 0.1583706 0.1102339 0.135452 0.1190125 0.1574829 0.1190125 0.1341437 0.1190125 0.1574829 0.1102339 0.135452 0.4331166 0.3485825 0.4336027 0.3490096 0.4331776 0.349112 0.4331166 0.3485825 0.4331776 0.349112 0.4330109 0.3489492 0.4331166 0.3485825 0.4338111 0.3486142 0.4336027 0.3490096 0.4331166 0.3485825 0.4330109 0.3489492 0.432904 0.3485727 0.4331166 0.3485825 0.4334167 0.3481385 0.4338111 0.3486142 0.4331166 0.3485825 0.432904 0.3485727 0.4330468 0.3481668 0.4331166 0.3485825 0.4332215 0.3481148 0.4334167 0.3481385 0.4331166 0.3485825 0.4330468 0.3481668 0.4332215 0.3481148 0.3617729 0.5356104 0.3109978 0.5122355 0.353648 0.5112619 0.3404462 0.4810174 0.353648 0.5112619 0.3109978 0.5122355 0.3160102 0.5367026 0.3109978 0.5122355 0.3617729 0.5356104 0.3635158 0.5496094 0.3160102 0.5367026 0.3617729 0.5356104 0.3109978 0.5122355 0.3013114 0.4833318 0.3404462 0.4810174 0.318316 0.5606669 0.3160102 0.5367026 0.3635158 0.5496094 0.3013114 0.4833318 0.2904934 0.458145 0.3404462 0.4810174 0.3404462 0.4810174 0.2904934 0.458145 0.3229159 0.4412195 0.3635158 0.5496094 0.3327069 0.56391 0.318316 0.5606669 0.3327069 0.56391 0.3635158 0.5496094 0.3650056 0.5711889 0.3327069 0.56391 0.3650056 0.5711889 0.3193925 0.5748495 0.3327069 0.56391 0.3193925 0.5748495 0.318316 0.5606669 0.3209787 0.5957491 0.3193925 0.5748495 0.3650056 0.5711889 0.305493 0.5982461 0.3193925 0.5748495 0.3209787 0.5957491 0.3209787 0.5957491 0.3038541 0.6221778 0.305493 0.5982461 0.305493 0.5982461 0.2948716 0.5999587 0.3193925 0.5748495 0.2948716 0.5999587 0.305493 0.5982461 0.3038541 0.6221778 0.3193925 0.5748495 0.2948716 0.5999587 0.318316 0.5606669 0.2948716 0.5999587 0.3038541 0.6221778 0.2744408 0.6263432 0.2902624 0.5604555 0.318316 0.5606669 0.2948716 0.5999587 0.2902624 0.5604555 0.3160102 0.5367026 0.318316 0.5606669 0.2948716 0.5999587 0.2744408 0.6263432 0.2753801 0.6038675 0.2948716 0.5999587 0.2753801 0.6038675 0.2902624 0.5604555 0.2753801 0.6038675 0.2744408 0.6263432 0.2438179 0.6068149 0.2438179 0.6068149 0.2744408 0.6263432 0.2423562 0.6304788 0.2698611 0.5614088 0.2902624 0.5604555 0.2753801 0.6038675 0.2438179 0.6068149 0.2423562 0.6304788 0.21144 0.6084035 0.21144 0.6084035 0.2423562 0.6304788 0.2103649 0.6308969 0.2438179 0.6068149 0.2395776 0.5623466 0.2753801 0.6038675 0.2753801 0.6038675 0.2395776 0.5623466 0.2698611 0.5614088 0.2083258 0.5630255 0.2438179 0.6068149 0.21144 0.6084035 0.2395776 0.5623466 0.2438179 0.6068149 0.2083258 0.5630255 0.21144 0.6084035 0.2103649 0.6308969 0.188477 0.6087313 0.188477 0.6087313 0.2083258 0.5630255 0.21144 0.6084035 0.188477 0.6087313 0.2103649 0.6308969 0.188477 0.62836 0.188477 0.62836 0.1665284 0.6308969 0.188477 0.6087313 0.1654534 0.6084035 0.188477 0.6087313 0.1665284 0.6308969 0.1665284 0.6308969 0.1345372 0.6304788 0.1654534 0.6084035 0.1884179 0.5630828 0.2083258 0.5630255 0.188477 0.6087313 0.1330755 0.6068149 0.1654534 0.6084035 0.1345372 0.6304788 0.1345372 0.6304788 0.1024526 0.6263432 0.1330755 0.6068149 0.1654534 0.6084035 0.1685676 0.5630255 0.188477 0.6087313 0.1884179 0.5630828 0.188477 0.6087313 0.1685676 0.5630255 0.1654534 0.6084035 0.1330755 0.6068149 0.1685676 0.5630255 0.1884179 0.5630828 0.1884164 0.5311852 0.2083258 0.5630255 0.1884179 0.5630828 0.1685676 0.5630255 0.1884164 0.5311852 0.1015133 0.6038675 0.1330755 0.6068149 0.1024526 0.6263432 0.1373158 0.5623466 0.1685676 0.5630255 0.1330755 0.6068149 0.1330755 0.6068149 0.1015133 0.6038675 0.1373158 0.5623466 0.1015133 0.6038675 0.1024526 0.6263432 0.08202183 0.5999587 0.1024526 0.6263432 0.07303935 0.6221778 0.08202183 0.5999587 0.1070324 0.5614088 0.1373158 0.5623466 0.1015133 0.6038675 0.07303935 0.6221778 0.0714004 0.5982461 0.08202183 0.5999587 0.0714004 0.5982461 0.07303935 0.6221778 0.0559147 0.5957491 0.0559147 0.5957491 0.05750095 0.5748495 0.0714004 0.5982461 0.0714004 0.5982461 0.05750095 0.5748495 0.08202183 0.5999587 0.01188778 0.5711889 0.05750095 0.5748495 0.0559147 0.5957491 0.086631 0.5604555 0.1015133 0.6038675 0.08202183 0.5999587 0.1015133 0.6038675 0.086631 0.5604555 0.1070324 0.5614088 0.04418653 0.56391 0.05750095 0.5748495 0.01188778 0.5711889 0.01188778 0.5711889 0.0133776 0.5496094 0.04418653 0.56391 0.05750095 0.5748495 0.05857741 0.5606669 0.08202183 0.5999587 0.05857741 0.5606669 0.05750095 0.5748495 0.04418653 0.56391 0.05857741 0.5606669 0.04418653 0.56391 0.0133776 0.5496094 0.08202183 0.5999587 0.05857741 0.5606669 0.086631 0.5604555 0.05857741 0.5606669 0.0133776 0.5496094 0.06088322 0.5367026 0.05857741 0.5606669 0.06088322 0.5367026 0.086631 0.5604555 0.0151205 0.5356104 0.06088322 0.5367026 0.0133776 0.5496094 0.09212547 0.5342939 0.1070324 0.5614088 0.086631 0.5604555 0.09212547 0.5342939 0.086631 0.5604555 0.06088322 0.5367026 0.1070324 0.5614088 0.09212547 0.5342939 0.1087231 0.5336493 0.1070324 0.5614088 0.1087231 0.5336493 0.1373158 0.5623466 0.09212547 0.5342939 0.06088322 0.5367026 0.09800004 0.5097297 0.09212547 0.5342939 0.09800004 0.5097297 0.1087231 0.5336493 0.06088322 0.5367026 0.0151205 0.5356104 0.06589561 0.5122355 0.06589561 0.5122355 0.09800004 0.5097297 0.06088322 0.5367026 0.02324545 0.5112619 0.06589561 0.5122355 0.0151205 0.5356104 0.06589561 0.5122355 0.02324545 0.5112619 0.03644716 0.4810174 0.03644716 0.4810174 0.07558202 0.4833318 0.06589561 0.5122355 0.07558202 0.4833318 0.09800004 0.5097297 0.06589561 0.5122355 0.07558202 0.4833318 0.03644716 0.4810174 0.08639997 0.458145 0.05397754 0.4412195 0.08639997 0.458145 0.03644716 0.4810174 0.1042028 0.4857704 0.09800004 0.5097297 0.07558202 0.4833318 0.08639997 0.458145 0.05397754 0.4412195 0.1012998 0.4372544 0.08491551 0.4105059 0.1012998 0.4372544 0.05397754 0.4412195 0.08639997 0.458145 0.1088707 0.465487 0.07558202 0.4833318 0.1042028 0.4857704 0.07558202 0.4833318 0.1088707 0.465487 0.08639997 0.458145 0.1012998 0.4372544 0.1088707 0.465487 0.08491551 0.4105059 0.1342769 0.3924201 0.1012998 0.4372544 0.1088707 0.465487 0.1229889 0.4692505 0.1042028 0.4857704 0.1372649 0.4155195 0.1012998 0.4372544 0.1342769 0.3924201 0.1164649 0.4513404 0.1088707 0.465487 0.1012998 0.4372544 0.1088707 0.465487 0.1164649 0.4513404 0.1229889 0.4692505 0.1372649 0.4155195 0.142145 0.431497 0.1012998 0.4372544 0.1164649 0.4513404 0.1012998 0.4372544 0.142145 0.431497 0.1372649 0.4155195 0.1342769 0.3924201 0.1675875 0.4100673 0.1662214 0.3880556 0.1675875 0.4100673 0.1342769 0.3924201 0.1662214 0.3880556 0.1884164 0.3880096 0.1675875 0.4100673 0.142145 0.431497 0.1372649 0.4155195 0.1682608 0.4239267 0.1675875 0.4100673 0.1682608 0.4239267 0.1372649 0.4155195 0.142145 0.431497 0.1511168 0.4422326 0.1164649 0.4513404 0.142145 0.431497 0.1682608 0.4239267 0.1511168 0.4422326 0.1884164 0.4089892 0.1675875 0.4100673 0.1884164 0.3880096 0.1675875 0.4100673 0.1884164 0.4089892 0.1682608 0.4239267 0.1884164 0.3880096 0.209306 0.4100673 0.1884164 0.4089892 0.2106719 0.3880556 0.209306 0.4100673 0.1884164 0.3880096 0.2426165 0.3924201 0.209306 0.4100673 0.2106719 0.3880556 0.188477 0.4225774 0.1682608 0.4239267 0.1884164 0.4089892 0.2396285 0.4155195 0.209306 0.4100673 0.2426165 0.3924201 0.2086326 0.4239267 0.1884164 0.4089892 0.209306 0.4100673 0.209306 0.4100673 0.2396285 0.4155195 0.2086326 0.4239267 0.188477 0.4225774 0.1884164 0.4089892 0.2086326 0.4239267 0.2426165 0.3924201 0.2755936 0.4372544 0.2396285 0.4155195 0.2919779 0.4105059 0.2755936 0.4372544 0.2426165 0.3924201 0.2919779 0.4105059 0.3229159 0.4412195 0.2755936 0.4372544 0.2755936 0.4372544 0.3229159 0.4412195 0.2904934 0.458145 0.2086326 0.4239267 0.2396285 0.4155195 0.2347483 0.431497 0.2396285 0.4155195 0.2755936 0.4372544 0.2347483 0.431497 0.2680227 0.465487 0.2755936 0.4372544 0.2904934 0.458145 0.2904934 0.458145 0.3013114 0.4833318 0.2680227 0.465487 0.2347483 0.431497 0.2755936 0.4372544 0.2604285 0.4513404 0.2604285 0.4513404 0.2755936 0.4372544 0.2680227 0.465487 0.2347483 0.431497 0.2257766 0.4422326 0.2086326 0.4239267 0.2604285 0.4513404 0.2257766 0.4422326 0.2347483 0.431497 0.2086326 0.4239267 0.2257766 0.4422326 0.2073447 0.4377942 0.2086326 0.4239267 0.2073447 0.4377942 0.188477 0.4225774 0.2477138 0.4579804 0.2257766 0.4422326 0.2604285 0.4513404 0.188477 0.4225774 0.2073447 0.4377942 0.1884164 0.4370529 0.2073447 0.4377942 0.2257766 0.4422326 0.2070629 0.4525606 0.2073447 0.4377942 0.2070629 0.4525606 0.1884164 0.4370529 0.2477138 0.4579804 0.2305037 0.4614327 0.2257766 0.4422326 0.2257766 0.4422326 0.2305037 0.4614327 0.2070629 0.4525606 0.2604285 0.4513404 0.2539045 0.4692505 0.2477138 0.4579804 0.2680227 0.465487 0.2539045 0.4692505 0.2604285 0.4513404 0.2477138 0.4579804 0.233421 0.4706435 0.2305037 0.4614327 0.2539045 0.4692505 0.233421 0.4706435 0.2477138 0.4579804 0.2680227 0.465487 0.2726907 0.4857704 0.2539045 0.4692505 0.2680227 0.465487 0.3013114 0.4833318 0.2726907 0.4857704 0.2539045 0.4692505 0.2351737 0.4875437 0.233421 0.4706435 0.2726907 0.4857704 0.3013114 0.4833318 0.2788944 0.5097293 0.3109978 0.5122355 0.2788944 0.5097293 0.3013114 0.4833318 0.2539045 0.4692505 0.2726907 0.4857704 0.2593384 0.4870105 0.2788944 0.5097293 0.2593384 0.4870105 0.2726907 0.4857704 0.2593384 0.4870105 0.2351737 0.4875437 0.2539045 0.4692505 0.3109978 0.5122355 0.3160102 0.5367026 0.2788944 0.5097293 0.2593384 0.4870105 0.2389362 0.5088832 0.2351737 0.4875437 0.2788944 0.5097293 0.3160102 0.5367026 0.2847679 0.5342939 0.2847679 0.5342939 0.3160102 0.5367026 0.2902624 0.5604555 0.2902624 0.5604555 0.2698611 0.5614088 0.2847679 0.5342939 0.2642991 0.5096002 0.2593384 0.4870105 0.2788944 0.5097293 0.2642991 0.5096002 0.2389362 0.5088832 0.2593384 0.4870105 0.2847679 0.5342939 0.2681702 0.5336483 0.2788944 0.5097293 0.2681702 0.5336483 0.2847679 0.5342939 0.2698611 0.5614088 0.2788944 0.5097293 0.2681702 0.5336483 0.2642991 0.5096002 0.2698611 0.5614088 0.2395776 0.5623466 0.2681702 0.5336483 0.2681702 0.5336483 0.2396855 0.5320904 0.2642991 0.5096002 0.2681702 0.5336483 0.2395776 0.5623466 0.2396855 0.5320904 0.2642991 0.5096002 0.2396855 0.5320904 0.2389362 0.5088832 0.2083258 0.5630255 0.2396855 0.5320904 0.2395776 0.5623466 0.2074174 0.5312054 0.2396855 0.5320904 0.2083258 0.5630255 0.2083258 0.5630255 0.1884164 0.5311852 0.2074174 0.5312054 0.2389362 0.5088832 0.2396855 0.5320904 0.2075837 0.5058374 0.2075837 0.5058374 0.2396855 0.5320904 0.2074174 0.5312054 0.2075837 0.5058374 0.2351737 0.4875437 0.2389362 0.5088832 0.2074174 0.5312054 0.1884164 0.5311852 0.2075837 0.5058374 0.2029739 0.4837193 0.2351737 0.4875437 0.2075837 0.5058374 0.2029739 0.4837193 0.233421 0.4706435 0.2351737 0.4875437 0.2075837 0.5058374 0.1884164 0.5311852 0.1884164 0.5046856 0.2072771 0.4723981 0.233421 0.4706435 0.2029739 0.4837193 0.233421 0.4706435 0.2072771 0.4723981 0.2305037 0.4614327 0.2075837 0.5058374 0.1970874 0.4975282 0.2029739 0.4837193 0.1884164 0.5046856 0.1970874 0.4975282 0.2075837 0.5058374 0.2029739 0.4837193 0.1970874 0.4975282 0.1884467 0.4834124 0.1884467 0.4834124 0.1970874 0.4975282 0.188477 0.4976544 0.179806 0.4975282 0.188477 0.4976544 0.1884164 0.5046856 0.188477 0.4976544 0.179806 0.4975282 0.1884467 0.4834124 0.1693097 0.5058374 0.179806 0.4975282 0.1884164 0.5046856 0.1884164 0.5046856 0.1884164 0.5311852 0.1693097 0.5058374 0.1739195 0.4837193 0.1884467 0.4834124 0.179806 0.4975282 0.1739195 0.4837193 0.179806 0.4975282 0.1693097 0.5058374 0.1884467 0.4834124 0.1884467 0.4719356 0.2029739 0.4837193 0.1739195 0.4837193 0.1884467 0.4719356 0.1884467 0.4834124 0.2029739 0.4837193 0.1884467 0.4719356 0.2072771 0.4723981 0.2305037 0.4614327 0.2072771 0.4723981 0.2076768 0.4625064 0.2072771 0.4723981 0.1884467 0.4719356 0.2076768 0.4625064 0.2076768 0.4625064 0.2070629 0.4525606 0.2305037 0.4614327 0.2076768 0.4625064 0.1884164 0.4524137 0.2070629 0.4525606 0.1884164 0.4370529 0.2070629 0.4525606 0.1884164 0.4524137 0.1884467 0.4618315 0.2076768 0.4625064 0.1884467 0.4719356 0.1884467 0.4618315 0.1884164 0.4524137 0.2076768 0.4625064 0.1884467 0.4719356 0.1692166 0.4625064 0.1884467 0.4618315 0.1884467 0.4618315 0.1692166 0.4625064 0.1884164 0.4524137 0.1696162 0.4723981 0.1884467 0.4719356 0.1739195 0.4837193 0.1692166 0.4625064 0.1884467 0.4719356 0.1696162 0.4723981 0.1884164 0.4524137 0.1698305 0.4525606 0.1884164 0.4370529 0.1698305 0.4525606 0.1884164 0.4524137 0.1692166 0.4625064 0.1417196 0.4875437 0.1696162 0.4723981 0.1739195 0.4837193 0.1739195 0.4837193 0.1693097 0.5058374 0.1417196 0.4875437 0.1434724 0.4706435 0.1692166 0.4625064 0.1696162 0.4723981 0.1434724 0.4706435 0.1696162 0.4723981 0.1417196 0.4875437 0.1463896 0.4614327 0.1698305 0.4525606 0.1692166 0.4625064 0.1463896 0.4614327 0.1692166 0.4625064 0.1434724 0.4706435 0.1695487 0.4377942 0.1884164 0.4370529 0.1698305 0.4525606 0.1884164 0.4370529 0.1695487 0.4377942 0.188477 0.4225774 0.1682608 0.4239267 0.188477 0.4225774 0.1695487 0.4377942 0.1695487 0.4377942 0.1511168 0.4422326 0.1682608 0.4239267 0.1698305 0.4525606 0.1511168 0.4422326 0.1695487 0.4377942 0.1698305 0.4525606 0.1463896 0.4614327 0.1511168 0.4422326 0.1511168 0.4422326 0.1463896 0.4614327 0.1291796 0.4579804 0.1463896 0.4614327 0.1434724 0.4706435 0.1291796 0.4579804 0.1291796 0.4579804 0.1164649 0.4513404 0.1511168 0.4422326 0.1291796 0.4579804 0.1229889 0.4692505 0.1164649 0.4513404 0.1229889 0.4692505 0.1291796 0.4579804 0.1434724 0.4706435 0.1434724 0.4706435 0.1417196 0.4875437 0.1229889 0.4692505 0.117555 0.4870105 0.1229889 0.4692505 0.1417196 0.4875437 0.117555 0.4870105 0.1042028 0.4857704 0.1229889 0.4692505 0.1042028 0.4857704 0.117555 0.4870105 0.09800004 0.5097297 0.1417196 0.4875437 0.1379572 0.5088832 0.117555 0.4870105 0.1379572 0.5088832 0.1417196 0.4875437 0.1693097 0.5058374 0.1125952 0.5096007 0.09800004 0.5097297 0.117555 0.4870105 0.1125952 0.5096007 0.117555 0.4870105 0.1379572 0.5088832 0.1125952 0.5096007 0.1087231 0.5336493 0.09800004 0.5097297 0.1379572 0.5088832 0.1372079 0.5320904 0.1125952 0.5096007 0.1087231 0.5336493 0.1125952 0.5096007 0.1372079 0.5320904 0.1379572 0.5088832 0.1693097 0.5058374 0.1372079 0.5320904 0.1372079 0.5320904 0.1373158 0.5623466 0.1087231 0.5336493 0.1373158 0.5623466 0.1372079 0.5320904 0.1685676 0.5630255 0.1694759 0.5312054 0.1372079 0.5320904 0.1693097 0.5058374 0.1694759 0.5312054 0.1685676 0.5630255 0.1372079 0.5320904 0.1694759 0.5312054 0.1693097 0.5058374 0.1884164 0.5311852 0.1694759 0.5312054 0.1884164 0.5311852 0.1685676 0.5630255</float_array>
          <technique_common>
            <accessor source="#Untitled-mesh-map-0-array" count="9897" stride="2">
              <param name="S" type="float"/>
              <param name="T" type="float"/>
            </accessor>
          </technique_common>
        </source>
        <source id="Untitled-mesh-colors-Col" name="Col">
          <float_array id="Untitled-mesh-colors-Col-array" count="29691">1 1 1 1 1 1 1 1 1 1 1 1 1 1 1 1 1 1 1 1 1 1 1 1 1 1 1 1 1 1 1 1 1 1 1 1 1 1 1 1 1 1 1 1 1 1 1 1 1 1 1 1 1 1 1 1 1 1 1 1 1 1 1 1 1 1 1 1 1 1 1 1 1 1 1 1 1 1 1 1 1 1 1 1 1 1 1 1 1 1 1 1 1 1 1 1 1 1 1 1 1 1 1 1 1 1 1 1 1 1 1 1 1 1 1 1 1 1 1 1 1 1 1 1 1 1 1 1 1 1 1 1 1 1 1 1 1 1 1 1 1 1 1 1 1 1 1 1 1 1 1 1 1 1 1 1 1 1 1 1 1 1 1 1 1 1 1 1 1 1 1 1 1 1 1 1 1 1 1 1 1 1 1 1 1 1 1 1 1 1 1 1 1 1 1 1 1 1 1 1 1 1 1 1 1 1 1 1 1 1 1 1 1 1 1 1 1 1 1 1 1 1 1 1 1 1 1 1 1 1 1 1 1 1 1 1 1 1 1 1 1 1 1 1 1 1 1 1 1 1 1 1 1 1 1 1 1 1 1 1 1 1 1 1 1 1 1 1 1 1 1 1 1 1 1 1 1 1 1 1 1 1 1 1 1 1 1 1 1 1 1 1 1 1 1 1 1 1 1 1 1 1 1 1 1 1 1 1 1 1 1 1 1 1 1 1 1 1 1 1 1 1 1 1 1 1 1 1 1 1 1 1 1 1 1 1 1 1 1 1 1 1 1 1 1 1 1 1 1 1 1 1 1 1 1 1 1 1 1 1 1 1 1 1 1 1 1 1 1 1 1 1 1 1 1 1 1 1 1 1 1 1 1 1 1 1 1 1 1 1 1 1 1 1 1 1 1 1 1 1 1 1 1 1 1 1 1 1 1 1 1 1 1 1 1 1 1 1 1 1 1 1 1 1 1 1 1 1 1 1 1 1 1 1 1 1 1 1 1 1 1 1 1 1 1 1 1 1 1 1 1 1 1 1 1 1 1 1 1 1 1 1 1 1 1 1 1 1 1 1 1 1 1 1 1 1 1 1 1 1 1 1 1 1 1 1 1 1 1 1 1 1 1 1 1 1 1 1 1 1 1 1 1 1 1 1 1 1 1 1 1 1 1 1 1 1 1 1 1 1 1 1 1 1 1 1 1 1 1 1 1 1 1 1 1 1 1 1 1 1 1 1 1 1 1 1 1 1 1 1 1 1 1 1 1 1 1 1 1 1 1 1 1 1 1 1 1 1 1 1 1 1 1 1 1 1 1 1 1 1 1 1 1 1 1 1 1 1 1 1 1 1 1 1 1 1 1 1 1 1 1 1 1 1 1 1 1 1 1 1 1 1 1 1 1 1 1 1 1 1 1 1 1 1 1 1 1 1 1 1 1 1 1 1 1 1 1 1 1 1 1 1 1 1 1 1 1 1 1 1 1 1 1 1 1 1 1 1 1 1 1 1 1 1 1 1 1 1 1 1 1 1 1 1 1 1 1 1 1 1 1 1 1 1 1 1 1 1 1 1 1 1 1 1 1 1 1 1 1 1 1 1 1 1 1 1 1 1 1 1 1 1 1 1 1 1 1 1 1 1 1 1 1 1 1 1 1 1 1 1 1 1 1 1 1 1 1 1 1 1 1 1 1 1 1 1 1 1 1 1 1 1 1 1 1 1 1 1 1 1 1 1 1 1 1 1 1 1 1 1 1 1 1 1 1 1 1 1 1 1 1 1 1 1 1 1 1 1 1 1 1 1 1 1 1 1 1 1 1 1 1 1 1 1 1 1 1 1 1 1 1 1 1 1 1 1 1 1 1 1 1 1 1 1 1 1 1 1 1 1 1 1 1 1 1 1 1 1 1 1 1 1 1 1 1 1 1 1 1 1 1 1 1 1 1 1 1 1 1 1 1 1 1 1 1 1 1 1 1 1 1 1 1 1 1 1 1 1 1 1 1 1 1 1 1 1 1 1 1 1 1 1 1 1 1 1 1 1 1 1 1 1 1 1 1 1 1 1 1 1 1 1 1 1 1 1 1 1 1 1 1 1 1 1 1 1 1 1 1 1 1 1 1 1 1 1 1 1 1 1 1 1 1 1 1 1 1 1 1 1 1 1 1 1 1 1 1 1 1 1 1 1 1 1 1 1 1 1 1 1 1 1 1 1 1 1 1 1 1 1 1 1 1 1 1 1 1 1 1 1 1 1 1 1 1 1 1 1 1 1 1 1 1 1 1 1 1 1 1 1 1 1 1 1 1 1 1 1 1 1 1 1 1 1 1 1 1 1 1 1 1 1 1 1 1 1 1 1 1 1 1 1 1 1 1 1 1 1 1 1 1 1 1 1 1 1 1 1 1 1 1 1 1 1 1 1 1 1 1 1 1 1 1 1 1 1 1 1 1 1 1 1 1 1 1 1 1 1 1 1 1 1 1 1 1 1 1 1 1 1 1 1 1 1 1 1 1 1 1 1 1 1 1 1 1 1 1 1 1 1 1 1 1 1 1 1 1 1 1 1 1 1 1 1 1 1 1 1 1 1 1 1 1 1 1 1 1 1 1 1 1 1 1 1 1 1 1 1 1 1 1 1 1 1 1 1 1 1 1 1 1 1 1 1 1 1 1 1 1 1 1 1 1 1 1 1 1 1 1 1 1 1 1 1 1 1 1 1 1 1 1 1 1 1 1 1 1 1 1 1 1 1 1 1 1 1 1 1 1 1 1 1 1 1 1 1 1 1 1 1 1 1 1 1 1 1 1 1 1 1 1 1 1 1 1 1 1 1 1 1 1 1 1 1 1 1 1 1 1 1 1 1 1 1 1 1 1 1 1 1 1 1 1 1 1 1 1 1 1 1 1 1 1 1 1 1 1 1 1 1 1 1 1 1 1 1 1 1 1 1 1 1 1 1 1 1 1 1 1 1 1 1 1 1 1 1 1 1 1 1 1 1 1 1 1 1 1 1 1 1 1 1 1 1 1 1 1 1 1 1 1 1 1 1 1 1 1 1 1 1 1 1 1 1 1 1 1 1 1 1 1 1 1 1 1 1 1 1 1 1 1 1 1 1 1 1 1 1 1 1 1 1 1 1 1 1 1 1 1 1 1 1 1 1 1 1 1 1 1 1 1 1 1 1 1 1 1 1 1 1 1 1 1 1 1 1 1 1 1 1 1 1 1 1 1 1 1 1 1 1 1 1 1 1 1 1 1 1 1 1 1 1 1 1 1 1 1 1 1 1 1 1 1 1 1 1 1 1 1 1 1 1 1 1 1 1 1 1 1 1 1 1 1 1 1 1 1 1 1 1 1 1 1 1 1 1 1 1 1 1 1 1 1 1 1 1 1 1 1 1 1 1 1 1 1 1 1 1 1 1 1 1 1 1 1 1 1 1 1 1 1 1 1 1 1 1 1 1 1 1 1 1 1 1 1 1 1 1 1 1 1 1 1 1 1 1 1 1 1 1 1 1 1 1 1 1 1 1 1 1 1 1 1 1 1 1 1 1 1 1 1 1 1 1 1 1 1 1 1 1 1 1 1 1 1 1 1 1 1 1 1 1 1 1 1 1 1 1 1 1 1 1 1 1 1 1 1 1 1 1 1 1 1 1 1 1 1 1 1 1 1 1 1 1 1 1 1 1 1 1 1 1 1 1 1 1 1 1 1 1 1 1 1 1 1 1 1 1 1 1 1 1 1 1 1 1 1 1 1 1 1 1 1 1 1 1 1 1 1 1 1 1 1 1 1 1 1 1 1 1 1 1 1 1 1 1 1 1 1 1 1 1 1 1 1 1 1 1 1 1 1 1 1 1 1 1 1 1 1 1 1 1 1 1 1 1 1 1 1 1 1 1 1 1 1 1 1 1 1 1 1 1 1 1 1 1 1 1 1 1 1 1 1 1 1 1 1 1 1 1 1 1 1 1 1 1 1 1 1 1 1 1 1 1 1 1 1 1 1 1 1 1 1 1 1 1 1 1 1 1 1 1 1 1 1 1 1 1 1 1 1 1 1 1 1 1 1 1 1 1 1 1 1 1 1 1 1 1 1 1 1 1 1 1 1 1 1 1 1 1 1 1 1 1 1 1 1 1 1 1 1 1 1 1 1 1 1 1 1 1 1 1 1 1 1 1 1 1 1 1 1 1 1 1 1 1 1 1 1 1 1 1 1 1 1 1 1 1 1 1 1 1 1 1 1 1 1 1 1 1 1 1 1 1 1 1 1 1 1 1 1 1 1 1 1 1 1 1 1 1 1 1 1 1 1 1 1 1 1 1 1 1 1 1 1 1 1 1 1 1 1 1 1 1 1 1 1 1 1 1 1 1 1 1 1 1 1 1 1 1 1 1 1 1 1 1 1 1 1 1 1 1 1 1 1 1 1 1 1 1 1 1 1 1 1 1 1 1 1 1 1 1 1 1 1 1 1 1 1 1 1 1 1 1 1 1 1 1 1 1 1 1 1 1 1 1 1 1 1 1 1 1 1 1 1 1 1 1 1 1 1 1 1 1 1 1 1 1 1 1 1 1 1 1 1 1 1 1 1 1 1 1 1 1 1 1 1 1 1 1 1 1 1 1 1 1 1 1 1 1 1 1 1 1 1 1 1 1 1 1 1 1 1 1 1 1 1 1 1 1 1 1 1 1 1 1 1 1 1 1 1 1 1 1 1 1 1 1 1 1 1 1 1 1 1 1 1 1 1 1 1 1 1 1 1 1 1 1 1 1 1 1 1 1 1 1 1 1 1 1 1 1 1 1 1 1 1 1 1 1 1 1 1 1 1 1 1 1 1 1 1 1 1 1 1 1 1 1 1 1 1 1 1 1 1 1 1 1 1 1 1 1 1 1 1 1 1 1 1 1 1 1 1 1 1 1 1 1 1 1 1 1 1 1 1 1 1 1 1 1 1 1 1 1 1 1 1 1 1 1 1 1 1 1 1 1 1 1 1 1 1 1 1 1 1 1 1 1 1 1 1 1 1 1 1 1 1 1 1 1 1 1 1 1 1 1 1 1 1 1 1 1 1 1 1 1 1 1 1 1 1 1 1 1 1 1 1 1 1 1 1 1 1 1 1 1 1 1 1 1 1 1 1 1 1 1 1 1 1 1 1 1 1 1 1 1 1 1 1 1 1 1 1 1 1 1 1 1 1 1 1 1 1 1 1 1 1 1 1 1 1 1 1 1 1 1 1 1 1 1 1 1 1 1 1 1 1 1 1 1 1 1 1 1 1 1 1 1 1 1 1 1 1 1 1 1 1 1 1 1 1 1 1 1 1 1 1 1 1 1 1 1 1 1 1 1 1 1 1 1 1 1 1 1 1 1 1 1 1 1 1 1 1 1 1 1 1 1 1 1 1 1 1 1 1 1 1 1 1 1 1 1 1 1 1 1 1 1 1 1 1 1 1 1 1 1 1 1 1 1 1 1 1 1 1 1 1 1 1 1 1 1 1 1 1 1 1 1 1 1 1 1 1 1 1 1 1 1 1 1 1 1 1 1 1 1 1 1 1 1 1 1 1 1 1 1 1 1 1 1 1 1 1 1 1 1 1 1 1 1 1 1 1 1 1 1 1 1 1 1 1 1 1 1 1 1 1 1 1 1 1 1 1 1 1 1 1 1 1 1 1 1 1 1 1 1 1 1 1 1 1 1 1 1 1 1 1 1 1 1 1 1 1 1 1 1 1 1 1 1 1 1 1 1 1 1 1 1 1 1 1 1 1 1 1 1 1 1 1 1 1 1 1 1 1 1 1 1 1 1 1 1 1 1 1 1 1 1 1 1 1 1 1 1 1 1 1 1 1 1 1 1 1 1 1 1 1 1 1 1 1 1 1 1 1 1 1 1 1 1 1 1 1 1 1 1 1 1 1 1 1 1 1 1 1 1 1 1 1 1 1 1 1 1 1 1 1 1 1 1 1 1 1 1 1 1 1 1 1 1 1 1 1 1 1 1 1 1 1 1 1 1 1 1 1 1 1 1 1 1 1 1 1 1 1 1 1 1 1 1 1 1 1 1 1 1 1 1 1 1 1 1 1 1 1 1 1 1 1 1 1 1 1 1 1 1 1 1 1 1 1 1 1 1 1 1 1 1 1 1 1 1 1 1 1 1 1 1 1 1 1 1 1 1 1 1 1 1 1 1 1 1 1 1 1 1 1 1 1 1 1 1 1 1 1 1 1 1 1 1 1 1 1 1 1 1 1 1 1 1 1 1 1 1 1 1 1 1 1 1 1 1 1 1 1 1 1 1 1 1 1 1 1 1 1 1 1 1 1 1 1 1 1 1 1 1 1 1 1 1 1 1 1 1 1 1 1 1 1 1 1 1 1 1 1 1 1 1 1 1 1 1 1 1 1 1 1 1 1 1 1 1 1 1 1 1 1 1 1 1 1 1 1 1 1 1 1 1 1 1 1 1 1 1 1 1 1 1 1 1 1 1 1 1 1 1 1 1 1 1 1 1 1 1 1 1 1 1 1 1 1 1 1 1 1 1 1 1 1 1 1 1 1 1 1 1 1 1 1 1 1 1 1 1 1 1 1 1 1 1 1 1 1 1 1 1 1 1 1 1 1 1 1 1 1 1 1 1 1 1 1 1 1 1 1 1 1 1 1 1 1 1 1 1 1 1 1 1 1 1 1 1 1 1 1 1 1 1 1 1 1 1 1 1 1 1 1 1 1 1 1 1 1 1 1 1 1 1 1 1 1 1 1 1 1 1 1 1 1 1 1 1 1 1 1 1 1 1 1 1 1 1 1 1 1 1 1 1 1 1 1 1 1 1 1 1 1 1 1 1 1 1 1 1 1 1 1 1 1 1 1 1 1 1 1 1 1 1 1 1 1 1 1 1 1 1 1 1 1 1 1 1 1 1 1 1 1 1 1 1 1 1 1 1 1 1 1 1 1 1 1 1 1 1 1 1 1 1 1 1 1 1 1 1 1 1 1 1 1 1 1 1 1 1 1 1 1 1 1 1 1 1 1 1 1 1 1 1 1 1 1 1 1 1 1 1 1 1 1 1 1 1 1 1 1 1 1 1 1 1 1 1 1 1 1 1 1 1 1 1 1 1 1 1 1 1 1 1 1 1 1 1 1 1 1 1 1 1 1 1 1 1 1 1 1 1 1 1 1 1 1 1 1 1 1 1 1 1 1 1 1 1 1 1 1 1 1 1 1 1 1 1 1 1 1 1 1 1 1 1 1 1 1 1 1 1 1 1 1 1 1 1 1 1 1 1 1 1 1 1 1 1 1 1 1 1 1 1 1 1 1 1 1 1 1 1 1 1 1 1 1 1 1 1 1 1 1 1 1 1 1 1 1 1 1 1 1 1 1 1 1 1 1 1 1 1 1 1 1 1 1 1 1 1 1 1 1 1 1 1 1 1 1 1 1 1 1 1 1 1 1 1 1 1 1 1 1 1 1 1 1 1 1 1 1 1 1 1 1 1 1 1 1 1 1 1 1 1 1 1 1 1 1 1 1 1 1 1 1 1 1 1 1 1 1 1 1 1 1 1 1 1 1 1 1 1 1 1 1 1 1 1 1 1 1 1 1 1 1 1 1 1 1 1 1 1 1 1 1 1 1 1 1 1 1 1 1 1 1 1 1 1 1 1 1 1 1 1 1 1 1 1 1 1 1 1 1 1 1 1 1 1 1 1 1 1 1 1 1 1 1 1 1 1 1 1 1 1 1 1 1 1 1 1 1 1 1 1 1 1 1 1 1 1 1 1 1 1 1 1 1 1 1 1 1 1 1 1 1 1 1 1 1 1 1 1 1 1 1 1 1 1 1 1 1 1 1 1 1 1 1 1 1 1 1 1 1 1 1 1 1 1 1 1 1 1 1 1 1 1 1 1 1 1 1 1 1 1 1 1 1 1 1 1 1 1 1 1 1 1 1 1 1 1 1 1 1 1 1 1 1 1 1 1 1 1 1 1 1 1 1 1 1 1 1 1 1 1 1 1 1 1 1 1 1 1 1 1 1 1 1 1 1 1 1 1 1 1 1 1 1 1 1 1 1 1 1 1 1 1 1 1 1 1 1 1 1 1 1 1 1 1 1 1 1 1 1 1 1 1 1 1 1 1 1 1 1 1 1 1 1 1 1 1 1 1 1 1 1 1 1 1 1 1 1 1 1 1 1 1 1 1 1 1 1 1 1 1 1 1 1 1 1 1 1 1 1 1 1 1 1 1 1 1 1 1 1 1 1 1 1 1 1 1 1 1 1 1 1 1 1 1 1 1 1 1 1 1 1 1 1 1 1 1 1 1 1 1 1 1 1 1 1 1 1 1 1 1 1 1 1 1 1 1 1 1 1 1 1 1 1 1 1 1 1 1 1 1 1 1 1 1 1 1 1 1 1 1 1 1 1 1 1 1 1 1 1 1 1 1 1 1 1 1 1 1 1 1 1 1 1 1 1 1 1 1 1 1 1 1 1 1 1 1 1 1 1 1 1 1 1 1 1 1 1 1 1 1 1 1 1 1 1 1 1 1 1 1 1 1 1 1 1 1 1 1 1 1 1 1 1 1 1 1 1 1 1 1 1 1 1 1 1 1 1 1 1 1 1 1 1 1 1 1 1 1 1 1 1 1 1 1 1 1 1 1 1 1 1 1 1 1 1 1 1 1 1 1 1 1 1 1 1 1 1 1 1 1 1 1 1 1 1 1 1 1 1 1 1 1 1 1 1 1 1 1 1 1 1 1 1 1 1 1 1 1 1 1 1 1 1 1 1 1 1 1 1 1 1 1 1 1 1 1 1 1 1 1 1 1 1 1 1 1 1 1 1 1 1 1 1 1 1 1 1 1 1 1 1 1 1 1 1 1 1 1 1 1 1 1 1 1 1 1 1 1 1 1 1 1 1 1 1 1 1 1 1 1 1 1 1 1 1 1 1 1 1 1 1 1 1 1 1 1 1 1 1 1 1 1 1 1 1 1 1 1 1 1 1 1 1 1 1 1 1 1 1 1 1 1 1 1 1 1 1 1 1 1 1 1 1 1 1 1 1 1 1 1 1 1 1 1 1 1 1 1 1 1 1 1 1 1 1 1 1 1 1 1 1 1 1 1 1 1 1 1 1 1 1 1 1 1 1 1 1 1 1 1 1 1 1 1 1 1 1 1 1 1 1 1 1 1 1 1 1 1 1 1 1 1 1 1 1 1 1 1 1 1 1 1 1 1 1 1 1 1 1 1 1 1 1 1 1 1 1 1 1 1 1 1 1 1 1 1 1 1 1 1 1 1 1 1 1 1 1 1 1 1 1 1 1 1 1 1 1 1 1 1 1 1 1 1 1 1 1 1 1 1 1 1 1 1 1 1 1 1 1 1 1 1 1 1 1 1 1 1 1 1 1 1 1 1 1 1 1 1 1 1 1 1 1 1 1 1 1 1 1 1 1 1 1 1 1 1 1 1 1 1 1 1 1 1 1 1 1 1 1 1 1 1 1 1 1 1 1 1 1 1 1 1 1 1 1 1 1 1 1 1 1 1 1 1 1 1 1 1 1 1 1 1 1 1 1 1 1 1 1 1 1 1 1 1 1 1 1 1 1 1 1 1 1 1 1 1 1 1 1 1 1 1 1 1 1 1 1 1 1 1 1 1 1 1 1 1 1 1 1 1 1 1 1 1 1 1 1 1 1 1 1 1 1 1 1 1 1 1 1 1 1 1 1 1 1 1 1 1 1 1 1 1 1 1 1 1 1 1 1 1 1 1 1 1 1 1 1 1 1 1 1 1 1 1 1 1 1 1 1 1 1 1 1 1 1 1 1 1 1 1 1 1 1 1 1 1 1 1 1 1 1 1 1 1 1 1 1 1 1 1 1 1 1 1 1 1 1 1 1 1 1 1 1 1 1 1 1 1 1 1 1 1 1 1 1 1 1 1 1 1 1 1 1 1 1 1 1 1 1 1 1 1 1 1 1 1 1 1 1 1 1 1 1 1 1 1 1 1 1 1 1 1 1 1 1 1 1 1 1 1 1 1 1 1 1 1 1 1 1 1 1 1 1 1 1 1 1 1 1 1 1 1 1 1 1 1 1 1 1 1 1 1 1 1 1 1 1 1 1 1 1 1 1 1 1 1 1 1 1 1 1 1 1 1 1 1 1 1 1 1 1 1 1 1 1 1 1 1 1 1 1 1 1 1 1 1 1 1 1 1 1 1 1 1 1 1 1 1 1 1 1 1 1 1 1 1 1 1 1 1 1 1 1 1 1 1 1 1 1 1 1 1 1 1 1 1 1 1 1 1 1 1 1 1 1 1 1 1 1 1 1 1 1 1 1 1 1 1 1 1 1 1 1 1 1 1 1 1 1 1 1 1 1 1 1 1 1 1 1 1 1 1 1 1 1 1 1 1 1 1 1 1 1 1 1 1 1 1 1 1 1 1 1 1 1 1 1 1 1 1 1 1 1 1 1 1 1 1 1 1 1 1 1 1 1 1 1 1 1 1 1 1 1 1 1 1 1 1 1 1 1 1 1 1 1 1 1 1 1 1 1 1 1 1 1 1 1 1 1 1 1 1 1 1 1 1 1 1 1 1 1 1 1 1 1 1 1 1 1 1 1 1 1 1 1 1 1 1 1 1 1 1 1 1 1 1 1 1 1 1 1 1 1 1 1 1 1 1 1 1 1 1 1 1 1 1 1 1 1 1 1 1 1 1 1 1 1 1 1 1 1 1 1 1 1 1 1 1 1 1 1 1 1 1 1 1 1 1 1 1 1 1 1 1 1 1 1 1 1 1 1 1 1 1 1 1 1 1 1 1 1 1 1 1 1 1 1 1 1 1 1 1 1 1 1 1 1 1 1 1 1 1 1 1 1 1 1 1 1 1 1 1 1 1 1 1 1 1 1 1 1 1 1 1 1 1 1 1 1 1 1 1 1 1 1 1 1 1 1 1 1 1 1 1 1 1 1 1 1 1 1 1 1 1 1 1 1 1 1 1 1 1 1 1 1 1 1 1 1 1 1 1 1 1 1 1 1 1 1 1 1 1 1 1 1 1 1 1 1 1 1 1 1 1 1 1 1 1 1 1 1 1 1 1 1 1 1 1 1 1 1 1 1 1 1 1 1 1 1 1 1 1 1 1 1 1 1 1 1 1 1 1 1 1 1 1 1 1 1 1 1 1 1 1 1 1 1 1 1 1 1 1 1 1 1 1 1 1 1 1 1 1 1 1 1 1 1 1 1 1 1 1 1 1 1 1 1 1 1 1 1 1 1 1 1 1 1 1 1 1 1 1 1 1 1 1 1 1 1 1 1 1 1 1 1 1 1 1 1 1 1 1 1 1 1 1 1 1 1 1 1 1 1 1 1 1 1 1 1 1 1 1 1 1 1 1 1 1 1 1 1 1 1 1 1 1 1 1 1 1 1 1 1 1 1 1 1 1 1 1 1 1 1 1 1 1 1 1 1 1 1 1 1 1 1 1 1 1 1 1 1 1 1 1 1 1 1 1 1 1 1 1 1 1 1 1 1 1 1 1 1 1 1 1 1 1 1 1 1 1 1 1 1 1 1 1 1 1 1 1 1 1 1 1 1 1 1 1 1 1 1 1 1 1 1 1 1 1 1 1 1 1 1 1 1 1 1 1 1 1 1 1 1 1 1 1 1 1 1 1 1 1 1 1 1 1 1 1 1 1 1 1 1 1 1 1 1 1 1 1 1 1 1 1 1 1 1 1 1 1 1 1 1 1 1 1 1 1 1 1 1 1 1 1 1 1 1 1 1 1 1 1 1 1 1 1 1 1 1 1 1 1 1 1 1 1 1 1 1 1 1 1 1 1 1 1 1 1 1 1 1 1 1 1 1 1 1 1 1 1 1 1 1 1 1 1 1 1 1 1 1 1 1 1 1 1 1 1 1 1 1 1 1 1 1 1 1 1 1 1 1 1 1 1 1 1 1 1 1 1 1 1 1 1 1 1 1 1 1 1 1 1 1 1 1 1 1 1 1 1 1 1 1 1 1 1 1 1 1 1 1 1 1 1 1 1 1 1 1 1 1 1 1 1 1 1 1 1 1 1 1 1 1 1 1 1 1 1 1 1 1 1 1 1 1 1 1 1 1 1 1 1 1 1 1 1 1 1 1 1 1 1 1 1 1 1 1 1 1 1 1 1 1 1 1 1 1 1 1 1 1 1 1 1 1 1 1 1 1 1 1 1 1 1 1 1 1 1 1 1 1 1 1 1 1 1 1 1 1 1 1 1 1 1 1 1 1 1 1 1 1 1 1 1 1 1 1 1 1 1 1 1 1 1 1 1 1 1 1 1 1 1 1 1 1 1 1 1 1 1 1 1 1 1 1 1 1 1 1 1 1 1 1 1 1 1 1 1 1 1 1 1 1 1 1 1 1 1 1 1 1 1 1 1 1 1 1 1 1 1 1 1 1 1 1 1 1 1 1 1 1 1 1 1 1 1 1 1 1 1 1 1 1 1 1 1 1 1 1 1 1 1 1 1 1 1 1 1 1 1 1 1 1 1 1 1 1 1 1 1 1 1 1 1 1 1 1 1 1 1 1 1 1 1 1 1 1 1 1 1 1 1 1 1 1 1 1 1 1 1 1 1 1 1 1 1 1 1 1 1 1 1 1 1 1 1 1 1 1 1 1 1 1 1 1 1 1 1 1 1 1 1 1 1 1 1 1 1 1 1 1 1 1 1 1 1 1 1 1 1 1 1 1 1 1 1 1 1 1 1 1 1 1 1 1 1 1 1 1 1 1 1 1 1 1 1 1 1 1 1 1 1 1 1 1 1 1 1 1 1 1 1 1 1 1 1 1 1 1 1 1 1 1 1 1 1 1 1 1 1 1 1 1 1 1 1 1 1 1 1 1 1 1 1 1 1 1 1 1 1 1 1 1 1 1 1 1 1 1 1 1 1 1 1 1 1 1 1 1 1 1 1 1 1 1 1 1 1 1 1 1 1 1 1 1 1 1 1 1 1 1 1 1 1 1 1 1 1 1 1 1 1 1 1 1 1 1 1 1 1 1 1 1 1 1 1 1 1 1 1 1 1 1 1 1 1 1 1 1 1 1 1 1 1 1 1 1 1 1 1 1 1 1 1 1 1 1 1 1 1 1 1 1 1 1 1 1 1 1 1 1 1 1 1 1 1 1 1 1 1 1 1 1 1 1 1 1 1 1 1 1 1 1 1 1 1 1 1 1 1 1 1 1 1 1 1 1 1 1 1 1 1 1 1 1 1 1 1 1 1 1 1 1 1 1 1 1 1 1 1 1 1 1 1 1 1 1 1 1 1 1 1 1 1 1 1 1 1 1 1 1 1 1 1 1 1 1 1 1 1 1 1 1 1 1 1 1 1 1 1 1 1 1 1 1 1 1 1 1 1 1 1 1 1 1 1 1 1 1 1 1 1 1 1 1 1 1 1 1 1 1 1 1 1 1 1 1 1 1 1 1 1 1 1 1 1 1 1 1 1 1 1 1 1 1 1 1 1 1 1 1 1 1 1 1 1 1 1 1 1 1 1 1 1 1 1 1 1 1 1 1 1 1 1 1 1 1 1 1 1 1 1 1 1 1 1 1 1 1 1 1 1 1 1 1 1 1 1 1 1 1 1 1 1 1 1 1 1 1 1 1 1 1 1 1 1 1 1 1 1 1 1 1 1 1 1 1 1 1 1 1 1 1 1 1 1 1 1 1 1 1 1 1 1 1 1 1 1 1 1 1 1 1 1 1 1 1 1 1 1 1 1 1 1 1 1 1 1 1 1 1 1 1 1 1 1 1 1 1 1 1 1 1 1 1 1 1 1 1 1 1 1 1 1 1 1 1 1 1 1 1 1 1 1 1 1 1 1 1 1 1 1 1 1 1 1 1 1 1 1 1 1 1 1 1 1 1 1 1 1 1 1 1 1 1 1 1 1 1 1 1 1 1 1 1 1 1 1 1 1 1 1 1 1 1 1 1 1 1 1 1 1 1 1 1 1 1 1 1 1 1 1 1 1 1 1 1 1 1 1 1 1 1 1 1 1 1 1 1 1 1 1 1 1 1 1 1 1 1 1 1 1 1 1 1 1 1 1 1 1 1 1 1 1 1 1 1 1 1 1 1 1 1 1 1 1 1 1 1 1 1 1 1 1 1 1 1 1 1 1 1 1 1 1 1 1 1 1 1 1 1 1 1 1 1 1 1 1 1 1 1 1 1 1 1 1 1 1 1 1 1 1 1 1 1 1 1 1 1 1 1 1 1 1 1 1 1 1 1 1 1 1 1 1 1 1 1 1 1 1 1 1 1 1 1 1 1 1 1 1 1 1 1 1 1 1 1 1 1 1 1 1 1 1 1 1 1 1 1 1 1 1 1 1 1 1 1 1 1 1 1 1 1 1 1 1 1 1 1 1 1 1 1 1 1 1 1 1 1 1 1 1 1 1 1 1 1 1 1 1 1 1 1 1 1 1 1 1 1 1 1 1 1 1 1 1 1 1 1 1 1 1 1 1 1 1 1 1 1 1 1 1 1 1 1 1 1 1 1 1 1 1 1 1 1 1 1 1 1 1 1 1 1 1 1 1 1 1 1 1 1 1 1 1 1 1 1 1 1 1 1 1 1 1 1 1 1 1 1 1 1 1 1 1 1 1 1 1 1 1 1 1 1 1 1 1 1 1 1 1 1 1 1 1 1 1 1 1 1 1 1 1 1 1 1 1 1 1 1 1 1 1 1 1 1 1 1 1 1 1 1 1 1 1 1 1 1 1 1 1 1 1 1 1 1 1 1 1 1 1 1 1 1 1 1 1 1 1 1 1 1 1 1 1 1 1 1 1 1 1 1 1 1 1 1 1 1 1 1 1 1 1 1 1 1 1 1 1 1 1 1 1 1 1 1 1 1 1 1 1 1 1 1 1 1 1 1 1 1 1 1 1 1 1 1 1 1 1 1 1 1 1 1 1 1 1 1 1 1 1 1 1 1 1 1 1 1 1 1 1 1 1 1 1 1 1 1 1 1 1 1 1 1 1 1 1 1 1 1 1 1 1 1 1 1 1 1 1 1 1 1 1 1 1 1 1 1 1 1 1 1 1 1 1 1 1 1 1 1 1 1 1 1 1 1 1 1 1 1 1 1 1 1 1 1 1 1 1 1 1 1 1 1 1 1 1 1 1 1 1 1 1 1 1 1 1 1 1 1 1 1 1 1 1 1 1 1 1 1 1 1 1 1 1 1 1 1 1 1 1 1 1 1 1 1 1 1 1 1 1 1 1 1 1 1 1 1 1 1 1 1 1 1 1 1 1 1 1 1 1 1 1 1 1 1 1 1 1 1 1 1 1 1 1 1 1 1 1 1 1 1 1 1 1 1 1 1 1 1 1 1 1 1 1 1 1 1 1 1 1 1 1 1 1 1 1 1 1 1 1 1 1 1 1 1 1 1 1 1 1 1 1 1 1 1 1 1 1 1 1 1 1 1 1 1 1 1 1 1 1 1 1 1 1 1 1 1 1 1 1 1 1 1 1 1 1 1 1 1 1 1 1 1 1 1 1 1 1 1 1 1 1 1 1 1 1 1 1 1 1 1 1 1 1 1 1 1 1 1 1 1 1 1 1 1 1 1 1 1 1 1 1 1 1 1 1 1 1 1 1 1 1 1 1 1 1 1 1 1 1 1 1 1 1 1 1 1 1 1 1 1 1 1 1 1 1 1 1 1 1 1 1 1 1 1 1 1 1 1 1 1 1 1 1 1 1 1 1 1 1 1 1 1 1 1 1 1 1 1 1 1 1 1 1 1 1 1 1 1 1 1 1 1 1 1 1 1 1 1 1 1 1 1 1 1 1 1 1 1 1 1 1 1 1 1 1 1 1 1 1 1 1 1 1 1 1 1 1 1 1 1 1 1 1 1 1 1 1 1 1 1 1 1 1 1 1 1 1 1 1 1 1 1 1 1 1 1 1 1 1 1 1 1 1 1 1 1 1 1 1 1 1 1 1 1 1 1 1 1 1 1 1 1 1 1 1 1 1 1 1 1 1 1 1 1 1 1 1 1 1 1 1 1 1 1 1 1 1 1 1 1 1 1 1 1 1 1 1 1 1 1 1 1 1 1 1 1 1 1 1 1 1 1 1 1 1 1 1 1 1 1 1 1 1 1 1 1 1 1 1 1 1 1 1 1 1 1 1 1 1 1 1 1 1 1 1 1 1 1 1 1 1 1 1 1 1 1 1 1 1 1 1 1 1 1 1 1 1 1 1 1 1 1 1 1 1 1 1 1 1 1 1 1 1 1 1 1 1 1 1 1 1 1 1 1 1 1 1 1 1 1 1 1 1 1 1 1 1 1 1 1 1 1 1 1 1 1 1 1 1 1 1 1 1 1 1 1 1 1 1 1 1 1 1 1 1 1 1 1 1 1 1 1 1 1 1 1 1 1 1 1 1 1 1 1 1 1 1 1 1 1 1 1 1 1 1 1 1 1 1 1 1 1 1 1 1 1 1 1 1 1 1 1 1 1 1 1 1 1 1 1 1 1 1 1 1 1 1 1 1 1 1 1 1 1 1 1 1 1 1 1 1 1 1 1 1 1 1 1 1 1 1 1 1 1 1 1 1 1 1 1 1 1 1 1 1 1 1 1 1 1 1 1 1 1 1 1 1 1 1 1 1 1 1 1 1 1 1 1 1 1 1 1 1 1 1 1 1 1 1 1 1 1 1 1 1 1 1 1 1 1 1 1 1 1 1 1 1 1 1 1 1 1 1 1 1 1 1 1 1 1 1 1 1 1 1 1 1 1 1 1 1 1 1 1 1 1 1 1 1 1 1 1 1 1 1 1 1 1 1 1 1 1 1 1 1 1 1 1 1 1 1 1 1 1 1 1 1 1 1 1 1 1 1 1 1 1 1 1 1 1 1 1 1 1 1 1 1 1 1 1 1 1 1 1 1 1 1 1 1 1 1 1 1 1 1 1 1 1 1 1 1 1 1 1 1 1 1 1 1 1 1 1 1 1 1 1 1 1 1 1 1 1 1 1 1 1 1 1 1 1 1 1 1 1 1 1 1 1 1 1 1 1 1 1 1 1 1 1 1 1 1 1 1 1 1 1 1 1 1 1 1 1 1 1 1 1 1 1 1 1 1 1 1 1 1 1 1 1 1 1 1 1 1 1 1 1 1 1 1 1 1 1 1 1 1 1 1 1 1 1 1 1 1 1 1 1 1 1 1 1 1 1 1 1 1 1 1 1 1 1 1 1 1 1 1 1 1 1 1 1 1 1 1 1 1 1 1 1 1 1 1 1 1 1 1 1 1 1 1 1 1 1 1 1 1 1 1 1 1 1 1 1 1 1 1 1 1 1 1 1 1 1 1 1 1 1 1 1 1 1 1 1 1 1 1 1 1 1 1 1 1 1 1 1 1 1 1 1 1 1 1 1 1 1 1 1 1 1 1 1 1 1 1 1 1 1 1 1 1 1 1 1 1 1 1 1 1 1 1 1 1 1 1 1 1 1 1 1 1 1 1 1 1 1 1 1 1 1 1 1 1 1 1 1 1 1 1 1 1 1 1 1 1 1 1 1 1 1 1 1 1 1 1 1 1 1 1 1 1 1 1 1 1 1 1 1 1 1 1 1 1 1 1 1 1 1 1 1 1 1 1 1 1 1 1 1 1 1 1 1 1 1 1 1 1 1 1 1 1 1 1 1 1 1 1 1 1 1 1 1 1 1 1 1 1 1 1 1 1 1 1 1 1 1 1 1 1 1 1 1 1 1 1 1 1 1 1 1 1 1 1 1 1 1 1 1 1 1 1 1 1 1 1 1 1 1 1 1 1 1 1 1 1 1 1 1 1 1 1 1 1 1 1 1 1 1 1 1 1 1 1 1 1 1 1 1 1 1 1 1 1 1 1 1 1 1 1 1 1 1 1 1 1 1 1 1 1 1 1 1 1 1 1 1 1 1 1 1 1 1 1 1 1 1 1 1 1 1 1 1 1 1 1 1 1 1 1 1 1 1 1 1 1 1 1 1 1 1 1 1 1 1 1 1 1 1 1 1 1 1 1 1 1 1 1 1 1 1 1 1 1 1 1 1 1 1 1 1 1 1 1 1 1 1 1 1 1 1 1 1 1 1 1 1 1 1 1 1 1 1 1 1 1 1 1 1 1 1 1 1 1 1 1 1 1 1 1 1 1 1 1 1 1 1 1 1 1 1 1 1 1 1 1 1 1 1 1 1 1 1 1 1 1 1 1 1 1 1 1 1 1 1 1 1 1 1 1 1 1 1 1 1 1 1 1 1 1 1 1 1 1 1 1 1 1 1 1 1 1 1 1 1 1 1 1 1 1 1 1 1 1 1 1 1 1 1 1 1 1 1 1 1 1 1 1 1 1 1 1 1 1 1 1 1 1 1 1 1 1 1 1 1 1 1 1 1 1 1 1 1 1 1 1 1 1 1 1 1 1 1 1 1 1 1 1 1 1 1 1 1 1 1 1 1 1 1 1 1 1 1 1 1 1 1 1 1 1 1 1 1 1 1 1 1 1 1 1 1 1 1 1 1 1 1 1 1 1 1 1 1 1 1 1 1 1 1 1 1 1 1 1 1 1 1 1 1 1 1 1 1 1 1 1 1 1 1 1 1 1 1 1 1 1 1 1 1 1 1 1 1 1 1 1 1 1 1 1 1 1 1 1 1 1 1 1 1 1 1 1 1 1 1 1 1 1 1 1 1 1 1 1 1 1 1 1 1 1 1 1 1 1 1 1 1 1 1 1 1 1 1 1 1 1 1 1 1 1 1 1 1 1 1 1 1 1 1 1 1 1 1 1 1 1 1 1 1 1 1 1 1 1 1 1 1 1 1 1 1 1 1 1 1 1 1 1 1 1 1 1 1 1 1 1 1 1 1 1 1 1 1 1 1 1 1 1 1 1 1 1 1 1 1 1 1 1 1 1 1 1 1 1 1 1 1 1 1 1 1 1 1 1 1 1 1 1 1 1 1 1 1 1 1 1 1 1 1 1 1 1 1 1 1 1 1 1 1 1 1 1 1 1 1 1 1 1 1 1 1 1 1 1 1 1 1 1 1 1 1 1 1 1 1 1 1 1 1 1 1 1 1 1 1 1 1 1 1 1 1 1 1 1 1 1 1 1 1 1 1 1 1 1 1 1 1 1 1 1 1 1 1 1 1 1 1 1 1 1 1 1 1 1 1 1 1 1 1 1 1 1 1 1 1 1 1 1 1 1 1 1 1 1 1 1 1 1 1 1 1 1 1 1 1 1 1 1 1 1 1 1 1 1 1 1 1 1 1 1 1 1 1 1 1 1 1 1 1 1 1 1 1 1 1 1 1 1 1 1 1 1 1 1 1 1 1 1 1 1 1 1 1 1 1 1 1 1 1 1 1 1 1 1 1 1 1 1 1 1 1 1 1 1 1 1 1 1 1 1 1 1 1 1 1 1 1 1 1 1 1 1 1 1 1 1 1 1 1 1 1 1 1 1 1 1 1 1 1 1 1 1 1 1 1 1 1 1 1 1 1 1 1 1 1 1 1 1 1 1 1 1 1 1 1 1 1 1 1 1 1 1 1 1 1 1 1 1 1 1 1 1 1 1 1 1 1 1 1 1 1 1 1 1 1 1 1 1 1 1 1 1 1 1 1 1 1 1 1 1 1 1 1 1 1 1 1 1 1 1 1 1 1 1 1 1 1 1 1 1 1 1 1 1 1 1 1 1 1 1 1 1 1 1 1 1 1 1 1 1 1 1 1 1 1 1 1 1 1 1 1 1 1 1 1 1 1 1 1 1 1 1 1 1 1 1 1 1 1 1 1 1 1 1 1 1 1 1 1 1 1 1 1 1 1 1 1 1 1 1 1 1 1 1 1 1 1 1 1 1 1 1 1 1 1 1 1 1 1 1 1 1 1 1 1 1 1 1 1 1 1 1 1 1 1 1 1 1 1 1 1 1 1 1 1 1 1 1 1 1 1 1 1 1 1 1 1 1 1 1 1 1 1 1 1 1 1 1 1 1 1 1 1 1 1 1 1 1 1 1 1 1 1 1 1 1 1 1 1 1 1 1 1 1 1 1 1 1 1 1 1 1 1 1 1 1 1 1 1 1 1 1 1 1 1 1 1 1 1 1 1 1 1 1 1 1 1 1 1 1 1 1 1 1 1 1 1 1 1 1 1 1 1 1 1 1 1 1 1 1 1 1 1 1 1 1 1 1 1 1 1 1 1 1 1 1 1 1 1 1 1 1 1 1 1 1 1 1 1 1 1 1 1 1 1 1 1 1 1 1 1 1 1 1 1 1 1 1 1 1 1 1 1 1 1 1 1 1 1 1 1 1 1 1 1 1 1 1 1 1 1 1 1 1 1 1 1 1 1 1 1 1 1 1 1 1 1 1 1 1 1 1 1 1 1 1 1 1 1 1 1 1 1 1 1 1 1 1 1 1 1 1 1 1 1 1 1 1 1 1 1 1 1 1 1 1 1 1 1 1 1 1 1 1 1 1 1 1 1 1 1 1 1 1 1 1 1 1 1 1 1 1 1 1 1 1 1 1 1 1 1 1 1 1 1 1 1 1 1 1 1 1 1 1 1 1 1 1 1 1 1 1 1 1 1 1 1 1 1 1 1 1 1 1 1 1 1 1 1 1 1 1 1 1 1 1 1 1 1 1 1 1 1 1 1 1 1 1 1 1 1 1 1 1 1 1 1 1 1 1 1 1 1 1 1 1 1 1 1 1 1 1 1 1 1 1 1 1 1 1 1 1 1 1 1 1 1 1 1 1 1 1 1 1 1 1 1 1 1 1 1 1 1 1 1 1 1 1 1 1 1 1 1 1 1 1 1 1 1 1 1 1 1 1 1 1 1 1 1 1 1 1 1 1 1 1 1 1 1 1 1 1 1 1 1 1 1 1 1 1 1 1 1 1 1 1 1 1 1 1 1 1 1 1 1 1 1 1 1 1 1 1 1 1 1 1 1 1 1 1 1 1 1 1 1 1 1 1 1 1 1 1 1 1 1 1 1 1 1 1 1 1 1 1 1 1 1 1 1 1 1 1 1 1 1 1 1 1 1 1 1 1 1 1 1 1 1 1 1 1 1 1 1 1 1 1 1 1 1 1 1 1 1 1 1 1 1 1 1 1 1 1 1 1 1 1 1 1 1 1 1 1 1 1 1 1 1 1 1 1 1 1 1 1 1 1 1 1 1 1 1 1 1 1 1 1 1 1 1 1 1 1 1 1 1 1 1 1 1 1 1 1 1 1 1 1 1 1 1 1 1 1 1 1 1 1 1 1 1 1 1 1 1 1 1 1 1 1 1 1 1 1 1 1 1 1 1 1 1 1 1 1 1 1 1 1 1 1 1 1 1 1 1 1 1 1 1 1 1 1 1 1 1 1 1 1 1 1 1 1 1 1 1 1 1 1 1 1 1 1 1 1 1 1 1 1 1 1 1 1 1 1 1 1 1 1 1 1 1 1 1 1 1 1 1 1 1 1 1 1 1 1 1 1 1 1 1 1 1 1 1 1 1 1 1 1 1 1 1 1 1 1 1 1 1 1 1 1 1 1 1 1 1 1 1 1 1 1 1 1 1 1 1 1 1 1 1 1 1 1 1 1 1 1 1 1 1 1 1 1 1 1 1 1 1 1 1 1 1 1 1 1 1 1 1 1 1 1 1 1 1 1 1 1 1 1 1 1 1 1 1 1 1 1 1 1 1 1 1 1 1 1 1 1 1 1 1 1 1 1 1 1 1 1 1 1 1 1 1 1 1 1 1 1 1 1 1 1 1 1 1 1 1 1 1 1 1 1 1 1 1 1 1 1 1 1 1 1 1 1 1 1 1 1 1 1 1 1 1 1 1 1 1 1 1 1 1 1 1 1 1 1 1 1 1 1 1 1 1 1 1 1 1 1 1 1 1 1 1 1 1 1 1 1 1 1 1 1 1 1 1 1 1 1 1 1 1 1 1 1 1 1 1 1 1 1 1 1 1 1 1 1 1 1 1 1 1 1 1 1 1 1 1 1 1 1 1 1 1 1 1 1 1 1 1 1 1 1 1 1 1 1 1 1 1 1 1 1 1 1 1 1 1 1 1 1 1 1 1 1 1 1 1 1 1 1 1 1 1 1 1 1 1 1 1 1 1 1 1 1 1 1 1 1 1 1 1 1 1 1 1 1 1 1 1 1 1 1 1 1 1 1 1 1 1 1 1 1 1 1 1 1 1 1 1 1 1 1 1 1 1 1 1 1 1 1 1 1 1 1 1 1 1 1 1 1 1 1 1 1 1 1 1 1 1 1 1 1 1 1 1 1 1 1 1 1 1 1 1 1 1 1 1 1 1 1 1 1 1 1 1 1 1 1 1 1 1 1 1 1 1 1 1 1 1 1 1 1 1 1 1 1 1 1 1 1 1 1 1 1 1 1 1 1 1 1 1 1 1 1 1 1 1 1 1 1 1 1 1 1 1 1 1 1 1 1 1 1 1 1 1 1 1 1 1 1 1 1 1 1 1 1 1 1 1 1 1 1 1 1 1 1 1 1 1 1 1 1 1 1 1 1 1 1 1 1 1 1 1 1 1 1 1 1 1 1 1 1 1 1 1 1 1 1 1 1 1 1 1 1 1 1 1 1 1 1 1 1 1 1 1 1 1 1 1 1 1 1 1 1 1 1 1 1 1 1 1 1 1 1 1 1 1 1 1 1 1 1 1 1 1 1 1 1 1 1 1 1 1 1 1 1 1 1 1 1 1 1 1 1 1 1 1 1 1 1 1 1 1 1 1 1 1 1 1 1 1 1 1 1 1 1 1 1 1 1 1 1 1 1 1 1 1 1 1 1 1 1 1 1 1 1 1 1 1 1 1 1 1 1 1 1 1 1 1 1 1 1 1 1 1 1 1 1 1 1 1 1 1 1 1 1 1 1 1 1 1 1 1 1 1 1 1 1 1 1 1 1 1 1 1 1 1 1 1 1 1 1 1 1 1 1 1 1 1 1 1 1 1 1 1 1 1 1 1 1 1 1 1 1 1 1 1 1 1 1 1 1 1 1 1 1 1 1 1 1 1 1 1 1 1 1 1 1 1 1 1 1 1 1 1 1 1 1 1 1 1 1 1 1 1 1 1 1 1 1 1 1 1 1 1 1 1 1 1 1 1 1 1 1 1 1 1 1 1 1 1 1 1 1 1 1 1 1 1 1 1 1 1 1 1 1 1 1 1 1 1 1 1 1 1 1 1 1 1 1 1 1 1 1 1 1 1 1 1 1 1 1 1 1 1 1 1 1 1 1 1 1 1 1 1 1 1 1 1 1 1 1 1 1 1 1 1 1 1 1 1 1 1 1 1 1 1 1 1 1 1 1 1 1 1 1 1 1 1 1 1 1 1 1 1 1 1 1 1 1 1 1 1 1 1 1 1 1 1 1 1 1 1 1 1 1 1 1 1 1 1 1 1 1 1 1 1 1 1 1 1 1 1 1 1 1 1 1 1 1 1 1 1 1 1 1 1 1 1 1 1 1 1 1 1 1 1 1 1 1 1 1 1 1 1 1 1 1 1 1 1 1 1 1 1 1 1 1 1 1 1 1 1 1 1 1 1 1 1 1 1 1 1 1 1 1 1 1 1 1 1 1 1 1 1 1 1 1 1 1 1 1 1 1 1 1 1 1 1 1 1 1 1 1 1 1 1 1 1 1 1 1 1 1 1 1 1 1 1 1 1 1 1 1 1 1 1 1 1 1 1 1 1 1 1 1 1 1 1 1 1 1 1 1 1 1 1 1 1 1 1 1 1 1 1 1 1 1 1 1 1 1 1 1 1 1 1 1 1 1 1 1 1 1 1 1 1 1 1 1 1 1 1 1 1 1 1 1 1 1 1 1 1 1 1 1 1 1 1 1 1 1 1 1 1 1 1 1 1 1 1 1 1 1 1 1 1 1 1 1 1 1 1 1 1 1 1 1 1 1 1 1 1 1 1 1 1 1 1 1 1 1 1 1 1 1 1 1 1 1 1 1 1 1 1 1 1 1 1 1 1 1 1 1 1 1 1 1 1 1 1 1 1 1 1 1 1 1 1 1 1 1 1 1 1 1 1 1 1 1 1 1 1 1 1 1 1 1 1 1 1 1 1 1 1 1 1 1 1 1 1 1 1 1 1 1 1 1 1 1 1 1 1 1 1 1 1 1 1 1 1 1 1 1 1 1 1 1 1 1 1 1 1 1 1 1 1 1 1 1 1 1 1 1 1 1 1 1 1 1 1 1 1 1 1 1 1 1 1 1 1 1 1 1 1 1 1 1 1 1 1 1 1 1 1 1 1 1 1 1 1 1 1 1 1 1 1 1 1 1 1 1 1 1 1 1 1 1 1 1 1 1 1 1 1 1 1 1 1 1 1 1 1 1 1 1 1 1 1 1 1 1 1 1 1 1 1 1 1 1 1 1 1 1 1 1 1 1 1 1 1 1 1 1 1 1 1 1 1 1 1 1 1 1 1 1 1 1 1 1 1 1 1 1 1 1 1 1 1 1 1 1 1 1 1 1 1 1 1 1 1 1 1 1 1 1 1 1 1 1 1 1 1 1 1 1 1 1 1 1 1 1 1 1 1 1 1 1 1 1 1 1 1 1 1 1 1 1 1 1 1 1 1 1 1 1 1 1 1 1 1 1 1 1 1 1 1 1 1 1 1 1 1 1 1 1 1 1 1 1 1 1 1 1 1 1 1 1 1 1 1 1 1 1 1 1 1 1 1 1 1 1 1 1 1 1 1 1 1 1 1 1 1 1 1 1 1 1 1 1 1 1 1 1 1 1 1 1 1 1 1 1 1 1 1 1 1 1 1 1 1 1 1 1 1 1 1 1 1 1 1 1 1 1 1 1 1 1 1 1 1 1 1 1 1 1 1 1 1 1 1 1 1 1 1 1 1 1 1 1 1 1 1 1 1 1 1 1 1 1 1 1 1 1 1 1 1 1 1 1 1 1 1 1 1 1 1 1 1 1 1 1 1 1 1 1 1 1 1 1 1 1 1 1 1 1 1 1 1 1 1 1 1 1 1 1 1 1 1 1 1 1 1 1 1 1 1 1 1 1 1 1 1 1 1 1 1 1 1 1 1 1 1 1 1 1 1 1 1 1 1 1 1 1 1 1 1 1 1 1 1 1 1 1 1 1 1 1 1 1 1 1 1 1 1 1 1 1 1 1 1 1 1 1 1 1 1 1 1 1 1 1 1 1 1 1 1 1 1 1 1 1 1 1 1 1 1 1 1 1 1 1 1 1 1 1 1 1 1 1 1 1 1 1 1 1 1 1 1 1 1 1 1 1 1 1 1 1 1 1 1 1 1 1 1 1 1 1 1 1 1 1 1 1 1 1 1 1 1 1 1 1 1 1 1 1 1 1 1 1 1 1 1 1 1 1 1 1 1 1 1 1 1 1 1 1 1 1 1 1 1 1 1 1 1 1 1 1 1 1 1 1 1 1 1 1 1 1 1 1 1 1 1 1 1 1 1 1 1 1 1 1 1 1 1 1 1 1 1 1 1 1 1 1 1 1 1 1 1 1 1 1 1 1 1 1 1 1 1 1 1 1 1 1 1 1 1 1 1 1 1 1 1 1 1 1 1 1 1 1 1 1 1 1 1 1 1 1 1 1 1 1 1 1 1 1 1 1 1 1 1 1 1 1 1 1 1 1 1 1 1 1 1 1 1 1 1 1 1 1 1 1 1 1 1 1 1 1 1 1 1 1 1 1 1 1 1 1 1 1 1 1 1 1 1 1 1 1 1 1 1 1 1 1 1 1 1 1 1 1 1 1 1 1 1 1 1 1 1 1 1 1 1 1 1 1 1 1 1 1 1 1 1 1 1 1 1 1 1 1 1 1 1 1 1 1 1 1 1 1 1 1 1 1 1 1 1 1 1 1 1 1 1 1 1 1 1 1 1 1 1 1 1 1 1 1 1 1 1 1 1 1 1 1 1 1 1 1 1 1 1 1 1 1 1 1 1 1 1 1 1 1 1 1 1 1 1 1 1 1 1 1 1 1 1 1 1 1 1 1 1 1 1 1 1 1 1 1 1 1 1 1 1 1 1 1 1 1 1 1 1 1 1 1 1 1 1 1 1 1 1 1 1 1 1 1 1 1 1 1 1 1 1 1 1 1 1 1 1 1 1 1 1 1 1 1 1 1 1 1 1 1 1 1 1 1 1 1 1 1 1 1 1 1 1 1 1 1 1 1 1 1 1 1 1 1 1 1 1 1 1 1 1 1 1 1 1 1 1 1 1 1 1 1 1 1 1 1 1 1 1 1 1 1 1 1 1 1 1 1 1 1 1 1 1 1 1 1 1 1 1 1 1 1 1 1 1 1 1 1 1 1 1 1 1 1 1 1 1 1 1 1 1 1 1 1 1 1 1 1 1 1 1 1 1 1 1 1 1 1 1 1 1 1 1 1 1 1 1 1 1 1 1 1 1 1 1 1 1 1 1 1 1 1 1 1 1 1 1 1 1 1 1 1 1 1 1 1 1 1 1 1 1 1 1 1 1 1 1 1 1 1 1 1 1 1 1 1 1 1 1 1 1 1 1 1 1 1 1 1 1 1 1 1 1 1 1 1 1 1 1 1 1 1 1 1 1 1 1 1 1 1 1 1 1 1 1 1 1 1 1 1 1 1 1 1 1 1 1 1 1 1 1 1 1 1 1 1 1 1 1 1 1 1 1 1 1 1 1 1 1 1 1 1 1 1 1 1 1 1 1 1 1 1 1 1 1 1 1 1 1 1 1 1 1 1 1 1 1 1 1 1 1 1 1 1 1 1 1 1 1 1 1 1 1 1 1 1 1 1 1 1 1 1 1 1 1 1 1 1 1 1 1 1 1 1 1 1 1 1 1 1 1 1 1 1 1 1 1 1 1 1 1 1 1 1 1 1 1 1 1 1 1 1 1 1 1 1 1 1 1 1 1 1 1 1 1 1 1 1 1 1 1 1 1 1 1 1 1 1 1 1 1 1 1 1 1 1 1 1 1 1 1 1 1 1 1 1 1 1 1 1 1 1 1 1 1 1 1 1 1 1 1 1 1 1 1 1 1 1 1 1 1 1 1 1 1 1 1 1 1 1 1 1 1 1 1 1 1 1 1 1 1 1 1 1 1 1 1 1 1 1 1 1 1 1 1 1 1 1 1 1 1 1 1 1 1 1 1 1 1 1 1 1 1 1 1 1 1 1 1 1 1 1 1 1 1 1 1 1 1 1 1 1 1 1 1 1 1 1 1 1 1 1 1 1 1 1 1 1 1 1 1 1 1 1 1 1 1 1 1 1 1 1 1 1 1 1 1 1 1 1 1 1 1 1 1 1 1 1 1 1 1 1 1 1 1 1 1 1 1 1 1 1 1 1 1 1 1 1 1 1 1 1 1 1 1 1 1 1 1 1 1 1 1 1 1 1 1 1 1 1 1 1 1 1 1 1 1 1 1 1 1 1 1 1 1 1 1 1 1 1 1 1 1 1 1 1 1 1 1 1 1 1 1 1 1 1 1 1 1 1 1 1 1 1 1 1 1 1 1 1 1 1 1 1 1 1 1 1 1 1 1 1 1 1 1 1 1 1 1 1 1 1 1 1 1 1 1 1 1 1 1 1 1 1 1 1 1 1 1 1 1 1 1 1 1 1 1 1 1 1 1 1 1 1 1 1 1 1 1 1 1 1 1 1 1 1 1 1 1 1 1 1 1 1 1 1 1 1 1 1 1 1 1 1 1 1 1 1 1 1 1 1 1 1 1 1 1 1 1 1 1 1 1 1 1 1 1 1 1 1 1 1 1 1 1 1 1 1 1 1 1 1 1 1 1 1 1 1 1 1 1 1 1 1 1 1 1 1 1 1 1 1 1 1 1 1 1 1 1 1 1 1 1 1 1 1 1 1 1 1 1 1 1 1 1 1 1 1 1 1 1 1 1 1 1 1 1 1 1 1 1 1 1 1 1 1 1 1 1 1 1 1 1 1 1 1 1 1 1 1 1 1 1 1 1 1 1 1 1 1 1 1 1 1 1 1 1 1 1 1 1 1 1 1 1 1 1 1 1 1 1 1 1 1 1 1 1 1 1 1 1 1 1 1 1 1 1 1 1 1 1 1 1 1 1 1 1 1 1 1 1 1 1 1 1 1 1 1 1 1 1 1 1 1 1 1 1 1 1 1 1 1 1 1 1 1 1 1 1 1 1 1 1 1 1 1 1 1 1 1 1 1 1 1 1 1 1 1 1 1 1 1 1 1 1 1 1 1 1 1 1 1 1 1 1 1 1 1 1 1 1 1 1 1 1 1 1 1 1 1 1 1 1 1 1 1 1 1 1 1 1 1 1 1 1 1 1 1 1 1 1 1 1 1 1 1 1 1 1 1 1 1 1 1 1 1 1 1 1 1 1 1 1 1 1 1 1 1 1 1 1 1 1 1 1 1 1 1 1 1 1 1 1 1 1 1 1 1 1 1 1 1 1 1 1 1 1 1 1 1 1 1 1 1 1 1 1 1 1 1 1 1 1 1 1 1 1 1 1 1 1 1 1 1 1 1 1 1 1 1 1 1 1 1 1 1 1 1 1 1 1 1 1 1 1 1 1 1 1 1 1 1 1 1 1 1 1 1 1 1 1 1 1 1 1 1 1 1 1 1 1 1 1 1 1 1 1 1 1 1 1 1 1 1 1 1 1 1 1 1 1 1 1 1 1 1 1 1 1 1 1 1 1 1 1 1 1 1 1 1 1 1 1 1 1 1 1 1 1 1 1 1 1 1 1 1 1 1 1 1 1 1 1 1 1 1 1 1 1 1 1 1 1 1 1 1 1 1 1 1 1 1 1 1 1 1 1 1 1 1 1 1 1 1 1 1 1 1 1 1 1 1 1 1 1 1 1 1 1 1 1 1 1 1 1 1 1 1 1 1 1 1 1 1 1 1 1 1 1 1 1 1 1 1 1 1 1 1 1 1 1 1 1 1 1 1 1 1 1 1 1 1 1 1 1 1 1 1 1 1 1 1 1 1 1 1 1 1 1 1 1 1 1 1 1 1 1 1 1 1 1 1 1 1 1 1 1 1 1 1 1 1 1 1 1 1 1 1 1 1 1 1 1 1 1 1 1 1 1 1 1 1 1 1 1 1 1 1 1 1 1 1 1 1 1 1 1 1 1 1 1 1 1 1 1 1 1 1 1 1 1 1 1 1 1 1 1 1 1 1 1 1 1 1 1 1 1 1 1 1 1 1 1 1 1 1 1 1 1 1 1 1 1 1 1 1 1 1 1 1 1 1 1 1 1 1 1 1 1 1 1 1 1 1 1 1 1 1 1 1 1 1 1 1 1 1 1 1 1 1 1 1 1 1 1 1 1 1 1 1 1 1 1 1 1 1 1 1 1 1 1 1 1 1 1 1 1 1 1 1 1 1 1 1 1 1 1 1 1 1 1 1 1 1 1 1 1 1 1 1 1 1 1 1 1 1 1 1 1 1 1 1 1 1 1 1 1 1 1 1 1 1 1 1 1 1 1 1 1 1 1 1 1 1 1 1 1 1 1 1 1 1 1 1 1 1 1 1 1 1 1 1 1 1 1 1 1 1 1 1 1 1 1 1 1 1 1 1 1 1 1 1 1 1 1 1 1 1 1 1 1 1 1 1 1 1 1 1 1 1 1 1 1 1 1 1 1 1 1 1 1 1 1 1 1 1 1 1 1 1 1 1 1 1 1 1 1 1 1 1 1 1 1 1 1 1 1 1 1 1 1 1 1 1 1 1 1 1 1 1 1 1 1 1 1 1 1 1 1 1 1 1 1 1 1 1 1 1 1 1 1 1 1 1 1 1 1 1 1 1 1 1 1 1 1 1 1 1 1 1 1 1 1 1 1 1 1 1 1 1 1 1 1 1 1 1 1 1 1 1 1 1 1 1 1 1 1 1 1 1 1 1 1 1 1 1 1 1 1 1 1 1 1 1 1 1 1 1 1 1 1 1 1 1 1 1 1 1 1 1 1 1 1 1 1 1 1 1 1 1 1 1 1 1 1 1 1 1 1 1 1 1 1 1 1 1 1 1 1 1 1 1 1 1 1 1 1 1 1 1 1 1 1 1 1 1 1 1 1 1 1 1 1 1 1 1 1 1 1 1 1 1 1 1 1 1 1 1 1 1 1 1 1 1 1 1 1 1 1 1 1 1 1 1 1 1 1 1 1 1 1 1 1 1 1 1 1 1 1 1 1 1 1 1 1 1 1 1 1 1 1 1 1 1 1 1 1 1 1 1 1 1 1 1 1 1 1 1 1 1 1 1 1 1 1 1 1 1 1 1 1 1 1 1 1 1 1 1 1 1 1 1 1 1 1 1 1 1 1 1 1 1 1 1 1 1 1 1 1 1 1 1 1 1 1 1 1 1 1 1 1 1 1 1 1 1 1 1 1 1 1 1 1 1 1 1 1 1 1 1 1 1 1 1 1 1 1 1 1 1 1 1 1 1 1 1 1 1 1 1 1 1 1 1 1 1 1 1 1 1 1 1 1 1 1 1 1 1 1 1 1 1 1 1 1 1 1 1 1 1 1 1 1 1 1 1 1 1 1 1 1 1 1 1 1 1 1 1 1 1 1 1 1 1 1 1 1 1 1 1 1 1 1 1 1 1 1 1 1 1 1 1 1 1 1 1 1 1 1 1 1 1 1 1 1 1 1 1 1 1 1 1 1 1 1 1 1 1 1 1 1 1 1 1 1 1 1 1 1 1 1 1 1 1 1 1 1 1 1 1 1 1 1 1 1 1 1 1 1 1 1 1 1 1 1 1 1 1 1 1 1 1 1 1 1 1 1 1 1 1 1 1 1 1 1 1 1 1 1 1 1 1 1 1 1 1 1 1 1 1 1 1 1 1 1 1 1 1 1 1 1 1 1 1 1 1 1 1 1 1 1 1 1 1 1 1 1 1 1 1 1 1 1 1 1 1 1 1 1 1 1 1 1 1 1 1 1 1 1 1 1 1 1 1 1 1 1 1 1 1 1 1 1 1 1 1 1 1 1 1 1 1 1 1 1 1 1 1 1 1 1 1 1 1 1 1 1 1 1 1 1 1 1 1 1 1 1 1 1 1 1 1 1 1 1 1 1 1 1 1 1 1 1 1 1 1 1 1 1 1 1 1 1 1 1 1 1 1 1 1 1 1 1 1 1 1 1 1 1 1 1 1 1 1 1 1 1 1 1 1 1 1 1 1 1 1 1 1 1 1 1 1 1 1 1 1 1 1 1 1 1 1 1 1 1 1 1 1 1 1 1 1 1 1 1 1 1 1 1 1 1 1 1 1 1 1 1 1 1 1 1 1 1 1 1 1 1 1 1 1 1 1 1 1 1 1 1 1 1 1 1 1 1 1 1 1 1 1 1 1 1 1 1 1 1 1 1 1 1 1 1 1 1 1 1 1 1 1 1 1 1 1 1 1 1 1 1 1 1 1 1 1 1 1 1 1 1 1 1 1 1 1 1 1 1 1 1 1 1 1 1 1 1 1 1 1 1 1 1 1 1 1 1 1 1 1 1 1 1 1 1 1 1 1 1 1 1 1 1 1 1 1 1 1 1 1 1 1 1 1 1 1 1 1 1 1 1 1 1 1 1 1 1 1 1 1 1 1 1 1 1 1 1 1 1 1 1 1 1 1 1 1 1 1 1 1 1 1 1 1 1 1 1 1 1 1 1 1 1 1 1 1 1 1 1 1 1 1 1 1 1 1 1 1 1 1 1 1 1 1 1 1 1 1 1 1 1 1 1 1 1 1 1 1 1 1 1 1 1 1 1 1 1 1 1 1 1 1 1 1 1 1 1 1 1 1 1 1 1 1 1 1 1 1 1 1 1 1 1 1 1 1 1 1 1 1 1 1 1 1 1 1 1 1 1 1 1 1 1 1 1 1 1 1 1 1 1 1 1 1 1 1 1 1 1 1 1 1 1 1 1 1 1 1 1 1 1 1 1 1 1 1 1 1 1 1 1 1 1 1 1 1 1 1 1 1 1 1 1 1 1 1 1 1 1 1 1 1 1 1 1 1 1 1 1 1 1 1 1 1 1 1 1 1 1 1 1 1 1 1 1 1 1 1 1 1 1 1 1 1 1 1 1 1 1 1 1 1 1 1 1 1 1 1 1 1 1 1 1 1 1 1 1 1 1 1 1 1 1 1 1 1 1 1 1 1 1 1 1 1 1 1 1 1 1 1 1 1 1 1 1 1 1 1 1 1 1 1 1 1 1 1 1 1 1 1 1 1 1 1 1 1 1 1 1 1 1 1 1 1 1 1 1 1 1 1 1 1 1 1 1 1 1 1 1 1 1 1 1 1 1 1 1 1 1 1 1 1 1 1 1 1 1 1 1 1 1 1 1 1 1 1 1 1 1 1 1 1 1 1 1 1 1 1 1 1 1 1 1 1 1 1 1 1 1 1 1 1 1 1 1 1 1 1 1 1 1 1 1 1 1 1 1 1 1 1 1 1 1 1 1 1 1 1 1 1 1 1 1 1 1 1 1 1 1 1 1 1 1 1 1 1 1 1 1 1 1 1 1 1 1 1 1 1 1 1 1 1 1 1 1 1 1 1 1 1 1 1 1 1 1 1 1 1 1 1 1 1 1 1 1 1 1 1 1 1 1 1 1 1 1 1 1 1 1 1 1 1 1 1 1 1 1 1 1 1 1 1 1 1 1 1 1 1 1 1 1 1 1 1 1 1 1 1 1 1 1 1 1 1 1 1 1 1 1 1 1 1 1 1 1 1 1 1 1 1 1 1 1 1 1 1 1 1 1 1 1 1 1 1 1 1 1 1 1 1 1 1 1 1 1 1 1 1 1 1 1 1 1 1 1 1 1 1 1 1 1 1 1 1 1 1 1 1 1 1 1 1 1 1 1 1 1 1 1 1 1 1 1 1 1 1 1 1 1 1 1 1 1 1 1 1 1 1 1 1 1 1 1 1 1 1 1 1 1 1 1 1 1 1 1 1 1 1 1 1 1 1 1 1 1 1 1 1 1 1 1 1 1 1 1 1 1 1 1 1 1 1 1 1 1 1 1 1 1 1 1 1 1 1 1 1 1 1 1 1 1 1 1 1 1 1 1 1 1 1 1 1 1 1 1 1 1 1 1 1 1 1 1 1 1 1 1 1 1 1 1 1 1 1 1 1 1 1 1 1 1 1 1 1 1 1 1 1 1 1 1 1 1 1 1 1 1 1 1 1 1 1 1 1 1 1 1 1 1 1 1 1 1 1 1 1 1 1 1 1 1 1 1 1 1 1 1 1 1 1 1 1 1 1 1 1 1 1 1 1 1 1 1 1 1 1 1 1 1 1 1 1 1 1 1 1 1 1 1 1 1 1 1 1 1 1 1 1 1 1 1 1 1 1 1 1 1 1 1 1 1 1 1 1 1 1 1 1 1 1 1 1 1 1 1 1 1 1 1 1 1 1 1 1 1 1 1 1 1 1 1 1 1 1 1 1 1 1 1 1 1 1 1 1 1 1 1 1 1 1 1 1 1 1 1 1 1 1 1 1 1 1 1 1 1 1 1 1 1 1 1 1 1 1 1 1 1 1 1 1 1 1 1 1 1 1 1 1 1 1 1 1 1 1 1 1 1 1 1 1 1 1 1 1 1 1 1 1 1 1 1 1 1 1 1 1 1 1 1 1 1 1 1 1 1 1 1 1 1 1 1 1 1 1 1 1 1 1 1 1 1 1 1 1 1 1 1 1 1 1 1 1 1 1 1 1 1 1 1 1 1 1 1 1 1 1 1 1 1 1 1 1 1 1 1 1 1 1 1 1 1 1 1 1 1 1 1 1 1 1 1 1 1 1 1 1 1 1 1 1 1 1 1 1 1 1 1 1 1 1 1 1 1 1 1 1 1 1 1 1 1 1 1 1 1 1 1 1 1 1 1 1 1 1 1 1 1 1 1 1 1 1 1 1 1 1 1 1 1 1 1 1 1 1 1 1 1 1 1 1 1 1 1 1 1 1 1 1 1 1 1 1 1 1 1 1 1 1 1 1 1 1 1 1 1 1 1 1 1 1 1 1 1 1 1 1 1 1 1 1 1 1 1 1 1 1 1 1 1 1 1 1 1 1 1 1 1 1 1 1 1 1 1 1 1 1 1 1 1 1 1 1 1 1 1 1 1 1 1 1 1 1 1 1 1 1 1 1 1 1 1 1 1 1 1 1 1 1 1 1 1 1 1 1 1 1 1 1 1 1 1 1 1 1 1 1 1 1 1 1 1 1 1 1 1 1 1 1 1 1 1 1 1 1 1 1 1 1 1 1 1 1 1 1 1 1 1 1 1 1 1 1 1 1 1 1 1 1 1 1 1 1 1 1 1 1 1 1 1 1 1 1 1 1 1 1 1 1 1 1 1 1 1 1 1 1 1 1 1 1 1 1 1 1 1 1 1 1 1 1 1 1 1 1 1 1 1 1 1 1 1 1 1 1 1 1 1 1 1 1 1 1 1 1 1 1 1 1 1 1 1 1 1 1 1 1 1 1 1 1 1 1 1 1 1 1 1 1 1 1 1 1 1 1 1 1 1 1 1 1 1 1 1 1 1 1 1 1 1 1 1 1 1 1 1 1 1 1 1 1 1 1 1 1 1 1 1 1 1 1 1 1 1 1 1 1 1 1 1 1 1 1 1 1 1 1 1 1 1 1 1 1 1 1 1 1 1 1 1 1 1 1 1 1 1 1 1 1 1 1 1 1 1 1 1 1 1 1 1 1 1 1 1 1 1 1 1 1 1 1 1 1 1 1 1 1 1 1 1 1 1 1 1 1 1 1 1 1 1 1 1 1 1 1 1 1 1 1 1 1 1 1 1 1 1 1 1 1 1 1 1 1 1 1 1 1 1 1 1 1 1 1 1 1 1 1 1 1 1 1 1 1 1 1 1 1 1 1 1 1 1 1 1 1 1 1 1 1 1 1 1 1 1 1 1 1 1 1 1 1 1 1 1 1 1 1 1 1 1 1 1 1 1 1 1 1 1 1 1 1 1 1 1 1 1 1 1 1 1 1 1 1 1 1 1 1 1 1 1 1 1 1 1 1 1 1 1 1 1 1 1 1 1 1 1 1 1 1 1 1 1 1 1 1 1 1 1 1 1 1 1 1 1 1 1 1 1 1 1 1 1 1 1 1 1 1 1 1 1 1 1 1 1 1 1 1 1 1 1 1 1 1 1 1 1 1 1 1 1 1 1 1 1 1 1 1 1 1 1 1 1 1 1 1 1 1 1 1 1 1 1 1 1 1 1 1 1 1 1 1 1 1 1 1 1 1 1 1 1 1 1 1 1 1 1 1 1 1 1 1 1 1 1 1 1 1 1 1 1 1 1 1 1 1 1 1 1 1 1 1 1 1 1 1 1 1 1 1 1 1 1 1 1 1 1 1 1 1 1 1 1 1 1 1 1 1 1 1 1 1 1 1 1 1 1 1 1 1 1 1 1 1 1 1 1 1 1 1 1 1 1 1 1 1 1 1 1 1 1 1 1 1 1 1 1 1 1 1 1 1 1 1 1 1 1 1 1 1 1 1 1 1 1 1 1 1 1 1 1 1 1 1 1 1 1 1 1 1 1 1 1 1 1 1 1 1 1 1 1 1 1 1 1 1 1 1 1 1 1 1 1 1 1 1 1 1 1 1 1 1 1 1 1 1 1 1 1 1 1 1 1 1 1 1 1 1 1 1 1 1 1 1 1 1 1 1 1 1 1 1 1 1 1 1 1 1 1 1 1 1 1 1 1 1 1 1 1 1 1 1 1 1 1 1 1 1 1 1 1 1 1 1 1 1 1 1 1 1 1 1 1 1 1 1 1 1 1 1 1 1 1 1 1 1 1 1 1 1 1 1 1 1 1 1 1 1 1 1 1 1 1 1 1 1 1 1 1 1 1 1 1 1 1 1 1 1 1 1 1 1 1 1 1 1 1 1 1 1 1 1 1 1 1 1 1 1 1 1 1 1 1 1 1 1 1 1 1 1 1 1 1 1 1 1 1 1 1 1 1 1 1 1 1 1 1 1 1 1 1 1 1 1 1 1 1 1 1 1 1 1 1 1 1 1 1 1 1 1 1 1 1 1 1 1 1 1 1 1 1 1 1 1 1 1 1 1 1 1 1 1 1 1 1 1 1 1 1 1 1 1 1 1 1 1 1 1 1 1 1 1 1 1 1 1 1 1 1 1 1 1 1 1 1 1 1 1 1 1 1 1 1 1 1 1 1 1 1 1 1 1 1 1 1 1 1 1 1 1 1 1 1 1 1 1 1 1 1 1 1 1 1 1 1 1 1 1 1 1 1 1 1 1 1 1 1 1 1 1 1 1 1 1 1 1 1 1 1 1 1 1 1 1 1 1 1 1 1 1 1 1 1 1 1 1 1 1 1 1 1 1 1 1 1 1 1 1 1 1 1 1 1 1 1 1 1 1 1 1 1 1 1 1 1 1 1 1 1 1 1 1 1 1 1 1 1 1 1 1 1 1 1 1 1 1 1 1 1 1 1 1 1 1 1 1 1 1 1 1 1 1 1 1 1 1 1 1 1 1 1 1 1 1 1 1 1 1 1 1 1 1 1 1 1 1 1 1 1 1 1 1 1 1 1 1 1 1 1 1 1 1 1 1 1 1 1 1 1 1 1 1 1 1 1 1 1 1 1 1 1 1 1 1 1 1 1 1 1 1 1 1 1 1 1 1 1 1 1 1 1 1 1 1 1 1 1 1 1 1 1 1 1 1 1 1 1 1 1 1 1 1 1 1 1 1 1 1 1 1 1 1 1 1 1 1 1 1 1 1 1 1 1 1 1 1 1 1 1 1 1 1 1 1 1 1 1 1 1 1 1 1 1 1 1 1 1 1 1 1 1 1 1 1 1 1 1 1 1 1 1 1 1 1 1 1 1 1 1 1 1 1 1 1 1 1 1 1 1 1 1 1 1 1 1 1 1 1 1 1 1 1 1 1 1 1 1 1 1 1 1 1 1 1 1 1 1 1 1 1 1 1 1 1 1 1 1 1 1 1 1 1 1 1 1 1 1 1 1 1 1 1 1 1 1 1 1 1 1 1 1 1 1 1 1 1 1 1 1 1 1 1 1 1 1 1 1 1 1 1 1 1 1 1 1 1 1 1 1 1 1 1 1 1 1 1 1 1 1 1 1 1 1 1 1 1 1 1 1 1 1 1 1 1 1 1 1 1 1 1 1 1 1 1 1 1 1 1 1 1 1 1 1 1 1 1 1 1 1 1 1 1 1 1 1 1 1 1 1 1 1 1 1 1 1 1 1 1 1 1 1 1 1 1 1 1 1 1 1 1 1 1 1 1 1 1 1 1 1 1 1 1 1 1 1 1 1 1 1 1 1 1 1 1 1 1 1 1 1 1 1 1 1 1 1 1 1 1 1 1 1 1 1 1 1 1 1 1 1 1 1 1 1 1 1 1 1 1 1 1 1 1 1 1 1 1 1 1 1 1 1 1 1 1 1 1 1 1 1 1 1 1 1 1 1 1 1 1 1 1 1 1 1 1 1 1 1 1 1 1 1 1 1 1 1 1 1 1 1 1 1 1 1 1 1 1 1 1 1 1 1 1 1 1 1 1 1 1 1 1 1 1 1 1 1 1 1 1 1 1 1 1 1 1 1 1 1 1 1 1 1 1 1 1 1 1 1 1 1 1 1 1 1 1 1 1 1 1 1 1 1 1 1 1 1 1 1 1 1 1 1 1 1 1 1 1 1 1 1 1 1 1 1 1 1 1 1 1 1 1 1 1 1 1 1 1 1 1 1 1 1 1 1 1 1 1 1 1 1 1 1 1 1 1 1 1 1 1 1 1 1 1 1 1 1 1 1 1 1 1 1 1 1 1 1 1 1 1 1 1 1 1 1 1 1 1 1 1 1 1 1 1 1 1 1 1 1 1 1 1 1 1 1 1 1 1 1 1 1 1 1 1 1 1 1 1 1 1 1 1 1 1 1 1 1 1 1 1 1 1 1 1 1 1 1 1 1 1 1 1 1 1 1 1 1 1 1 1 1 1 1 1 1 1 1 1 1 1 1 1 1 1 1 1 1 1 1 1 1 1 1 1 1 1 1 1 1 1 1 1 1 1 1 1 1 1 1 1 1 1 1 1 1 1 1 1 1 1 1 1 1 1 1 1 1 1 1 1 1 1 1 1 1 1 1 1 1 1 1 1 1 1 1 1 1 1 1 1 1 1 1 1 1 1 1 1 1 1 1 1 1 1 1 1 1 1 1 1 1 1 1 1 1 1 1 1 1 1 1 1 1 1 1 1 1 1 1 1 1 1 1 1 1 1 1 1 1 1 1 1 1 1 1 1 1 1 1 1 1 1 1 1 1 1 1 1 1 1 1 1 1 1 1 1 1 1 1 1 1 1 1 1 1 1 1 1 1 1 1 1 1 1 1 1 1 1 1 1 1 1 1 1 1 1 1 1 1 1 1 1 1 1 1 1 1 1 1 1 1 1 1 1 1 1 1 1 1 1 1 1 1 1 1 1 1 1 1 1 1 1 1 1 1 1 1 1 1 1 1 1 1 1 1 1 1 1 1 1 1 1 1 1 1 1 1 1 1 1 1 1 1 1 1 1 1 1 1 1 1 1 1 1 1 1 1 1 1 1 1 1 1 1 1 1 1 1 1 1 1 1 1 1 1 1 1 1 1 1 1 1 1 1 1 1 1 1 1 1 1 1 1 1 1 1 1 1 1 1 1 1 1 1 1 1 1 1 1 1 1 1 1 1 1 1 1 1 1 1 1 1 1 1 1 1 1 1 1 1 1 1 1 1 1 1 1 1 1 1 1 1 1 1 1 1 1 1 1 1 1 1 1 1 1 1 1 1 1 1 1 1 1 1 1 1 1 1 1 1 1 1 1 1 1 1 1 1 1 1 1 1 1 1 1 1 1 1 1 1 1 1 1 1 1 1 1 1 1 1 1 1 1 1 1 1 1 1 1 1 1 1 1 1 1 1 1 1 1 1 1 1 1 1 1 1 1 1 1 1 1 1 1 1 1 1 1 1 1 1 1 1 1 1 1 1 1 1 1 1 1 1 1 1 1 1 1 1 1 1 1 1 1 1 1 1 1 1 1 1 1 1 1 1 1 1 1 1 1 1 1 1 1 1 1 1 1 1 1 1 1 1 1 1 1 1 1 1 1 1 1 1 1 1 1 1 1 1 1 1 1 1 1 1 1 1 1 1 1 1 1 1 1 1 1 1 1 1 1 1 1 1 1 1 1 1 1 1 1 1 1 1 1 1 1 1 1 1 1 1 1 1 1 1 1 1 1 1 1 1 1 1 1 1 1 1 1 1 1 1 1 1 1 1 1 1 1 1 1 1 1 1 1 1 1 1 1 1 1 1 1 1 1 1 1 1 1 1 1 1 1 1 1 1 1 1 1 1 1 1 1 1 1 1 1 1 1 1 1 1 1 1 1 1 1 1 1 1 1 1 1 1 1 1 1 1 1 1 1 1 1 1 1 1 1 1 1 1 1 1 1 1 1 1 1 1 1 1 1 1 1 1 1 1 1 1 1 1 1 1 1 1 1 1 1 1 1 1 1 1 1 1 1 1 1 1 1 1 1 1 1 1 1 1 1 1 1 1 1 1 1 1 1 1 1 1 1 1 1 1 1 1 1 1 1 1 1 1 1 1 1 1 1 1 1 1 1 1 1 1 1 1 1 1 1 1 1 1 1 1 1 1 1 1 1 1 1 1 1 1 1 1 1 1 1 1 1 1 1 1 1 1 1 1 1 1 1 1 1 1 1 1 1 1 1 1 1 1 1 1 1 1 1 1 1 1 1 1 1 1 1 1 1 1 1 1 1 1 1 1 1 1 1 1 1 1 1 1 1 1 1 1 1 1 1 1 1 1 1 1 1 1 1 1 1 1 1 1 1 1 1 1 1 1 1 1 1 1 1 1 1 1 1 1 1 1 1 1 1 1 1 1 1 1 1 1 1 1 1 1 1 1 1 1 1 1 1 1 1 1 1 1 1 1 1 1 1 1 1 1 1 1 1 1 1 1 1 1 1 1 1 1 1 1 1 1 1 1 1 1 1 1 1 1 1 1 1 1 1 1 1 1 1 1 1 1 1 1 1 1 1 1 1 1 1 1 1 1 1 1 1 1 1 1 1 1 1 1 1 1 1 1 1 1 1 1 1 1 1 1 1 1 1 1 1 1 1 1 1 1 1 1 1 1 1 1 1 1 1 1 1 1 1 1 1 1 1 1 1 1 1 1 1 1 1 1 1 1 1 1 1 1 1 1 1 1 1 1 1 1 1 1 1 1 1 1 1 1 1 1 1 1 1 1 1 1 1 1 1 1 1 1 1 1 1 1 1 1 1 1 1 1 1 1 1 1 1 1 1 1 1 1 1 1 1 1 1 1 1 1 1 1 1 1 1 1 1 1 1 1 1 1 1 1 1 1 1 1 1 1 1 1 1 1 1 1 1 1 1 1 1 1 1 1 1 1 1 1 1 1 1 1 1 1 1 1 1 1 1 1 1 1 1 1 1 1 1 1 1 1 1 1 1 1 1 1 1 1 1 1 1 1 1 1 1 1 1 1 1 1 1 1 1 1 1 1 1 1 1 1 1 1 1 1 1 1 1 1 1 1 1 1 1 1 1 1 1 1 1 1 1 1 1 1 1 1 1 1 1 1 1 1 1 1 1 1 1 1 1 1 1 1 1 1 1 1 1 1 1 1 1 1 1 1 1 1 1 1 1 1 1 1 1 1 1 1 1 1 1 1 1 1 1 1 1 1 1 1 1 1 1 1 1 1 1 1 1 1 1 1 1 1 1 1 1 1 1 1 1 1 1 1 1 1 1 1 1 1 1 1 1 1 1 1 1 1 1 1 1 1 1 1 1 1 1 1 1 1 1 1 1 1 1 1 1 1 1 1 1 1 1 1 1 1 1 1 1 1 1 1 1 1 1 1 1 1 1 1 1 1 1 1 1 1 1 1 1 1 1 1 1 1 1 1 1 1 1 1 1 1 1 1 1 1 1 1 1 1 1 1 1 1 1 1 1 1 1 1 1 1 1 1 1 1 1 1 1 1 1 1 1 1 1 1 1 1 1 1 1 1 1 1 1 1 1 1 1 1 1 1 1 1 1 1 1 1 1 1 1 1 1 1 1 1 1 1 1 1 1 1 1 1 1 1 1 1 1 1 1 1 1 1 1 1 1 1 1 1 1 1 1 1 1 1 1 1 1 1 1 1 1 1 1 1 1 1 1 1 1 1 1 1 1 1 1 1 1 1 1 1 1 1 1 1 1 1 1 1 1 1 1 1 1 1 1 1 1 1 1 1 1 1 1 1 1 1 1 1 1 1 1 1 1 1 1 1 1 1 1 1 1 1 1 1 1 1 1 1 1 1 1 1 1 1 1 1 1 1 1 1 1 1 1 1 1 1 1 1 1 1 1 1 1 1 1 1 1 1 1 1 1 1 1 1 1 1 1 1 1 1 1 1 1 1 1 1 1 1 1 1 1 1 1 1 1 1 1 1 1 1 1 1 1 1 1 1 1 1 1 1 1 1 1 1 1 1 1 1 1 1 1 1 1 1 1 1 1 1 1 1 1 1 1 1 1 1 1 1 1 1 1 1 1 1 1 1 1 1 1 1 1 1 1 1 1 1 1 1 1 1 1 1 1 1 1 1 1 1 1 1 1 1 1 1 1 1 1 1 1 1 1 1 1 1 1 1 1 1 1 1 1 1 1 1 1 1 1 1 1 1 1 1 1 1 1 1 1 1 1 1 1 1 1 1 1 1 1 1 1 1 1 1 1 1 1 1 1 1 1 1 1 1 1 1 1 1 1 1 1 1 1 1 1 1 1 1 1 1 1 1 1 1 1 1 1 1 1 1 1 1 1 1 1 1 1 1 1 1 1 1 1 1 1 1 1 1 1 1 1 1 1 1 1 1 1 1 1 1 1 1 1 1 1 1 1 1 1 1 1 1 1 1 1 1 1 1 1 1 1 1 1 1 1 1 1 1 1 1 1 1 1 1 1 1 1 1 1 1 1 1 1 1 1 1 1 1 1 1 1 1 1 1 1 1 1 1 1 1 1 1 1 1 1 1 1 1 1 1 1 1 1 1 1 1 1 1 1 1 1 1 1 1 1 1 1 1 1 1 1 1 1 1 1 1 1 1 1 1 1 1 1 1 1 1 1 1 1 1 1 1 1 1 1 1 1 1 1 1 1 1 1 1 1 1 1 1 1 1 1 1 1 1 1 1 1 1 1 1 1 1 1 1 1 1 1 1 1 1 1 1 1 1 1 1 1 1 1 1 1 1 1 1 1 1 1 1 1 1 1 1 1 1 1 1 1 1 1 1 1 1 1 1 1 1 1 1 1 1 1 1 1 1 1 1 1 1 1 1 1 1 1 1 1 1 1 1 1 1 1 1 1 1 1 1 1 1 1 1 1 1 1 1 1 1 1 1 1 1 1 1 1 1 1 1 1 1 1 1 1 1 1 1 1 1 1 1 1 1 1 1 1 1 1 1 1 1 1 1 1 1 1 1 1 1 1 1 1 1 1 1 1 1 1 1 1 1 1 1 1 1 1 1 1 1 1 1 1 1 1 1 1 1 1 1 1 1 1 1 1 1 1 1 1 1 1 1 1 1 1 1 1 1 1 1 1 1 1 1 1 1 1 1 1 1 1 1 1 1 1 1 1 1 1 1 1 1 1 1 1 1 1 1 1 1 1 1 1 1 1 1 1 1 1 1 1 1 1 1 1 1 1 1 1 1 1 1 1 1 1 1 1 1 1 1 1 1 1 1 1 1 1 1 1 1 1 1 1 1 1 1 1 1 1 1 1 1 1 1 1 1 1 1 1 1 1 1 1 1 1 1 1 1 1 1 1 1 1 1 1 1 1 1 1 1 1 1 1 1 1 1 1 1 1 1 1 1 1 1 1 1 1 1 1 1 1 1 1 1 1 1 1 1 1 1 1 1 1 1 1 1 1 1 1 1 1 1 1 1 1 1 1 1 1 1 1 1 1 1 1 1 1 1 1 1 1 1 1 1 1 1 1 1 1 1 1 1 1 1 1 1 1 1 1 1 1 1 1 1 1 1 1 1 1 1 1 1 1 1 1 1 1 1 1 1 1 1 1 1 1 1 1 1 1 1 1 1 1 1 1 1 1 1 1 1 1 1 1 1 1 1 1 1 1 1 1 1 1 1 1 1 1 1 1 1 1 1 1 1 1 1 1 1 1 1 1 1 1 1 1 1 1 1 1 1 1 1 1 1 1 1 1 1 1 1 1 1 1 1 1 1 1 1 1 1 1 1 1 1 1 1 1 1 1 1 1 1 1 1 1 1 1 1 1 1 1 1 1 1 1 1 1 1 1 1 1 1 1 1 1 1 1 1 1 1 1 1 1 1 1 1 1 1 1 1 1 1 1 1 1 1 1 1 1 1 1 1 1 1 1 1 1 1 1 1 1 1 1 1 1 1 1 1 1 1 1 1 1 1 1 1 1 1 1 1 1 1 1 1 1 1 1 1 1 1 1 1 1 1 1 1 1 1 1 1 1 1 1 1 1 1 1 1 1 1 1 1 1 1 1 1 1 1 1 1 1 1 1 1 1 1 1 1 1 1 1 1 1 1 1 1 1 1 1 1 1 1 1 1 1 1 1 1 1 1 1 1 1 1 1 1 1 1 1 1 1 1 1 1 1 1 1 1 1 1 1 1 1 1 1 1 1 1 1 1 1 1 1 1 1 1 1 1 1 1 1 1 1 1 1 1 1 1 1 1 1 1 1 1 1 1 1 1 1 1 1 1 1 1 1 1 1 1 1 1 1 1 1 1 1 1 1 1 1 1 1 1 1 1 1 1 1 1 1 1 1 1 1 1 1 1 1 1 1 1 1 1 1 1 1 1 1 1 1 1 1 1 1 1 1 1 1 1 1 1 1 1 1 1 1 1 1 1 1 1 1 1 1 1 1 1 1 1 1 1 1 1 1 1 1 1 1 1 1 1 1 1 1 1 1 1 1 1 1 1 1 1 1 1 1 1 1 1 1 1 1 1 1 1 1 1 1 1 1 1 1 1 1 1 1 1 1 1 1 1 1 1 1 1 1 1 1 1 1 1 1 1 1 1 1 1 1 1 1 1 1 1 1 1 1 1 1 1 1 1 1 1 1 1 1 1 1 1 1 1 1 1 1 1 1 1 1 1 1 1 1 1 1 1 1 1 1 1 1 1 1 1 1 1 1 1 1 1 1 1 1 1 1 1 1 1 1 1 1 1 1 1 1 1 1 1 1 1 1 1 1 1 1 1 1 1 1 1 1 1 1 1 1 1 1 1 1 1 1 1 1 1 1 1 1 1 1 1 1 1 1 1 1 1 1 1 1 1 1 1 1 1 1 1 1 1 1 1 1 1 1 1 1 1 1 1 1 1 1 1 1 1 1 1 1 1 1 1 1 1 1 1 1 1 1 1 1 1 1 1 1 1 1 1 1 1 1 1 1 1 1 1 1 1 1 1 1 1 1 1 1 1 1 1 1 1 1 1 1 1 1 1 1 1 1 1 1 1 1 1 1 1 1 1 1 1 1 1 1 1 1 1 1 1 1 1 1 1 1 1 1 1 1 1 1 1 1 1 1 1 1 1 1 1 1 1 1 1 1 1 1 1 1 1 1 1 1 1 1 1 1 1 1 1 1 1 1 1 1 1 1 1 1 1 1 1 1 1 1 1 1 1 1 1 1 1 1 1 1 1 1 1 1 1 1 1 1 1 1 1 1 1 1 1 1 1 1 1 1 1 1 1 1 1 1 1 1 1 1 1 1 1 1 1 1 1 1 1 1 1 1 1 1 1 1 1 1 1 1 1 1 1 1 1 1 1 1 1 1 1 1 1 1 1 1 1 1 1 1 1 1 1 1 1 1 1 1 1 1 1 1 1 1 1 1 1 1 1 1 1 1 1 1 1 1 1 1 1 1 1 1 1 1 1 1 1 1 1 1 1 1 1 1 1 1 1 1 1 1 1 1 1 1 1 1 1 1 1 1 1 1 1 1 1 1 1 1 1 1 1 1 1 1 1 1 1 1 1 1 1 1 1 1 1 1 1 1 1 1 1 1 1 1 1 1 1 1 1 1 1 1 1 1 1 1 1 1 1 1 1 1 1 1 1 1 1 1 1 1 1 1 1 1 1 1 1 1 1 1 1 1 1 1 1 1 1 1 1 1 1 1 1 1 1 1 1 1 1 1 1 1 1 1 1 1 1 1 1 1 1 1 1 1 1 1 1 1 1 1 1 1 1 1 1 1 1 1 1 1 1 1 1 1 1 1 1 1 1 1 1 1 1 1 1 1 1 1 1 1 1 1 1 1 1 1 1 1 1 1 1 1 1 1 1 1 1 1 1 1 1 1 1 1 1 1 1 1 1 1 1 1 1 1 1 1 1 1 1 1 1 1 1 1 1 1 1 1 1 1 1 1 1 1 1 1 1 1 1 1 1 1 1 1 1 1 1 1 1 1 1 1 1 1 1 1 1 1 1 1 1 1 1 1 1 1 1 1 1 1 1 1 1 1 1 1 1 1 1 1 1 1 1 1 1 1 1 1 1 1 1 1 1 1 1 1 1 1 1 1 1 1 1 1 1 1 1 1 1 1 1 1 1 1 1 1 1 1 1 1 1 1 1 1 1 1 1 1 1 1 1 1 1 1 1 1 1 1 1 1 1 1 1 1 1 1 1 1 1 1 1 1 1 1 1 1 1 1 1 1 1 1 1 1 1 1 1 1 1 1 1 1 1 1 1 1 1 1 1 1 1 1 1 1 1 1 1 1 1 1 1 1 1 1 1 1 1 1 1 1 1 1 1 1 1 1 1 1 1 1 1 1 1 1 1 1 1 1 1 1 1 1 1 1 1 1 1 1 1 1 1 1 1 1 1 1 1 1 1 1 1 1 1 1 1 1 1 1 1 1 1 1 1 1 1 1 1 1 1 1 1 1 1 1 1 1 1 1 1 1 1 1 1 1 1 1 1 1 1 1 1 1 1 1 1 1 1 1 1 1 1 1 1 1 1 1 1 1 1 1 1 1 1 1 1 1 1 1 1 1 1 1 1 1 1 1 1 1 1 1 1 1 1 1 1 1 1 1 1 1 1 1 1 1 1 1 1 1 1 1 1 1 1 1 1 1 1 1 1 1 1 1 1 1 1 1 1 1 1 1 1 1 1 1 1 1 1 1 1 1 1 1 1 1 1 1 1 1 1 1 1 1 1 1 1 1 1 1 1 1 1 1 1 1 1 1 1 1 1 1 1 1 1 1 1 1 1 1 1 1 1 1 1 1 1 1 1 1 1 1 1 1 1 1 1 1 1 1 1 1 1 1 1 1 1 1 1 1 1 1 1 1 1 1 1 1 1 1 1 1 1 1 1 1 1 1 1 1 1 1 1 1 1 1 1 1 1 1 1 1 1 1 1 1 1 1 1 1 1 1 1 1 1 1 1 1 1 1 1 1 1 1 1 1 1 1 1 1 1 1 1 1 1 1 1 1 1 1 1 1 1 1 1 1 1 1 1 1 1 1 1 1 1 1 1 1 1 1 1 1 1 1 1 1 1 1 1 1 1 1 1 1 1 1 1 1 1 1 1 1 1 1 1 1 1 1 1 1 1 1 1 1 1 1 1 1 1 1 1 1 1 1 1 1 1 1 1 1 1 1 1 1 1 1 1 1 1 1 1 1 1 1 1 1 1 1 1 1 1 1 1 1 1 1 1 1 1 1 1 1 1 1 1 1 1 1 1 1 1 1 1 1 1 1 1 1 1 1 1 1 1 1 1 1 1 1 1 1 1 1 1 1 1 1 1 1 1 1 1 1 1 1 1 1 1 1 1 1 1 1 1 1 1 1 1 1 1 1 1 1 1 1 1 1 1 1 1 1 1 1 1 1 1 1 1 1 1 1 1 1 1 1 1 1 1 1 1 1 1 1 1 1 1 1 1 1 1 1 1 1 1 1 1 1 1 1 1 1 1 1 1 1 1 1 1 1 1 1 1 1 1 1 1 1 1 1 1 1 1 1 1 1 1 1 1 1 1 1 1 1 1 1 1 1 1 1 1 1 1 1 1 1 1 1 1 1 1 1 1 1 1 1 1 1 1 1 1 1 1 1 1 1 1 1 1 1 1 1 1 1 1 1 1 1 1 1 1 1 1 1 1 1 1 1 1 1 1 1 1 1 1 1 1 1 1 1 1 1 1 1 1 1 1 1 1 1 1 1 1 1 1 1 1 1 1 1 1 1 1 1 1 1 1 1 1 1 1 1 1 1 1 1 1 1 1 1 1 1 1 1 1 1 1 1 1 1 1 1 1 1 1 1 1 1 1 1 1 1 1 1 1 1 1 1 1 1 1 1 1 1 1 1 1 1 1 1 1 1 1 1 1 1 1 1 1 1 1 1 1 1 1 1 1 1 1 1 1 1 1 1 1 1 1 1 1 1 1 1 1 1 1 1 1 1 1 1 1 1 1 1 1 1 1 1 1 1 1 1 1 1 1 1 1 1 1 1 1 1 1 1 1 1 1 1 1 1 1 1 1 1 1 1 1 1 1 1 1 1 1 1 1 1 1 1 1 1 1 1 1 1 1 1 1 1 1 1 1 1 1 1 1 1 1 1 1 1 1 1 1 1 1 1 1 1 1 1 1 1 1 1 1 1 1 1 1 1 1 1 1 1 1 1 1 1 1 1 1 1 1 1 1 1 1 1 1 1 1 1 1 1 1 1 1 1 1 1 1 1 1 1 1 1 1 1 1 1 1 1 1 1 1 1 1 1 1 1 1 1 1 1 1 1 1 1 1 1 1 1 1 1 1 1 1 1 1 1 1 1 1 1 1 1 1 1 1 1 1 1 1 1 1 1 1 1 1 1 1 1 1 1 1 1 1 1 1 1 1 1 1 1 1 1 1 1 1 1 1 1 1 1 1 1 1 1 1 1 1 1 1 1 1 1 1 1 1 1 1 1 1 1 1 1 1 1 1 1 1 1 1 1 1 1 1 1 1 1 1 1 1 1 1 1 1 1 1 1 1 1 1 1 1 1 1 1 1 1 1 1 1 1 1 1 1 1 1 1 1 1 1 1 1 1 1 1 1 1 1 1 1 1 1 1 1 1 1 1 1 1 1 1 1 1 1 1 1 1 1 1 1 1 1 1 1 1 1 1 1 1 1 1 1 1 1 1 1 1 1 1 1 1 1 1 1 1 1 1 1 1 1 1 1 1 1 1 1 1 1 1 1 1 1 1 1 1 1 1 1 1 1 1 1 1 1 1 1 1 1 1 1 1 1 1 1 1 1 1 1 1 1 1 1 1 1 1 1 1 1 1 1 1 1 1 1 1 1 1 1 1 1 1 1 1 1 1 1 1 1 1 1 1 1 1 1 1 1 1 1 1 1 1 1 1 1 1 1 1 1 1 1 1 1 1 1 1 1 1 1 1 1 1 1 1 1 1 1 1 1 1 1 1 1 1 1 1 1 1 1 1 1 1 1 1 1 1 1 1 1 1 1 1 1 1 1 1 1 1 1 1 1 1 1 1 1 1 1 1 1 1 1 1 1 1 1 1 1 1 1 1 1 1 1 1 1 1 1 1 1 1 1 1 1 1 1 1 1 1 1 1 1 1 1 1 1 1 1 1 1 1 1 1 1 1 1 1 1 1 1 1 1 1 1 1 1 1 1 1 1 1 1 1 1 1 1 1 1 1 1 1 1 1 1 1 1 1 1 1 1 1 1 1 1 1 1 1 1 1 1 1 1 1 1 1 1 1 1 1 1 1 1 1 1 1 1 1 1 1 1 1 1 1 1 1 1 1 1 1 1 1 1 1 1 1 1 1 1 1 1 1 1 1 1 1 1 1 1 1 1 1 1 1 1 1 1 1 1 1 1 1 1 1 1 1 1 1 1 1 1 1 1 1 1 1 1 1 1 1 1 1 1 1 1 1 1 1 1 1 1 1 1 1 1 1 1 1 1 1 1 1 1 1 1 1 1 1 1 1 1 1 1 1 1 1 1 1 1 1 1 1 1 1 1 1 1 1 1 1 1 1 1 1 1 1 1 1 1 1 1 1 1 1 1 1 1 1 1 1 1 1 1 1 1 1 1 1 1 1 1 1 1 1 1 1 1 1 1 1 1 1 1 1 1 1 1 1 1 1 1 1 1 1 1 1 1 1 1 1 1 1 1 1 1 1 1 1 1 1 1 1 1 1 1 1 1 1 1 1 1 1 1 1 1 1 1 1 1 1 1 1 1 1 1 1 1 1 1 1 1 1 1 1 1 1 1 1 1 1 1 1 1 1 1 1 1 1 1 1 1 1 1 1 1 1 1 1 1 1 1 1 1 1 1 1 1 1 1 1 1 1 1 1 1 1 1 1 1 1 1 1 1 1 1 1 1 1 1 1 1 1 1 1 1 1 1 1 1 1 1 1 1 1 1 1 1 1 1 1 1 1 1 1 1 1 1 1 1 1 1 1 1 1 1 1 1 1 1 1 1 1 1 1 1 1 1 1 1 1 1 1 1 1 1 1 1 1 1 1 1 1 1 1 1 1 1 1 1 1 1 1 1 1 1 1 1 1 1 1 1 1 1 1 1 1 1 1 1 1 1 1 1 1 1 1 1 1 1 1 1 1 1 1 1 1 1 1 1 1 1 1 1 1 1 1 1 1 1 1 1 1 1 1 1 1 1 1 1 1 1 1 1 1 1 1 1 1 1 1 1 1 1 1 1 1 1 1 1 1 1 1 1 1 1 1 1 1 1 1 1 1 1 1 1 1 1 1 1 1 1 1 1 1 1 1 1 1 1 1 1 1 1 1 1 1 1 1 1 1 1 1 1 1 1 1 1 1 1 1 1 1 1 1 1 1 1 1 1 1 1 1 1 1 1 1 1 1 1 1 1 1 1 1 1 1 1 1 1 1 1 1 1 1 1 1 1 1 1 1 1 1 1 1 1 1 1 1 1 1 1 1 1 1 1 1 1 1 1 1 1 1 1 1 1 1 1 1 1 1 1 1 1 1 1 1 1 1 1 1 1 1 1 1 1 1 1 1 1 1 1 1 1 1 1 1 1 1 1 1 1 1 1 1 1 1 1 1 1 1 1 1 1 1 1 1 1 1 1 1 1 1 1 1 1 1 1 1 1 1 1 1 1 1 1 1 1 1 1 1 1 1 1 1 1 1 1 1 1 1 1 1 1 1 1 1 1 1 1 1 1 1 1 1 1 1 1 1 1 1 1 1 1 1 1 1 1 1 1 1 1 1 1 1 1 1 1 1 1 1 1 1 1 1 1 1 1 1 1 1 1 1 1 1 1 1 1 1 1 1 1 1 1 1 1 1 1 1 1 1 1 1 1 1 1 1 1 1 1 1 1 1 1 1 1 1 1 1 1 1 1 1 1 1 1 1 1 1 1 1 1 1 1 1 1 1 1 1 1 1 1 1 1 1 1 1 1 1 1 1 1 1 1 1 1 1 1 1 1 1 1 1 1 1 1 1 1 1 1 1 1 1 1 1 1 1 1 1 1 1 1 1 1 1 1 1 1 1 1 1 1 1 1 1 1 1 1 1 1 1 1 1 1 1 1 1 1 1 1 1 1 1 1 1 1 1 1 1 1 1 1 1 1 1 1 1 1 1 1 1 1 1 1 1 1 1 1 1 1 1 1 1 1 1 1 1 1 1 1 1 1 1 1 1 1 1 1 1 1 1 1 1 1 1 1 1 1 1 1 1 1 1 1 1 1 1 1 1 1 1 1 1 1 1 1 1 1 1 1 1 1 1 1 1 1 1 1 1 1 1 1 1 1 1 1 1 1 1 1 1 1 1 1 1 1 1 1 1 1 1 1 1 1 1 1 1 1 1 1 1 1 1 1 1 1 1 1 1 1 1 1 1 1 1 1 1 1 1 1 1 1 1 1 1 1 1 1 1 1 1 1 1 1 1 1 1 1 1 1 1 1 1 1 1 1 1 1 1 1 1 1 1 1 1 1 1 1 1 1 1 1 1 1 1 1 1 1 1 1 1 1 1 1 1 1 1 1 1 1 1 1 1 1 1 1 1 1 1 1 1 1 1 1 1 1 1 1 1 1 1 1 1 1 1 1 1 1 1 1 1 1 1 1 1 1 1 1 1 1 1 1 1 1 1 1 1 1 1 1 1 1 1 1 1 1 1 1 1 1 1 1 1 1 1 1 1 1 1 1 1 1 1 1 1 1 1 1 1 1 1 1 1 1 1 1 1 1 1 1 1 1 1 1 1 1 1 1 1 1 1 1 1 1 1 1 1 1 1 1 1 1 1 1 1 1 1 1 1 1 1 1 1 1 1 1 1 1 1 1 1 1 1 1 1 1 1 1 1 1 1 1 1 1 1 1 1 1 1 1 1 1 1 1 1 1 1 1 1 1 1 1 1 1 1 1 1 1 1 1 1 1 1 1 1 1 1 1 1 1 1 1 1 1 1 1 1 1 1 1 1 1 1 1 1 1 1 1 1 1 1 1 1 1 1 1 1 1 1 1 1 1 1 1 1 1 1 1 1 1 1 1 1 1 1 1 1 1 1 1 1 1 1 1 1 1 1 1 1 1 1 1 1 1 1 1 1 1 1 1 1 1 1 1 1 1 1 1 1 1 1 1 1 1 1 1 1 1 1 1 1 1 1 1 1 1 1 1 1 1 1 1 1 1 1 1 1 1 1 1 1 1 1 1 1 1 1 1 1 1 1 1 1 1 1 1 1 1 1 1 1 1 1 1 1 1 1 1 1 1 1 1 1 1 1 1 1 1 1 1 1 1 1 1 1 1 1 1 1 1 1 1 1 1 1 1 1 1 1 1 1 1 1 1 1 1 1 1 1 1 1 1 1 1 1 1 1 1 1 1 1 1 1 1 1 1 1 1 1 1 1 1 1 1 1 1 1 1 1 1 1 1 1 1 1 1 1 1 1 1 1 1 1 1 1 1 1 1 1 1 1 1 1 1 1 1 1 1 1 1 1 1 1 1 1 1 1 1 1 1 1 1 1 1 1 1 1 1 1 1 1 1 1 1 1 1 1 1 1 1 1 1 1 1 1 1 1 1 1 1 1 1 1 1 1 1 1 1 1 1 1 1 1 1 1 1 1 1 1 1 1 1 1 1 1 1 1 1 1 1 1 1 1 1 1 1 1 1 1 1 1 1 1 1 1 1 1 1 1 1 1 1 1 1 1 1 1 1 1 1 1 1 1 1 1 1 1 1 1 1 1 1 1 1 1 1 1 1 1 1 1 1 1 1 1 1 1 1 1 1 1 1 1 1 1 1 1 1 1 1 1 1 1 1 1 1 1 1 1 1 1 1 1 1 1 1 1 1 1 1 1 1 1 1 1 1 1 1 1 1 1 1 1 1 1 1 1 1 1 1 1 1 1 1 1 1 1 1 1 1 1 1 1 1 1 1 1 1 1 1 1 1 1 1 1 1 1 1 1 1 1 1 1 1 1 1 1 1 1 1 1 1 1 1 1 1 1 1 1 1 1 1 1 1 1 1 1 1 1 1 1 1 1 1 1 1 1 1 1 1 1 1 1 1 1 1 1 1 1 1 1 1 1 1 1 1 1 1 1 1 1 1 1 1 1 1 1 1 1 1 1 1 1 1 1 1 1 1 1 1 1 1 1 1 1 1 1 1 1 1 1 1 1 1 1 1 1 1 1 1 1 1 1 1 1 1 1 1 1 1 1 1 1 1 1 1 1 1 1 1 1 1 1 1 1 1 1 1 1 1 1 1 1 1 1 1 1 1 1 1 1 1 1 1 1 1 1 1 1 1 1 1 1 1 1 1 1 1 1 1 1 1 1 1 1 1 1 1 1 1 1 1 1 1 1 1 1 1 1 1 1 1 1 1 1 1 1 1 1 1 1 1 1 1 1 1 1 1 1 1 1 1 1 1 1 1 1 1 1 1 1 1 1 1 1 1 1 1 1 1 1 1 1 1 1 1 1 1 1 1 1 1 1 1 1 1 1 1 1 1 1 1 1 1 1 1 1 1 1 1 1 1 1 1 1 1 1 1 1 1 1 1 1 1 1 1 1 1 1 1 1 1 1 1 1 1 1 1 1 1 1 1 1 1 1 1 1 1 1 1 1 1 1 1 1 1 1 1 1 1 1 1 1 1 1 1 1 1 1 1 1 1 1 1 1 1 1 1 1 1 1 1 1 1 1 1 1 1 1 1 1 1 1 1 1 1 1 1 1 1 1 1 1 1 1 1 1 1 1 1 1 1 1 1 1 1 1 1 1 1 1 1 1 1 1 1 1 1 1 1 1 1 1 1 1 1 1 1 1 1 1 1 1 1 1 1 1 1 1 1 1 1 1 1 1 1 1 1 1 1 1 1 1 1 1 1 1 1 1 1 1 1 1 1 1 1 1 1 1 1 1 1 1 1 1 1 1 1 1 1 1 1 1 1 1 1 1 1 1 1 1 1 1 1 1 1 1 1 1 1 1 1 1 1 1 1 1 1 1 1 1 1 1 1 1 1 1 1 1 1 1 1 1 1 1 1 1 1 1 1 1 1 1 1 1 1 1 1 1 1 1 1 1 1 1 1 1 1 1 1 1 1 1 1 1 1 1 1 1 1 1 1 1 1 1 1 1 1 1 1 1 1 1 1 1 1 1 1 1 1 1 1 1 1 1 1 1 1 1 1 1 1 1 1 1 1 1 1 1 1 1 1 1 1 1 1 1 1 1 1 1 1 1 1 1 1 1 1 1 1 1 1 1 1 1 1 1 1 1 1 1 1 1 1 1 1 1 1 1 1 1 1 1 1 1 1 1 1 1 1 1 1 1 1 1 1 1 1 1 1 1 1 1 1 1 1 1 1 1 1 1 1 1 1 1 1 1 1 1 1 1 1 1 1 1 1 1 1 1 1 1 1 1 1 1 1 1 1 1 1 1 1 1 1 1 1 1 1 1 1 1 1 1 1 1 1 1 1 1 1 1 1 1 1 1 1 1 1 1 1 1 1 1 1 1 1 1 1 1 1 1 1 1 1 1 1 1 1 1 1 1 1 1 1 1 1 1 1 1 1 1 1 1 1 1 1 1 1 1 1 1 1 1 1 1 1 1 1 1 1 1 1 1 1 1 1 1 1 1 1 1 1 1 1 1 1 1 1 1 1 1 1 1 1 1 1 1 1 1 1 1 1 1 1 1 1 1 1 1 1 1 1 1 1 1 1 1 1 1 1 1 1 1 1 1 1 1 1 1 1 1 1 1 1 1 1 1 1 1 1 1 1 1 1 1 1 1 1 1 1 1 1 1 1 1 1 1 1 1 1 1 1 1 1 1 1 1 1 1 1 1 1 1 1 1 1 1 1 1 1 1 1 1 1 1 1 1 1 1 1 1 1 1 1 1 1 1 1 1 1 1 1 1 1 1 1 1 1 1 1 1 1 1 1 1 1 1 1 1 1 1 1 1 1 1 1 1 1 1 1 1 1 1 1 1 1 1 1 1 1 1 1 1 1 1 1 1 1 1 1 1 1 1 1 1 1 1 1 1 1 1 1 1 1 1 1 1 1 1 1 1 1 1 1 1 1 1 1 1 1 1 1 1 1 1 1 1 1 1 1 1 1 1 1 1 1 1 1 1 1 1 1 1 1 1 1 1 1 1 1 1 1 1 1 1 1 1 1 1 1 1 1 1 1 1 1 1 1 1 1 1 1 1 1 1 1 1 1 1 1 1 1 1 1 1 1 1 1 1 1 1 1 1 1 1 1 1 1 1 1 1 1 1 1 1 1 1 1 1 1 1 1 1 1 1 1 1 1 1 1 1 1 1 1 1 1 1 1 1 1 1 1 1 1 1 1 1 1 1 1 1 1 1 1 1 1 1 1 1 1 1 1 1 1 1 1 1 1 1 1 1 1 1 1 1 1 1 1 1 1 1 1 1 1 1 1 1 1 1 1 1 1 1 1 1 1 1 1 1 1 1 1 1 1 1 1 1 1 1 1 1 1 1 1 1 1 1 1 1 1 1 1 1 1 1 1 1 1 1 1 1 1 1 1 1 1 1 1 1 1 1 1 1 1 1 1 1 1 1 1 1 1 1 1 1 1 1 1 1 1 1 1 1 1 1 1 1 1 1 1 1 1 1 1 1 1 1 1 1 1 1 1 1 1 1 1 1 1 1 1 1 1 1 1 1 1 1 1 1 1 1 1 1 1 1 1 1 1 1 1 1 1 1 1 1 1 1 1 1 1 1 1 1 1 1 1 1 1 1 1 1 1 1 1 1 1 1 1 1 1 1 1 1 1 1 1 1 1 1 1 1 1 1 1 1 1 1 1 1 1 1 1 1 1 1 1 1 1 1 1 1 1 1 1 1 1 1 1 1 1 1 1 1 1 1 1 1 1 1 1 1 1 1 1 1 1 1 1 1 1 1 1 1 1 1 1 1 1 1 1 1 1 1 1 1 1 1 1 1 1 1 1 1 1 1 1 1 1 1 1 1 1 1 1 1 1 1 1 1 1 1 1 1 1 1 1 1 1 1 1 1 1 1 1 1 1 1 1 1 1 1 1 1 1 1 1 1 1 1 1 1 1 1 1 1 1 1 1 1 1 1 1 1 1 1 1 1 1 1 1 1 1 1 1 1 1 1 1 1 1 1 1 1 1 1 1 1 1 1 1 1 1 1 1 1 1 1 1 1 1 1 1 1 1 1 1 1 1 1 1 1 1 1 1 1 1 1 1 1 1 1 1 1 1 1 1 1 1 1 1 1 1 1 1 1 1 1 1 1 1 1 1 1 1 1 1 1 1 1 1 1 1 1 1 1 1 1 1 1 1 1 1 1 1 1 1 1 1 1 1 1 1 1 1 1 1 1 1 1 1 1 1 1 1 1 1 1 1 1 1 1 1 1 1 1 1 1 1 1 1 1 1 1 1 1 1 1 1 1 1 1 1 1 1 1 1 1 1 1 1 1 1 1 1 1 1 1 1 1 1 1 1 1 1 1 1 1 1 1 1 1 1 1 1 1 1 1 1 1 1 1 1 1 1 1 1 1 1 1 1 1 1 1 1 1 1 1 1 1 1 1 1 1 1 1 1 1 1 1 1 1 1 1 1 1 1 1 1 1 1 1 1 1 1 1 1 1 1 1 1 1 1 1 1 1 1 1 1 1 1 1 1 1 1 1 1 1 1 1 1 1 1 1 1 1 1 1 1 1 1 1 1 1 1 1 1 1 1 1 1 1 1 1 1 1 1 1 1 1 1 1 1 1 1 1 1 1 1 1 1 1 1 1 1 1 1 1 1 1 1 1 1 1 1 1 1 1 1 1 1 1 1 1 1 1 1 1 1 1 1 1 1 1 1 1 1 1 1 1 1 1 1 1 1 1 1 1 1 1 1 1 1 1 1 1 1 1 1 1 1 1 1 1 1 1 1 1 1 1 1 1 1 1 1 1 1 1 1 1 1 1 1 1 1 1 1 1 1 1 1 1 1 1 1 1 1 1 1 1 1 1 1 1 1 1 1 1 1 1 1 1 1 1 1 1 1 1 1 1 1 1 1 1 1 1 1 1 1 1 1 1 1 1 1 1 1 1 1 1 1 1 1 1 1 1 1 1 1 1 1 1 1 1 1 1 1 1 1 1 1 1 1 1 1 1 1 1 1 1 1 1 1 1 1 1 1 1 1 1 1 1 1 1 1 1 1 1 1 1 1 1 1 1 1 1 1 1 1 1 1 1 1 1 1 1 1 1 1 1 1 1 1 1 1 1 1 1 1 1 1 1 1 1 1 1 1 1 1 1 1 1 1 1 1 1 1 1 1 1 1 1 1 1 1 1 1 1 1 1 1 1 1 1 1 1 1 1 1 1 1 1 1 1 1 1 1 1 1 1 1 1 1 1 1 1 1 1 1 1 1 1 1 1 1 1 1 1 1 1 1 1 1 1 1 1 1 1 1 1 1 1 1 1 1 1 1 1 1 1 1 1 1 1 1 1 1 1 1 1 1 1 1 1 1 1 1 1 1 1 1 1 1 1 1 1 1 1 1 1 1 1 1 1 1 1 1 1 1 1 1 1 1 1 1 1 1 1 1 1 1 1 1 1 1 1 1 1 1 1 1 1 1 1 1 1 1 1 1 1 1 1 1 1 1 1 1 1 1 1 1 1 1 1 1 1 1 1 1 1 1 1 1 1 1 1 1 1 1 1 1 1 1 1 1 1 1 1 1 1 1 1 1 1 1 1 1 1 1 1 1 1 1 1 1 1 1 1 1 1 1 1 1 1 1 1 1 1 1 1 1 1 1 1 1 1 1 1 1 1 1 1 1 1 1 1 1 1 1 1 1 1 1 1 1 1 1 1 1 1 1 1 1 1 1 1 1 1 1 1 1 1 1 1 1 1 1 1 1 1 1 1 1 1 1 1 1 1 1 1 1 1 1 1 1 1 1 1 1 1 1 1 1 1 1 1 1 1 1 1 1 1 1 1 1 1 1 1 1 1 1 1 1 1 1 1 1 1 1 1 1 1 1 1 1 1 1 1 1 1 1 1 1 1 1 1 1 1 1 1 1 1 1 1 1 1 1 1 1 1 1 1 1 1 1 1 1 1 1 1 1 1 1 1 1 1 1 1 1 1 1 1 1 1 1 1 1 1 1 1 1 1 1 1 1 1 1 1 1 1 1 1 1 1 1 1 1 1 1 1 1 1 1 1 1 1 1 1 1 1 1 1 1 1 1 1 1 1 1 1 1 1 1 1 1 1 1 1 1 1 1 1 1 1 1 1 1 1 1 1 1 1 1 1 1 1 1 1 1 1 1 1 1 1 1 1 1 1 1 1 1 1 1 1 1 1 1 1 1 1 1 1 1 1 1 1 1 1 1 1 1 1 1 1 1 1 1 1 1 1 1 1 1 1 1 1 1 1 1 1 1 1 1 1 1 1 1 1 1 1 1 1 1 1 1 1 1 1 1 1 1 1 1 1 1 1 1 1 1 1 1 1 1 1 1 1 1 1 1 1 1 1 1 1 1 1 1 1 1 1 1 1 1 1 1 1 1 1 1 1 1 1 1 1 1 1 1 1 1 1 1 1 1 1 1 1 1 1 1 1 1 1 1 1 1 1 1 1 1 1 1 1 1 1 1 1 1 1 1 1 1 1 1 1 1 1 1 1 1 1 1 1 1 1 1 1 1 1 1 1 1 1 1 1 1 1 1 1 1 1 1 1 1 1 1 1 1 1 1 1 1 1 1 1 1 1 1 1 1 1 1 1 1 1 1 1 1 1 1 1 1 1 1 1 1 1 1 1 1 1 1 1 1 1 1 1 1 1 1 1 1 1 1 1 1 1 1 1 1 1 1 1 1 1 1 1 1 1 1 1 1 1 1 1 1 1 1 1 1 1 1 1 1 1 1 1 1 1 1 1 1 1 1 1 1 1 1 1 1 1 1 1 1 1 1 1 1 1 1 1 1 1 1 1 1 1 1 1 1 1 1 1 1 1 1 1 1 1 1 1 1 1 1 1 1 1 1 1 1 1 1 1 1 1 1 1 1 1 1 1 1 1 1 1 1 1 1 1 1 1 1 1 1 1 1 1 1 1 1 1 1 1 1 1 1 1 1 1 1 1 1 1 1 1 1 1 1 1 1 1 1 1 1 1 1 1 1 1 1 1 1 1 1 1 1 1 1 1 1 1 1 1 1 1 1 1 1 1 1 1 1 1 1 1 1 1 1 1 1 1 1 1 1 1 1 1 1 1 1 1 1 1 1 1 1 1 1 1 1 1 1 1 1 1 1 1 1 1 1 1 1 1 1 1 1 1 1 1 1 1 1 1 1 1 1 1 1 1 1 1 1 1 1 1 1 1 1 1 1 1 1 1 1 1 1 1 1 1 1 1 1 1 1 1 1 1 1 1 1 1 1 1 1 1 1 1 1 1 1 1 1 1 1 1 1 1 1 1 1 1 1 1 1 1 1 1 1 1 1 1 1 1 1 1 1 1 1 1 1 1 1 1 1 1 1 1 1 1 1 1 1 1 1 1 1 1 1 1 1 1 1 1 1 1 1 1 1 1 1 1 1 1 1 1 1 1 1 1 1 1 1 1 1 1 1 1 1 1 1 1 1 1 1 1 1 1 1 1 1 1 1 1 1 1 1 1 1 1 1 1 1 1 1 1 1 1 1 1 1 1 1 1 1 1 1 1 1 1 1 1 1 1 1 1 1 1 1 1 1 1 1 1 1 1 1 1 1 1 1 1 1 1 1 1 1 1 1 1 1 1 1 1 1 1 1 1 1 1 1 1 1 1 1 1 1 1 1 1 1 1 1 1 1 1 1 1 1 1 1 1 1 1 1 1 1 1 1 1 1 1 1 1 1 1 1 1 1 1 1 1 1 1 1 1 1 1 1 1 1 1 1 1 1 1 1 1 1 1 1 1 1 1 1 1 1 1 1 1 1 1 1 1 1 1 1 1 1 1 1 1 1 1 1 1 1 1 1 1 1 1 1 1 1 1 1 1 1 1 1 1 1 1 1 1 1 1 1 1 1 1 1 1 1 1 1 1 1 1 1 1 1 1 1 1 1 1 1 1 1 1 1 1 1 1 1 1 1 1 1 1 1 1 1 1 1 1 1 1 1 1 1 1 1 1 1 1 1 1 1 1 1 1 1 1 1 1 1 1 1 1 1 1 1 1 1 1 1 1 1 1 1 1 1 1 1 1 1 1 1 1 1 1 1 1 1 1 1 1 1 1 1 1 1 1 1 1 1 1 1 1 1 1 1 1 1 1 1 1 1 1 1 1 1 1 1 1 1 1 1 1 1 1 1 1 1 1 1 1 1 1 1 1 1 1 1 1 1 1 1 1 1 1 1 1 1 1 1 1 1 1 1 1 1 1 1 1 1 1 1 1 1 1 1 1 1 1 1 1 1 1 1 1 1 1 1 1 1 1 1 1 1 1 1 1 1 1 1 1 1 1 1 1 1 1 1 1 1 1 1 1 1 1 1 1 1 1 1 1 1 1 1 1 1 1 1 1 1 1 1 1 1 1 1 1 1 1 1 1 1 1 1 1 1 1 1 1 1 1 1 1 1 1 1 1 1 1 1 1 1 1 1 1 1 1 1 1 1 1 1 1 1 1 1 1 1 1 1 1 1 1 1 1 1 1 1 1 1 1 1 1 1 1 1 1 1 1 1 1 1 1 1 1 1 1 1 1 1 1 1 1 1 1 1 1 1 1 1 1 1 1 1 1 1 1 1 1 1 1 1 1 1 1 1 1 1 1 1 1 1 1 1 1 1 1 1 1 1 1 1 1 1 1 1 1 1 1 1 1 1 1 1 1 1 1 1 1 1 1 1 1 1 1 1 1 1 1 1 1 1 1 1 1 1 1 1 1 1 1 1 1 1 1 1 1 1 1 1 1 1 1 1 1 1 1 1 1 1 1 1 1 1 1 1 1 1 1 1 1 1 1 1 1 1 1 1 1 1 1 1 1 1 1 1 1 1 1 1 1 1 1 1 1 1 1 1 1 1 1 1 1 1 1 1 1 1 1 1 1 1 1 1 1 1 1 1 1 1 1 1 1 1 1 1 1 1 1 1 1 1 1 1 1 1 1 1 1 1 1 1 1 1 1 1 1 1 1 1 1 1 1 1 1 1 1 1 1 1 1 1 1 1 1 1 1 1 1 1 1 1 1 1 1 1 1 1 1 1 1 1 1 1 1 1 1 1 1 1 1 1 1 1 1 1 1 1 1 1 1 1 1 1 1 1 1 1 1 1 1 1 1 1 1 1 1 1 1 1 1 1 1 1 1 1 1 1 1 1 1 1 1 1 1 1 1 1 1 1 1 1 1 1 1 1 1 1 1 1 1 1 1 1 1 1 1 1 1 1 1 1 1 1 1 1 1 1 1 1 1 1 1 1 1 1 1 1 1 1 1 1 1 1 1 1 1 1 1 1 1 1 1 1 1 1 1 1 1 1 1 1 1 1 1 1 1 1 1 1 1 1 1 1 1 1 1 1 1 1 1 1 1 1 1 1 1 1 1 1 1 1 1 1 1 1 1 1 1 1 1 1 1 1 1 1 1 1 1 1 1 1 1 1 1 1 1 1 1 1 1 1 1 1 1 1 1 1 1 1 1 1 1 1 1 1 1 1 1 1 1 1 1 1 1 1 1 1 1 1 1 1 1 1 1 1 1 1 1 1 1 1 1 1 1 1 1 1 1 1 1 1 1 1 1 1 1 1 1 1 1 1 1 1 1 1 1 1 1 1 1 1 1 1 1 1 1 1 1 1 1 1 1 1 1 1 1 1 1 1 1 1 1 1 1 1 1 1 1 1 1 1 1 1 1 1 1 1 1 1 1 1 1 1 1 1 1 1 1 1 1 1 1 1 1 1 1 1 1 1 1 1 1 1 1 1 1 1 1 1 1 1 1 1 1 1 1 1 1 1 1 1 1 1 1 1 1 1 1 1 1 1 1 1 1 1 1 1 1 1 1 1 1 1 1 1 1 1 1 1 1 1 1 1 1 1 1 1 1 1 1 1 1 1 1 1 1 1 1 1 1 1 1 1 1 1 1 1 1 1 1 1 1 1 1 1 1 1 1 1 1 1 1 1 1 1 1 1 1 1 1 1 1 1 1 1 1 1 1 1 1 1 1 1 1 1 1 1 1 1 1 1 1 1 1 1 1 1 1 1 1 1 1 1 1 1 1 1 1 1 1 1 1 1 1 1 1 1 1 1 1 1 1 1 1 1 1 1 1 1 1 1 1 1 1 1 1 1 1 1 1 1 1 1 1 1 1 1 1 1 1 1 1 1 1 1 1 1 1 1 1 1 1 1 1 1 1 1 1 1 1 1 1 1 1 1 1 1 1 1 1 1 1 1 1 1 1 1 1 1 1 1 1 1 1 1 1 1 1 1 1 1 1 1 1 1 1 1 1 1 1 1 1 1 1 1 1 1 1 1 1 1 1 1 1 1 1 1 1 1 1 1 1 1 1 1 1 1 1 1 1 1 1 1 1 1 1 1 1 1 1 1 1 1 1 1 1 1 1 1 1 1 1 1 1 1 1 1 1 1 1 1 1 1 1 1 1 1 1 1 1 1 1 1 1 1 1 1 1 1 1 1 1 1 1 1 1 1 1 1 1 1 1 1 1 1 1 1 1 1 1 1 1 1 1 1 1 1 1 1 1 1 1 1 1 1 1 1 1 1 1 1 1 1 1 1 1 1 1 1 1 1 1 1 1 1 1 1 1 1 1 1 1 1 1 1 1 1 1 1 1 1 1 1 1 1 1 1 1 1 1 1 1 1 1 1 1 1 1 1 1 1 1 1 1 1 1 1 1 1 1 1 1 1 1 1 1 1 1 1 1 1 1 1 1 1 1 1 1 1 1 1 1 1 1 1 1 1 1 1 1 1 1 1 1 1 1 1 1 1 1 1 1 1 1 1 1 1 1 1 1 1 1 1 1 1 1 1 1 1 1 1 1 1 1 1 1 1 1 1 1 1 1 1 1 1 1 1 1 1 1 1 1 1 1 1 1 1 1 1 1 1 1 1 1 1 1 1 1 1 1 1 1 1 1 1 1 1 1 1 1 1 1 1 1 1 1 1 1 1 1 1 1 1 1 1 1 1 1 1 1 1 1 1 1 1 1 1 1 1 1 1 1 1 1 1 1 1 1 1 1 1 1 1 1 1 1 1 1 1 1 1 1 1 1 1 1 1 1 1 1 1 1 1 1 1 1 1 1 1 1 1 1 1 1 1 1 1 1 1 1 1 1 1 1 1 1 1 1 1 1 1 1 1 1 1 1 1 1 1 1 1 1 1 1 1 1 1 1 1 1 1 1 1 1 1 1 1 1 1 1 1 1 1 1 1 1 1 1 1 1 1 1 1 1 1 1 1 1 1 1 1 1 1 1 1 1 1 1 1 1 1 1 1 1 1 1 1 1 1 1 1 1 1 1 1 1 1 1 1 1 1 1 1 1 1 1 1 1 1 1 1 1 1 1 1 1 1 1 1 1 1 1 1 1 1 1 1 1 1 1 1 1 1 1 1 1 1 1 1 1 1 1 1 1 1 1 1 1 1 1 1 1 1 1 1 1 1 1 1 1 1 1 1 1 1 1 1 1 1 1 1 1 1 1 1 1 1 1 1 1 1 1 1 1 1 1 1 1 1 1 1 1 1 1 1 1 1 1 1 1 1 1 1 1 1 1 1 1 1 1 1 1 1 1 1 1 1 1 1 1 1 1 1 1 1 1 1 1 1 1 1 1 1 1 1 1 1 1 1 1 1 1 1 1 1 1 1 1 1 1 1 1 1 1 1 1 1 1 1 1 1 1 1 1 1 1 1 1 1 1 1 1 1 1 1 1 1 1 1 1 1 1 1 1 1 1 1 1 1 1 1 1 1 1 1 1 1 1 1 1 1 1 1 1 1 1 1 1 1 1 1 1 1 1 1 1 1 1 1 1 1 1 1 1 1 1 1 1 1 1 1 1 1 1 1 1 1 1 1 1 1 1 1 1 1 1 1 1 1 1 1 1 1 1 1 1 1 1 1 1 1 1 1 1 1 1 1 1 1 1 1 1 1 1 1 1 1 1 1 1 1 1 1 1 1 1 1 1 1 1 1 1 1 1 1 1 1 1 1 1 1 1 1 1 1 1 1 1 1 1 1 1 1 1 1 1 1 1 1 1 1 1 1 1 1 1 1 1 1 1 1 1 1 1 1 1 1 1 1 1 1 1 1 1 1 1 1 1 1 1 1 1 1 1 1 1 1 1 1 1 1 1 1 1 1 1 1 1 1 1 1 1 1 1 1 1 1 1 1 1 1 1 1 1 1 1 1 1 1 1 1 1 1 1 1 1 1 1 1 1 1 1 1 1 1 1 1 1 1 1 1 1 1 1 1 1 1 1 1 1 1 1 1 1 1 1 1 1 1 1 1 1 1 1 1 1 1 1 1 1 1 1 1 1 1 1 1 1 1 1 1 1 1 1 1 1 1 1 1 1 1 1 1 1 1 1 1 1 1 1 1 1 1 1 1 1 1 1 1 1 1 1 1 1 1 1 1 1 1 1 1 1 1 1 1 1 1 1 1 1 1 1 1 1 1 1 1 1 1 1 1 1 1 1 1 1 1 1 1 1 1 1 1 1 1 1 1 1 1 1 1 1 1 1 1 1 1 1 1 1 1 1 1 1 1 1 1 1 1 1 1 1 1 1 1 1 1 1 1 1 1 1 1 1 1 1 1 1 1 1 1 1 1 1 1 1 1 1 1 1 1 1 1 1 1 1 1 1 1 1 1 1 1 1 1 1 1 1 1 1 1 1 1 1 1 1 1 1 1 1 1 1 1 1 1 1 1 1 1 1 1 1 1 1 1 1 1 1 1 1 1 1 1 1 1 1 1 1 1 1 1 1 1 1 1 1 1 1 1 1 1 1 1 1 1 1 1 1 1 1 1 1 1 1 1 1 1 1 1 1 1 1 1 1 1 1 1 1 1 1 1 1 1 1 1 1 1 1 1 1 1 1 1 1 1 1 1 1 1 1 1 1 1 1 1 1 1 1 1 1 1 1 1 1 1 1 1 1 1 1 1 1 1 1 1 1 1 1 1 1 1 1 1 1 1 1 1 1 1 1 1 1 1 1 1 1 1 1 1 1 1 1 1 1 1 1 1 1 1 1 1 1 1 1 1 1 1 1 1 1 1 1 1 1 1 1 1 1 1 1 1 1 1 1 1 1 1 1 1 1 1 1 1 1 1 1 1 1 1 1 1 1 1 1 1 1 1 1 1 1 1 1 1 1 1 1 1 1 1 1 1 1 1 1 1 1 1 1 1 1 1 1 1 1 1 1 1 1 1 1 1 1 1 1 1 1 1 1 1 1 1 1 1 1 1 1 1 1 1 1 1 1 1 1 1 1 1 1 1 1 1 1 1 1 1 1 1 1 1 1 1 1 1 1 1 1 1 1 1 1 1 1 1 1 1 1 1 1 1 1 1 1 1 1 1 1 1 1 1 1 1 1 1 1 1 1 1 1 1 1 1 1 1 1 1 1 1 1 1 1 1 1 1 1 1 1 1 1 1 1 1 1 1 1 1 1 1 1 1 1 1 1 1 1 1 1 1 1 1 1 1 1 1 1 1 1 1 1 1 1 1 1 1 1 1 1 1 1 1 1 1 1 1 1 1 1 1 1 1 1 1 1 1 1 1 1 1 1 1 1 1 1 1 1 1 1 1 1 1 1 1 1 1 1 1 1 1 1 1 1 1 1 1 1 1 1 1 1 1 1 1 1 1 1 1 1 1 1 1 1 1 1 1 1 1 1 1 1 1 1 1 1 1 1 1 1 1 1 1 1 1 1 1 1 1 1 1 1 1 1 1 1 1 1 1 1 1 1 1 1 1 1 1 1 1 1 1 1 1 1 1 1 1 1 1 1 1 1 1 1 1 1 1 1 1 1 1 1 1 1 1 1 1 1 1 1 1 1 1 1 1 1 1 1 1 1 1 1 1 1 1 1 1 1 1 1 1 1 1 1 1 1 1 1 1 1 1 1 1 1 1 1 1 1 1 1 1 1 1 1 1 1 1 1 1 1 1 1 1 1 1 1 1 1 1 1 1 1 1 1 1 1 1 1 1 1 1 1 1 1 1 1 1 1 1 1 1 1 1 1 1 1 1 1 1 1 1 1 1 1 1 1 1 1 1 1 1 1 1 1 1 1 1 1 1 1 1 1 1 1 1 1 1 1 1 1 1 1 1 1 1 1 1 1 1 1 1 1 1 1 1 1 1 1 1 1 1 1 1 1 1 1 1 1 1 1 1 1 1 1 1 1 1 1 1 1 1 1 1 1 1 1 1 1 1 1 1 1 1 1 1 1 1 1 1 1 1 1 1 1 1 1 1 1 1 1 1 1 1 1 1 1 1 1 1 1 1 1 1 1 1 1 1 1 1 1 1 1 1 1 1 1 1 1 1 1 1 1 1 1 1 1 1 1 1 1 1 1 1 1 1 1 1 1 1 1 1 1 1 1 1 1 1 1 1 1 1 1 1 1 1 1 1 1 1 1 1 1 1 1 1 1 1 1 1 1 1 1 1 1 1 1 1 1 1 1 1 1 1 1 1 1 1 1 1 1 1 1 1 1 1 1 1 1 1 1 1 1 1 1 1 1 1 1 1 1 1 1 1 1 1 1 1 1 1 1 1 1 1 1 1 1 1 1 1 1 1 1 1 1 1 1 1 1 1 1 1 1 1 1 1 1 1 1 1 1 1 1 1 1 1 1 1 1 1 1 1 1 1 1 1 1 1 1 1 1 1 1 1 1 1 1 1 1 1 1 1 1 1 1 1 1 1 1 1 1 1 1 1 1 1 1 1 1 1 1 1 1 1 1 1 1 1 1 1 1 1 1 1 1 1 1 1 1 1 1 1 1 1 1 1 1 1 1 1 1 1 1 1 1 1 1 1 1 1 1 1 1 1 1 1 1 1 1 1 1 1 1 1 1 1 1 1 1 1 1 1 1 1 1 1 1 1 1 1 1 1 1 1 1 1 1 1 1 1 1 1 1 1 1 1 1 1 1 1 1 1 1 1 1 1 1 1 1 1 1 1 1 1 1 1 1 1 1 1 1 1 1 1 1 1 1 1 1 1 1 1 1 1 1 1 1 1 1 1 1 1 1 1 1 1 1 1 1 1 1 1 1 1 1</float_array>
          <technique_common>
            <accessor source="#Untitled-mesh-colors-Col-array" count="9897" stride="3">
              <param name="R" type="float"/>
              <param name="G" type="float"/>
              <param name="B" type="float"/>
            </accessor>
          </technique_common>
        </source>
        <vertices id="Untitled-mesh-vertices">
          <input semantic="POSITION" source="#Untitled-mesh-positions"/>
        </vertices>
        <triangles material="SGN_avt_base_png-material" count="3299">
          <input semantic="VERTEX" source="#Untitled-mesh-vertices" offset="0"/>
          <input semantic="NORMAL" source="#Untitled-mesh-normals" offset="1"/>
          <input semantic="TEXCOORD" source="#Untitled-mesh-map-0" offset="2" set="0"/>
          <input semantic="COLOR" source="#Untitled-mesh-colors-Col" offset="3" set="0"/>
          <p>0 0 0 0 1 1 1 1 2 2 2 2 3 3 3 3 4 4 4 4 5 5 5 5 6 6 6 6 7 7 7 7 8 8 8 8 9 9 9 9 10 10 10 10 11 11 11 11 12 12 12 12 13 13 13 13 14 14 14 14 15 15 15 15 16 16 16 16 17 17 17 17 18 18 18 18 19 19 19 19 20 20 20 20 21 21 21 21 22 22 22 22 23 23 23 23 24 24 24 24 25 25 25 25 26 26 26 26 25 27 27 27 27 28 28 28 28 29 29 29 27 28 30 30 29 30 31 31 28 29 32 32 30 31 33 33 31 32 34 34 32 33 35 35 33 34 36 36 34 35 37 37 31 36 38 38 35 37 39 39 34 35 40 40 33 34 41 41 36 38 42 42 34 35 43 43 35 37 44 44 37 39 45 45 36 40 46 46 35 41 47 47 37 42 48 48 35 37 49 49 38 43 50 50 35 37 51 51 33 34 52 52 38 43 53 53 38 43 54 54 33 34 55 55 39 44 56 56 37 45 57 57 40 46 58 58 41 47 59 59 41 47 60 60 40 46 61 61 42 48 62 62 40 46 63 63 43 49 64 64 42 48 65 65 44 50 66 66 42 48 67 67 43 49 68 68 45 51 69 69 46 52 70 70 44 53 71 71 47 54 72 72 46 52 73 73 45 51 74 74 45 51 75 75 48 55 76 76 47 54 77 77 47 54 78 78 48 55 79 79 49 56 80 80 50 57 81 81 49 56 82 82 48 55 83 83 51 58 84 84 39 44 85 85 33 34 86 86 33 34 87 87 52 59 88 88 51 58 89 89 51 58 90 90 53 60 91 91 39 44 92 92 51 58 93 93 52 59 94 94 54 61 95 95 51 58 96 96 54 61 97 97 55 62 98 98 56 63 99 99 54 61 100 100 52 59 101 101 55 62 102 102 54 61 103 103 57 64 104 104 56 63 105 105 57 64 106 106 54 61 107 107 55 65 108 108 58 66 109 109 53 67 110 110 56 68 111 111 59 69 112 112 60 70 113 113 61 71 114 114 60 70 115 115 59 69 116 116 62 72 117 117 60 70 118 118 61 71 119 119 63 73 120 120 62 72 121 121 61 71 122 122 64 74 123 123 62 72 124 124 63 73 125 125 53 67 126 126 58 66 127 127 65 75 128 128 53 67 129 129 65 75 130 130 66 76 131 131 67 77 132 132 65 75 133 133 58 66 134 134 66 76 135 135 65 75 136 136 68 78 137 137 69 79 138 138 65 75 139 139 67 77 140 140 69 79 141 141 68 78 142 142 65 75 143 143 69 80 144 144 70 81 145 145 71 82 146 146 71 82 147 147 70 81 148 148 72 83 149 149 73 84 150 150 72 83 151 151 70 81 152 152 72 85 153 153 74 86 154 154 75 87 155 155 76 88 156 156 75 87 157 157 74 86 158 158 77 89 159 159 74 86 160 160 72 85 161 161 77 90 162 162 78 91 163 163 79 92 164 164 80 93 165 165 79 92 166 166 78 91 167 167 81 94 168 168 78 91 169 169 77 90 170 170 80 93 171 171 78 91 172 172 82 95 173 173 81 94 174 174 82 95 175 175 78 91 176 176 81 94 177 177 83 96 178 178 82 95 179 179 84 97 180 180 83 96 181 181 81 94 182 182 84 98 183 183 85 99 184 184 86 100 185 185 87 101 186 186 86 100 187 187 85 99 188 188 88 102 189 189 85 103 190 190 84 104 191 191 87 101 192 192 85 99 193 193 89 105 194 194 88 106 195 195 89 105 196 196 85 99 197 197 90 107 198 198 89 105 199 199 88 106 200 200 90 108 201 201 91 109 202 202 92 110 203 203 93 111 204 204 92 112 205 205 94 113 206 206 92 110 207 207 91 109 208 208 95 114 209 209 96 115 210 210 95 114 211 211 91 109 212 212 96 116 213 213 97 117 214 214 98 118 215 215 99 119 216 216 98 118 217 217 97 117 218 218 100 120 219 219 98 121 220 220 101 122 221 221 100 120 222 222 101 122 223 223 102 123 224 224 102 123 225 225 101 122 226 226 103 124 227 227 104 125 228 228 101 122 229 229 98 121 230 230 103 124 231 231 101 122 232 232 105 126 233 233 104 125 234 234 105 126 235 235 101 122 236 236 106 127 237 237 107 128 238 238 105 129 239 239 104 130 240 240 108 131 241 241 109 132 242 242 104 130 243 243 110 133 244 244 108 131 245 245 111 134 246 246 108 131 247 247 110 133 248 248 112 135 249 249 108 131 250 250 111 134 251 251 113 136 252 252 107 137 253 253 114 138 254 254 115 139 255 255 107 137 256 256 113 136 257 257 113 136 258 258 116 140 259 259 115 139 260 260 115 139 261 261 116 140 262 262 117 141 263 263 118 142 264 264 117 141 265 265 116 140 266 266 119 143 267 267 120 144 268 268 107 145 269 269 118 146 270 270 121 147 271 271 122 148 272 272 118 146 273 273 122 148 274 274 123 149 275 275 124 150 276 276 122 148 277 277 121 147 278 278 122 148 279 279 125 151 280 280 123 149 281 281 125 151 282 282 122 148 283 283 124 150 284 284 124 150 285 285 126 152 286 286 125 151 287 287 123 149 288 288 125 151 289 289 127 153 290 290 125 151 291 291 126 152 292 292 128 154 293 293 125 151 294 294 128 154 295 295 127 153 296 296 127 153 297 297 128 154 298 298 129 155 299 299 130 156 300 300 120 144 301 301 119 143 302 302 119 143 303 303 131 157 304 304 130 156 305 305 132 158 306 306 131 157 307 307 119 143 308 308 133 159 309 309 131 157 310 310 132 158 311 311 134 160 312 312 131 157 313 313 133 159 314 314 135 161 315 315 131 157 316 316 134 160 317 317 136 162 318 318 130 156 319 319 131 157 320 320 135 161 321 321 136 162 322 322 131 157 323 323 130 156 324 324 136 162 325 325 120 144 326 326 137 163 327 327 136 162 328 328 135 161 329 329 120 144 330 330 136 162 331 331 138 164 332 332 137 163 333 333 138 164 334 334 136 162 335 335 138 164 336 336 139 165 337 337 120 144 338 338 139 165 339 339 138 164 340 340 137 163 341 341 137 163 342 342 140 166 343 343 139 165 344 344 140 166 345 345 141 167 346 346 139 165 347 347 139 165 348 348 141 167 349 349 142 168 350 350 143 169 351 351 142 168 352 352 141 167 353 353 144 170 354 354 145 171 355 355 146 172 356 356 146 173 357 357 147 174 358 358 148 175 359 359 148 175 360 360 147 174 361 361 149 176 362 362 149 176 363 363 147 174 364 364 150 177 365 365 151 178 366 366 150 177 367 367 147 174 368 368 149 176 369 369 150 177 370 370 152 179 371 371 152 179 372 372 150 177 373 373 153 180 374 374 152 179 375 375 153 180 376 376 154 181 377 377 154 181 378 378 153 180 379 379 155 182 380 380 154 183 381 381 155 183 382 382 156 184 383 383 156 185 384 384 155 186 385 385 157 187 386 386 156 185 387 387 157 187 388 388 158 188 389 389 158 188 390 390 157 187 391 391 159 189 392 392 158 188 393 393 159 189 394 394 160 190 395 395 160 190 396 396 159 189 397 397 161 191 398 398 160 190 399 399 161 191 400 400 162 192 401 401 162 192 402 402 161 191 403 403 163 193 404 404 164 194 405 405 165 195 406 406 166 196 407 407 165 197 408 408 167 198 409 409 168 199 410 410 169 200 411 411 168 201 412 412 170 202 413 413 171 203 414 414 172 204 415 415 169 205 416 416 173 206 417 417 174 207 418 418 168 208 419 419 174 207 420 420 173 206 421 421 175 209 422 422 176 210 423 423 173 206 424 424 168 208 425 425 175 209 426 426 173 206 427 427 177 211 428 428 176 210 429 429 177 211 430 430 173 206 431 431 178 212 432 432 175 213 433 433 179 214 434 434 180 215 435 435 177 211 436 436 176 210 437 437 176 210 438 438 172 204 439 439 180 215 440 440 181 216 441 441 180 217 442 442 182 218 443 443 183 219 444 444 180 215 445 445 172 204 446 446 172 204 447 447 184 220 448 448 183 219 449 449 184 220 450 450 172 204 451 451 171 203 452 452 185 221 453 453 183 219 454 454 184 220 455 455 184 220 456 456 186 222 457 457 185 221 458 458 184 220 459 459 171 203 460 460 187 223 461 461 187 223 462 462 186 222 463 463 184 220 464 464 187 223 465 465 171 203 466 466 188 224 467 467 171 203 468 468 189 225 469 469 188 224 470 470 188 224 471 471 189 225 472 472 190 226 473 473 187 223 474 474 191 227 475 475 186 222 476 476 188 224 477 477 191 227 478 478 187 223 479 479 186 222 480 480 191 227 481 481 192 228 482 482 193 229 483 483 191 227 484 484 188 224 485 485 194 230 486 486 195 231 487 487 193 232 488 488 196 233 489 489 193 232 490 490 195 231 491 491 197 234 492 492 198 235 493 493 195 236 494 494 199 237 495 495 178 238 496 496 200 239 497 497 200 239 498 498 178 238 499 499 201 240 500 500 201 240 501 501 202 241 502 502 200 239 503 503 203 242 504 504 200 239 505 505 202 241 506 506 204 243 507 507 203 242 508 508 202 241 509 509 205 244 510 510 203 242 511 511 204 243 512 512 206 245 513 513 203 242 514 514 205 244 515 515 207 246 516 516 200 239 517 517 203 242 518 518 207 246 519 519 203 242 520 520 206 245 521 521 208 247 522 522 209 248 523 523 207 249 524 524 210 250 525 525 211 251 526 526 212 252 527 527 211 253 528 528 213 254 529 529 214 255 530 530 215 256 531 531 214 255 532 532 213 254 533 533 216 257 534 534 214 255 535 535 215 256 536 536 217 258 537 537 215 259 538 538 218 260 539 539 219 261 540 540 217 258 541 541 218 260 542 542 220 262 543 543 216 263 544 544 217 264 545 545 221 265 546 546 220 262 547 547 217 264 548 548 222 266 549 549 216 263 550 550 220 262 551 551 223 267 552 552 216 263 553 553 222 266 554 554 224 268 555 555 220 262 556 556 225 269 557 557 225 269 558 558 220 262 559 559 221 265 560 560 221 265 561 561 226 270 562 562 225 269 563 563 227 271 564 564 223 267 565 565 222 266 566 566 222 266 567 567 228 272 568 568 227 271 569 569 228 272 570 570 229 273 571 571 227 271 572 572 227 271 573 573 229 273 574 574 230 274 575 575 231 275 576 576 223 267 577 577 227 271 578 578 232 276 579 579 231 277 580 580 230 278 581 581 233 279 582 582 223 267 583 583 231 275 584 584 234 280 585 585 233 281 586 586 232 282 587 587 235 283 588 588 233 284 589 589 236 285 590 590 236 285 591 591 233 284 592 592 237 286 593 593 237 287 594 594 234 288 595 595 238 289 596 596 238 289 597 597 234 288 598 598 239 290 599 599 240 291 600 600 241 292 601 601 239 293 602 602 242 294 603 603 241 292 604 604 240 291 605 605 242 294 606 606 243 295 607 607 241 292 608 608 244 296 609 609 243 295 610 610 242 294 611 611 245 297 612 612 241 292 613 613 243 295 614 614 246 298 615 615 241 292 616 616 245 297 617 617 247 299 618 618 244 300 619 619 248 301 620 620 248 301 621 621 249 302 622 622 247 299 623 623 244 300 624 624 247 299 625 625 250 303 626 626 251 304 627 627 249 305 628 628 252 306 629 629 253 307 630 630 250 303 631 631 247 299 632 632 245 308 633 633 250 303 634 634 254 309 635 635 251 310 636 636 255 311 637 637 256 312 638 638 255 313 639 639 252 314 640 640 257 315 641 641 256 316 642 642 258 317 643 643 253 307 644 644 259 318 645 645 257 319 646 646 260 320 647 647 260 320 648 648 261 321 649 649 259 318 650 650 262 322 651 651 259 318 652 652 261 321 653 653 259 318 654 654 262 322 655 655 263 323 656 656 264 324 657 657 263 323 658 658 262 322 659 659 263 323 660 660 264 324 661 661 265 325 662 662 266 326 663 663 265 325 664 664 264 324 665 665 265 325 666 666 267 327 667 667 263 323 668 668 266 326 669 669 268 328 670 670 265 325 671 671 265 325 672 672 269 329 673 673 267 327 674 674 266 326 675 675 270 330 676 676 268 328 677 677 271 331 678 678 267 327 679 679 269 329 680 680 272 332 681 681 268 328 682 682 270 330 683 683 270 330 684 684 273 333 685 685 272 332 686 686 274 334 687 687 269 335 688 688 268 328 689 689 268 328 690 690 272 332 691 691 274 334 692 692 275 336 693 693 269 335 694 694 274 334 695 695 274 334 696 696 276 337 697 697 275 336 698 698 277 338 699 699 272 332 700 700 273 333 701 701 273 333 702 702 278 339 703 703 277 338 704 704 279 340 705 705 277 338 706 706 278 339 707 707 272 332 708 708 277 338 709 709 280 341 710 710 280 341 711 711 274 334 712 712 272 332 713 713 281 342 714 714 280 341 715 715 277 338 716 716 276 337 717 717 274 334 718 718 282 343 719 719 282 343 720 720 274 334 721 721 280 341 722 722 276 337 723 723 282 343 724 724 283 344 725 725 284 345 726 726 282 343 727 727 280 341 728 728 285 346 729 729 283 344 730 730 286 347 731 731 286 347 732 732 283 344 733 733 287 348 734 734 283 344 735 735 282 343 736 736 287 348 737 737 284 345 738 738 287 348 739 739 282 343 740 740 288 349 741 741 284 350 742 742 281 351 743 743 289 352 744 744 287 353 745 745 288 349 746 746 281 351 747 747 290 354 748 748 288 349 749 749 288 349 750 750 291 355 751 751 289 352 752 752 291 355 753 753 288 349 754 754 290 354 755 755 279 356 756 756 292 357 757 757 290 358 758 758 293 359 759 759 290 358 760 760 292 357 761 761 289 360 762 762 294 361 763 763 295 362 764 764 295 362 765 765 294 361 766 766 296 363 767 767 294 361 768 768 297 364 769 769 296 363 770 770 297 364 771 771 294 361 772 772 298 365 773 773 296 363 774 774 297 364 775 775 299 366 776 776 293 367 777 777 300 368 778 778 298 369 779 779 299 370 780 780 298 369 781 781 300 368 782 782 301 371 783 783 300 368 784 784 293 367 785 785 299 370 786 786 300 368 787 787 302 372 788 788 301 371 789 789 303 373 790 790 300 368 791 791 302 372 792 792 300 368 793 793 303 373 794 794 304 374 795 795 303 373 796 796 301 371 797 797 301 371 798 798 305 375 799 799 304 374 800 800 292 376 801 801 306 377 802 802 305 375 803 803 305 375 804 804 306 377 805 805 307 378 806 806 305 375 807 807 307 378 808 808 308 379 809 809 304 374 810 810 305 375 811 811 308 379 812 812 308 379 813 813 307 378 814 814 309 380 815 815 304 374 816 816 310 381 817 817 303 373 818 818 311 382 819 819 310 381 820 820 304 374 821 821 312 383 822 822 303 373 823 823 310 381 824 824 302 372 825 825 303 373 826 826 312 383 827 827 302 372 828 828 312 383 829 829 313 384 830 830 314 385 831 831 313 384 832 832 312 383 833 833 312 383 834 834 315 386 835 835 314 385 836 836 314 385 837 837 315 386 838 838 316 387 839 839 316 387 840 840 315 386 841 841 317 388 842 842 311 389 843 843 308 379 844 844 318 390 845 845 308 379 846 846 309 380 847 847 318 390 848 848 318 390 849 849 319 391 850 850 311 389 851 851 318 390 852 852 309 380 853 853 226 270 854 854 221 265 855 855 319 391 856 856 318 390 857 857 318 390 858 858 226 270 859 859 221 265 860 860 320 392 861 861 321 393 862 862 322 394 863 863 323 395 864 864 324 396 865 865 321 397 866 866 324 396 867 867 323 395 868 868 325 398 869 869 326 399 870 870 325 398 871 871 323 395 872 872 327 400 873 873 325 401 874 874 328 402 875 875 327 400 876 876 328 402 877 877 329 403 878 878 328 404 879 879 330 405 880 880 331 406 881 881 332 407 882 882 333 408 883 883 326 409 884 884 333 408 885 885 332 407 886 886 334 410 887 887 335 411 888 888 334 410 889 889 332 407 890 890 335 411 891 891 332 407 892 892 336 412 893 893 337 413 894 894 338 414 895 895 335 415 896 896 337 416 897 897 336 417 898 898 339 418 899 899 340 419 900 900 341 420 901 901 336 421 902 902 342 422 903 903 336 421 904 904 341 420 905 905 342 423 906 906 343 424 907 907 339 425 908 908 344 426 909 909 339 425 910 910 343 424 911 911 339 425 912 912 344 426 913 913 345 427 914 914 346 428 915 915 347 429 916 916 348 430 917 917 348 431 918 918 349 432 919 919 350 433 920 920 348 431 921 921 350 433 922 922 351 434 923 923 351 434 924 924 350 433 925 925 352 435 926 926 350 433 927 927 349 432 928 928 353 436 929 929 354 437 930 930 353 436 931 931 349 432 932 932 355 438 933 933 356 439 934 934 351 440 935 935 357 441 936 936 356 439 937 937 355 438 938 938 358 442 939 939 356 439 940 940 357 441 941 941 359 443 942 942 360 444 943 943 361 445 944 944 360 446 945 945 362 447 946 946 363 448 947 947 360 446 948 948 258 317 949 949 362 447 950 950 258 317 951 951 360 446 952 952 364 449 953 953 365 450 954 954 363 448 955 955 362 447 956 956 255 451 957 957 365 450 958 958 362 447 959 959 363 448 960 960 365 450 961 961 267 452 962 962 365 450 963 963 255 451 964 964 366 453 965 965 366 453 966 966 267 452 967 967 365 450 968 968 364 449 969 969 367 454 970 970 258 317 971 971 367 454 972 972 364 449 973 973 368 455 974 974 367 454 975 975 253 307 976 976 258 317 977 977 368 455 978 978 369 456 979 979 367 454 980 980 367 454 981 981 370 457 982 982 253 307 983 983 370 457 984 984 367 454 985 985 369 456 986 986 250 303 987 987 253 307 988 988 370 457 989 989 370 457 990 990 254 309 991 991 250 303 992 992 370 457 993 993 369 456 994 994 254 309 995 995 371 458 996 996 254 309 997 997 369 456 998 998 372 459 999 999 373 460 1000 1000 374 461 1001 1001 375 462 1002 1002 374 461 1003 1003 373 460 1004 1004 376 463 1005 1005 377 464 1006 1006 378 465 1007 1007 379 466 1008 1008 377 464 1009 1009 376 463 1010 1010 380 467 1011 1011 381 468 1012 1012 382 469 1013 1013 383 470 1014 1014 381 468 1015 1015 380 467 1016 1016 383 471 1017 1017 384 472 1018 1018 385 473 1019 1019 386 474 1020 1020 385 473 1021 1021 384 472 1022 1022 387 475 1023 1023 385 473 1024 1024 386 474 1025 1025 388 476 1026 1026 386 474 1027 1027 389 477 1028 1028 388 476 1029 1029 387 475 1030 1030 386 474 1031 1031 388 476 1032 1032 390 478 1033 1033 387 475 1034 1034 390 478 1035 1035 391 479 1036 1036 387 475 1037 1037 387 475 1038 1038 391 479 1039 1039 392 480 1040 1040 393 481 1041 1041 392 480 1042 1042 391 479 1043 1043 394 482 1044 1044 388 483 1045 1045 395 484 1046 1046 394 482 1047 1047 395 484 1048 1048 396 485 1049 1049 395 484 1050 1050 388 483 1051 1051 397 486 1052 1052 396 485 1053 1053 395 484 1054 1054 398 487 1055 1055 397 486 1056 1056 398 487 1057 1057 395 484 1058 1058 399 488 1059 1059 400 489 1060 1060 401 490 1061 1061 401 490 1062 1062 400 489 1063 1063 402 491 1064 1064 403 492 1065 1065 404 493 1066 1066 405 494 1067 1067 406 495 1068 1068 405 494 1069 1069 404 493 1070 1070 407 496 1071 1071 408 497 1072 1072 409 498 1073 1073 410 499 1074 1074 408 497 1075 1075 407 496 1076 1076 411 500 1077 1077 412 501 1078 1078 413 502 1079 1079 412 501 1080 1080 411 500 1081 1081 414 503 1082 1082 415 504 1083 1083 416 505 1084 1084 417 506 1085 1085 417 506 1086 1086 418 507 1087 1087 415 504 1088 1088 419 508 1089 1089 420 509 1090 1090 421 510 1091 1091 419 508 1092 1092 421 510 1093 1093 422 511 1094 1094 423 512 1095 1095 424 513 1096 1096 425 514 1097 1097 426 515 1098 1098 425 514 1099 1099 424 513 1100 1100 427 516 1101 1101 425 514 1102 1102 426 515 1103 1103 426 515 1104 1104 428 517 1105 1105 427 516 1106 1106 427 516 1107 1107 428 517 1108 1108 429 518 1109 1109 429 518 1110 1110 428 517 1111 1111 430 519 1112 1112 431 520 1113 1113 429 518 1114 1114 430 519 1115 1115 431 520 1116 1116 432 521 1117 1117 429 518 1118 1118 431 520 1119 1119 433 522 1120 1120 432 521 1121 1121 434 523 1122 1122 432 521 1123 1123 433 522 1124 1124 434 523 1125 1125 435 524 1126 1126 432 521 1127 1127 434 523 1128 1128 436 525 1129 1129 435 524 1130 1130 437 526 1131 1131 435 524 1132 1132 436 525 1133 1133 436 525 1134 1134 438 527 1135 1135 437 526 1136 1136 439 528 1137 1137 435 524 1138 1138 437 526 1139 1139 440 529 1140 1140 437 526 1141 1141 438 527 1142 1142 439 528 1143 1143 437 526 1144 1144 441 530 1145 1145 441 530 1146 1146 437 526 1147 1147 440 529 1148 1148 442 531 1149 1149 443 532 1150 1150 444 533 1151 1151 444 533 1152 1152 445 534 1153 1153 442 531 1154 1154 446 535 1155 1155 445 534 1156 1156 444 533 1157 1157 445 534 1158 1158 446 535 1159 1159 447 536 1160 1160 446 535 1161 1161 448 537 1162 1162 447 536 1163 1163 447 536 1164 1164 448 537 1165 1165 449 538 1166 1166 447 536 1167 1167 449 538 1168 1168 450 539 1169 1169 451 540 1170 1170 450 539 1171 1171 449 538 1172 1172 452 541 1173 1173 450 539 1174 1174 451 540 1175 1175 451 540 1176 1176 453 542 1177 1177 452 541 1178 1178 454 543 1179 1179 455 544 1180 1180 456 545 1181 1181 457 546 1182 1182 456 545 1183 1183 455 544 1184 1184 458 547 1185 1185 456 545 1186 1186 457 546 1187 1187 458 547 1188 1188 457 546 1189 1189 459 548 1190 1190 460 549 1191 1191 461 550 1192 1192 462 551 1193 1193 463 552 1194 1194 462 551 1195 1195 461 550 1196 1196 464 553 1197 1197 462 551 1198 1198 463 552 1199 1199 463 552 1200 1200 465 554 1201 1201 464 553 1202 1202 463 552 1203 1203 466 555 1204 1204 465 554 1205 1205 467 556 1206 1206 468 557 1207 1207 469 558 1208 1208 470 559 1209 1209 469 558 1210 1210 468 557 1211 1211 471 560 1212 1212 469 558 1213 1213 470 559 1214 1214 472 561 1215 1215 471 560 1216 1216 470 559 1217 1217 473 562 1218 1218 471 560 1219 1219 472 561 1220 1220 474 563 1221 1221 473 562 1222 1222 472 561 1223 1223 472 561 1224 1224 475 564 1225 1225 474 563 1226 1226 476 565 1227 1227 477 566 1228 1228 478 567 1229 1229 479 568 1230 1230 478 567 1231 1231 477 566 1232 1232 480 569 1233 1233 478 567 1234 1234 479 568 1235 1235 481 570 1236 1236 480 569 1237 1237 479 568 1238 1238 482 571 1239 1239 480 569 1240 1240 481 570 1241 1241 483 572 1242 1242 484 573 1243 1243 485 574 1244 1244 486 575 1245 1245 485 574 1246 1246 484 573 1247 1247 487 576 1248 1248 485 574 1249 1249 486 575 1250 1250 487 576 1251 1251 486 575 1252 1252 488 577 1253 1253 488 577 1254 1254 486 575 1255 1255 489 578 1256 1256 486 575 1257 1257 490 579 1258 1258 489 578 1259 1259 491 580 1260 1260 492 581 1261 1261 489 582 1262 1262 493 583 1263 1263 494 584 1264 1264 491 585 1265 1265 495 586 1266 1266 494 584 1267 1267 493 583 1268 1268 496 587 1269 1269 494 584 1270 1270 495 586 1271 1271 496 588 1272 1272 497 589 1273 1273 498 590 1274 1274 496 588 1275 1275 499 591 1276 1276 497 589 1277 1277 498 590 1278 1278 497 589 1279 1279 500 592 1280 1280 501 593 1281 1281 497 589 1282 1282 499 591 1283 1283 500 592 1284 1284 497 589 1285 1285 502 594 1286 1286 502 594 1287 1287 497 589 1288 1288 501 593 1289 1289 502 595 1290 1290 503 596 1291 1291 504 597 1292 1292 502 595 1293 1293 505 598 1294 1294 503 596 1295 1295 506 599 1296 1296 503 596 1297 1297 505 598 1298 1298 507 600 1299 1299 501 601 1300 1300 508 602 1301 1301 507 600 1302 1302 509 603 1303 1303 501 601 1304 1304 510 604 1305 1305 509 603 1306 1306 507 600 1307 1307 511 605 1308 1308 509 603 1309 1309 510 604 1310 1310 511 606 1311 1311 512 607 1312 1312 513 608 1313 1313 514 609 1314 1314 515 610 1315 1315 512 611 1316 1316 516 612 1317 1317 512 611 1318 1318 515 610 1319 1319 512 607 1320 1320 517 613 1321 1321 513 608 1322 1322 506 614 1323 1323 513 608 1324 1324 517 613 1325 1325 506 614 1326 1326 517 613 1327 1327 518 615 1328 1328 518 615 1329 1329 519 616 1330 1330 506 614 1331 1331 517 613 1332 1332 520 617 1333 1333 518 615 1334 1334 521 618 1335 1335 518 615 1336 1336 520 617 1337 1337 518 615 1338 1338 521 618 1339 1339 522 619 1340 1340 523 620 1341 1341 522 619 1342 1342 524 621 1343 1343 521 618 1344 1344 524 621 1345 1345 522 619 1346 1346 524 621 1347 1347 521 618 1348 1348 525 622 1349 1349 521 618 1350 1350 526 623 1351 1351 525 622 1352 1352 516 624 1353 1353 527 625 1354 1354 526 626 1355 1355 516 624 1356 1356 528 627 1357 1357 527 625 1358 1358 525 628 1359 1359 527 625 1360 1360 528 627 1361 1361 525 628 1362 1362 528 627 1363 1363 529 629 1364 1364 530 630 1365 1365 531 631 1366 1366 529 632 1367 1367 529 632 1368 1368 531 631 1369 1369 532 633 1370 1370 533 634 1371 1371 532 633 1372 1372 531 631 1373 1373 534 635 1374 1374 532 633 1375 1375 533 634 1376 1376 535 636 1377 1377 534 635 1378 1378 533 634 1379 1379 536 637 1380 1380 537 638 1381 1381 538 639 1382 1382 536 637 1383 1383 538 639 1384 1384 539 640 1385 1385 540 641 1386 1386 539 640 1387 1387 538 639 1388 1388 539 640 1389 1389 540 641 1390 1390 541 642 1391 1391 542 643 1392 1392 541 642 1393 1393 540 641 1394 1394 543 644 1395 1395 541 642 1396 1396 542 643 1397 1397 544 645 1398 1398 545 646 1399 1399 546 647 1400 1400 545 646 1401 1401 547 648 1402 1402 546 647 1403 1403 546 647 1404 1404 547 648 1405 1405 548 649 1406 1406 549 650 1407 1407 548 649 1408 1408 547 648 1409 1409 550 651 1410 1410 548 649 1411 1411 549 650 1412 1412 551 652 1413 1413 552 653 1414 1414 553 654 1415 1415 554 655 1416 1416 553 654 1417 1417 552 653 1418 1418 555 656 1419 1419 553 654 1420 1420 554 655 1421 1421 556 657 1422 1422 557 658 1423 1423 558 659 1424 1424 559 660 1425 1425 558 659 1426 1426 557 658 1427 1427 560 661 1428 1428 558 659 1429 1429 559 660 1430 1430 561 662 1431 1431 560 661 1432 1432 559 660 1433 1433 559 660 1434 1434 562 663 1435 1435 561 662 1436 1436 561 662 1437 1437 562 663 1438 1438 563 664 1439 1439 564 665 1440 1440 565 666 1441 1441 566 667 1442 1442 567 668 1443 1443 566 667 1444 1444 565 666 1445 1445 568 669 1446 1446 566 667 1447 1447 567 668 1448 1448 567 668 1449 1449 569 670 1450 1450 568 669 1451 1451 569 670 1452 1452 570 671 1453 1453 568 669 1454 1454 571 672 1455 1455 569 670 1456 1456 567 668 1457 1457 572 673 1458 1458 571 674 1459 1459 573 675 1460 1460 574 676 1461 1461 573 675 1462 1462 571 674 1463 1463 575 677 1464 1464 573 678 1465 1465 576 679 1466 1466 577 680 1467 1467 578 681 1468 1468 576 682 1469 1469 579 683 1470 1470 577 680 1471 1471 576 682 1472 1472 579 683 1473 1473 576 682 1474 1474 580 684 1475 1475 580 684 1476 1476 581 685 1477 1477 579 683 1478 1478 579 683 1479 1479 581 685 1480 1480 582 686 1481 1481 583 687 1482 1482 582 686 1483 1483 581 685 1484 1484 584 688 1485 1485 578 689 1486 1486 585 690 1487 1487 586 691 1488 1488 578 689 1489 1489 584 688 1490 1490 587 692 1491 1491 588 693 1492 1492 589 694 1493 1493 588 693 1494 1494 590 695 1495 1495 589 694 1496 1496 589 694 1497 1497 590 695 1498 1498 591 696 1499 1499 592 697 1500 1500 591 696 1501 1501 590 695 1502 1502 593 698 1503 1503 592 697 1504 1504 590 695 1505 1505 594 699 1506 1506 595 700 1507 1507 596 701 1508 1508 597 702 1509 1509 596 701 1510 1510 595 700 1511 1511 598 703 1512 1512 596 701 1513 1513 597 702 1514 1514 599 704 1515 1515 600 705 1516 1516 601 706 1517 1517 602 707 1518 1518 601 706 1519 1519 600 705 1520 1520 603 708 1521 1521 601 706 1522 1522 602 707 1523 1523 604 709 1524 1524 605 710 1525 1525 606 711 1526 1526 607 712 1527 1527 606 711 1528 1528 605 710 1529 1529 608 713 1530 1530 606 711 1531 1531 607 712 1532 1532 609 714 1533 1533 610 715 1534 1534 611 716 1535 1535 612 717 1536 1536 611 716 1537 1537 610 715 1538 1538 613 718 1539 1539 611 716 1540 1540 612 717 1541 1541 614 719 1542 1542 615 720 1543 1543 616 721 1544 1544 617 722 1545 1545 616 721 1546 1546 615 720 1547 1547 618 723 1548 1548 616 721 1549 1549 617 722 1550 1550 619 724 1551 1551 620 725 1552 1552 621 726 1553 1553 622 727 1554 1554 621 726 1555 1555 620 725 1556 1556 623 728 1557 1557 621 726 1558 1558 622 727 1559 1559 623 728 1560 1560 622 727 1561 1561 624 729 1562 1562 624 729 1563 1563 622 727 1564 1564 625 730 1565 1565 626 731 1566 1566 627 732 1567 1567 628 733 1568 1568 629 734 1569 1569 628 733 1570 1570 627 732 1571 1571 630 735 1572 1572 628 733 1573 1573 629 734 1574 1574 631 736 1575 1575 632 737 1576 1576 633 738 1577 1577 633 738 1578 1578 632 737 1579 1579 634 739 1580 1580 633 738 1581 1581 634 739 1582 1582 635 740 1583 1583 636 741 1584 1584 637 742 1585 1585 638 743 1586 1586 638 743 1587 1587 637 742 1588 1588 639 744 1589 1589 638 743 1590 1590 639 744 1591 1591 640 745 1592 1592 640 745 1593 1593 639 744 1594 1594 641 746 1595 1595 641 746 1596 1596 642 747 1597 1597 640 745 1598 1598 643 748 1599 1599 642 747 1600 1600 641 746 1601 1601 642 747 1602 1602 643 748 1603 1603 644 749 1604 1604 644 749 1605 1605 643 748 1606 1606 645 750 1607 1607 646 751 1608 1608 647 752 1609 1609 648 753 1610 1610 647 752 1611 1611 649 754 1612 1612 648 753 1613 1613 650 755 1614 1614 648 753 1615 1615 649 754 1616 1616 649 754 1617 1617 651 756 1618 1618 650 755 1619 1619 652 757 1620 1620 651 756 1621 1621 649 754 1622 1622 653 758 1623 1623 651 756 1624 1624 652 757 1625 1625 654 759 1626 1626 651 756 1627 1627 653 758 1628 1628 653 758 1629 1629 652 757 1630 1630 655 760 1631 1631 656 761 1632 1632 657 762 1633 1633 658 763 1634 1634 658 763 1635 1635 659 764 1636 1636 656 761 1637 1637 660 765 1638 1638 659 764 1639 1639 658 763 1640 1640 661 766 1641 1641 659 764 1642 1642 660 765 1643 1643 662 767 1644 1644 659 764 1645 1645 661 766 1646 1646 663 768 1647 1647 664 769 1648 1648 665 770 1649 1649 665 770 1650 1650 664 769 1651 1651 666 771 1652 1652 666 771 1653 1653 667 772 1654 1654 665 770 1655 1655 668 773 1656 1656 667 772 1657 1657 666 771 1658 1658 668 773 1659 1659 669 774 1660 1660 667 772 1661 1661 670 775 1662 1662 669 774 1663 1663 668 773 1664 1664 671 776 1665 1665 669 774 1666 1666 670 775 1667 1667 672 777 1668 1668 669 774 1669 1669 671 776 1670 1670 673 778 1671 1671 674 779 1672 1672 675 780 1673 1673 675 780 1674 1674 674 779 1675 1675 676 781 1676 1676 677 782 1677 1677 675 780 1678 1678 676 781 1679 1679 677 782 1680 1680 676 781 1681 1681 678 783 1682 1682 677 782 1683 1683 678 783 1684 1684 679 784 1685 1685 679 784 1686 1686 678 783 1687 1687 680 785 1688 1688 679 784 1689 1689 680 785 1690 1690 681 786 1691 1691 682 787 1692 1692 683 788 1693 1693 684 789 1694 1694 685 790 1695 1695 686 791 1696 1696 682 792 1697 1697 684 793 1698 1698 687 794 1699 1699 688 795 1700 1700 687 794 1701 1701 684 793 1702 1702 689 796 1703 1703 690 797 1704 1704 691 798 1705 1705 686 799 1706 1706 692 800 1707 1707 686 799 1708 1708 691 798 1709 1709 693 801 1710 1710 694 802 1711 1711 691 803 1712 1712 695 804 1713 1713 691 803 1714 1714 694 802 1715 1715 696 805 1716 1716 695 806 1717 1717 697 807 1718 1718 698 808 1719 1719 695 806 1720 1720 696 805 1721 1721 692 809 1722 1722 698 810 1723 1723 699 811 1724 1724 700 812 1725 1725 689 813 1726 1726 699 811 1727 1727 701 814 1728 1728 699 811 1729 1729 698 810 1730 1730 699 811 1731 1731 701 814 1732 1732 700 812 1733 1733 702 815 1734 1734 701 816 1735 1735 703 817 1736 1736 704 818 1737 1737 703 819 1738 1738 705 820 1739 1739 706 821 1740 1740 703 819 1741 1741 704 818 1742 1742 707 822 1743 1743 708 823 1744 1744 709 824 1745 1745 708 823 1746 1746 710 825 1747 1747 709 824 1748 1748 709 824 1749 1749 710 825 1750 1750 711 826 1751 1751 711 826 1752 1752 710 825 1753 1753 712 827 1754 1754 711 826 1755 1755 712 827 1756 1756 713 828 1757 1757 713 828 1758 1758 712 827 1759 1759 714 829 1760 1760 713 828 1761 1761 714 829 1762 1762 715 830 1763 1763 716 831 1764 1764 715 830 1765 1765 714 829 1766 1766 717 832 1767 1767 715 830 1768 1768 716 831 1769 1769 717 832 1770 1770 716 831 1771 1771 718 833 1772 1772 719 834 1773 1773 718 833 1774 1774 716 831 1775 1775 720 835 1776 1776 718 833 1777 1777 719 834 1778 1778 719 834 1779 1779 721 836 1780 1780 720 835 1781 1781 722 837 1782 1782 720 835 1783 1783 721 836 1784 1784 721 836 1785 1785 723 838 1786 1786 722 837 1787 1787 724 839 1788 1788 722 837 1789 1789 723 838 1790 1790 723 838 1791 1791 725 840 1792 1792 724 839 1793 1793 726 841 1794 1794 724 839 1795 1795 725 840 1796 1796 727 842 1797 1797 728 843 1798 1798 729 844 1799 1799 729 844 1800 1800 728 843 1801 1801 730 845 1802 1802 730 845 1803 1803 731 846 1804 1804 729 844 1805 1805 732 847 1806 1806 731 846 1807 1807 730 845 1808 1808 732 847 1809 1809 733 848 1810 1810 731 846 1811 1811 734 849 1812 1812 733 848 1813 1813 732 847 1814 1814 733 848 1815 1815 734 849 1816 1816 735 850 1817 1817 736 851 1818 1818 735 850 1819 1819 734 849 1820 1820 737 852 1821 1821 735 850 1822 1822 736 851 1823 1823 737 852 1824 1824 736 851 1825 1825 738 853 1826 1826 739 854 1827 1827 738 853 1828 1828 736 851 1829 1829 740 855 1830 1830 738 853 1831 1831 739 854 1832 1832 741 856 1833 1833 740 855 1834 1834 739 854 1835 1835 742 857 1836 1836 740 855 1837 1837 741 856 1838 1838 743 858 1839 1839 742 857 1840 1840 741 856 1841 1841 744 859 1842 1842 742 857 1843 1843 743 858 1844 1844 745 860 1845 1845 744 859 1846 1846 743 858 1847 1847 746 861 1848 1848 744 859 1849 1849 745 860 1850 1850 747 862 1851 1851 748 863 1852 1852 749 864 1853 1853 749 864 1854 1854 748 863 1855 1855 750 865 1856 1856 749 864 1857 1857 750 865 1858 1858 751 866 1859 1859 751 866 1860 1860 750 865 1861 1861 752 867 1862 1862 751 866 1863 1863 752 867 1864 1864 753 868 1865 1865 753 868 1866 1866 752 867 1867 1867 754 869 1868 1868 753 868 1869 1869 754 869 1870 1870 755 870 1871 1871 753 868 1872 1872 755 870 1873 1873 756 871 1874 1874 756 871 1875 1875 755 870 1876 1876 757 872 1877 1877 757 872 1878 1878 755 870 1879 1879 758 873 1880 1880 757 872 1881 1881 758 873 1882 1882 759 874 1883 1883 760 875 1884 1884 761 876 1885 1885 762 877 1886 1886 762 877 1887 1887 761 876 1888 1888 763 878 1889 1889 764 879 1890 1890 762 877 1891 1891 763 878 1892 1892 765 880 1893 1893 764 879 1894 1894 763 878 1895 1895 765 880 1896 1896 763 878 1897 1897 766 881 1898 1898 766 881 1899 1899 767 882 1900 1900 765 880 1901 1901 765 880 1902 1902 768 883 1903 1903 764 879 1904 1904 765 880 1905 1905 767 882 1906 1906 768 883 1907 1907 769 884 1908 1908 764 879 1909 1909 768 883 1910 1910 767 882 1911 1911 770 885 1912 1912 768 883 1913 1913 767 882 1914 1914 771 886 1915 1915 770 885 1916 1916 768 883 1917 1917 772 887 1918 1918 769 884 1919 1919 768 883 1920 1920 770 885 1921 1921 772 887 1922 1922 773 888 1923 1923 769 884 1924 1924 772 887 1925 1925 770 885 1926 1926 771 886 1927 1927 774 889 1928 1928 772 887 1929 1929 775 890 1930 1930 773 888 1931 1931 772 887 1932 1932 770 885 1933 1933 775 890 1934 1934 776 891 1935 1935 773 888 1936 1936 775 890 1937 1937 777 892 1938 1938 770 885 1939 1939 774 889 1940 1940 777 892 1941 1941 774 889 1942 1942 778 893 1943 1943 775 890 1944 1944 770 885 1945 1945 779 894 1946 1946 779 894 1947 1947 770 885 1948 1948 777 892 1949 1949 775 890 1950 1950 780 895 1951 1951 776 891 1952 1952 775 890 1953 1953 779 894 1954 1954 780 895 1955 1955 776 891 1956 1956 780 895 1957 1957 781 896 1958 1958 782 897 1959 1959 781 896 1960 1960 780 895 1961 1961 780 895 1962 1962 783 898 1963 1963 782 897 1964 1964 780 895 1965 1965 779 894 1966 1966 783 898 1967 1967 784 899 1968 1968 782 897 1969 1969 783 898 1970 1970 784 899 1971 1971 783 898 1972 1972 785 900 1973 1973 783 898 1974 1974 779 894 1975 1975 786 901 1976 1976 786 901 1977 1977 785 900 1978 1978 783 898 1979 1979 777 892 1980 1980 786 901 1981 1981 779 894 1982 1982 786 901 1983 1983 787 902 1984 1984 785 900 1985 1985 786 901 1986 1986 777 892 1987 1987 787 902 1988 1988 778 893 1989 1989 787 902 1990 1990 777 892 1991 1991 788 903 1992 1992 785 900 1993 1993 787 902 1994 1994 778 893 1995 1995 789 904 1996 1996 787 902 1997 1997 788 903 1998 1998 787 902 1999 1999 790 905 2000 2000 790 905 2001 2001 787 902 2002 2002 789 904 2003 2003 790 905 2004 2004 789 904 2005 2005 791 906 2006 2006 790 905 2007 2007 791 906 2008 2008 792 907 2009 2009 792 907 2010 2010 791 906 2011 2011 793 908 2012 2012 792 907 2013 2013 793 908 2014 2014 794 909 2015 2015 795 910 2016 2016 794 909 2017 2017 793 908 2018 2018 793 908 2019 2019 791 906 2020 2020 796 911 2021 2021 796 911 2022 2022 795 910 2023 2023 793 908 2024 2024 797 912 2025 2025 795 910 2026 2026 796 911 2027 2027 796 911 2028 2028 798 913 2029 2029 797 912 2030 2030 796 911 2031 2031 799 914 2032 2032 798 913 2033 2033 800 915 2034 2034 797 912 2035 2035 798 913 2036 2036 801 916 2037 2037 802 917 2038 2038 803 918 2039 2039 803 918 2040 2040 802 917 2041 2041 804 919 2042 2042 803 918 2043 2043 804 919 2044 2044 805 920 2045 2045 805 920 2046 2046 804 919 2047 2047 806 921 2048 2048 805 920 2049 2049 806 921 2050 2050 807 922 2051 2051 807 922 2052 2052 806 921 2053 2053 808 923 2054 2054 807 922 2055 2055 808 923 2056 2056 809 924 2057 2057 809 924 2058 2058 808 923 2059 2059 810 925 2060 2060 809 924 2061 2061 810 925 2062 2062 811 926 2063 2063 811 926 2064 2064 810 925 2065 2065 812 927 2066 2066 811 926 2067 2067 812 927 2068 2068 813 928 2069 2069 813 928 2070 2070 812 927 2071 2071 814 929 2072 2072 813 928 2073 2073 814 929 2074 2074 815 930 2075 2075 815 930 2076 2076 814 929 2077 2077 816 931 2078 2078 815 930 2079 2079 816 931 2080 2080 817 932 2081 2081 817 932 2082 2082 816 931 2083 2083 818 933 2084 2084 819 934 2085 2085 820 935 2086 2086 821 936 2087 2087 821 936 2088 2088 820 935 2089 2089 822 937 2090 2090 822 937 2091 2091 823 938 2092 2092 821 936 2093 2093 824 939 2094 2094 823 938 2095 2095 822 937 2096 2096 823 938 2097 2097 824 939 2098 2098 825 940 2099 2099 825 940 2100 2100 824 939 2101 2101 826 941 2102 2102 826 941 2103 2103 827 942 2104 2104 825 940 2105 2105 828 943 2106 2106 827 942 2107 2107 826 941 2108 2108 829 944 2109 2109 827 942 2110 2110 828 943 2111 2111 830 945 2112 2112 827 942 2113 2113 829 944 2114 2114 831 946 2115 2115 830 945 2116 2116 829 944 2117 2117 832 947 2118 2118 830 945 2119 2119 831 946 2120 2120 833 948 2121 2121 832 947 2122 2122 831 946 2123 2123 834 949 2124 2124 832 947 2125 2125 833 948 2126 2126 835 950 2127 2127 834 949 2128 2128 833 948 2129 2129 836 951 2130 2130 834 949 2131 2131 835 950 2132 2132 837 952 2133 2133 838 953 2134 2134 839 954 2135 2135 839 954 2136 2136 838 953 2137 2137 840 955 2138 2138 840 955 2139 2139 841 956 2140 2140 839 954 2141 2141 842 957 2142 2142 841 956 2143 2143 840 955 2144 2144 841 956 2145 2145 842 957 2146 2146 843 958 2147 2147 843 958 2148 2148 842 957 2149 2149 844 959 2150 2150 844 959 2151 2151 845 960 2152 2152 843 958 2153 2153 846 961 2154 2154 845 960 2155 2155 844 959 2156 2156 846 961 2157 2157 847 962 2158 2158 845 960 2159 2159 848 963 2160 2160 847 962 2161 2161 846 961 2162 2162 848 963 2163 2163 849 964 2164 2164 847 962 2165 2165 850 965 2166 2166 849 964 2167 2167 848 963 2168 2168 849 964 2169 2169 850 965 2170 2170 851 966 2171 2171 851 966 2172 2172 850 965 2173 2173 852 967 2174 2174 851 966 2175 2175 852 967 2176 2176 853 968 2177 2177 853 968 2178 2178 852 967 2179 2179 854 969 2180 2180 855 970 2181 2181 856 971 2182 2182 857 972 2183 2183 856 971 2184 2184 855 970 2185 2185 858 973 2186 2186 858 973 2187 2187 855 970 2188 2188 859 974 2189 2189 859 974 2190 2190 860 975 2191 2191 858 973 2192 2192 859 974 2193 2193 861 976 2194 2194 860 975 2195 2195 862 977 2196 2196 860 975 2197 2197 861 976 2198 2198 862 977 2199 2199 861 976 2200 2200 863 978 2201 2201 861 976 2202 2202 864 979 2203 2203 863 978 2204 2204 864 979 2205 2205 865 980 2206 2206 863 978 2207 2207 865 980 2208 2208 864 979 2209 2209 866 981 2210 2210 864 979 2211 2211 867 982 2212 2212 866 981 2213 2213 867 982 2214 2214 868 983 2215 2215 866 981 2216 2216 868 983 2217 2217 867 982 2218 2218 869 984 2219 2219 869 984 2220 2220 867 982 2221 2221 870 985 2222 2222 869 984 2223 2223 871 986 2224 2224 868 983 2225 2225 872 987 2226 2226 869 984 2227 2227 870 985 2228 2228 871 986 2229 2229 869 984 2230 2230 873 988 2231 2231 872 987 2232 2232 873 988 2233 2233 869 984 2234 2234 874 989 2235 2235 875 990 2236 2236 876 991 2237 2237 877 992 2238 2238 876 991 2239 2239 875 990 2240 2240 877 992 2241 2241 875 990 2242 2242 878 993 2243 2243 878 993 2244 2244 879 994 2245 2245 877 992 2246 2246 878 993 2247 2247 880 995 2248 2248 879 994 2249 2249 881 996 2250 2250 882 997 2251 2251 883 998 2252 2252 881 996 2253 2253 884 999 2254 2254 882 997 2255 2255 884 999 2256 2256 885 1000 2257 2257 882 997 2258 2258 886 1001 2259 2259 885 1000 2260 2260 884 999 2261 2261 884 999 2262 2262 887 1002 2263 2263 886 1001 2264 2264 888 1003 2265 2265 889 1004 2266 2266 890 1005 2267 2267 891 1006 2268 2268 889 1004 2269 2269 888 1003 2270 2270 892 1007 2271 2271 889 1004 2272 2272 891 1006 2273 2273 892 1008 2274 2274 893 1009 2275 2275 894 1010 2276 2276 895 1011 2277 2277 894 1010 2278 2278 893 1009 2279 2279 896 1012 2280 2280 894 1010 2281 2281 895 1011 2282 2282 897 1013 2283 2283 898 1014 2284 2284 899 1015 2285 2285 900 1016 2286 2286 898 1014 2287 2287 897 1013 2288 2288 901 1017 2289 2289 898 1014 2290 2290 900 1016 2291 2291 902 1018 2292 2292 903 1019 2293 2293 904 1020 2294 2294 905 1021 2295 2295 903 1019 2296 2296 902 1018 2297 2297 906 1022 2298 2298 903 1019 2299 2299 905 1021 2300 2300 907 1023 2301 2301 908 1024 2302 2302 909 1025 2303 2303 909 1025 2304 2304 908 1024 2305 2305 910 1026 2306 2306 908 1024 2307 2307 911 1027 2308 2308 910 1026 2309 2309 910 1026 2310 2310 911 1027 2311 2311 912 1028 2312 2312 913 1029 2313 2313 912 1028 2314 2314 911 1027 2315 2315 913 1030 2316 2316 914 1031 2317 2317 915 1032 2318 2318 913 1030 2319 2319 915 1032 2320 2320 916 1033 2321 2321 917 1034 2322 2322 915 1032 2323 2323 914 1031 2324 2324 918 1035 2325 2325 916 1033 2326 2326 915 1032 2327 2327 918 1035 2328 2328 915 1032 2329 2329 917 1034 2330 2330 919 1036 2331 2331 916 1033 2332 2332 918 1035 2333 2333 920 1037 2334 2334 921 1038 2335 2335 917 1034 2336 2336 922 1039 2337 2337 917 1034 2338 2338 921 1038 2339 2339 918 1035 2340 2340 917 1034 2341 2341 922 1039 2342 2342 922 1039 2343 2343 919 1036 2344 2344 918 1035 2345 2345 923 1040 2346 2346 919 1036 2347 2347 922 1039 2348 2348 924 1041 2349 2349 925 1042 2350 2350 926 1043 2351 2351 926 1043 2352 2352 925 1042 2353 2353 927 1044 2354 2354 928 1045 2355 2355 927 1044 2356 2356 925 1042 2357 2357 928 1046 2358 2358 929 1047 2359 2359 930 1048 2360 2360 931 1049 2361 2361 930 1048 2362 2362 929 1047 2363 2363 928 1046 2364 2364 930 1048 2365 2365 932 1050 2366 2366 933 1051 2367 2367 930 1048 2368 2368 931 1049 2369 2369 933 1051 2370 2370 932 1050 2371 2371 930 1048 2372 2372 934 1052 2373 2373 932 1050 2374 2374 933 1051 2375 2375 935 1053 2376 2376 936 1054 2377 2377 937 1055 2378 2378 938 1056 2379 2379 937 1055 2380 2380 936 1054 2381 2381 936 1054 2382 2382 939 1057 2383 2383 938 1056 2384 2384 940 1058 2385 2385 938 1056 2386 2386 939 1057 2387 2387 939 1057 2388 2388 941 1059 2389 2389 940 1058 2390 2390 942 1060 2391 2391 940 1058 2392 2392 941 1059 2393 2393 941 1059 2394 2394 943 1061 2395 2395 942 1060 2396 2396 944 1062 2397 2397 942 1060 2398 2398 943 1061 2399 2399 943 1061 2400 2400 945 1063 2401 2401 944 1062 2402 2402 946 1064 2403 2403 944 1062 2404 2404 945 1063 2405 2405 945 1063 2406 2406 947 1065 2407 2407 946 1064 2408 2408 946 1064 2409 2409 947 1065 2410 2410 948 1066 2411 2411 949 1067 2412 2412 948 1066 2413 2413 947 1065 2414 2414 949 1067 2415 2415 950 1068 2416 2416 948 1066 2417 2417 951 1069 2418 2418 950 1068 2419 2419 949 1067 2420 2420 952 1070 2421 2421 948 1066 2422 2422 950 1068 2423 2423 952 1070 2424 2424 950 1068 2425 2425 953 1071 2426 2426 954 1072 2427 2427 955 1073 2428 2428 956 1074 2429 2429 957 1075 2430 2430 956 1074 2431 2431 955 1073 2432 2432 955 1073 2433 2433 958 1076 2434 2434 957 1075 2435 2435 957 1075 2436 2436 958 1076 2437 2437 959 1077 2438 2438 958 1076 2439 2439 960 1078 2440 2440 959 1077 2441 2441 959 1077 2442 2442 960 1078 2443 2443 961 1079 2444 2444 962 1080 2445 2445 963 1081 2446 2446 964 1082 2447 2447 965 1083 2448 2448 963 1081 2449 2449 962 1080 2450 2450 965 1083 2451 2451 962 1080 2452 2452 966 1084 2453 2453 965 1083 2454 2454 966 1084 2455 2455 967 1085 2456 2456 967 1085 2457 2457 966 1084 2458 2458 968 1086 2459 2459 967 1085 2460 2460 968 1086 2461 2461 969 1087 2462 2462 969 1087 2463 2463 968 1086 2464 2464 970 1088 2465 2465 971 1089 2466 2466 972 1090 2467 2467 973 1091 2468 2468 973 1091 2469 2469 972 1090 2470 2470 974 1092 2471 2471 975 1093 2472 2472 974 1092 2473 2473 972 1090 2474 2474 976 1094 2475 2475 974 1092 2476 2476 975 1093 2477 2477 977 1095 2478 2478 978 1096 2479 2479 979 1097 2480 2480 977 1095 2481 2481 980 1098 2482 2482 978 1096 2483 2483 981 1099 2484 2484 978 1096 2485 2485 980 1098 2486 2486 981 1099 2487 2487 980 1098 2488 2488 982 1100 2489 2489 983 1101 2490 2490 981 1099 2491 2491 982 1100 2492 2492 984 1102 2493 2493 982 1100 2494 2494 980 1098 2495 2495 983 1101 2496 2496 982 1100 2497 2497 985 1103 2498 2498 984 1102 2499 2499 986 1104 2500 2500 982 1100 2501 2501 987 1105 2502 2502 985 1103 2503 2503 982 1100 2504 2504 988 1106 2505 2505 985 1103 2506 2506 987 1105 2507 2507 989 1107 2508 2508 988 1106 2509 2509 990 1108 2510 2510 990 1108 2511 2511 988 1106 2512 2512 987 1105 2513 2513 990 1108 2514 2514 987 1105 2515 2515 991 1109 2516 2516 987 1105 2517 2517 982 1100 2518 2518 992 1110 2519 2519 991 1109 2520 2520 987 1105 2521 2521 992 1110 2522 2522 992 1110 2523 2523 982 1100 2524 2524 986 1104 2525 2525 992 1110 2526 2526 993 1111 2527 2527 991 1109 2528 2528 993 1111 2529 2529 992 1110 2530 2530 994 1112 2531 2531 992 1110 2532 2532 986 1104 2533 2533 994 1112 2534 2534 993 1111 2535 2535 994 1112 2536 2536 995 1113 2537 2537 984 1102 2538 2538 996 1114 2539 2539 986 1104 2540 2540 994 1112 2541 2541 986 1104 2542 2542 996 1114 2543 2543 997 1115 2544 2544 996 1114 2545 2545 984 1102 2546 2546 995 1113 2547 2547 994 1112 2548 2548 998 1116 2549 2549 995 1113 2550 2550 998 1116 2551 2551 999 1117 2552 2552 994 1112 2553 2553 996 1114 2554 2554 1000 1118 2555 2555 997 1115 2556 2556 1000 1118 2557 2557 996 1114 2558 2558 994 1112 2559 2559 1000 1118 2560 2560 998 1116 2561 2561 1001 1119 2562 2562 1000 1118 2563 2563 997 1115 2564 2564 1002 1120 2565 2565 1000 1118 2566 2566 1001 1119 2567 2567 999 1117 2568 2568 998 1116 2569 2569 1003 1121 2570 2570 1000 1118 2571 2571 1003 1121 2572 2572 998 1116 2573 2573 999 1117 2574 2574 1003 1121 2575 2575 1004 1122 2576 2576 1005 1123 2577 2577 1000 1118 2578 2578 1002 1120 2579 2579 1005 1123 2580 2580 1003 1121 2581 2581 1000 1118 2582 2582 1006 1124 2583 2583 1005 1123 2584 2584 1002 1120 2585 2585 1004 1122 2586 2586 1003 1121 2587 2587 1007 1125 2588 2588 1005 1123 2589 2589 1007 1125 2590 2590 1003 1121 2591 2591 1008 1126 2592 2592 1005 1123 2593 2593 1006 1124 2594 2594 1008 1126 2595 2595 1007 1125 2596 2596 1005 1123 2597 2597 1004 1122 2598 2598 1007 1125 2599 2599 1009 1127 2600 2600 1008 1126 2601 2601 1009 1127 2602 2602 1007 1125 2603 2603 1004 1122 2604 2604 1009 1127 2605 2605 1010 1128 2606 2606 1006 1124 2607 2607 1011 1129 2608 2608 1008 1126 2609 2609 1011 1129 2610 2610 1009 1127 2611 2611 1008 1126 2612 2612 1012 1130 2613 2613 1011 1129 2614 2614 1006 1124 2615 2615 1013 1131 2616 2616 1010 1128 2617 2617 1009 1127 2618 2618 1010 1128 2619 2619 1013 1131 2620 2620 1014 1132 2621 2621 1015 1133 2622 2622 1009 1127 2623 2623 1011 1129 2624 2624 1012 1130 2625 2625 1015 1133 2626 2626 1011 1129 2627 2627 1013 1131 2628 2628 1009 1127 2629 2629 1015 1133 2630 2630 1016 1134 2631 2631 1015 1133 2632 2632 1012 1130 2633 2633 1014 1132 2634 2634 1013 1131 2635 2635 1017 1135 2636 2636 1015 1133 2637 2637 1017 1135 2638 2638 1013 1131 2639 2639 1018 1136 2640 2640 1014 1132 2641 2641 1017 1135 2642 2642 1016 1134 2643 2643 1019 1137 2644 2644 1015 1133 2645 2645 1015 1133 2646 2646 1019 1137 2647 2647 1017 1135 2648 2648 1020 1138 2649 2649 1019 1137 2650 2650 1016 1134 2651 2651 1018 1136 2652 2652 1017 1135 2653 2653 1021 1139 2654 2654 1019 1137 2655 2655 1021 1139 2656 2656 1017 1135 2657 2657 1018 1136 2658 2658 1021 1139 2659 2659 1022 1140 2660 2660 1020 1138 2661 2661 1023 1141 2662 2662 1019 1137 2663 2663 1023 1141 2664 2664 1021 1139 2665 2665 1019 1137 2666 2666 1024 1142 2667 2667 1023 1141 2668 2668 1020 1138 2669 2669 1022 1140 2670 2670 1021 1139 2671 2671 1025 1143 2672 2672 1023 1141 2673 2673 1025 1143 2674 2674 1021 1139 2675 2675 1022 1140 2676 2676 1025 1143 2677 2677 1026 1144 2678 2678 1024 1142 2679 2679 1027 1145 2680 2680 1023 1141 2681 2681 1023 1141 2682 2682 1027 1145 2683 2683 1025 1143 2684 2684 1028 1146 2685 2685 1027 1145 2686 2686 1024 1142 2687 2687 1029 1147 2688 2688 1027 1145 2689 2689 1028 1146 2690 2690 1026 1144 2691 2691 1025 1143 2692 2692 1030 1148 2693 2693 1027 1145 2694 2694 1030 1148 2695 2695 1025 1143 2696 2696 1031 1149 2697 2697 1027 1145 2698 2698 1029 1147 2699 2699 1031 1149 2700 2700 1030 1148 2701 2701 1027 1145 2702 2702 1029 1147 2703 2703 1032 1150 2704 2704 1031 1149 2705 2705 1031 1149 2706 2706 1032 1150 2707 2707 1030 1148 2708 2708 1033 1151 2709 2709 1032 1150 2710 2710 1029 1147 2711 2711 1026 1144 2712 2712 1030 1148 2713 2713 1034 1152 2714 2714 1034 1152 2715 2715 1030 1148 2716 2716 1032 1150 2717 2717 1034 1152 2718 2718 1035 1153 2719 2719 1026 1144 2720 2720 1034 1152 2721 2721 1036 1154 2722 2722 1035 1153 2723 2723 1036 1154 2724 2724 1034 1152 2725 2725 1037 1155 2726 2726 1032 1150 2727 2727 1037 1155 2728 2728 1034 1152 2729 2729 1037 1155 2730 2730 1038 1156 2731 2731 1036 1154 2732 2732 1039 1157 2733 2733 1038 1156 2734 2734 1037 1155 2735 2735 1037 1155 2736 2736 1040 1158 2737 2737 1039 1157 2738 2738 1041 1159 2739 2739 1040 1158 2740 2740 1037 1155 2741 2741 1041 1159 2742 2742 1037 1155 2743 2743 1032 1150 2744 2744 1041 1159 2745 2745 1042 1160 2746 2746 1040 1158 2747 2747 1041 1159 2748 2748 1032 1150 2749 2749 1043 1161 2750 2750 1041 1159 2751 2751 1043 1161 2752 2752 1042 1160 2753 2753 1032 1150 2754 2754 1033 1151 2755 2755 1043 1161 2756 2756 1044 1162 2757 2757 1042 1160 2758 2758 1043 1161 2759 2759 1043 1161 2760 2760 1033 1151 2761 2761 1045 1163 2762 2762 1044 1162 2763 2763 1043 1161 2764 2764 1045 1163 2765 2765 1046 1164 2766 2766 1047 1165 2767 2767 1048 1166 2768 2768 1049 1167 2769 2769 1047 1165 2770 2770 1046 1164 2771 2771 1046 1164 2772 2772 1050 1168 2773 2773 1049 1167 2774 2774 1051 1169 2775 2775 1050 1168 2776 2776 1046 1164 2777 2777 1052 1170 2778 2778 1050 1168 2779 2779 1051 1169 2780 2780 1053 1171 2781 2781 1050 1168 2782 2782 1052 1170 2783 2783 1054 1172 2784 2784 1055 1173 2785 2785 1056 1174 2786 2786 1057 1175 2787 2787 1056 1174 2788 2788 1055 1173 2789 2789 1057 1175 2790 2790 1058 1176 2791 2791 1056 1174 2792 2792 1059 1177 2793 2793 1056 1174 2794 2794 1058 1176 2795 2795 1059 1177 2796 2796 1058 1176 2797 2797 1060 1178 2798 2798 1061 1179 2799 2799 1060 1178 2800 2800 1058 1176 2801 2801 1062 1180 2802 2802 1063 1181 2803 2803 1064 1182 2804 2804 1065 1183 2805 2805 1064 1182 2806 2806 1063 1181 2807 2807 1066 1184 2808 2808 1064 1182 2809 2809 1065 1183 2810 2810 1067 1185 2811 2811 1064 1182 2812 2812 1066 1184 2813 2813 1065 1183 2814 2814 1068 1186 2815 2815 1066 1184 2816 2816 1067 1185 2817 2817 1066 1184 2818 2818 1068 1186 2819 2819 1069 1187 2820 2820 1068 1186 2821 2821 1065 1183 2822 2822 1067 1188 2823 2823 1070 1189 2824 2824 1071 1190 2825 2825 1067 1188 2826 2826 1072 1191 2827 2827 1070 1189 2828 2828 1073 1192 2829 2829 1071 1190 2830 2830 1074 1193 2831 2831 1074 1193 2832 2832 1071 1190 2833 2833 1070 1189 2834 2834 1074 1193 2835 2835 1070 1189 2836 2836 1075 1194 2837 2837 1070 1189 2838 2838 1072 1191 2839 2839 1075 1194 2840 2840 1076 1195 2841 2841 1075 1194 2842 2842 1072 1191 2843 2843 1077 1196 2844 2844 1078 1197 2845 2845 1079 1198 2846 2846 1080 1199 2847 2847 1078 1197 2848 2848 1077 1196 2849 2849 1077 1196 2850 2850 1081 1200 2851 2851 1080 1199 2852 2852 1082 1201 2853 2853 1081 1200 2854 2854 1077 1196 2855 2855 1083 1202 2856 2856 1084 1203 2857 2857 1085 1204 2858 2858 1086 1205 2859 2859 1084 1203 2860 2860 1083 1202 2861 2861 1086 1205 2862 2862 1087 1206 2863 2863 1084 1203 2864 2864 1084 1203 2865 2865 1087 1206 2866 2866 1088 1207 2867 2867 1089 1208 2868 2868 1090 1209 2869 2869 1091 1210 2870 2870 1092 1211 2871 2871 1090 1209 2872 2872 1089 1208 2873 2873 1093 1212 2874 2874 1090 1209 2875 2875 1092 1211 2876 2876 1094 1213 2877 2877 1090 1209 2878 2878 1093 1212 2879 2879 1095 1214 2880 2880 1094 1213 2881 2881 1093 1212 2882 2882 1096 1215 2883 2883 1094 1213 2884 2884 1095 1214 2885 2885 1096 1215 2886 2886 1095 1214 2887 2887 1097 1216 2888 2888 1097 1216 2889 2889 1095 1214 2890 2890 1098 1217 2891 2891 1098 1217 2892 2892 1099 1218 2893 2893 1097 1216 2894 2894 1100 1219 2895 2895 1097 1216 2896 2896 1099 1218 2897 2897 1100 1219 2898 2898 1099 1218 2899 2899 1101 1220 2900 2900 1102 1221 2901 2901 1101 1220 2902 2902 1099 1218 2903 2903 1101 1220 2904 2904 1102 1221 2905 2905 1103 1222 2906 2906 1104 1223 2907 2907 1103 1222 2908 2908 1102 1221 2909 2909 1104 1223 2910 2910 1105 1224 2911 2911 1103 1222 2912 2912 1106 1225 2913 2913 1103 1222 2914 2914 1105 1224 2915 2915 1101 1226 2916 2916 1107 1227 2917 2917 1108 1228 2918 2918 1108 1228 2919 2919 1109 1229 2920 2920 1101 1226 2921 2921 1110 1230 2922 2922 1101 1226 2923 2923 1109 1229 2924 2924 1111 1231 2925 2925 1108 1228 2926 2926 1107 1227 2927 2927 1107 1227 2928 2928 1112 1232 2929 2929 1111 1231 2930 2930 1113 1233 2931 2931 1111 1231 2932 2932 1112 1232 2933 2933 1114 1234 2934 2934 1115 1235 2935 2935 1113 1233 2936 2936 1111 1231 2937 2937 1113 1233 2938 2938 1115 1235 2939 2939 1115 1235 2940 2940 1116 1236 2941 2941 1111 1231 2942 2942 1108 1228 2943 2943 1111 1231 2944 2944 1116 1236 2945 2945 1116 1236 2946 2946 1117 1237 2947 2947 1108 1228 2948 2948 1109 1229 2949 2949 1108 1228 2950 2950 1117 1237 2951 2951 1117 1237 2952 2952 1118 1238 2953 2953 1109 1229 2954 2954 1109 1229 2955 2955 1119 1239 2956 2956 1110 1230 2957 2957 1119 1239 2958 2958 1109 1229 2959 2959 1118 1238 2960 2960 1120 1240 2961 2961 1110 1230 2962 2962 1119 1239 2963 2963 1119 1239 2964 2964 1121 1241 2965 2965 1120 1240 2966 2966 1118 1238 2967 2967 1122 1242 2968 2968 1119 1239 2969 2969 1122 1242 2970 2970 1121 1241 2971 2971 1119 1239 2972 2972 1123 1243 2973 2973 1122 1242 2974 2974 1118 1238 2975 2975 1122 1242 2976 2976 1124 1244 2977 2977 1121 1241 2978 2978 1123 1243 2979 2979 1125 1245 2980 2980 1122 1242 2981 2981 1125 1245 2982 2982 1124 1244 2983 2983 1122 1242 2984 2984 1126 1246 2985 2985 1125 1245 2986 2986 1123 1243 2987 2987 1125 1245 2988 2988 1127 1247 2989 2989 1124 1244 2990 2990 1126 1246 2991 2991 1128 1248 2992 2992 1125 1245 2993 2993 1128 1248 2994 2994 1127 1247 2995 2995 1125 1245 2996 2996 1128 1248 2997 2997 1129 1249 2998 2998 1127 1247 2999 2999 1130 1250 3000 3000 1128 1248 3001 3001 1126 1246 3002 3002 1131 1251 3003 3003 1129 1249 3004 3004 1128 1248 3005 3005 1130 1250 3006 3006 1131 1251 3007 3007 1128 1248 3008 3008 1132 1252 3009 3009 1131 1251 3010 3010 1130 1250 3011 3011 1133 1253 3012 3012 1134 1254 3013 3013 1135 1255 3014 3014 1136 1256 3015 3015 1134 1254 3016 3016 1133 1253 3017 3017 1133 1253 3018 3018 1137 1257 3019 3019 1136 1256 3020 3020 1138 1258 3021 3021 1137 1257 3022 3022 1133 1253 3023 3023 1139 1259 3024 3024 1140 1260 3025 3025 1141 1261 3026 3026 1142 1262 3027 3027 1140 1260 3028 3028 1139 1259 3029 3029 1143 1263 3030 3030 1140 1260 3031 3031 1142 1262 3032 3032 1144 1264 3033 3033 1140 1260 3034 3034 1143 1263 3035 3035 1142 1262 3036 3036 1145 1265 3037 3037 1143 1263 3038 3038 1144 1264 3039 3039 1143 1263 3040 3040 1146 1266 3041 3041 1143 1263 3042 3042 1145 1265 3043 3043 1147 1267 3044 3044 1148 1268 3045 3045 1147 1267 3046 3046 1145 1265 3047 3047 1149 1269 3048 3048 1146 1266 3049 3049 1143 1263 3050 3050 1149 1269 3051 3051 1143 1263 3052 3052 1147 1267 3053 3053 1149 1269 3054 3054 1150 1270 3055 3055 1146 1266 3056 3056 1151 1271 3057 3057 1147 1267 3058 3058 1148 1268 3059 3059 1152 1272 3060 3060 1151 1271 3061 3061 1148 1268 3062 3062 1153 1273 3063 3063 1149 1269 3064 3064 1147 1267 3065 3065 1154 1274 3066 3066 1151 1271 3067 3067 1152 1275 3068 3068 1155 1276 3069 3069 1154 1277 3070 3070 1152 1277 3071 3071 1156 1278 3072 3072 1147 1267 3073 3073 1151 1271 3074 3074 1153 1273 3075 3075 1147 1267 3076 3076 1156 1278 3077 3077 1157 1279 3078 3078 1158 1280 3079 3079 1155 1281 3080 3080 1159 1282 3081 3081 1155 1281 3082 3082 1158 1280 3083 3083 1159 1282 3084 3084 1154 1274 3085 3085 1155 1281 3086 3086 1160 1283 3087 3087 1159 1282 3088 3088 1158 1280 3089 3089 1154 1274 3090 3090 1161 1284 3091 3091 1151 1271 3092 3092 1151 1271 3093 3093 1161 1284 3094 3094 1156 1278 3095 3095 1162 1285 3096 3096 1154 1274 3097 3097 1159 1282 3098 3098 1162 1285 3099 3099 1159 1282 3100 3100 1160 1283 3101 3101 1161 1284 3102 3102 1154 1274 3103 3103 1162 1285 3104 3104 1160 1283 3105 3105 1163 1286 3106 3106 1162 1285 3107 3107 1156 1278 3108 3108 1161 1284 3109 3109 1164 1287 3110 3110 1156 1278 3111 3111 1164 1287 3112 3112 1153 1273 3113 3113 1161 1284 3114 3114 1162 1285 3115 3115 1165 1288 3116 3116 1165 1288 3117 3117 1164 1287 3118 3118 1161 1284 3119 3119 1166 1289 3120 3120 1162 1285 3121 3121 1163 1286 3122 3122 1166 1289 3123 3123 1165 1288 3124 3124 1162 1285 3125 3125 1153 1273 3126 3126 1164 1287 3127 3127 1167 1290 3128 3128 1153 1273 3129 3129 1167 1290 3130 3130 1149 1269 3131 3131 1164 1287 3132 3132 1165 1288 3133 3133 1168 1291 3134 3134 1168 1291 3135 3135 1167 1290 3136 3136 1164 1287 3137 3137 1165 1288 3138 3138 1166 1289 3139 3139 1169 1292 3140 3140 1169 1292 3141 3141 1168 1291 3142 3142 1165 1288 3143 3143 1166 1289 3144 3144 1163 1286 3145 3145 1170 1293 3146 3146 1170 1293 3147 3147 1169 1292 3148 3148 1166 1289 3149 3149 1171 1294 3150 3150 1170 1293 3151 3151 1163 1286 3152 3152 1171 1294 3153 3153 1172 1295 3154 3154 1170 1293 3155 3155 1170 1293 3156 3156 1172 1295 3157 3157 1173 1296 3158 3158 1174 1297 3159 3159 1170 1293 3160 3160 1173 1296 3161 3161 1170 1293 3162 3162 1174 1297 3163 3163 1169 1292 3164 3164 1175 1298 3165 3165 1169 1292 3166 3166 1174 1297 3167 3167 1168 1291 3168 3168 1169 1292 3169 3169 1175 1298 3170 3170 1175 1298 3171 3171 1176 1299 3172 3172 1168 1291 3173 3173 1176 1299 3174 3174 1167 1290 3175 3175 1168 1291 3176 3176 1177 1300 3177 3177 1176 1299 3178 3178 1175 1298 3179 3179 1176 1299 3180 3180 1178 1301 3181 3181 1167 1290 3182 3182 1149 1269 3183 3183 1167 1290 3184 3184 1178 1301 3185 3185 1178 1301 3186 3186 1150 1270 3187 3187 1149 1269 3188 3188 1176 1299 3189 3189 1177 1300 3190 3190 1179 1302 3191 3191 1179 1302 3192 3192 1178 1301 3193 3193 1176 1299 3194 3194 1179 1302 3195 3195 1150 1270 3196 3196 1178 1301 3197 3197 1180 1303 3198 3198 1179 1302 3199 3199 1177 1300 3200 3200 1181 1304 3201 3201 1150 1270 3202 3202 1179 1302 3203 3203 1180 1303 3204 3204 1181 1304 3205 3205 1179 1302 3206 3206 1182 1305 3207 3207 1181 1304 3208 3208 1180 1303 3209 3209 1183 1306 3210 3210 1184 1307 3211 3211 1185 1308 3212 3212 1186 1309 3213 3213 1185 1308 3214 3214 1184 1307 3215 3215 1186 1309 3216 3216 1187 1310 3217 3217 1185 1308 3218 3218 1188 1311 3219 3219 1185 1308 3220 3220 1187 1310 3221 3221 1189 1312 3222 3222 1190 1313 3223 3223 1191 1314 3224 3224 1192 1315 3225 3225 1190 1313 3226 3226 1189 1312 3227 3227 1192 1315 3228 3228 1193 1316 3229 3229 1190 1313 3230 3230 1194 1317 3231 3231 1192 1315 3232 3232 1189 1312 3233 3233 1195 1318 3234 3234 1193 1316 3235 3235 1192 1315 3236 3236 1193 1316 3237 3237 1195 1318 3238 3238 1196 1319 3239 3239 1197 1320 3240 3240 1192 1315 3241 3241 1194 1317 3242 3242 1197 1320 3243 3243 1195 1318 3244 3244 1192 1315 3245 3245 1196 1319 3246 3246 1195 1318 3247 3247 1198 1321 3248 3248 1196 1319 3249 3249 1198 1321 3250 3250 1199 1322 3251 3251 1200 1323 3252 3252 1199 1322 3253 3253 1198 1321 3254 3254 1195 1318 3255 3255 1201 1324 3256 3256 1198 1321 3257 3257 1201 1324 3258 3258 1195 1318 3259 3259 1197 1320 3260 3260 1198 1321 3261 3261 1202 1325 3262 3262 1200 1323 3263 3263 1198 1321 3264 3264 1201 1324 3265 3265 1202 1325 3266 3266 1200 1323 3267 3267 1202 1325 3268 3268 1203 1326 3269 3269 1203 1326 3270 3270 1202 1325 3271 3271 1204 1327 3272 3272 1205 1328 3273 3273 1204 1327 3274 3274 1202 1325 3275 3275 1202 1325 3276 3276 1201 1324 3277 3277 1205 1328 3278 3278 1204 1327 3279 3279 1205 1328 3280 3280 1206 1329 3281 3281 1207 1330 3282 3282 1205 1328 3283 3283 1201 1324 3284 3284 1201 1324 3285 3285 1197 1320 3286 3286 1207 1330 3287 3287 1208 1331 3288 3288 1206 1329 3289 3289 1205 1328 3290 3290 1205 1328 3291 3291 1207 1330 3292 3292 1208 1331 3293 3293 1206 1329 3294 3294 1208 1331 3295 3295 1209 1332 3296 3296 1210 1333 3297 3297 1207 1330 3298 3298 1197 1320 3299 3299 1197 1320 3300 3300 1194 1317 3301 3301 1210 1333 3302 3302 1211 1334 3303 3303 1210 1333 3304 3304 1194 1317 3305 3305 1212 1335 3306 3306 1208 1331 3307 3307 1207 1330 3308 3308 1207 1330 3309 3309 1210 1333 3310 3310 1212 1335 3311 3311 1213 1336 3312 3312 1209 1332 3313 3313 1208 1331 3314 3314 1208 1331 3315 3315 1212 1335 3316 3316 1213 1336 3317 3317 1209 1332 3318 3318 1213 1336 3319 3319 1214 1337 3320 3320 1215 1338 3321 3321 1214 1337 3322 3322 1213 1336 3323 3323 1210 1333 3324 3324 1211 1334 3325 3325 1216 1339 3326 3326 1216 1339 3327 3327 1212 1335 3328 3328 1210 1333 3329 3329 1217 1340 3330 3330 1216 1339 3331 3331 1211 1334 3332 3332 1218 1341 3333 3333 1213 1336 3334 3334 1212 1335 3335 3335 1213 1336 3336 3336 1218 1341 3337 3337 1215 1338 3338 3338 1212 1335 3339 3339 1216 1339 3340 3340 1218 1341 3341 3341 1219 1342 3342 3342 1215 1338 3343 3343 1218 1341 3344 3344 1216 1339 3345 3345 1217 1340 3346 3346 1220 1343 3347 3347 1220 1343 3348 3348 1218 1341 3349 3349 1216 1339 3350 3350 1218 1341 3351 3351 1220 1343 3352 3352 1219 1342 3353 3353 1221 1344 3354 3354 1220 1343 3355 3355 1217 1340 3356 3356 1222 1345 3357 3357 1219 1342 3358 3358 1220 1343 3359 3359 1220 1343 3360 3360 1221 1344 3361 3361 1222 1345 3362 3362 1223 1346 3363 3363 1222 1345 3364 3364 1221 1344 3365 3365 1224 1347 3366 3366 1225 1348 3367 3367 1226 1349 3368 3368 1226 1349 3369 3369 1225 1348 3370 3370 1227 1350 3371 3371 1225 1348 3372 3372 1228 1351 3373 3373 1227 1350 3374 3374 1226 1349 3375 3375 1227 1350 3376 3376 1229 1352 3377 3377 1227 1350 3378 3378 1228 1351 3379 3379 1230 1353 3380 3380 1231 1354 3381 3381 1230 1353 3382 3382 1228 1351 3383 3383 1229 1352 3384 3384 1227 1350 3385 3385 1232 1355 3386 3386 1227 1350 3387 3387 1230 1353 3388 3388 1232 1355 3389 3389 1233 1356 3390 3390 1230 1353 3391 3391 1231 1354 3392 3392 1234 1357 3393 3393 1233 1356 3394 3394 1231 1354 3395 3395 1233 1356 3396 3396 1234 1357 3397 3397 1235 1358 3398 3398 1233 1356 3399 3399 1236 1359 3400 3400 1230 1353 3401 3401 1232 1355 3402 3402 1230 1353 3403 3403 1236 1359 3404 3404 1235 1358 3405 3405 1237 1360 3406 3406 1233 1356 3407 3407 1237 1360 3408 3408 1236 1359 3409 3409 1233 1356 3410 3410 1238 1361 3411 3411 1237 1360 3412 3412 1235 1358 3413 3413 1238 1361 3414 3414 1239 1362 3415 3415 1237 1360 3416 3416 1237 1360 3417 3417 1239 1362 3418 3418 1240 1363 3419 3419 1240 1363 3420 3420 1236 1359 3421 3421 1237 1360 3422 3422 1239 1362 3423 3423 1241 1364 3424 3424 1240 1363 3425 3425 1242 1365 3426 3426 1232 1355 3427 3427 1236 1359 3428 3428 1242 1365 3429 3429 1236 1359 3430 3430 1240 1363 3431 3431 1240 1363 3432 3432 1241 1364 3433 3433 1243 1366 3434 3434 1240 1363 3435 3435 1243 1366 3436 3436 1242 1365 3437 3437 1241 1364 3438 3438 1244 1367 3439 3439 1243 1366 3440 3440 1245 1368 3441 3441 1232 1355 3442 3442 1242 1365 3443 3443 1245 1368 3444 3444 1229 1352 3445 3445 1232 1355 3446 3446 1246 1369 3447 3447 1229 1352 3448 3448 1245 1368 3449 3449 1242 1365 3450 3450 1243 1366 3451 3451 1247 1370 3452 3452 1242 1365 3453 3453 1247 1370 3454 3454 1245 1368 3455 3455 1243 1366 3456 3456 1244 1367 3457 3457 1248 1371 3458 3458 1243 1366 3459 3459 1248 1371 3460 3460 1247 1370 3461 3461 1249 1372 3462 3462 1248 1371 3463 3463 1244 1367 3464 3464 1250 1373 3465 3465 1248 1371 3466 3466 1249 1372 3467 3467 1245 1368 3468 3468 1251 1374 3469 3469 1246 1369 3470 3470 1245 1368 3471 3471 1247 1370 3472 3472 1251 1374 3473 3473 1246 1369 3474 3474 1251 1374 3475 3475 1252 1375 3476 3476 1247 1370 3477 3477 1248 1371 3478 3478 1253 1376 3479 3479 1250 1373 3480 3480 1253 1376 3481 3481 1248 1371 3482 3482 1247 1370 3483 3483 1253 1376 3484 3484 1251 1374 3485 3485 1254 1377 3486 3486 1253 1376 3487 3487 1250 1373 3488 3488 1251 1374 3489 3489 1255 1378 3490 3490 1252 1375 3491 3491 1251 1374 3492 3492 1253 1376 3493 3493 1255 1378 3494 3494 1254 1377 3495 3495 1255 1378 3496 3496 1253 1376 3497 3497 1252 1375 3498 3498 1255 1378 3499 3499 1256 1379 3500 3500 1257 1380 3501 3501 1255 1378 3502 3502 1254 1377 3503 3503 1257 1380 3504 3504 1256 1379 3505 3505 1255 1378 3506 3506 1258 1381 3507 3507 1256 1379 3508 3508 1257 1380 3509 3509 1259 1382 3510 3510 1260 1383 3511 3511 1261 1384 3512 3512 1261 1384 3513 3513 1260 1383 3514 3514 1262 1385 3515 3515 1260 1383 3516 3516 1263 1386 3517 3517 1262 1385 3518 3518 1262 1385 3519 3519 1264 1387 3520 3520 1261 1384 3521 3521 1262 1385 3522 3522 1263 1386 3523 3523 1265 1388 3524 3524 1266 1389 3525 3525 1265 1388 3526 3526 1263 1386 3527 3527 1267 1390 3528 3528 1264 1387 3529 3529 1262 1385 3530 3530 1265 1388 3531 3531 1267 1390 3532 3532 1262 1385 3533 3533 1265 1388 3534 3534 1266 1389 3535 3535 1268 1391 3536 3536 1266 1389 3537 3537 1269 1392 3538 3538 1268 1391 3539 3539 1268 1391 3540 3540 1269 1392 3541 3541 1270 1393 3542 3542 1265 1388 3543 3543 1268 1391 3544 3544 1271 1394 3545 3545 1267 1390 3546 3546 1265 1388 3547 3547 1271 1394 3548 3548 1268 1391 3549 3549 1270 1393 3550 3550 1272 1395 3551 3551 1271 1394 3552 3552 1268 1391 3553 3553 1272 1395 3554 3554 1272 1395 3555 3555 1270 1393 3556 3556 1273 1396 3557 3557 1274 1397 3558 3558 1272 1395 3559 3559 1273 1396 3560 3560 1275 1398 3561 3561 1272 1395 3562 3562 1274 1397 3563 3563 1275 1398 3564 3564 1271 1394 3565 3565 1272 1395 3566 3566 1274 1397 3567 3567 1276 1399 3568 3568 1275 1398 3569 3569 1271 1394 3570 3570 1277 1400 3571 3571 1267 1390 3572 3572 1277 1400 3573 3573 1271 1394 3574 3574 1275 1398 3575 3575 1275 1398 3576 3576 1276 1399 3577 3577 1278 1401 3578 3578 1275 1398 3579 3579 1278 1401 3580 3580 1277 1400 3581 3581 1276 1399 3582 3582 1279 1402 3583 3583 1278 1401 3584 3584 1267 1390 3585 3585 1277 1400 3586 3586 1280 1403 3587 3587 1267 1390 3588 3588 1280 1403 3589 3589 1264 1387 3590 3590 1264 1387 3591 3591 1280 1403 3592 3592 1281 1404 3593 3593 1277 1400 3594 3594 1278 1401 3595 3595 1282 1405 3596 3596 1277 1400 3597 3597 1282 1405 3598 3598 1280 1403 3599 3599 1278 1401 3600 3600 1279 1402 3601 3601 1283 1406 3602 3602 1278 1401 3603 3603 1283 1406 3604 3604 1282 1405 3605 3605 1284 1407 3606 3606 1283 1406 3607 3607 1279 1402 3608 3608 1285 1408 3609 3609 1283 1406 3610 3610 1284 1407 3611 3611 1280 1403 3612 3612 1286 1409 3613 3613 1281 1404 3614 3614 1280 1403 3615 3615 1282 1405 3616 3616 1286 1409 3617 3617 1281 1404 3618 3618 1286 1409 3619 3619 1287 1410 3620 3620 1282 1405 3621 3621 1283 1406 3622 3622 1288 1411 3623 3623 1285 1408 3624 3624 1288 1411 3625 3625 1283 1406 3626 3626 1282 1405 3627 3627 1288 1411 3628 3628 1286 1409 3629 3629 1289 1412 3630 3630 1288 1411 3631 3631 1285 1408 3632 3632 1286 1409 3633 3633 1290 1413 3634 3634 1287 1410 3635 3635 1286 1409 3636 3636 1288 1411 3637 3637 1290 1413 3638 3638 1289 1412 3639 3639 1290 1413 3640 3640 1288 1411 3641 3641 1287 1410 3642 3642 1290 1413 3643 3643 1291 1414 3644 3644 1292 1415 3645 3645 1290 1413 3646 3646 1289 1412 3647 3647 1292 1415 3648 3648 1291 1414 3649 3649 1290 1413 3650 3650 1293 1416 3651 3651 1291 1414 3652 3652 1292 1415 3653 3653 1294 1417 3654 3654 1295 1418 3655 3655 1296 1419 3656 3656 1297 1420 3657 3657 1295 1418 3658 3658 1294 1417 3659 3659 1297 1420 3660 3660 1298 1421 3661 3661 1295 1418 3662 3662 1294 1417 3663 3663 1299 1422 3664 3664 1297 1420 3665 3665 1300 1423 3666 3666 1298 1421 3667 3667 1297 1420 3668 3668 1298 1421 3669 3669 1300 1423 3670 3670 1301 1424 3671 3671 1297 1420 3672 3672 1299 1422 3673 3673 1302 1425 3674 3674 1297 1420 3675 3675 1302 1425 3676 3676 1300 1423 3677 3677 1303 1426 3678 3678 1301 1424 3679 3679 1300 1423 3680 3680 1303 1426 3681 3681 1304 1427 3682 3682 1301 1424 3683 3683 1305 1428 3684 3684 1304 1427 3685 3685 1303 1426 3686 3686 1306 1429 3687 3687 1303 1426 3688 3688 1300 1423 3689 3689 1306 1429 3690 3690 1300 1423 3691 3691 1302 1425 3692 3692 1307 1430 3693 3693 1305 1428 3694 3694 1303 1426 3695 3695 1307 1430 3696 3696 1303 1426 3697 3697 1306 1429 3698 3698 1308 1431 3699 3699 1305 1428 3700 3700 1307 1430 3701 3701 1308 1431 3702 3702 1307 1430 3703 3703 1309 1432 3704 3704 1310 1433 3705 3705 1309 1432 3706 3706 1307 1430 3707 3707 1307 1430 3708 3708 1306 1429 3709 3709 1310 1433 3710 3710 1309 1432 3711 3711 1310 1433 3712 3712 1311 1434 3713 3713 1312 1435 3714 3714 1310 1433 3715 3715 1306 1429 3716 3716 1306 1429 3717 3717 1302 1425 3718 3718 1312 1435 3719 3719 1313 1436 3720 3720 1311 1434 3721 3721 1310 1433 3722 3722 1310 1433 3723 3723 1312 1435 3724 3724 1313 1436 3725 3725 1311 1434 3726 3726 1313 1436 3727 3727 1314 1437 3728 3728 1315 1438 3729 3729 1312 1435 3730 3730 1302 1425 3731 3731 1302 1425 3732 3732 1299 1422 3733 3733 1315 1438 3734 3734 1316 1439 3735 3735 1315 1438 3736 3736 1299 1422 3737 3737 1317 1440 3738 3738 1313 1436 3739 3739 1312 1435 3740 3740 1312 1435 3741 3741 1315 1438 3742 3742 1317 1440 3743 3743 1318 1441 3744 3744 1314 1437 3745 3745 1313 1436 3746 3746 1313 1436 3747 3747 1317 1440 3748 3748 1318 1441 3749 3749 1314 1437 3750 3750 1318 1441 3751 3751 1319 1442 3752 3752 1320 1443 3753 3753 1319 1442 3754 3754 1318 1441 3755 3755 1315 1438 3756 3756 1316 1439 3757 3757 1321 1444 3758 3758 1321 1444 3759 3759 1317 1440 3760 3760 1315 1438 3761 3761 1322 1445 3762 3762 1321 1444 3763 3763 1316 1439 3764 3764 1323 1446 3765 3765 1318 1441 3766 3766 1317 1440 3767 3767 1318 1441 3768 3768 1323 1446 3769 3769 1320 1443 3770 3770 1317 1440 3771 3771 1321 1444 3772 3772 1323 1446 3773 3773 1324 1447 3774 3774 1320 1443 3775 3775 1323 1446 3776 3776 1321 1444 3777 3777 1322 1445 3778 3778 1325 1448 3779 3779 1325 1448 3780 3780 1323 1446 3781 3781 1321 1444 3782 3782 1323 1446 3783 3783 1325 1448 3784 3784 1324 1447 3785 3785 1326 1449 3786 3786 1325 1448 3787 3787 1322 1445 3788 3788 1327 1450 3789 3789 1324 1447 3790 3790 1325 1448 3791 3791 1325 1448 3792 3792 1326 1449 3793 3793 1327 1450 3794 3794 1328 1451 3795 3795 1327 1450 3796 3796 1326 1449 3797 3797 1329 1452 3798 3798 1330 1453 3799 3799 1331 1454 3800 3800 1331 1454 3801 3801 1330 1453 3802 3802 1332 1455 3803 3803 1331 1454 3804 3804 1332 1455 3805 3805 1333 1456 3806 3806 1334 1457 3807 3807 1332 1455 3808 3808 1330 1453 3809 3809 1333 1456 3810 3810 1332 1455 3811 3811 1335 1458 3812 3812 1333 1456 3813 3813 1335 1458 3814 3814 1336 1459 3815 3815 1337 1460 3816 3816 1332 1455 3817 3817 1334 1457 3818 3818 1336 1459 3819 3819 1335 1458 3820 3820 1338 1461 3821 3821 1338 1461 3822 3822 1339 1462 3823 3823 1336 1459 3824 3824 1339 1462 3825 3825 1338 1461 3826 3826 1340 1463 3827 3827 1335 1458 3828 3828 1332 1455 3829 3829 1341 1464 3830 3830 1337 1460 3831 3831 1341 1464 3832 3832 1332 1455 3833 3833 1338 1461 3834 3834 1335 1458 3835 3835 1342 1465 3836 3836 1342 1465 3837 3837 1340 1463 3838 3838 1338 1461 3839 3839 1341 1464 3840 3840 1342 1465 3841 3841 1335 1458 3842 3842 1343 1466 3843 3843 1340 1463 3844 3844 1342 1465 3845 3845 1344 1467 3846 3846 1341 1464 3847 3847 1337 1460 3848 3848 1337 1460 3849 3849 1334 1457 3850 3850 1344 1467 3851 3851 1345 1468 3852 3852 1344 1467 3853 3853 1334 1457 3854 3854 1342 1465 3855 3855 1341 1464 3856 3856 1346 1469 3857 3857 1341 1464 3858 3858 1344 1467 3859 3859 1346 1469 3860 3860 1346 1469 3861 3861 1343 1466 3862 3862 1342 1465 3863 3863 1344 1467 3864 3864 1345 1468 3865 3865 1346 1469 3866 3866 1347 1470 3867 3867 1343 1466 3868 3868 1346 1469 3869 3869 1347 1470 3870 3870 1346 1469 3871 3871 1345 1468 3872 3872 1348 1471 3873 3873 1349 1472 3874 3874 1350 1473 3875 3875 1351 1474 3876 3876 1350 1473 3877 3877 1349 1472 3878 3878 1349 1472 3879 3879 1352 1475 3880 3880 1351 1474 3881 3881 1350 1473 3882 3882 1351 1474 3883 3883 1353 1476 3884 3884 1354 1477 3885 3885 1351 1474 3886 3886 1352 1475 3887 3887 1352 1475 3888 3888 1355 1478 3889 3889 1354 1477 3890 3890 1356 1479 3891 3891 1353 1476 3892 3892 1351 1474 3893 3893 1357 1480 3894 3894 1354 1477 3895 3895 1355 1478 3896 3896 1355 1478 3897 3897 1358 1481 3898 3898 1357 1480 3899 3899 1359 1482 3900 3900 1357 1480 3901 3901 1358 1481 3902 3902 1356 1479 3903 3903 1360 1483 3904 3904 1353 1476 3905 3905 1353 1476 3906 3906 1360 1483 3907 3907 1361 1484 3908 3908 1357 1480 3909 3909 1359 1482 3910 3910 1362 1485 3911 3911 1357 1480 3912 3912 1362 1485 3913 3913 1354 1477 3914 3914 1363 1486 3915 3915 1362 1485 3916 3916 1359 1482 3917 3917 1354 1477 3918 3918 1364 1487 3919 3919 1351 1474 3920 3920 1354 1477 3921 3921 1362 1485 3922 3922 1364 1487 3923 3923 1351 1474 3924 3924 1364 1487 3925 3925 1356 1479 3926 3926 1356 1479 3927 3927 1364 1487 3928 3928 1360 1483 3929 3929 1362 1485 3930 3930 1363 1486 3931 3931 1365 1488 3932 3932 1365 1488 3933 3933 1364 1487 3934 3934 1362 1485 3935 3935 1365 1488 3936 3936 1360 1483 3937 3937 1364 1487 3938 3938 1365 1488 3939 3939 1361 1484 3940 3940 1360 1483 3941 3941 1366 1489 3942 3942 1365 1488 3943 3943 1363 1486 3944 3944 1366 1489 3945 3945 1361 1484 3946 3946 1365 1488 3947 3947 1367 1490 3948 3948 1368 1491 3949 3949 1369 1492 3950 3950 1367 1490 3951 3951 1369 1492 3952 3952 1370 1493 3953 3953 1367 1490 3954 3954 1370 1493 3955 3955 1371 1494 3956 3956 1369 1492 3957 3957 1372 1495 3958 3958 1370 1493 3959 3959 1370 1493 3960 3960 1373 1496 3961 3961 1371 1494 3962 3962 1370 1493 3963 3963 1372 1495 3964 3964 1373 1496 3965 3965 1374 1497 3966 3966 1371 1494 3967 3967 1373 1496 3968 3968 1374 1497 3969 3969 1373 1496 3970 3970 1375 1498 3971 3971 1375 1498 3972 3972 1373 1496 3973 3973 1376 1499 3974 3974 1377 1500 3975 3975 1373 1496 3976 3976 1372 1495 3977 3977 1377 1500 3978 3978 1376 1499 3979 3979 1373 1496 3980 3980 1378 1501 3981 3981 1377 1500 3982 3982 1372 1495 3983 3983 1376 1502 3984 3984 1379 1503 3985 3985 1380 1504 3986 3986 1380 1504 3987 3987 1379 1503 3988 3988 1381 1505 3989 3989 1380 1504 3990 3990 1381 1505 3991 3991 1382 1506 3992 3992 1379 1503 3993 3993 1383 1507 3994 3994 1381 1505 3995 3995 1382 1506 3996 3996 1381 1505 3997 3997 1384 1508 3998 3998 1381 1505 3999 3999 1383 1507 4000 4000 1385 1509 4001 4001 1381 1505 4002 4002 1385 1509 4003 4003 1384 1508 4004 4004 50 1510 4005 4005 1385 1509 4006 4006 1383 1507 4007 4007 1384 1508 4008 4008 1385 1509 4009 4009 1386 1511 4010 4010 50 1510 4011 4011 1386 1511 4012 4012 1385 1509 4013 4013 1387 1512 4014 4014 1388 1513 4015 4015 1389 1514 4016 4016 1389 1514 4017 4017 1390 1515 4018 4018 1387 1512 4019 4019 1387 1512 4020 4020 1390 1515 4021 4021 1391 1516 4022 4022 1389 1514 4023 4023 1392 1517 4024 4024 1390 1515 4025 4025 1393 1518 4026 4026 1391 1516 4027 4027 1390 1515 4028 4028 1390 1515 4029 4029 1392 1517 4030 4030 1394 1519 4031 4031 1390 1515 4032 4032 1394 1519 4033 4033 1393 1518 4034 4034 1393 1518 4035 4035 1394 1519 4036 4036 1395 1520 4037 4037 1392 1517 4038 4038 1396 1521 4039 4039 1394 1519 4040 4040 1397 1522 4041 4041 1395 1520 4042 4042 1394 1519 4043 4043 1394 1519 4044 4044 1396 1521 4045 4045 1398 1523 4046 4046 1394 1519 4047 4047 1398 1523 4048 4048 1397 1522 4049 4049 1399 1524 4050 4050 1398 1523 4051 4051 1396 1521 4052 4052 1399 1524 4053 4053 1397 1522 4054 4054 1398 1523 4055 4055 1400 1525 4056 4056 1401 1526 4057 4057 1402 1527 4058 4058 1403 1528 4059 4059 1402 1527 4060 4060 1401 1526 4061 4061 1404 1529 4062 4062 1402 1527 4063 4063 1403 1528 4064 4064 1405 1530 4065 4065 1404 1529 4066 4066 1403 1528 4067 4067 1401 1526 4068 4068 1406 1531 4069 4069 1403 1528 4070 4070 1405 1530 4071 4071 1403 1528 4072 4072 1407 1532 4073 4073 1403 1528 4074 4074 1406 1531 4075 4075 1408 1533 4076 4076 1403 1528 4077 4077 1408 1533 4078 4078 1407 1532 4079 4079 1409 1534 4080 4080 1408 1533 4081 4081 1406 1531 4082 4082 1407 1532 4083 4083 1408 1533 4084 4084 1410 1535 4085 4085 1409 1534 4086 4086 1410 1535 4087 4087 1408 1533 4088 4088 1411 1536 4089 4089 1412 1537 4090 4090 1413 1538 4091 4091 1414 1539 4092 4092 1413 1538 4093 4093 1412 1537 4094 4094 1415 1540 4095 4095 1413 1538 4096 4096 1414 1539 4097 4097 1416 1541 4098 4098 1414 1539 4099 4099 1412 1537 4100 4100 1417 1542 4101 4101 1418 1543 4102 4102 1419 1544 4103 4103 1419 1544 4104 4104 1418 1543 4105 4105 1420 1545 4106 4106 1419 1544 4107 4107 1420 1545 4108 4108 1421 1546 4109 4109 1418 1543 4110 4110 1422 1547 4111 4111 1420 1545 4112 4112 1421 1546 4113 4113 1420 1545 4114 4114 1423 1548 4115 4115 1420 1545 4116 4116 1422 1547 4117 4117 1424 1549 4118 4118 1420 1545 4119 4119 1424 1549 4120 4120 1423 1548 4121 4121 1424 1549 4122 4122 1422 1547 4123 4123 1425 1550 4124 4124 1423 1548 4125 4125 1424 1549 4126 4126 1426 1551 4127 4127 1425 1550 4128 4128 1426 1551 4129 4129 1424 1549 4130 4130 1427 1552 4131 4131 1428 1553 4132 4132 1429 1554 4133 4133 1429 1554 4134 4134 1428 1553 4135 4135 1430 1555 4136 4136 1429 1554 4137 4137 1430 1555 4138 4138 1431 1556 4139 4139 1432 1557 4140 4140 1430 1555 4141 4141 1428 1553 4142 4142 1431 1556 4143 4143 1430 1555 4144 4144 1433 1558 4145 4145 1434 1559 4146 4146 1430 1555 4147 4147 1432 1557 4148 4148 1434 1559 4149 4149 1433 1558 4150 4150 1430 1555 4151 4151 1435 1560 4152 4152 1434 1559 4153 4153 1432 1557 4154 4154 1436 1561 4155 4155 1433 1558 4156 4156 1434 1559 4157 4157 1435 1560 4158 4158 1436 1561 4159 4159 1434 1559 4160 4160 1437 1562 4161 4161 1438 1563 4162 4162 1439 1564 4163 4163 1439 1564 4164 4164 1438 1563 4165 4165 1440 1565 4166 4166 1439 1564 4167 4167 1440 1565 4168 4168 1441 1566 4169 4169 1438 1563 4170 4170 1442 1567 4171 4171 1440 1565 4172 4172 1441 1566 4173 4173 1440 1565 4174 4174 1443 1568 4175 4175 1440 1565 4176 4176 1442 1567 4177 4177 1444 1569 4178 4178 1440 1565 4179 4179 1444 1569 4180 4180 1443 1568 4181 4181 1444 1569 4182 4182 1442 1567 4183 4183 1445 1570 4184 4184 1443 1568 4185 4185 1444 1569 4186 4186 1446 1571 4187 4187 1445 1570 4188 4188 1446 1571 4189 4189 1444 1569 4190 4190 1447 1572 4191 4191 1448 1573 4192 4192 1449 1574 4193 4193 1449 1574 4194 4194 1448 1573 4195 4195 1450 1575 4196 4196 1449 1574 4197 4197 1450 1575 4198 4198 1451 1576 4199 4199 1451 1576 4200 4200 1450 1575 4201 4201 1452 1577 4202 4202 1453 1578 4203 4203 1450 1575 4204 4204 1448 1573 4205 4205 1453 1578 4206 4206 1452 1577 4207 4207 1450 1575 4208 4208 1453 1579 4209 4209 1454 1580 4210 4210 1455 1581 4211 4211 1456 1582 4212 4212 1455 1581 4213 4213 1454 1580 4214 4214 1453 1579 4215 4215 1455 1581 4216 4216 1457 1583 4217 4217 1458 1584 4218 4218 1455 1581 4219 4219 1456 1582 4220 4220 1458 1584 4221 4221 1457 1583 4222 4222 1455 1581 4223 4223 1459 1585 4224 4224 1457 1583 4225 4225 1458 1584 4226 4226 1460 1586 4227 4227 1461 1587 4228 4228 1462 1588 4229 4229 1462 1588 4230 4230 1461 1587 4231 4231 1463 1589 4232 4232 1462 1588 4233 4233 1463 1589 4234 4234 1464 1590 4235 4235 1465 1591 4236 4236 1463 1589 4237 4237 1461 1587 4238 4238 1464 1590 4239 4239 1463 1589 4240 4240 1466 1592 4241 4241 1465 1591 4242 4242 1466 1592 4243 4243 1463 1589 4244 4244 1467 1593 4245 4245 1468 1594 4246 4246 1469 1595 4247 4247 1469 1595 4248 4248 1468 1594 4249 4249 1470 1596 4250 4250 1469 1595 4251 4251 1470 1596 4252 4252 1471 1597 4253 4253 1472 1598 4254 4254 1470 1596 4255 4255 1468 1594 4256 4256 1471 1597 4257 4257 1470 1596 4258 4258 1473 1599 4259 4259 1472 1598 4260 4260 1473 1599 4261 4261 1470 1596 4262 4262 1474 1600 4263 4263 1475 1601 4264 4264 1476 1602 4265 4265 1477 1603 4266 4266 1476 1602 4267 4267 1475 1601 4268 4268 1475 1601 4269 4269 1478 1604 4270 4270 1477 1603 4271 4271 1479 1605 4272 4272 1476 1602 4273 4273 1477 1603 4274 4274 1480 1606 4275 4275 1477 1603 4276 4276 1478 1604 4277 4277 1480 1606 4278 4278 1479 1605 4279 4279 1477 1603 4280 4280 1480 1606 4281 4281 1478 1604 4282 4282 1481 1607 4283 4283 1480 1606 4284 4284 1482 1608 4285 4285 1479 1605 4286 4286 1483 1609 4287 4287 1480 1606 4288 4288 1481 1607 4289 4289 1484 1610 4290 4290 1482 1608 4291 4291 1480 1606 4292 4292 1484 1610 4293 4293 1480 1606 4294 4294 1483 1609 4295 4295 1484 1610 4296 4296 1485 1611 4297 4297 1482 1608 4298 4298 1486 1612 4299 4299 1484 1610 4300 4300 1483 1609 4301 4301 1487 1613 4302 4302 1485 1611 4303 4303 1484 1610 4304 4304 1487 1613 4305 4305 1484 1610 4306 4306 1486 1612 4307 4307 1487 1613 4308 4308 1488 1614 4309 4309 1485 1611 4310 4310 1489 1615 4311 4311 1488 1614 4312 4312 1487 1613 4313 4313 1486 1612 4314 4314 1489 1615 4315 4315 1487 1613 4316 4316 1490 1616 4317 4317 1489 1615 4318 4318 1486 1612 4319 4319 1491 1617 4320 4320 1492 1618 4321 4321 1493 1619 4322 4322 1493 1619 4323 4323 1492 1618 4324 4324 1494 1620 4325 4325 1495 1621 4326 4326 1494 1620 4327 4327 1492 1618 4328 4328 1493 1619 4329 4329 1494 1620 4330 4330 1496 1622 4331 4331 1497 1623 4332 4332 1494 1620 4333 4333 1495 1621 4334 4334 1496 1622 4335 4335 1494 1620 4336 4336 1498 1624 4337 4337 1497 1623 4338 4338 1498 1624 4339 4339 1494 1620 4340 4340 1498 1624 4341 4341 1499 1625 4342 4342 1496 1622 4343 4343 1500 1626 4344 4344 1498 1624 4345 4345 1497 1623 4346 4346 1501 1627 4347 4347 1499 1625 4348 4348 1498 1624 4349 4349 1500 1626 4350 4350 1501 1627 4351 4351 1498 1624 4352 4352 1501 1627 4353 4353 1502 1628 4354 4354 1499 1625 4355 4355 1503 1629 4356 4356 1501 1627 4357 4357 1500 1626 4358 4358 1504 1630 4359 4359 1502 1628 4360 4360 1505 1631 4361 4361 1503 1629 4362 4362 1506 1632 4363 4363 1501 1627 4364 4364 1506 1632 4365 4365 1502 1628 4366 4366 1501 1627 4367 4367 1505 1631 4368 4368 1502 1628 4369 4369 1506 1632 4370 4370 1507 1633 4371 4371 1506 1632 4372 4372 1503 1629 4373 4373 1506 1632 4374 4374 1507 1633 4375 4375 1505 1631 4376 4376 1508 1634 4377 4377 1509 1635 4378 4378 1510 1636 4379 4379 1508 1634 4380 4380 1510 1636 4381 4381 1511 1637 4382 4382 1511 1637 4383 4383 1512 1638 4384 4384 1508 1634 4385 4385 1511 1637 4386 4386 1510 1636 4387 4387 1513 1639 4388 4388 1511 1637 4389 4389 1514 1640 4390 4390 1512 1638 4391 4391 1511 1637 4392 4392 1513 1639 4393 4393 1515 1641 4394 4394 1515 1641 4395 4395 1514 1640 4396 4396 1511 1637 4397 4397 1515 1641 4398 4398 1513 1639 4399 4399 1516 1642 4400 4400 1515 1641 4401 4401 1516 1642 4402 4402 1517 1643 4403 4403 1517 1643 4404 4404 1518 1644 4405 4405 1515 1641 4406 4406 1518 1644 4407 4407 1519 1645 4408 4408 1515 1641 4409 4409 1515 1641 4410 4410 1520 1646 4411 4411 1514 1640 4412 4412 1520 1646 4413 4413 1515 1641 4414 4414 1519 1645 4415 4415 1521 1647 4416 4416 1514 1640 4417 4417 1520 1646 4418 4418 1519 1645 4419 4419 1522 1648 4420 4420 1520 1646 4421 4421 1523 1649 4422 4422 1521 1647 4423 4423 1520 1646 4424 4424 1520 1646 4425 4425 1522 1648 4426 4426 1523 1649 4427 4427 1522 1648 4428 4428 1524 1650 4429 4429 1523 1649 4430 4430 1525 1651 4431 4431 1526 1652 4432 4432 1527 1653 4433 4433 1528 1654 4434 4434 1526 1652 4435 4435 1525 1651 4436 4436 1528 1654 4437 4437 1529 1655 4438 4438 1526 1652 4439 4439 1525 1651 4440 4440 1530 1656 4441 4441 1528 1654 4442 4442 1531 1657 4443 4443 1529 1655 4444 4444 1528 1654 4445 4445 1531 1657 4446 4446 1532 1658 4447 4447 1533 1659 4448 4448 1534 1660 4449 4449 1532 1658 4450 4450 1531 1657 4451 4451 1531 1657 4452 4452 1535 1661 4453 4453 1534 1660 4454 4454 1528 1654 4455 4455 1535 1661 4456 4456 1531 1657 4457 4457 1528 1654 4458 4458 1530 1656 4459 4459 1536 1662 4460 4460 1536 1662 4461 4461 1535 1661 4462 4462 1528 1654 4463 4463 1537 1663 4464 4464 1536 1662 4465 4465 1530 1656 4466 4466 1537 1663 4467 4467 1535 1661 4468 4468 1536 1662 4469 4469 1537 1663 4470 4470 1530 1656 4471 4471 1538 1664 4472 4472 1537 1663 4473 4473 1539 1665 4474 4474 1535 1661 4475 4475 1540 1666 4476 4476 1535 1661 4477 4477 1539 1665 4478 4478 1539 1665 4479 4479 1541 1667 4480 4480 1540 1666 4481 4481 1541 1667 4482 4482 1539 1665 4483 4483 1537 1663 4484 4484 1542 1668 4485 4485 1540 1666 4486 4486 1541 1667 4487 4487 1542 1668 4488 4488 1541 1667 4489 4489 1543 1669 4490 4490 1544 1670 4491 4491 1541 1667 4492 4492 1537 1663 4493 4493 1545 1671 4494 4494 1544 1670 4495 4495 1537 1663 4496 4496 1543 1669 4497 4497 1541 1667 4498 4498 1546 1672 4499 4499 1544 1670 4500 4500 1546 1672 4501 4501 1541 1667 4502 4502 1544 1670 4503 4503 1545 1671 4504 4504 1546 1672 4505 4505 1543 1669 4506 4506 1546 1672 4507 4507 1547 1673 4508 4508 1548 1674 4509 4509 1546 1672 4510 4510 1545 1671 4511 4511 1549 1675 4512 4512 1547 1673 4513 4513 1546 1672 4514 4514 1546 1672 4515 4515 1548 1674 4516 4516 1549 1675 4517 4517 1550 1676 4518 4518 1549 1675 4519 4519 1548 1674 4520 4520 1551 1677 4521 4521 1552 1678 4522 4522 1553 1679 4523 4523 1554 1680 4524 4524 1552 1678 4525 4525 1551 1677 4526 4526 1552 1678 4527 4527 1554 1680 4528 4528 1555 1681 4529 4529 1556 1682 4530 4530 1554 1680 4531 4531 1551 1677 4532 4532 1555 1681 4533 4533 1554 1680 4534 4534 1557 1683 4535 4535 1558 1684 4536 4536 1557 1683 4537 4537 1554 1680 4538 4538 1558 1684 4539 4539 1554 1680 4540 4540 1556 1682 4541 4541 1559 1685 4542 4542 1557 1683 4543 4543 1558 1684 4544 4544 1558 1684 4545 4545 1556 1682 4546 4546 1560 1686 4547 4547 1560 1686 4548 4548 1559 1685 4549 4549 1558 1684 4550 4550 1560 1686 4551 4551 1556 1682 4552 4552 1561 1687 4553 4553 1562 1688 4554 4554 1559 1685 4555 4555 1560 1686 4556 4556 1560 1686 4557 4557 1561 1687 4558 4558 1562 1688 4559 4559 1563 1689 4560 4560 1559 1685 4561 4561 1562 1688 4562 4562 1562 1688 4563 4563 1561 1687 4564 4564 1564 1690 4565 4565 1565 1691 4566 4566 1563 1689 4567 4567 1562 1688 4568 4568 1564 1690 4569 4569 1565 1691 4570 4570 1562 1688 4571 4571 1566 1692 4572 4572 1563 1689 4573 4573 1565 1691 4574 4574 1567 1693 4575 4575 1565 1691 4576 4576 1564 1690 4577 4577 1568 1694 4578 4578 1566 1692 4579 4579 1565 1691 4580 4580 1567 1693 4581 4581 1568 1694 4582 4582 1565 1691 4583 4583 1569 1695 4584 4584 1566 1692 4585 4585 1568 1694 4586 4586 1570 1696 4587 4587 1568 1694 4588 4588 1567 1693 4589 4589 1571 1697 4590 4590 1572 1698 4591 4591 1573 1699 4592 4592 1573 1699 4593 4593 1572 1698 4594 4594 1574 1700 4595 4595 1573 1699 4596 4596 1574 1700 4597 4597 1575 1701 4598 4598 1576 1702 4599 4599 1574 1700 4600 4600 1572 1698 4601 4601 1575 1701 4602 4602 1574 1700 4603 4603 1577 1703 4604 4604 1575 1701 4605 4605 1577 1703 4606 4606 1578 1704 4607 4607 1579 1705 4608 4608 1574 1700 4609 4609 1576 1702 4610 4610 1579 1705 4611 4611 1577 1703 4612 4612 1574 1700 4613 4613 1576 1702 4614 4614 1580 1706 4615 4615 1579 1705 4616 4616 1578 1704 4617 4617 1577 1703 4618 4618 1581 1707 4619 4619 1578 1704 4620 4620 1581 1707 4621 4621 1582 1708 4622 4622 1583 1709 4623 4623 1577 1703 4624 4624 1579 1705 4625 4625 1583 1709 4626 4626 1581 1707 4627 4627 1577 1703 4628 4628 1579 1705 4629 4629 1580 1706 4630 4630 1584 1710 4631 4631 1579 1705 4632 4632 1584 1710 4633 4633 1583 1709 4634 4634 1580 1706 4635 4635 1585 1711 4636 4636 1584 1710 4637 4637 1582 1708 4638 4638 1581 1707 4639 4639 1586 1712 4640 4640 1582 1708 4641 4641 1586 1712 4642 4642 1587 1713 4643 4643 1588 1714 4644 4644 1581 1707 4645 4645 1583 1709 4646 4646 1588 1714 4647 4647 1586 1712 4648 4648 1581 1707 4649 4649 1583 1709 4650 4650 1584 1710 4651 4651 1589 1715 4652 4652 1583 1709 4653 4653 1589 1715 4654 4654 1588 1714 4655 4655 1584 1710 4656 4656 1585 1711 4657 4657 1590 1716 4658 4658 1584 1710 4659 4659 1590 1716 4660 4660 1589 1715 4661 4661 1585 1711 4662 4662 1591 1717 4663 4663 1590 1716 4664 4664 1588 1714 4665 4665 1589 1715 4666 4666 1592 1718 4667 4667 1590 1716 4668 4668 1591 1717 4669 4669 1593 1719 4670 4670 1594 1720 4671 4671 1593 1719 4672 4672 1591 1717 4673 4673 1589 1715 4674 4674 1590 1716 4675 4675 1595 1721 4676 4676 1590 1716 4677 4677 1593 1719 4678 4678 1595 1721 4679 4679 1589 1715 4680 4680 1595 1721 4681 4681 1592 1718 4682 4682 1596 1722 4683 4683 1593 1719 4684 4684 1594 1720 4685 4685 1595 1721 4686 4686 1593 1719 4687 4687 1597 1723 4688 4688 1596 1722 4689 4689 1597 1723 4690 4690 1593 1719 4691 4691 1592 1718 4692 4692 1595 1721 4693 4693 1598 1724 4694 4694 1595 1721 4695 4695 1597 1723 4696 4696 1598 1724 4697 4697 1588 1714 4698 4698 1592 1718 4699 4699 1599 1725 4700 4700 1599 1725 4701 4701 1586 1712 4702 4702 1588 1714 4703 4703 1592 1718 4704 4704 1598 1724 4705 4705 1600 1726 4706 4706 1599 1725 4707 4707 1592 1718 4708 4708 1600 1726 4709 4709 1599 1725 4710 4710 1601 1727 4711 4711 1586 1712 4712 4712 1587 1713 4713 4713 1586 1712 4714 4714 1601 1727 4715 4715 1587 1713 4716 4716 1601 1727 4717 4717 1602 1728 4718 4718 1603 1729 4719 4719 1601 1727 4720 4720 1599 1725 4721 4721 1599 1725 4722 4722 1600 1726 4723 4723 1603 1729 4724 4724 1602 1728 4725 4725 1601 1727 4726 4726 1604 1730 4727 4727 1603 1729 4728 4728 1604 1730 4729 4729 1601 1727 4730 4730 1602 1728 4731 4731 1604 1730 4732 4732 1605 1731 4733 4733 1603 1729 4734 4734 1600 1726 4735 4735 1606 1732 4736 4736 1605 1731 4737 4737 1604 1730 4738 4738 1607 1733 4739 4739 1605 1731 4740 4740 1607 1733 4741 4741 1608 1734 4742 4742 1608 1734 4743 4743 1607 1733 4744 4744 1609 1735 4745 4745 1610 1736 4746 4746 1604 1730 4747 4747 1603 1729 4748 4748 1610 1736 4749 4749 1607 1733 4750 4750 1604 1730 4751 4751 1603 1729 4752 4752 1606 1732 4753 4753 1610 1736 4754 4754 1611 1737 4755 4755 1609 1735 4756 4756 1607 1733 4757 4757 1611 1737 4758 4758 1607 1733 4759 4759 1610 1736 4760 4760 1612 1738 4761 4761 1609 1735 4762 4762 1611 1737 4763 4763 1610 1736 4764 4764 1613 1739 4765 4765 1611 1737 4766 4766 1610 1736 4767 4767 1606 1732 4768 4768 1613 1739 4769 4769 1611 1737 4770 4770 1614 1740 4771 4771 1612 1738 4772 4772 1611 1737 4773 4773 1613 1739 4774 4774 1614 1740 4775 4775 1612 1738 4776 4776 1614 1740 4777 4777 1615 1741 4778 4778 1606 1732 4779 4779 1616 1742 4780 4780 1613 1739 4781 4781 1614 1740 4782 4782 1617 1743 4783 4783 1615 1741 4784 4784 1615 1741 4785 4785 1617 1743 4786 4786 1618 1744 4787 4787 1613 1739 4788 4788 1619 1745 4789 4789 1614 1740 4790 4790 1614 1740 4791 4791 1619 1745 4792 4792 1617 1743 4793 4793 1613 1739 4794 4794 1616 1742 4795 4795 1619 1745 4796 4796 1617 1743 4797 4797 1620 1746 4798 4798 1618 1744 4799 4799 1618 1744 4800 4800 1620 1746 4801 4801 1621 1747 4802 4802 1619 1745 4803 4803 1622 1748 4804 4804 1617 1743 4805 4805 1617 1743 4806 4806 1622 1748 4807 4807 1620 1746 4808 4808 1623 1749 4809 4809 1621 1747 4810 4810 1620 1746 4811 4811 1624 1750 4812 4812 1621 1747 4813 4813 1623 1749 4814 4814 1625 1751 4815 4815 1620 1746 4816 4816 1622 1748 4817 4817 1623 1749 4818 4818 1620 1746 4819 4819 1625 1751 4820 4820 1619 1745 4821 4821 1626 1752 4822 4822 1622 1748 4823 4823 1616 1742 4824 4824 1626 1752 4825 4825 1619 1745 4826 4826 1625 1751 4827 4827 1622 1748 4828 4828 1627 1753 4829 4829 1627 1753 4830 4830 1622 1748 4831 4831 1626 1752 4832 4832 1623 1749 4833 4833 1628 1754 4834 4834 1624 1750 4835 4835 1624 1750 4836 4836 1628 1754 4837 4837 1629 1755 4838 4838 1625 1751 4839 4839 1630 1756 4840 4840 1623 1749 4841 4841 1623 1749 4842 4842 1630 1756 4843 4843 1628 1754 4844 4844 1627 1753 4845 4845 1631 1757 4846 4846 1625 1751 4847 4847 1625 1751 4848 4848 1631 1757 4849 4849 1630 1756 4850 4850 1627 1753 4851 4851 1626 1752 4852 4852 1632 1758 4853 4853 1632 1758 4854 4854 1631 1757 4855 4855 1627 1753 4856 4856 1616 1742 4857 4857 1633 1759 4858 4858 1626 1752 4859 4859 1632 1758 4860 4860 1626 1752 4861 4861 1633 1759 4862 4862 1634 1760 4863 4863 1633 1759 4864 4864 1616 1742 4865 4865 1606 1732 4866 4866 1634 1760 4867 4867 1616 1742 4868 4868 1600 1726 4869 4869 1634 1760 4870 4870 1606 1732 4871 4871 1600 1726 4872 4872 1598 1724 4873 4873 1634 1760 4874 4874 1598 1724 4875 4875 1635 1761 4876 4876 1634 1760 4877 4877 1634 1760 4878 4878 1635 1761 4879 4879 1633 1759 4880 4880 1598 1724 4881 4881 1597 1723 4882 4882 1635 1761 4883 4883 1632 1758 4884 4884 1633 1759 4885 4885 1636 1762 4886 4886 1636 1762 4887 4887 1633 1759 4888 4888 1635 1761 4889 4889 1637 1763 4890 4890 1635 1761 4891 4891 1597 1723 4892 4892 1636 1762 4893 4893 1635 1761 4894 4894 1637 1763 4895 4895 1637 1763 4896 4896 1597 1723 4897 4897 1596 1722 4898 4898 1636 1762 4899 4899 1638 1764 4900 4900 1632 1758 4901 4901 1638 1764 4902 4902 1631 1757 4903 4903 1632 1758 4904 4904 1637 1763 4905 4905 1639 1765 4906 4906 1636 1762 4907 4907 1639 1765 4908 4908 1638 1764 4909 4909 1636 1762 4910 4910 1596 1722 4911 4911 1640 1766 4912 4912 1637 1763 4913 4913 1640 1766 4914 4914 1639 1765 4915 4915 1637 1763 4916 4916 1641 1767 4917 4917 1640 1766 4918 4918 1596 1722 4919 4919 1594 1720 4920 4920 1641 1767 4921 4921 1596 1722 4922 4922 1642 1768 4923 4923 1641 1767 4924 4924 1594 1720 4925 4925 1643 1769 4926 4926 1641 1767 4927 4927 1642 1768 4928 4928 1644 1770 4929 4929 1641 1767 4930 4930 1643 1769 4931 4931 1644 1770 4932 4932 1640 1766 4933 4933 1641 1767 4934 4934 1643 1769 4935 4935 1645 1771 4936 4936 1644 1770 4937 4937 1646 1772 4938 4938 1639 1765 4939 4939 1640 1766 4940 4940 1646 1772 4941 4941 1640 1766 4942 4942 1644 1770 4943 4943 1644 1770 4944 4944 1645 1771 4945 4945 1647 1773 4946 4946 1644 1770 4947 4947 1647 1773 4948 4948 1646 1772 4949 4949 1648 1774 4950 4950 1647 1773 4951 4951 1645 1771 4952 4952 1649 1775 4953 4953 1639 1765 4954 4954 1646 1772 4955 4955 1649 1775 4956 4956 1638 1764 4957 4957 1639 1765 4958 4958 1646 1772 4959 4959 1647 1773 4960 4960 1650 1776 4961 4961 1646 1772 4962 4962 1650 1776 4963 4963 1649 1775 4964 4964 1651 1777 4965 4965 1647 1773 4966 4966 1648 1774 4967 4967 1651 1777 4968 4968 1650 1776 4969 4969 1647 1773 4970 4970 1652 1778 4971 4971 1638 1764 4972 4972 1649 1775 4973 4973 1652 1778 4974 4974 1631 1757 4975 4975 1638 1764 4976 4976 1649 1775 4977 4977 1650 1776 4978 4978 1653 1779 4979 4979 1649 1775 4980 4980 1653 1779 4981 4981 1652 1778 4982 4982 1654 1780 4983 4983 1631 1757 4984 4984 1652 1778 4985 4985 1654 1780 4986 4986 1630 1756 4987 4987 1631 1757 4988 4988 1652 1778 4989 4989 1653 1779 4990 4990 1655 1781 4991 4991 1652 1778 4992 4992 1655 1781 4993 4993 1654 1780 4994 4994 1656 1782 4995 4995 1653 1779 4996 4996 1650 1776 4997 4997 1656 1782 4998 4998 1650 1776 4999 4999 1651 1777 5000 5000 1657 1783 5001 5001 1655 1781 5002 5002 1653 1779 5003 5003 1657 1783 5004 5004 1653 1779 5005 5005 1656 1782 5006 5006 1658 1784 5007 5007 1630 1756 5008 5008 1654 1780 5009 5009 1658 1784 5010 5010 1628 1754 5011 5011 1630 1756 5012 5012 1654 1780 5013 5013 1655 1781 5014 5014 1659 1785 5015 5015 1654 1780 5016 5016 1659 1785 5017 5017 1658 1784 5018 5018 1660 1786 5019 5019 1628 1754 5020 5020 1658 1784 5021 5021 1660 1786 5022 5022 1629 1755 5023 5023 1628 1754 5024 5024 1661 1787 5025 5025 1629 1755 5026 5026 1660 1786 5027 5027 1658 1784 5028 5028 1662 1788 5029 5029 1660 1786 5030 5030 1658 1784 5031 5031 1659 1785 5032 5032 1662 1788 5033 5033 1660 1786 5034 5034 1663 1789 5035 5035 1661 1787 5036 5036 1660 1786 5037 5037 1662 1788 5038 5038 1663 1789 5039 5039 1661 1787 5040 5040 1663 1789 5041 5041 1664 1790 5042 5042 1665 1791 5043 5043 1662 1788 5044 5044 1659 1785 5045 5045 1666 1792 5046 5046 1664 1790 5047 5047 1663 1789 5048 5048 1667 1793 5049 5049 1664 1790 5050 5050 1666 1792 5051 5051 1668 1794 5052 5052 1663 1789 5053 5053 1662 1788 5054 5054 1666 1792 5055 5055 1663 1789 5056 5056 1668 1794 5057 5057 1668 1794 5058 5058 1662 1788 5059 5059 1665 1791 5060 5060 1666 1792 5061 5061 1669 1795 5062 5062 1667 1793 5063 5063 1668 1794 5064 5064 1670 1796 5065 5065 1666 1792 5066 5066 1670 1796 5067 5067 1669 1795 5068 5068 1666 1792 5069 5069 1665 1791 5070 5070 1671 1797 5071 5071 1668 1794 5072 5072 1671 1797 5073 5073 1670 1796 5074 5074 1668 1794 5075 5075 1670 1796 5076 5076 1672 1798 5077 5077 1669 1795 5078 5078 1669 1795 5079 5079 1672 1798 5080 5080 1673 1799 5081 5081 1673 1799 5082 5082 1672 1798 5083 5083 1674 1800 5084 5084 1670 1796 5085 5085 1675 1801 5086 5086 1672 1798 5087 5087 1671 1797 5088 5088 1675 1801 5089 5089 1670 1796 5090 5090 1674 1800 5091 5091 1672 1798 5092 5092 1676 1802 5093 5093 1672 1798 5094 5094 1675 1801 5095 5095 1676 1802 5096 5096 1676 1802 5097 5097 1677 1803 5098 5098 1674 1800 5099 5099 1674 1800 5100 5100 1677 1803 5101 5101 1678 1804 5102 5102 1676 1802 5103 5103 1675 1801 5104 5104 1679 1805 5105 5105 1677 1803 5106 5106 1680 1806 5107 5107 1678 1804 5108 5108 1678 1804 5109 5109 1680 1806 5110 5110 1681 1807 5111 5111 1676 1802 5112 5112 1682 1808 5113 5113 1677 1803 5114 5114 1677 1803 5115 5115 1682 1808 5116 5116 1680 1806 5117 5117 1679 1805 5118 5118 1682 1808 5119 5119 1676 1802 5120 5120 1683 1809 5121 5121 1681 1807 5122 5122 1680 1806 5123 5123 1684 1810 5124 5124 1681 1807 5125 5125 1683 1809 5126 5126 1683 1809 5127 5127 1680 1806 5128 5128 1685 1811 5129 5129 1685 1811 5130 5130 1680 1806 5131 5131 1682 1808 5132 5132 1685 1811 5133 5133 1682 1808 5134 5134 1686 1812 5135 5135 1686 1812 5136 5136 1682 1808 5137 5137 1687 1813 5138 5138 1679 1805 5139 5139 1687 1813 5140 5140 1682 1808 5141 5141 1687 1813 5142 5142 1688 1814 5143 5143 1686 1812 5144 5144 1689 1815 5145 5145 1687 1813 5146 5146 1679 1805 5147 5147 1690 1816 5148 5148 1688 1814 5149 5149 1687 1813 5150 5150 1679 1805 5151 5151 1691 1817 5152 5152 1689 1815 5153 5153 1675 1801 5154 5154 1691 1817 5155 5155 1679 1805 5156 5156 1671 1797 5157 5157 1691 1817 5158 5158 1675 1801 5159 5159 1692 1818 5160 5160 1687 1813 5161 5161 1689 1815 5162 5162 1689 1815 5163 5163 1691 1817 5164 5164 1692 1818 5165 5165 1690 1816 5166 5166 1687 1813 5167 5167 1692 1818 5168 5168 1693 1819 5169 5169 1691 1817 5170 5170 1671 1797 5171 5171 1693 1819 5172 5172 1671 1797 5173 5173 1665 1791 5174 5174 1692 1818 5175 5175 1691 1817 5176 5176 1694 1820 5177 5177 1693 1819 5178 5178 1694 1820 5179 5179 1691 1817 5180 5180 1695 1821 5181 5181 1690 1816 5182 5182 1692 1818 5183 5183 1692 1818 5184 5184 1694 1820 5185 5185 1695 1821 5186 5186 1690 1816 5187 5187 1696 1822 5188 5188 1688 1814 5189 5189 1696 1822 5190 5190 1690 1816 5191 5191 1695 1821 5192 5192 1688 1814 5193 5193 1696 1822 5194 5194 1697 1823 5195 5195 1696 1822 5196 5196 1698 1824 5197 5197 1697 1823 5198 5198 1699 1825 5199 5199 1698 1824 5200 5200 1696 1822 5201 5201 1695 1821 5202 5202 1699 1825 5203 5203 1696 1822 5204 5204 1699 1825 5205 5205 1700 1826 5206 5206 1698 1824 5207 5207 1701 1827 5208 5208 1698 1824 5209 5209 1700 1826 5210 5210 1701 1827 5211 5211 1700 1826 5212 5212 1702 1828 5213 5213 1702 1828 5214 5214 1700 1826 5215 5215 1703 1829 5216 5216 1704 1830 5217 5217 1703 1829 5218 5218 1700 1826 5219 5219 1704 1830 5220 5220 1700 1826 5221 5221 1699 1825 5222 5222 1705 1831 5223 5223 1703 1829 5224 5224 1704 1830 5225 5225 1706 1832 5226 5226 1699 1825 5227 5227 1695 1821 5228 5228 1706 1832 5229 5229 1704 1830 5230 5230 1699 1825 5231 5231 1707 1833 5232 5232 1705 1831 5233 5233 1704 1830 5234 5234 1707 1833 5235 5235 1704 1830 5236 5236 1706 1832 5237 5237 1708 1834 5238 5238 1705 1831 5239 5239 1707 1833 5240 5240 1707 1833 5241 5241 1709 1835 5242 5242 1708 1834 5243 5243 1695 1821 5244 5244 1710 1836 5245 5245 1706 1832 5246 5246 1695 1821 5247 5247 1694 1820 5248 5248 1710 1836 5249 5249 1706 1832 5250 5250 1711 1837 5251 5251 1707 1833 5252 5252 1706 1832 5253 5253 1710 1836 5254 5254 1711 1837 5255 5255 1712 1838 5256 5256 1709 1835 5257 5257 1707 1833 5258 5258 1707 1833 5259 5259 1711 1837 5260 5260 1712 1838 5261 5261 1713 1839 5262 5262 1709 1835 5263 5263 1712 1838 5264 5264 1714 1840 5265 5265 1709 1835 5266 5266 1713 1839 5267 5267 1714 1840 5268 5268 1713 1839 5269 5269 1648 1774 5270 5270 1648 1774 5271 5271 1713 1839 5272 5272 1651 1777 5273 5273 1713 1839 5274 5274 1712 1838 5275 5275 1715 1841 5276 5276 1713 1839 5277 5277 1715 1841 5278 5278 1651 1777 5279 5279 1715 1841 5280 5280 1712 1838 5281 5281 1711 1837 5282 5282 1651 1777 5283 5283 1715 1841 5284 5284 1656 1782 5285 5285 1715 1841 5286 5286 1711 1837 5287 5287 1716 1842 5288 5288 1715 1841 5289 5289 1716 1842 5290 5290 1656 1782 5291 5291 1716 1842 5292 5292 1711 1837 5293 5293 1710 1836 5294 5294 1656 1782 5295 5295 1716 1842 5296 5296 1657 1783 5297 5297 1716 1842 5298 5298 1710 1836 5299 5299 1717 1843 5300 5300 1716 1842 5301 5301 1717 1843 5302 5302 1657 1783 5303 5303 1717 1843 5304 5304 1710 1836 5305 5305 1694 1820 5306 5306 1717 1843 5307 5307 1694 1820 5308 5308 1693 1819 5309 5309 1657 1783 5310 5310 1717 1843 5311 5311 1718 1844 5312 5312 1717 1843 5313 5313 1693 1819 5314 5314 1718 1844 5315 5315 1718 1844 5316 5316 1655 1781 5317 5317 1657 1783 5318 5318 1718 1844 5319 5319 1693 1819 5320 5320 1665 1791 5321 5321 1718 1844 5322 5322 1659 1785 5323 5323 1655 1781 5324 5324 1665 1791 5325 5325 1659 1785 5326 5326 1718 1844 5327 5327 1719 1845 5328 5328 1720 1846 5329 5329 1721 1847 5330 5330 1722 1848 5331 5331 1721 1847 5332 5332 1720 1846 5333 5333 1721 1847 5334 5334 1722 1848 5335 5335 1723 1849 5336 5336 1720 1846 5337 5337 1724 1850 5338 5338 1722 1848 5339 5339 1725 1851 5340 5340 1723 1849 5341 5341 1722 1848 5342 5342 1723 1849 5343 5343 1725 1851 5344 5344 1726 1852 5345 5345 1722 1848 5346 5346 1724 1850 5347 5347 1727 1853 5348 5348 1722 1848 5349 5349 1727 1853 5350 5350 1725 1851 5351 5351 1728 1854 5352 5352 1729 1855 5353 5353 1724 1850 5354 5354 1724 1850 5355 5355 1729 1855 5356 5356 1727 1853 5357 5357 1730 1856 5358 5358 1726 1852 5359 5359 1725 1851 5360 5360 1729 1855 5361 5361 1731 1857 5362 5362 1727 1853 5363 5363 1730 1856 5364 5364 1732 1858 5365 5365 1726 1852 5366 5366 1727 1853 5367 5367 1731 1857 5368 5368 1733 1859 5369 5369 1733 1859 5370 5370 1725 1851 5371 5371 1727 1853 5372 5372 1734 1860 5373 5373 1726 1852 5374 5374 1732 1858 5375 5375 1731 1857 5376 5376 1735 1861 5377 5377 1733 1859 5378 5378 1725 1851 5379 5379 1736 1862 5380 5380 1730 1856 5381 5381 1733 1859 5382 5382 1736 1862 5383 5383 1725 1851 5384 5384 1736 1862 5385 5385 1732 1858 5386 5386 1730 1856 5387 5387 1733 1859 5388 5388 1735 1861 5389 5389 1736 1862 5390 5390 1732 1858 5391 5391 1737 1863 5392 5392 1734 1860 5393 5393 1738 1864 5394 5394 1734 1860 5395 5395 1737 1863 5396 5396 1739 1865 5397 5397 1732 1858 5398 5398 1736 1862 5399 5399 1737 1863 5400 5400 1740 1866 5401 5401 1738 1864 5402 5402 1741 1867 5403 5403 1738 1864 5404 5404 1740 1866 5405 5405 1732 1858 5406 5406 1742 1868 5407 5407 1737 1863 5408 5408 1739 1865 5409 5409 1742 1868 5410 5410 1732 1858 5411 5411 1737 1863 5412 5412 1742 1868 5413 5413 1740 1866 5414 5414 1736 1862 5415 5415 1743 1869 5416 5416 1739 1865 5417 5417 1739 1865 5418 5418 1743 1869 5419 5419 1742 1868 5420 5420 1735 1861 5421 5421 1743 1869 5422 5422 1736 1862 5423 5423 1740 1866 5424 5424 1744 1870 5425 5425 1741 1867 5426 5426 1745 1871 5427 5427 1741 1867 5428 5428 1744 1870 5429 5429 1740 1866 5430 5430 1742 1868 5431 5431 1746 1872 5432 5432 1747 1873 5433 5433 1745 1871 5434 5434 1744 1870 5435 5435 1745 1871 5436 5436 1747 1873 5437 5437 1748 1874 5438 5438 1748 1874 5439 5439 1747 1873 5440 5440 1749 1875 5441 5441 1749 1875 5442 5442 1747 1873 5443 5443 1750 1876 5444 5444 1750 1876 5445 5445 1747 1873 5446 5446 1751 1877 5447 5447 1747 1873 5448 5448 1744 1870 5449 5449 1752 1878 5450 5450 1752 1878 5451 5451 1751 1877 5452 5452 1747 1873 5453 5453 1740 1866 5454 5454 1753 1879 5455 5455 1744 1870 5456 5456 1753 1879 5457 5457 1752 1878 5458 5458 1744 1870 5459 5459 1746 1872 5460 5460 1753 1879 5461 5461 1740 1866 5462 5462 1752 1878 5463 5463 1754 1880 5464 5464 1751 1877 5465 5465 1753 1879 5466 5466 1754 1880 5467 5467 1752 1878 5468 5468 1755 1881 5469 5469 1751 1877 5470 5470 1754 1880 5471 5471 1756 1882 5472 5472 1755 1881 5473 5473 1754 1880 5474 5474 1754 1880 5475 5475 1757 1883 5476 5476 1756 1882 5477 5477 1758 1884 5478 5478 1754 1880 5479 5479 1753 1879 5480 5480 1758 1884 5481 5481 1757 1883 5482 5482 1754 1880 5483 5483 1746 1872 5484 5484 1758 1884 5485 5485 1753 1879 5486 5486 1758 1884 5487 5487 1759 1885 5488 5488 1757 1883 5489 5489 1760 1886 5490 5490 1758 1884 5491 5491 1746 1872 5492 5492 1760 1886 5493 5493 1759 1885 5494 5494 1758 1884 5495 5495 1742 1868 5496 5496 1760 1886 5497 5497 1746 1872 5498 5498 1760 1886 5499 5499 1761 1887 5500 5500 1759 1885 5501 5501 1759 1885 5502 5502 1761 1887 5503 5503 1762 1888 5504 5504 1763 1889 5505 5505 1760 1886 5506 5506 1742 1868 5507 5507 1761 1887 5508 5508 1760 1886 5509 5509 1763 1889 5510 5510 1742 1868 5511 5511 1743 1869 5512 5512 1763 1889 5513 5513 1761 1887 5514 5514 1764 1890 5515 5515 1762 1888 5516 5516 1763 1889 5517 5517 1764 1890 5518 5518 1761 1887 5519 5519 1743 1869 5520 5520 1764 1890 5521 5521 1763 1889 5522 5522 1762 1888 5523 5523 1764 1890 5524 5524 1765 1891 5525 5525 1735 1861 5526 5526 1764 1890 5527 5527 1743 1869 5528 5528 1764 1890 5529 5529 1766 1892 5530 5530 1765 1891 5531 5531 1764 1890 5532 5532 1735 1861 5533 5533 1766 1892 5534 5534 1767 1893 5535 5535 1765 1891 5536 5536 1766 1892 5537 5537 1735 1861 5538 5538 1768 1894 5539 5539 1766 1892 5540 5540 1766 1892 5541 5541 1768 1894 5542 5542 1767 1893 5543 5543 1769 1895 5544 5544 1768 1894 5545 5545 1735 1861 5546 5546 1770 1896 5547 5547 1767 1893 5548 5548 1768 1894 5549 5549 1729 1897 5550 5550 1768 1894 5551 5551 1769 1895 5552 5552 1768 1894 5553 5553 1771 1898 5554 5554 1770 1896 5555 5555 1768 1894 5556 5556 1729 1897 5557 5557 1772 1899 5558 5558 1768 1894 5559 5559 1772 1899 5560 5560 1771 1898 5561 5561 1773 1900 5562 5562 1772 1899 5563 5563 1729 1897 5564 5564 1772 1899 5565 5565 1774 1901 5566 5566 1771 1898 5567 5567 1774 1901 5568 5568 1772 1899 5569 5569 1773 1900 5570 5570 1775 1902 5571 5571 1776 1903 5572 5572 1777 1904 5573 5573 1778 1905 5574 5574 1777 1904 5575 5575 1776 1903 5576 5576 1776 1903 5577 5577 1779 1906 5578 5578 1778 1905 5579 5579 1778 1905 5580 5580 1780 1907 5581 5581 1777 1904 5582 5582 1781 1908 5583 5583 1778 1905 5584 5584 1779 1906 5585 5585 1782 1909 5586 5586 1781 1908 5587 5587 1779 1906 5588 5588 1783 1910 5589 5589 1781 1908 5590 5590 1782 1909 5591 5591 1784 1911 5592 5592 1780 1907 5593 5593 1778 1905 5594 5594 1784 1911 5595 5595 1778 1905 5596 5596 1781 1908 5597 5597 1784 1911 5598 5598 1785 1912 5599 5599 1780 1907 5600 5600 1783 1910 5601 5601 1786 1913 5602 5602 1781 1908 5603 5603 1781 1908 5604 5604 1786 1913 5605 5605 1784 1911 5606 5606 1787 1914 5607 5607 1786 1913 5608 5608 1783 1910 5609 5609 1788 1915 5610 5610 1785 1912 5611 5611 1784 1911 5612 5612 1784 1911 5613 5613 1786 1913 5614 5614 1788 1915 5615 5615 1789 1916 5616 5616 1785 1912 5617 5617 1788 1915 5618 5618 1786 1913 5619 5619 1787 1914 5620 5620 1790 1917 5621 5621 1788 1915 5622 5622 1786 1913 5623 5623 1790 1917 5624 5624 1791 1918 5625 5625 1790 1917 5626 5626 1787 1914 5627 5627 1788 1915 5628 5628 1790 1917 5629 5629 1792 1919 5630 5630 1791 1918 5631 5631 1793 1920 5632 5632 1790 1917 5633 5633 1792 1919 5634 5634 1790 1917 5635 5635 1793 1920 5636 5636 1794 1921 5637 5637 1793 1920 5638 5638 1791 1918 5639 5639 1795 1922 5640 5640 1788 1915 5641 5641 1792 1919 5642 5642 1788 1915 5643 5643 1795 1922 5644 5644 1789 1916 5645 5645 1794 1921 5646 5646 1796 1923 5647 5647 1793 1920 5648 5648 1797 1924 5649 5649 1796 1923 5650 5650 1794 1921 5651 5651 1792 1919 5652 5652 1793 1920 5653 5653 1798 1925 5654 5654 1796 1923 5655 5655 1798 1925 5656 5656 1793 1920 5657 5657 1792 1919 5658 5658 1798 1925 5659 5659 1795 1922 5660 5660 1797 1924 5661 5661 1799 1926 5662 5662 1796 1923 5663 5663 1800 1927 5664 5664 1799 1926 5665 5665 1797 1924 5666 5666 1798 1925 5667 5667 1796 1923 5668 5668 1801 1928 5669 5669 1801 1928 5670 5670 1796 1923 5671 5671 1799 1926 5672 5672 1799 1926 5673 5673 1800 1927 5674 5674 1802 1929 5675 5675 1803 1930 5676 5676 1802 1929 5677 5677 1800 1927 5678 5678 1804 1931 5679 5679 1805 1932 5680 5680 1803 1930 5681 5681 1802 1929 5682 5682 1803 1930 5683 5683 1805 1932 5684 5684 1805 1932 5685 5685 1806 1933 5686 5686 1802 1929 5687 5687 1802 1929 5688 5688 1807 1934 5689 5689 1799 1926 5690 5690 1807 1934 5691 5691 1802 1929 5692 5692 1806 1933 5693 5693 1801 1928 5694 5694 1799 1926 5695 5695 1807 1934 5696 5696 1807 1934 5697 5697 1806 1933 5698 5698 1808 1935 5699 5699 1808 1935 5700 5700 1801 1928 5701 5701 1807 1934 5702 5702 1809 1936 5703 5703 1801 1928 5704 5704 1808 1935 5705 5705 1808 1935 5706 5706 1810 1937 5707 5707 1809 1936 5708 5708 1811 1938 5709 5709 1809 1936 5710 5710 1810 1937 5711 5711 1810 1937 5712 5712 1812 1939 5713 5713 1811 1938 5714 5714 1813 1940 5715 5715 1811 1938 5716 5716 1812 1939 5717 5717 1809 1936 5718 5718 1814 1941 5719 5719 1801 1928 5720 5720 1811 1938 5721 5721 1814 1941 5722 5722 1809 1936 5723 5723 1801 1928 5724 5724 1814 1941 5725 5725 1815 1942 5726 5726 1801 1928 5727 5727 1815 1942 5728 5728 1798 1925 5729 5729 1813 1940 5730 5730 1816 1943 5731 5731 1811 1938 5732 5732 1816 1943 5733 5733 1814 1941 5734 5734 1811 1938 5735 5735 1798 1925 5736 5736 1815 1942 5737 5737 1817 1944 5738 5738 1815 1942 5739 5739 1814 1941 5740 5740 1817 1944 5741 5741 1817 1944 5742 5742 1795 1922 5743 5743 1798 1925 5744 5744 1818 1945 5745 5745 1814 1941 5746 5746 1816 1943 5747 5747 1817 1944 5748 5748 1814 1941 5749 5749 1818 1945 5750 5750 1819 1946 5751 5751 1816 1943 5752 5752 1813 1940 5753 5753 1819 1946 5754 5754 1813 1940 5755 5755 1820 1947 5756 5756 1819 1946 5757 5757 1820 1947 5758 5758 1821 1948 5759 5759 1819 1946 5760 5760 1821 1948 5761 5761 1816 1943 5762 5762 1822 1949 5763 5763 1816 1943 5764 5764 1821 1948 5765 5765 1822 1949 5766 5766 1818 1945 5767 5767 1816 1943 5768 5768 1822 1949 5769 5769 1821 1948 5770 5770 1823 1950 5771 5771 1824 1951 5772 5772 1818 1945 5773 5773 1822 1949 5774 5774 1822 1949 5775 5775 1823 1950 5776 5776 1824 1951 5777 5777 1818 1945 5778 5778 1824 1951 5779 5779 1817 1944 5780 5780 1825 1952 5781 5781 1824 1951 5782 5782 1823 1950 5783 5783 1817 1944 5784 5784 1824 1951 5785 5785 1826 1953 5786 5786 1817 1944 5787 5787 1826 1953 5788 5788 1795 1922 5789 5789 1825 1952 5790 5790 1827 1954 5791 5791 1824 1951 5792 5792 1826 1953 5793 5793 1824 1951 5794 5794 1827 1954 5795 5795 1827 1954 5796 5796 1825 1952 5797 5797 1828 1955 5798 5798 1795 1922 5799 5799 1826 1953 5800 5800 1829 1956 5801 5801 1826 1953 5802 5802 1827 1954 5803 5803 1829 1956 5804 5804 1829 1956 5805 5805 1789 1916 5806 5806 1795 1922 5807 5807 1828 1955 5808 5808 1830 1957 5809 5809 1827 1954 5810 5810 1831 1958 5811 5811 1789 1916 5812 5812 1829 1956 5813 5813 1829 1956 5814 5814 1827 1954 5815 5815 1831 1958 5816 5816 1827 1954 5817 5817 1830 1957 5818 5818 1831 1958 5819 5819 1832 1959 5820 5820 1789 1916 5821 5821 1831 1958 5822 5822 1831 1958 5823 5823 1830 1957 5824 5824 1832 1959 5825 5825 1832 1959 5826 5826 1830 1957 5827 5827 1833 1960 5828 5828 1834 1961 5829 5829 1835 1962 5830 5830 1836 1963 5831 5831 1837 1964 5832 5832 1836 1963 5833 5833 1835 1962 5834 5834 1836 1963 5835 5835 1837 1964 5836 5836 1838 1965 5837 5837 1839 1966 5838 5838 1837 1964 5839 5839 1835 1962 5840 5840 1838 1965 5841 5841 1837 1964 5842 5842 1840 1967 5843 5843 1840 1967 5844 5844 1837 1964 5845 5845 1839 1966 5846 5846 1838 1965 5847 5847 1840 1967 5848 5848 1841 1968 5849 5849 1841 1968 5850 5850 1840 1967 5851 5851 1842 1969 5852 5852 1842 1969 5853 5853 1840 1967 5854 5854 1843 1970 5855 5855 1840 1967 5856 5856 1839 1966 5857 5857 1844 1971 5858 5858 1844 1971 5859 5859 1843 1970 5860 5860 1840 1967 5861 5861 1845 1972 5862 5862 1844 1971 5863 5863 1839 1966 5864 5864 1843 1970 5865 5865 1844 1971 5866 5866 1846 1973 5867 5867 1844 1971 5868 5868 1845 1972 5869 5869 1847 1974 5870 5870 1847 1974 5871 5871 1846 1973 5872 5872 1844 1971 5873 5873 1848 1975 5874 5874 1847 1974 5875 5875 1845 1972 5876 5876 1847 1974 5877 5877 1849 1976 5878 5878 1846 1973 5879 5879 1848 1975 5880 5880 1849 1976 5881 5881 1847 1974 5882 5882 1850 1977 5883 5883 1851 1978 5884 5884 1852 1979 5885 5885 1851 1978 5886 5886 1853 1980 5887 5887 1852 1979 5888 5888 1851 1978 5889 5889 1854 1981 5890 5890 1853 1980 5891 5891 1852 1979 5892 5892 1853 1980 5893 5893 1855 1982 5894 5894 1853 1980 5895 5895 1854 1981 5896 5896 1856 1983 5897 5897 1856 1983 5898 5898 1855 1982 5899 5899 1853 1980 5900 5900 1857 1984 5901 5901 1855 1982 5902 5902 1856 1983 5903 5903 1856 1983 5904 5904 1854 1981 5905 5905 1858 1985 5906 5906 1857 1984 5907 5907 1856 1983 5908 5908 1859 1986 5909 5909 1856 1983 5910 5910 1858 1985 5911 5911 1860 1987 5912 5912 1860 1987 5913 5913 1858 1985 5914 5914 1861 1988 5915 5915 1859 1986 5916 5916 1856 1983 5917 5917 1862 1989 5918 5918 1860 1987 5919 5919 1862 1989 5920 5920 1856 1983 5921 5921 1859 1986 5922 5922 1862 1989 5923 5923 1863 1990 5924 5924 1860 1987 5925 5925 1861 1988 5926 5926 1864 1991 5927 5927 1864 1991 5928 5928 1862 1989 5929 5929 1860 1987 5930 5930 1861 1988 5931 5931 1865 1992 5932 5932 1866 1993 5933 5933 1864 1991 5934 5934 1861 1988 5935 5935 1866 1993 5936 5936 1863 1990 5937 5937 1862 1989 5938 5938 1867 1994 5939 5939 1867 1994 5940 5940 1862 1989 5941 5941 1864 1991 5942 5942 1867 1994 5943 5943 1868 1995 5944 5944 1863 1990 5945 5945 1864 1991 5946 5946 1868 1995 5947 5947 1867 1994 5948 5948 1863 1990 5949 5949 1868 1995 5950 5950 1869 1996 5951 5951 1866 1993 5952 5952 1870 1997 5953 5953 1864 1991 5954 5954 1870 1997 5955 5955 1868 1995 5956 5956 1864 1991 5957 5957 1871 1998 5958 5958 1870 1997 5959 5959 1866 1993 5960 5960 1871 1998 5961 5961 1872 1999 5962 5962 1870 1997 5963 5963 1868 1995 5964 5964 1873 2000 5965 5965 1869 1996 5966 5966 1868 1995 5967 5967 1870 1997 5968 5968 1873 2000 5969 5969 1870 1997 5970 5970 1872 1999 5971 5971 1873 2000 5972 5972 1869 1996 5973 5973 1873 2000 5974 5974 1874 2001 5975 5975 1875 2002 5976 5976 1873 2000 5977 5977 1872 1999 5978 5978 1874 2001 5979 5979 1873 2000 5980 5980 1876 2003 5981 5981 1877 2004 5982 5982 1873 2000 5983 5983 1875 2002 5984 5984 1876 2003 5985 5985 1873 2000 5986 5986 1877 2004 5987 5987 1875 2002 5988 5988 1878 2005 5989 5989 1877 2004 5990 5990 1876 2003 5991 5991 1877 2004 5992 5992 1878 2005 5993 5993 1879 2006 5994 5994 1880 2007 5995 5995 1881 2008 5996 5996 1882 2009 5997 5997 1881 2008 5998 5998 1880 2007 5999 5999 1881 2008 6000 6000 1882 2009 6001 6001 1883 2010 6002 6002 1880 2007 6003 6003 1884 2011 6004 6004 1882 2009 6005 6005 1885 2012 6006 6006 1883 2010 6007 6007 1882 2009 6008 6008 1885 2012 6009 6009 1886 2013 6010 6010 1883 2010 6011 6011 1887 2014 6012 6012 1886 2013 6013 6013 1885 2012 6014 6014 1888 2015 6015 6015 1882 2009 6016 6016 1884 2011 6017 6017 1882 2009 6018 6018 1888 2015 6019 6019 1885 2012 6020 6020 1884 2011 6021 6021 1889 2016 6022 6022 1888 2015 6023 6023 1885 2012 6024 6024 1890 2017 6025 6025 1887 2014 6026 6026 1887 2014 6027 6027 1890 2017 6028 6028 1891 2018 6029 6029 1885 2012 6030 6030 1888 2015 6031 6031 1892 2019 6032 6032 1890 2017 6033 6033 1885 2012 6034 6034 1892 2019 6035 6035 1893 2020 6036 6036 1888 2015 6037 6037 1889 2016 6038 6038 1888 2015 6039 6039 1893 2020 6040 6040 1892 2019 6041 6041 1894 2021 6042 6042 1893 2020 6043 6043 1889 2016 6044 6044 1895 2022 6045 6045 1892 2019 6046 6046 1893 2020 6047 6047 1892 2019 6048 6048 1895 2022 6049 6049 1890 2017 6050 6050 1896 2023 6051 6051 1893 2020 6052 6052 1894 2021 6053 6053 1893 2020 6054 6054 1896 2023 6055 6055 1895 2022 6056 6056 1894 2021 6057 6057 1897 2024 6058 6058 1896 2023 6059 6059 1898 2025 6060 6060 1896 2023 6061 6061 1897 2024 6062 6062 1899 2026 6063 6063 1896 2023 6064 6064 1898 2025 6065 6065 1899 2026 6066 6066 1895 2022 6067 6067 1896 2023 6068 6068 1898 2025 6069 6069 1900 2027 6070 6070 1899 2026 6071 6071 1899 2026 6072 6072 1900 2027 6073 6073 1901 2028 6074 6074 1902 2029 6075 6075 1901 2028 6076 6076 1900 2027 6077 6077 1899 2026 6078 6078 1901 2028 6079 6079 1895 2022 6080 6080 1895 2022 6081 6081 1901 2028 6082 6082 1903 2030 6083 6083 1895 2022 6084 6084 1903 2030 6085 6085 1904 2031 6086 6086 1904 2031 6087 6087 1890 2017 6088 6088 1895 2022 6089 6089 1905 2032 6090 6090 1906 2033 6091 6091 1904 2031 6092 6092 1890 2017 6093 6093 1904 2031 6094 6094 1907 2034 6095 6095 1907 2034 6096 6096 1904 2031 6097 6097 1906 2033 6098 6098 1907 2034 6099 6099 1891 2018 6100 6100 1890 2017 6101 6101 1906 2033 6102 6102 1908 2035 6103 6103 1907 2034 6104 6104 1891 2018 6105 6105 1907 2034 6106 6106 1908 2035 6107 6107 1909 2036 6108 6108 1910 2037 6109 6109 1911 2038 6110 6110 1910 2037 6111 6111 1909 2036 6112 6112 1912 2039 6113 6113 1912 2039 6114 6114 1913 2040 6115 6115 1910 2037 6116 6116 1914 2041 6117 6117 1912 2039 6118 6118 1909 2036 6119 6119 1915 2042 6120 6120 1913 2040 6121 6121 1912 2039 6122 6122 1912 2039 6123 6123 1914 2041 6124 6124 1915 2042 6125 6125 1916 2043 6126 6126 1915 2042 6127 6127 1914 2041 6128 6128 1917 2044 6129 6129 1913 2040 6130 6130 1915 2042 6131 6131 1916 2043 6132 6132 1918 2045 6133 6133 1915 2042 6134 6134 1919 2046 6135 6135 1917 2044 6136 6136 1915 2042 6137 6137 1920 2047 6138 6138 1917 2044 6139 6139 1919 2046 6140 6140 1921 2048 6141 6141 1915 2049 6142 6142 1918 2050 6143 6143 1915 2042 6144 6144 1921 2048 6145 6145 1919 2046 6146 6146 1918 2050 6147 6147 1922 2051 6148 6148 1921 2048 6149 6149 1923 2052 6150 6150 1920 2047 6151 6151 1919 2046 6152 6152 1919 2046 6153 6153 1921 2048 6154 6154 1923 2052 6155 6155 1924 2053 6156 6156 1925 2054 6157 6157 1920 2047 6158 6158 1924 2053 6159 6159 1920 2047 6160 6160 1923 2052 6161 6161 1926 2055 6162 6162 1921 2048 6163 6163 1922 2051 6164 6164 1926 2055 6165 6165 1923 2052 6166 6166 1921 2048 6167 6167 1926 2055 6168 6168 1922 2051 6169 6169 1927 2056 6170 6170 1926 2055 6171 6171 1927 2056 6172 6172 1923 2052 6173 6173 1928 2057 6174 6174 1927 2056 6175 6175 1922 2051 6176 6176 1923 2052 6177 6177 1929 2058 6178 6178 1924 2053 6179 6179 1929 2058 6180 6180 1923 2052 6181 6181 1927 2056 6182 6182 1924 2053 6183 6183 1929 2058 6184 6184 1930 2059 6185 6185 1930 2059 6186 6186 1929 2058 6187 6187 1931 2060 6188 6188 1927 2056 6189 6189 1928 2057 6190 6190 1932 2061 6191 6191 1932 2061 6192 6192 1929 2058 6193 6193 1927 2056 6194 6194 1932 2061 6195 6195 1931 2060 6196 6196 1929 2058 6197 6197 1933 2062 6198 6198 1932 2061 6199 6199 1928 2057 6200 6200 1931 2060 6201 6201 1932 2061 6202 6202 1934 2063 6203 6203 1933 2062 6204 6204 1935 2064 6205 6205 1932 2061 6206 6206 1936 2065 6207 6207 1934 2063 6208 6208 1932 2061 6209 6209 1936 2065 6210 6210 1932 2061 6211 6211 1935 2064 6212 6212 1936 2065 6213 6213 1937 2066 6214 6214 1934 2063 6215 6215 1937 2066 6216 6216 1936 2065 6217 6217 1935 2064 6218 6218 1938 2067 6219 6219 1939 2068 6220 6220 1940 2069 6221 6221 1940 2069 6222 6222 1939 2068 6223 6223 1941 2070 6224 6224 1940 2069 6225 6225 1941 2070 6226 6226 1942 2071 6227 6227 1943 2072 6228 6228 1941 2070 6229 6229 1939 2068 6230 6230 1942 2071 6231 6231 1941 2070 6232 6232 1944 2073 6233 6233 1942 2071 6234 6234 1944 2073 6235 6235 1945 2074 6236 6236 1946 2075 6237 6237 1941 2070 6238 6238 1943 2072 6239 6239 1946 2075 6240 6240 1944 2073 6241 6241 1941 2070 6242 6242 1947 2076 6243 6243 1946 2075 6244 6244 1943 2072 6245 6245 1945 2074 6246 6246 1944 2073 6247 6247 1948 2077 6248 6248 1945 2074 6249 6249 1948 2077 6250 6250 1949 2078 6251 6251 1950 2079 6252 6252 1951 2080 6253 6253 1947 2076 6254 6254 1952 2081 6255 6255 1948 2077 6256 6256 1944 2073 6257 6257 1952 2081 6258 6258 1944 2073 6259 6259 1946 2075 6260 6260 1953 2082 6261 6261 1947 2076 6262 6262 1951 2080 6263 6263 1953 2082 6264 6264 1946 2075 6265 6265 1947 2076 6266 6266 1951 2080 6267 6267 1954 2083 6268 6268 1953 2082 6269 6269 1955 2084 6270 6270 1954 2083 6271 6271 1951 2080 6272 6272 1953 2082 6273 6273 1956 2085 6274 6274 1946 2075 6275 6275 1953 2082 6276 6276 1954 2083 6277 6277 1956 2085 6278 6278 1955 2084 6279 6279 1957 2086 6280 6280 1954 2083 6281 6281 1958 2087 6282 6282 1946 2075 6283 6283 1956 2085 6284 6284 1952 2081 6285 6285 1946 2075 6286 6286 1958 2087 6287 6287 1959 2088 6288 6288 1956 2085 6289 6289 1954 2083 6290 6290 1958 2087 6291 6291 1956 2085 6292 6292 1959 2088 6293 6293 1954 2083 6294 6294 1957 2086 6295 6295 1960 2089 6296 6296 1954 2083 6297 6297 1960 2089 6298 6298 1959 2088 6299 6299 1960 2089 6300 6300 1957 2086 6301 6301 1961 2090 6302 6302 1960 2089 6303 6303 1961 2090 6304 6304 1959 2088 6305 6305 1959 2088 6306 6306 1961 2090 6307 6307 1958 2087 6308 6308 1961 2090 6309 6309 1957 2086 6310 6310 1962 2091 6311 6311 1958 2087 6312 6312 1963 2092 6313 6313 1952 2081 6314 6314 1963 2092 6315 6315 1948 2077 6316 6316 1952 2081 6317 6317 1958 2087 6318 6318 1961 2090 6319 6319 1964 2093 6320 6320 1964 2093 6321 6321 1963 2092 6322 6322 1958 2087 6323 6323 1961 2090 6324 6324 1962 2091 6325 6325 1965 2094 6326 6326 1965 2094 6327 6327 1964 2093 6328 6328 1961 2090 6329 6329 1965 2094 6330 6330 1963 2092 6331 6331 1964 2093 6332 6332 1965 2094 6333 6333 1962 2091 6334 6334 1966 2095 6335 6335 1966 2095 6336 6336 1967 2096 6337 6337 1965 2094 6338 6338 1963 2092 6339 6339 1968 2097 6340 6340 1948 2077 6341 6341 1949 2078 6342 6342 1948 2077 6343 6343 1968 2097 6344 6344 1949 2078 6345 6345 1968 2097 6346 6346 1969 2098 6347 6347 1965 2094 6348 6348 1970 2099 6349 6349 1963 2092 6350 6350 1970 2099 6351 6351 1968 2097 6352 6352 1963 2092 6353 6353 1971 2100 6354 6354 1965 2094 6355 6355 1967 2096 6356 6356 1971 2100 6357 6357 1970 2099 6358 6358 1965 2094 6359 6359 1967 2096 6360 6360 1972 2101 6361 6361 1971 2100 6362 6362 1969 2098 6363 6363 1968 2097 6364 6364 1973 2102 6365 6365 1970 2099 6366 6366 1973 2102 6367 6367 1968 2097 6368 6368 1969 2098 6369 6369 1973 2102 6370 6370 1974 2103 6371 6371 1971 2100 6372 6372 1975 2104 6373 6373 1970 2099 6374 6374 1975 2104 6375 6375 1973 2102 6376 6376 1970 2099 6377 6377 1976 2105 6378 6378 1971 2100 6379 6379 1972 2101 6380 6380 1976 2105 6381 6381 1975 2104 6382 6382 1971 2100 6383 6383 1972 2101 6384 6384 1977 2106 6385 6385 1976 2105 6386 6386 1974 2103 6387 6387 1973 2102 6388 6388 1978 2107 6389 6389 1975 2104 6390 6390 1978 2107 6391 6391 1973 2102 6392 6392 1974 2103 6393 6393 1978 2107 6394 6394 1979 2108 6395 6395 1976 2105 6396 6396 1980 2109 6397 6397 1975 2104 6398 6398 1980 2109 6399 6399 1978 2107 6400 6400 1975 2104 6401 6401 1981 2110 6402 6402 1976 2105 6403 6403 1977 2106 6404 6404 1981 2110 6405 6405 1980 2109 6406 6406 1976 2105 6407 6407 1977 2106 6408 6408 1982 2111 6409 6409 1981 2110 6410 6410 1979 2108 6411 6411 1978 2107 6412 6412 1983 2112 6413 6413 1980 2109 6414 6414 1983 2112 6415 6415 1978 2107 6416 6416 1979 2108 6417 6417 1983 2112 6418 6418 1984 2113 6419 6419 1984 2113 6420 6420 1983 2112 6421 6421 1985 2114 6422 6422 1986 2115 6423 6423 1983 2112 6424 6424 1980 2109 6425 6425 1986 2115 6426 6426 1985 2114 6427 6427 1983 2112 6428 6428 1981 2110 6429 6429 1986 2115 6430 6430 1980 2109 6431 6431 1987 2116 6432 6432 1985 2114 6433 6433 1986 2115 6434 6434 1988 2117 6435 6435 1986 2115 6436 6436 1981 2110 6437 6437 1988 2117 6438 6438 1987 2116 6439 6439 1986 2115 6440 6440 1988 2117 6441 6441 1981 2110 6442 6442 1982 2111 6443 6443 1989 2118 6444 6444 1987 2116 6445 6445 1988 2117 6446 6446 1982 2111 6447 6447 1990 2119 6448 6448 1988 2117 6449 6449 1989 2118 6450 6450 1988 2117 6451 6451 1990 2119 6452 6452 1991 2120 6453 6453 1992 2121 6454 6454 1993 2122 6455 6455 1993 2122 6456 6456 1992 2121 6457 6457 1994 2123 6458 6458 1993 2122 6459 6459 1994 2123 6460 6460 1995 2124 6461 6461 1996 2125 6462 6462 1994 2123 6463 6463 1992 2121 6464 6464 1995 2124 6465 6465 1994 2123 6466 6466 1997 2126 6467 6467 1995 2124 6468 6468 1997 2126 6469 6469 1998 2127 6470 6470 1999 2128 6471 6471 1994 2123 6472 6472 1996 2125 6473 6473 1999 2128 6474 6474 1997 2126 6475 6475 1994 2123 6476 6476 1998 2127 6477 6477 1997 2126 6478 6478 2000 2129 6479 6479 1998 2127 6480 6480 2000 2129 6481 6481 2001 2130 6482 6482 2002 2131 6483 6483 1997 2126 6484 6484 1999 2128 6485 6485 2002 2131 6486 6486 2000 2129 6487 6487 1997 2126 6488 6488 1999 2128 6489 6489 1996 2125 6490 6490 2003 2132 6491 6491 2004 2133 6492 6492 2003 2132 6493 6493 1996 2125 6494 6494 2005 2134 6495 6495 2003 2132 6496 6496 2004 2133 6497 6497 2006 2135 6498 6498 2003 2132 6499 6499 2005 2134 6500 6500 2003 2132 6501 6501 2007 2136 6502 6502 1999 2128 6503 6503 2006 2135 6504 6504 2007 2136 6505 6505 2003 2132 6506 6506 2002 2131 6507 6507 1999 2128 6508 6508 2007 2136 6509 6509 2008 2137 6510 6510 2007 2136 6511 6511 2006 2135 6512 6512 2008 2137 6513 6513 2009 2138 6514 6514 2007 2136 6515 6515 2007 2136 6516 6516 2009 2138 6517 6517 2002 2131 6518 6518 2010 2139 6519 6519 2009 2138 6520 6520 2008 2137 6521 6521 2011 2140 6522 6522 2002 2131 6523 6523 2009 2138 6524 6524 2011 2140 6525 6525 2000 2129 6526 6526 2002 2131 6527 6527 2010 2139 6528 6528 2012 2141 6529 6529 2009 2138 6530 6530 2009 2138 6531 6531 2012 2141 6532 6532 2011 2140 6533 6533 2013 2142 6534 6534 2012 2141 6535 6535 2010 2139 6536 6536 2011 2140 6537 6537 2014 2143 6538 6538 2000 2129 6539 6539 2001 2130 6540 6540 2000 2129 6541 6541 2014 2143 6542 6542 2001 2130 6543 6543 2014 2143 6544 6544 2015 2144 6545 6545 2016 2145 6546 6546 2011 2140 6547 6547 2012 2141 6548 6548 2016 2145 6549 6549 2014 2143 6550 6550 2011 2140 6551 6551 2013 2142 6552 6552 2017 2146 6553 6553 2012 2141 6554 6554 2012 2141 6555 6555 2017 2146 6556 6556 2016 2145 6557 6557 2018 2147 6558 6558 2017 2146 6559 6559 2013 2142 6560 6560 2018 2147 6561 6561 2019 2148 6562 6562 2017 2146 6563 6563 2015 2144 6564 6564 2014 2143 6565 6565 2020 2149 6566 6566 2016 2145 6567 6567 2020 2149 6568 6568 2014 2143 6569 6569 2015 2144 6570 6570 2020 2149 6571 6571 2021 2150 6572 6572 2022 2151 6573 6573 2020 2149 6574 6574 2016 2145 6575 6575 2022 2151 6576 6576 2016 2145 6577 6577 2017 2146 6578 6578 2021 2150 6579 6579 2020 2149 6580 6580 2023 2152 6581 6581 2022 2151 6582 6582 2023 2152 6583 6583 2020 2149 6584 6584 2021 2150 6585 6585 2023 2152 6586 6586 2024 2153 6587 6587 2025 2154 6588 6588 2022 2151 6589 6589 2017 2146 6590 6590 2024 2153 6591 6591 2023 2152 6592 6592 2026 2155 6593 6593 2024 2153 6594 6594 2026 2155 6595 6595 2027 2156 6596 6596 2027 2156 6597 6597 2026 2155 6598 6598 2028 2157 6599 6599 2029 2158 6600 6600 2023 2152 6601 6601 2022 2151 6602 6602 2029 2158 6603 6603 2026 2155 6604 6604 2023 2152 6605 6605 2030 2159 6606 6606 2028 2157 6607 6607 2026 2155 6608 6608 2030 2159 6609 6609 2026 2155 6610 6610 2029 2158 6611 6611 2031 2160 6612 6612 2028 2157 6613 6613 2030 2159 6614 6614 2031 2160 6615 6615 2030 2159 6616 6616 2032 2161 6617 6617 2029 2158 6618 6618 2022 2151 6619 6619 2033 2162 6620 6620 2029 2158 6621 6621 2033 2162 6622 6622 2030 2159 6623 6623 2025 2154 6624 6624 2033 2162 6625 6625 2022 2151 6626 6626 2034 2163 6627 6627 2032 2161 6628 6628 2035 2164 6629 6629 2025 2154 6630 6630 2036 2165 6631 6631 2033 2162 6632 6632 2036 2165 6633 6633 2025 2154 6634 6634 2017 2146 6635 6635 2036 2165 6636 6636 2017 2146 6637 6637 2019 2148 6638 6638 2019 2148 6639 6639 2037 2166 6640 6640 2036 2165 6641 6641 2035 2164 6642 6642 2032 2161 6643 6643 2038 2167 6644 6644 2038 2167 6645 6645 2032 2161 6646 6646 2030 2159 6647 6647 2038 2167 6648 6648 2039 2168 6649 6649 2035 2164 6650 6650 2040 2169 6651 6651 2035 2164 6652 6652 2039 2168 6653 6653 2040 2169 6654 6654 2039 2168 6655 6655 2037 2166 6656 6656 2030 2159 6657 6657 2041 2170 6658 6658 2038 2167 6659 6659 2041 2170 6660 6660 2039 2168 6661 6661 2038 2167 6662 6662 2041 2170 6663 6663 2030 2159 6664 6664 2033 2162 6665 6665 2042 2171 6666 6666 2037 2166 6667 6667 2039 2168 6668 6668 2042 2171 6669 6669 2036 2165 6670 6670 2037 2166 6671 6671 2039 2168 6672 6672 2041 2170 6673 6673 2043 2172 6674 6674 2043 2172 6675 6675 2042 2171 6676 6676 2039 2168 6677 6677 2033 2162 6678 6678 2043 2172 6679 6679 2041 2170 6680 6680 2043 2172 6681 6681 2036 2165 6682 6682 2042 2171 6683 6683 2043 2172 6684 6684 2033 2162 6685 6685 2036 2165 6686 6686 2044 2173 6687 6687 2045 2174 6688 6688 2046 2175 6689 6689 2046 2175 6690 6690 2045 2174 6691 6691 2047 2176 6692 6692 2046 2175 6693 6693 2047 2176 6694 6694 2048 2177 6695 6695 2049 2178 6696 6696 2047 2176 6697 6697 2045 2174 6698 6698 2048 2177 6699 6699 2047 2176 6700 6700 2050 2179 6701 6701 2048 2177 6702 6702 2050 2179 6703 6703 2051 2180 6704 6704 2052 2181 6705 6705 2047 2176 6706 6706 2049 2178 6707 6707 2052 2181 6708 6708 2050 2179 6709 6709 2047 2176 6710 6710 2051 2180 6711 6711 2050 2179 6712 6712 2053 2182 6713 6713 2051 2180 6714 6714 2053 2182 6715 6715 2054 2183 6716 6716 2055 2184 6717 6717 2050 2179 6718 6718 2052 2181 6719 6719 2055 2184 6720 6720 2053 2182 6721 6721 2050 2179 6722 6722 2052 2181 6723 6723 2049 2178 6724 6724 2056 2185 6725 6725 2052 2181 6726 6726 2056 2185 6727 6727 2055 2184 6728 6728 2057 2186 6729 6729 2056 2185 6730 6730 2049 2178 6731 6731 2057 2186 6732 6732 2058 2187 6733 6733 2056 2185 6734 6734 2054 2183 6735 6735 2053 2182 6736 6736 2059 2188 6737 6737 2054 2183 6738 6738 2059 2188 6739 6739 2060 2189 6740 6740 2061 2190 6741 6741 2059 2188 6742 6742 2053 2182 6743 6743 2061 2190 6744 6744 2053 2182 6745 6745 2055 2184 6746 6746 2060 2189 6747 6747 2059 2188 6748 6748 2062 2191 6749 6749 2060 2189 6750 6750 2062 2191 6751 6751 2063 2192 6752 6752 2064 2193 6753 6753 2059 2188 6754 6754 2061 2190 6755 6755 2064 2193 6756 6756 2062 2191 6757 6757 2059 2188 6758 6758 2063 2192 6759 6759 2062 2191 6760 6760 2065 2194 6761 6761 2063 2192 6762 6762 2065 2194 6763 6763 2066 2195 6764 6764 2067 2196 6765 6765 2062 2191 6766 6766 2064 2193 6767 6767 2067 2196 6768 6768 2065 2194 6769 6769 2062 2191 6770 6770 2066 2195 6771 6771 2065 2194 6772 6772 2068 2197 6773 6773 2066 2195 6774 6774 2068 2197 6775 6775 2069 2198 6776 6776 2069 2198 6777 6777 2068 2197 6778 6778 2070 2199 6779 6779 2071 2200 6780 6780 2065 2194 6781 6781 2067 2196 6782 6782 2071 2200 6783 6783 2068 2197 6784 6784 2065 2194 6785 6785 2072 2201 6786 6786 2070 2199 6787 6787 2068 2197 6788 6788 2072 2201 6789 6789 2068 2197 6790 6790 2071 2200 6791 6791 2073 2202 6792 6792 2070 2199 6793 6793 2072 2201 6794 6794 2073 2202 6795 6795 2072 2201 6796 6796 2074 2203 6797 6797 2075 2204 6798 6798 2074 2203 6799 6799 2072 2201 6800 6800 2072 2201 6801 6801 2071 2200 6802 6802 2075 2204 6803 6803 2075 2204 6804 6804 2076 2205 6805 6805 2074 2203 6806 6806 2074 2203 6807 6807 2076 2205 6808 6808 2077 2206 6809 6809 2078 2207 6810 6810 2075 2204 6811 6811 2071 2200 6812 6812 2075 2204 6813 6813 2078 2207 6814 6814 2076 2205 6815 6815 2067 2196 6816 6816 2079 2208 6817 6817 2071 2200 6818 6818 2071 2200 6819 6819 2079 2208 6820 6820 2078 2207 6821 6821 2067 2196 6822 6822 2064 2193 6823 6823 2079 2208 6824 6824 2080 2209 6825 6825 2079 2208 6826 6826 2064 2193 6827 6827 2064 2193 6828 6828 2061 2190 6829 6829 2080 2209 6830 6830 2079 2208 6831 6831 2081 2210 6832 6832 2078 2207 6833 6833 2079 2208 6834 6834 2080 2209 6835 6835 2081 2210 6836 6836 2078 2207 6837 6837 2081 2210 6838 6838 2082 2211 6839 6839 2082 2211 6840 6840 2076 2205 6841 6841 2078 2207 6842 6842 2083 2212 6843 6843 2080 2209 6844 6844 2061 2190 6845 6845 2061 2190 6846 6846 2055 2184 6847 6847 2083 2212 6848 6848 2084 2213 6849 6849 2081 2210 6850 6850 2080 2209 6851 6851 2080 2209 6852 6852 2083 2212 6853 6853 2084 2213 6854 6854 2081 2210 6855 6855 2085 2214 6856 6856 2082 2211 6857 6857 2081 2210 6858 6858 2084 2213 6859 6859 2085 2214 6860 6860 2082 2211 6861 6861 2086 2215 6862 6862 2076 2205 6863 6863 2082 2211 6864 6864 2085 2214 6865 6865 2086 2215 6866 6866 2076 2205 6867 6867 2086 2215 6868 6868 2087 2216 6869 6869 2076 2205 6870 6870 2087 2216 6871 6871 2077 2206 6872 6872 2088 2217 6873 6873 2086 2215 6874 6874 2085 2214 6875 6875 2088 2217 6876 6876 2085 2214 6877 6877 2084 2213 6878 6878 2089 2218 6879 6879 2087 2216 6880 6880 2086 2215 6881 6881 2089 2218 6882 6882 2086 2215 6883 6883 2088 2217 6884 6884 2090 2219 6885 6885 2077 2206 6886 6886 2087 2216 6887 6887 2090 2219 6888 6888 2087 2216 6889 6889 2089 2218 6890 6890 2077 2206 6891 6891 2090 2219 6892 6892 2091 2220 6893 6893 2090 2219 6894 6894 2092 2221 6895 6895 2091 2220 6896 6896 2091 2220 6897 6897 2092 2221 6898 6898 2093 2222 6899 6899 2094 2223 6900 6900 2093 2222 6901 6901 2095 2224 6902 6902 2095 2224 6903 6903 2093 2222 6904 6904 2092 2221 6905 6905 2090 2219 6906 6906 2096 2225 6907 6907 2092 2221 6908 6908 2090 2219 6909 6909 2089 2218 6910 6910 2096 2225 6911 6911 2092 2221 6912 6912 2097 2226 6913 6913 2095 2224 6914 6914 2097 2226 6915 6915 2092 2221 6916 6916 2096 2225 6917 6917 2095 2224 6918 6918 2097 2226 6919 6919 2098 2227 6920 6920 2098 2227 6921 6921 2097 2226 6922 6922 2099 2228 6923 6923 2100 2229 6924 6924 2099 2228 6925 6925 2097 2226 6926 6926 2099 2228 6927 6927 2100 2229 6928 6928 2101 2230 6929 6929 2102 2231 6930 6930 2101 2230 6931 6931 2100 2229 6932 6932 2103 2232 6933 6933 2100 2229 6934 6934 2097 2226 6935 6935 2100 2229 6936 6936 2103 2232 6937 6937 2102 2231 6938 6938 2103 2232 6939 6939 2097 2226 6940 6940 2096 2225 6941 6941 2104 2233 6942 6942 2102 2231 6943 6943 2103 2232 6944 6944 2096 2225 6945 6945 2105 2234 6946 6946 2103 2232 6947 6947 2096 2225 6948 6948 2089 2218 6949 6949 2105 2234 6950 6950 2103 2232 6951 6951 2106 2235 6952 6952 2104 2233 6953 6953 2106 2235 6954 6954 2103 2232 6955 6955 2105 2234 6956 6956 2106 2235 6957 6957 2107 2236 6958 6958 2104 2233 6959 6959 2105 2234 6960 6960 2089 2218 6961 6961 2108 2237 6962 6962 2105 2234 6963 6963 2108 2237 6964 6964 2106 2235 6965 6965 2088 2217 6966 6966 2108 2237 6967 6967 2089 2218 6968 6968 2106 2235 6969 6969 2109 2238 6970 6970 2107 2236 6971 6971 2109 2238 6972 6972 2106 2235 6973 6973 2108 2237 6974 6974 2108 2237 6975 6975 2088 2217 6976 6976 2110 2239 6977 6977 2108 2237 6978 6978 2110 2239 6979 6979 2109 2238 6980 6980 2109 2238 6981 6981 2111 2240 6982 6982 2107 2236 6983 6983 2111 2240 6984 6984 2109 2238 6985 6985 2110 2239 6986 6986 2112 2241 6987 6987 2107 2236 6988 6988 2111 2240 6989 6989 2113 2242 6990 6990 2112 2241 6991 6991 2111 2240 6992 6992 2114 2243 6993 6993 2110 2239 6994 6994 2088 2217 6995 6995 2114 2243 6996 6996 2088 2217 6997 6997 2084 2213 6998 6998 2110 2239 6999 6999 2115 2244 7000 7000 2111 2240 7001 7001 2110 2239 7002 7002 2114 2243 7003 7003 2115 2244 7004 7004 2111 2240 7005 7005 2116 2245 7006 7006 2113 2242 7007 7007 2116 2245 7008 7008 2111 2240 7009 7009 2115 2244 7010 7010 2084 2213 7011 7011 2117 2246 7012 7012 2114 2243 7013 7013 2084 2213 7014 7014 2083 2212 7015 7015 2117 2246 7016 7016 2118 2247 7017 7017 2114 2243 7018 7018 2117 2246 7019 7019 2118 2247 7020 7020 2115 2244 7021 7021 2114 2243 7022 7022 2083 2212 7023 7023 2119 2248 7024 7024 2117 2246 7025 7025 2117 2246 7026 7026 2119 2248 7027 7027 2118 2247 7028 7028 2120 2249 7029 7029 2119 2248 7030 7030 2083 2212 7031 7031 2120 2249 7032 7032 2083 2212 7033 7033 2055 2184 7034 7034 2055 2184 7035 7035 2056 2185 7036 7036 2120 2249 7037 7037 2120 2249 7038 7038 2056 2185 7039 7039 2119 2248 7040 7040 2121 2250 7041 7041 2119 2248 7042 7042 2056 2185 7043 7043 2121 2250 7044 7044 2056 2185 7045 7045 2058 2187 7046 7046 2058 2187 7047 7047 2122 2251 7048 7048 2121 2250 7049 7049 2119 2248 7050 7050 2121 2250 7051 7051 2123 2252 7052 7052 2123 2252 7053 7053 2118 2247 7054 7054 2119 2248 7055 7055 2121 2250 7056 7056 2122 2251 7057 7057 2124 2253 7058 7058 2124 2253 7059 7059 2123 2252 7060 7060 2121 2250 7061 7061 2122 2251 7062 7062 2125 2254 7063 7063 2124 2253 7064 7064 2123 2252 7065 7065 2126 2255 7066 7066 2118 2247 7067 7067 2123 2252 7068 7068 2124 2253 7069 7069 2126 2255 7070 7070 2115 2244 7071 7071 2118 2247 7072 7072 2126 2255 7073 7073 2124 2253 7074 7074 2125 2254 7075 7075 2127 2256 7076 7076 2127 2256 7077 7077 2126 2255 7078 7078 2124 2253 7079 7079 2128 2257 7080 7080 2127 2256 7081 7081 2125 2254 7082 7082 2129 2258 7083 7083 2127 2256 7084 7084 2128 2257 7085 7085 2126 2255 7086 7086 2130 2259 7087 7087 2115 2244 7088 7088 2130 2259 7089 7089 2116 2245 7090 7090 2115 2244 7091 7091 2127 2256 7092 7092 2131 2260 7093 7093 2126 2255 7094 7094 2127 2256 7095 7095 2129 2258 7096 7096 2131 2260 7097 7097 2130 2259 7098 7098 2126 2255 7099 7099 2131 2260 7100 7100 2132 2261 7101 7101 2131 2260 7102 7102 2129 2258 7103 7103 2132 2261 7104 7104 2133 2262 7105 7105 2131 2260 7106 7106 2130 2259 7107 7107 2134 2263 7108 7108 2116 2245 7109 7109 2130 2259 7110 7110 2131 2260 7111 7111 2134 2263 7112 7112 2116 2245 7113 7113 2134 2263 7114 7114 2113 2242 7115 7115 2135 2264 7116 7116 2113 2242 7117 7117 2134 2263 7118 7118 2135 2264 7119 7119 2134 2263 7120 7120 2136 2265 7121 7121 2137 2266 7122 7122 2131 2260 7123 7123 2133 2262 7124 7124 2137 2266 7125 7125 2134 2263 7126 7126 2131 2260 7127 7127 2137 2266 7128 7128 2136 2265 7129 7129 2134 2263 7130 7130 2133 2262 7131 7131 2138 2267 7132 7132 2137 2266 7133 7133 2136 2265 7134 7134 2137 2266 7135 7135 2138 2267 7136 7136 2101 2268 7137 7137 2139 2269 7138 7138 2140 2270 7139 7139 2141 2271 7140 7140 2140 2270 7141 7141 2139 2269 7142 7142 2140 2270 7143 7143 2141 2271 7144 7144 2142 2272 7145 7145 2139 2269 7146 7146 2143 2273 7147 7147 2141 2271 7148 7148 2144 2274 7149 7149 2142 2272 7150 7150 2141 2271 7151 7151 2144 2274 7152 7152 2145 2275 7153 7153 2142 2272 7154 7154 2146 2276 7155 7155 2141 2271 7156 7156 2143 2273 7157 7157 2141 2271 7158 7158 2146 2276 7159 7159 2144 2274 7160 7160 2145 2275 7161 7161 2147 2277 7162 7162 2148 2278 7163 7163 2149 2279 7164 7164 2146 2276 7165 7165 2143 2273 7166 7166 2147 2277 7167 7167 2145 2275 7168 7168 2150 2280 7169 7169 2145 2275 7170 7170 2144 2274 7171 7171 2150 2280 7172 7172 2147 2277 7173 7173 2150 2280 7174 7174 2151 2281 7175 7175 2152 2282 7176 7176 2149 2279 7177 7177 2143 2273 7178 7178 2151 2281 7179 7179 2150 2280 7180 7180 2153 2283 7181 7181 2151 2281 7182 7182 2153 2283 7183 7183 2154 2284 7184 7184 2155 2285 7185 7185 2150 2280 7186 7186 2144 2274 7187 7187 2146 2276 7188 7188 2155 2285 7189 7189 2144 2274 7190 7190 2150 2280 7191 7191 2155 2285 7192 7192 2153 2283 7193 7193 2146 2276 7194 7194 2149 2279 7195 7195 2155 2285 7196 7196 2156 2286 7197 7197 2149 2279 7198 7198 2152 2282 7199 7199 2152 2282 7200 7200 2157 2287 7201 7201 2156 2286 7202 7202 2158 2288 7203 7203 2155 2285 7204 7204 2149 2279 7205 7205 2149 2279 7206 7206 2156 2286 7207 7207 2158 2288 7208 7208 2159 2289 7209 7209 2155 2285 7210 7210 2158 2288 7211 7211 2155 2285 7212 7212 2159 2289 7213 7213 2153 2283 7214 7214 2160 2290 7215 7215 2158 2288 7216 7216 2156 2286 7217 7217 2158 2288 7218 7218 2160 2290 7219 7219 2159 2289 7220 7220 2161 2291 7221 7221 2156 2286 7222 7222 2157 2287 7223 7223 2156 2286 7224 7224 2161 2291 7225 7225 2160 2290 7226 7226 2161 2291 7227 7227 2157 2287 7228 7228 2162 2292 7229 7229 2163 2293 7230 7230 2160 2290 7231 7231 2161 2291 7232 7232 2164 2294 7233 7233 2161 2291 7234 7234 2162 2292 7235 7235 2161 2291 7236 7236 2164 2294 7237 7237 2163 2293 7238 7238 2165 2295 7239 7239 2159 2289 7240 7240 2160 2290 7241 7241 2160 2290 7242 7242 2163 2293 7243 7243 2165 2295 7244 7244 2162 2292 7245 7245 2166 2296 7246 7246 2164 2294 7247 7247 2162 2292 7248 7248 2167 2297 7249 7249 2166 2296 7250 7250 2167 2297 7251 7251 2168 2298 7252 7252 2166 2296 7253 7253 2169 2299 7254 7254 2163 2293 7255 7255 2164 2294 7256 7256 2170 2300 7257 7257 2166 2296 7258 7258 2168 2298 7259 7259 2168 2298 7260 7260 2171 2301 7261 7261 2170 2300 7262 7262 2172 2302 7263 7263 2170 2300 7264 7264 2171 2301 7265 7265 2172 2302 7266 7266 2173 2303 7267 7267 2170 2300 7268 7268 2164 2294 7269 7269 2166 2296 7270 7270 2174 2304 7271 7271 2164 2294 7272 7272 2174 2304 7273 7273 2169 2299 7274 7274 2170 2300 7275 7275 2175 2305 7276 7276 2166 2296 7277 7277 2175 2305 7278 7278 2170 2300 7279 7279 2173 2303 7280 7280 2174 2304 7281 7281 2166 2296 7282 7282 2175 2305 7283 7283 2173 2303 7284 7284 2176 2306 7285 7285 2175 2305 7286 7286 2175 2305 7287 7287 2177 2307 7288 7288 2174 2304 7289 7289 2169 2299 7290 7290 2174 2304 7291 7291 2177 2307 7292 7292 2178 2308 7293 7293 2175 2305 7294 7294 2176 2306 7295 7295 2177 2307 7296 7296 2175 2305 7297 7297 2178 2308 7298 7298 2179 2309 7299 7299 2178 2308 7300 7300 2176 2306 7301 7301 2178 2308 7302 7302 2179 2309 7303 7303 2180 2310 7304 7304 2178 2308 7305 7305 2180 2310 7306 7306 2181 2311 7307 7307 2178 2308 7308 7308 2181 2311 7309 7309 2177 2307 7310 7310 2181 2311 7311 7311 2180 2310 7312 7312 2182 2312 7313 7313 2183 2313 7314 7314 2177 2307 7315 7315 2181 2311 7316 7316 2181 2311 7317 7317 2182 2312 7318 7318 2184 2314 7319 7319 2181 2311 7320 7320 2184 2314 7321 7321 2183 2313 7322 7322 2184 2314 7323 7323 2182 2312 7324 7324 2185 2315 7325 7325 2183 2313 7326 7326 2186 2316 7327 7327 2177 2307 7328 7328 2169 2299 7329 7329 2177 2307 7330 7330 2186 2316 7331 7331 2183 2313 7332 7332 2184 2314 7333 7333 2187 2317 7334 7334 2183 2313 7335 7335 2187 2317 7336 7336 2186 2316 7337 7337 2184 2314 7338 7338 2185 2315 7339 7339 2188 2318 7340 7340 2188 2318 7341 7341 2187 2317 7342 7342 2184 2314 7343 7343 2188 2318 7344 7344 2185 2315 7345 7345 2189 2319 7346 7346 2189 2319 7347 7347 2190 2320 7348 7348 2188 2318 7349 7349 2186 2316 7350 7350 2191 2321 7351 7351 2169 2299 7352 7352 2163 2293 7353 7353 2169 2299 7354 7354 2191 2321 7355 7355 2191 2321 7356 7356 2165 2295 7357 7357 2163 2293 7358 7358 2192 2322 7359 7359 2191 2321 7360 7360 2186 2316 7361 7361 2186 2316 7362 7362 2187 2317 7363 7363 2192 2322 7364 7364 2193 2323 7365 7365 2165 2295 7366 7366 2191 2321 7367 7367 2191 2321 7368 7368 2192 2322 7369 7369 2193 2323 7370 7370 2192 2322 7371 7371 2187 2317 7372 7372 2194 2324 7373 7373 2192 2322 7374 7374 2194 2324 7375 7375 2193 2323 7376 7376 2194 2324 7377 7377 2187 2317 7378 7378 2195 2325 7379 7379 2187 2317 7380 7380 2188 2318 7381 7381 2195 2325 7382 7382 2165 2295 7383 7383 2193 2323 7384 7384 2196 2326 7385 7385 2165 2295 7386 7386 2196 2326 7387 7387 2159 2289 7388 7388 2195 2325 7389 7389 2188 2318 7390 7390 2197 2327 7391 7391 2195 2325 7392 7392 2197 2327 7393 7393 2194 2324 7394 7394 2159 2289 7395 7395 2196 2326 7396 7396 2198 2328 7397 7397 2159 2289 7398 7398 2198 2328 7399 7399 2153 2283 7400 7400 2199 2329 7401 7401 2196 2326 7402 7402 2193 2323 7403 7403 2199 2329 7404 7404 2198 2328 7405 7405 2196 2326 7406 7406 2200 2330 7407 7407 2193 2323 7408 7408 2194 2324 7409 7409 2193 2323 7410 7410 2200 2330 7411 7411 2199 2329 7412 7412 2153 2283 7413 7413 2198 2328 7414 7414 2201 2331 7415 7415 2153 2283 7416 7416 2201 2331 7417 7417 2154 2284 7418 7418 2202 2332 7419 7419 2201 2331 7420 7420 2198 2328 7421 7421 2202 2332 7422 7422 2198 2328 7423 7423 2199 2329 7424 7424 2154 2284 7425 7425 2201 2331 7426 7426 2203 2333 7427 7427 2203 2333 7428 7428 2201 2331 7429 7429 2202 2332 7430 7430 2154 2284 7431 7431 2203 2333 7432 7432 2204 2334 7433 7433 2202 2332 7434 7434 2199 2329 7435 7435 2205 2335 7436 7436 2202 2332 7437 7437 2205 2335 7438 7438 2203 2333 7439 7439 2206 2336 7440 7440 2204 2334 7441 7441 2203 2333 7442 7442 2203 2333 7443 7443 2205 2335 7444 7444 2206 2336 7445 7445 2206 2336 7446 7446 2207 2337 7447 7447 2204 2334 7448 7448 2204 2334 7449 7449 2207 2337 7450 7450 2208 2338 7451 7451 2208 2338 7452 7452 2207 2337 7453 7453 2209 2339 7454 7454 2205 2335 7455 7455 2210 2340 7456 7456 2206 2336 7457 7457 2206 2336 7458 7458 2210 2340 7459 7459 2207 2337 7460 7460 2211 2341 7461 7461 2205 2335 7462 7462 2199 2329 7463 7463 2205 2335 7464 7464 2211 2341 7465 7465 2210 2340 7466 7466 2199 2329 7467 7467 2200 2330 7468 7468 2211 2341 7469 7469 2212 2342 7470 7470 2209 2339 7471 7471 2207 2337 7472 7472 2207 2337 7473 7473 2210 2340 7474 7474 2212 2342 7475 7475 2209 2339 7476 7476 2212 2342 7477 7477 2213 2343 7478 7478 2214 2344 7479 7479 2213 2343 7480 7480 2212 2342 7481 7481 2212 2342 7482 7482 2215 2345 7483 7483 2214 2344 7484 7484 2215 2345 7485 7485 2212 2342 7486 7486 2210 2340 7487 7487 2216 2346 7488 7488 2214 2344 7489 7489 2215 2345 7490 7490 2210 2340 7491 7491 2217 2347 7492 7492 2215 2345 7493 7493 2217 2347 7494 7494 2210 2340 7495 7495 2211 2341 7496 7496 2215 2345 7497 7497 2218 2348 7498 7498 2216 2346 7499 7499 2218 2348 7500 7500 2215 2345 7501 7501 2217 2347 7502 7502 2219 2349 7503 7503 2216 2346 7504 7504 2218 2348 7505 7505 2211 2341 7506 7506 2220 2350 7507 7507 2217 2347 7508 7508 2217 2347 7509 7509 2220 2350 7510 7510 2218 2348 7511 7511 2200 2330 7512 7512 2220 2350 7513 7513 2211 2341 7514 7514 2218 2348 7515 7515 2221 2351 7516 7516 2219 2349 7517 7517 2221 2351 7518 7518 2218 2348 7519 7519 2220 2350 7520 7520 2222 2352 7521 7521 2219 2349 7522 7522 2221 2351 7523 7523 2200 2330 7524 7524 2223 2353 7525 7525 2220 2350 7526 7526 2220 2350 7527 7527 2223 2353 7528 7528 2221 2351 7529 7529 2194 2324 7530 7530 2223 2353 7531 7531 2200 2330 7532 7532 2194 2324 7533 7533 2197 2327 7534 7534 2223 2353 7535 7535 2221 2351 7536 7536 2224 2354 7537 7537 2222 2352 7538 7538 2224 2354 7539 7539 2221 2351 7540 7540 2223 2353 7541 7541 2223 2353 7542 7542 2197 2327 7543 7543 2224 2354 7544 7544 2225 2355 7545 7545 2222 2352 7546 7546 2224 2354 7547 7547 2224 2354 7548 7548 2226 2356 7549 7549 2225 2355 7550 7550 2226 2356 7551 7551 2224 2354 7552 7552 2197 2327 7553 7553 2227 2357 7554 7554 2225 2355 7555 7555 2226 2356 7556 7556 2197 2327 7557 7557 2228 2358 7558 7558 2226 2356 7559 7559 2228 2358 7560 7560 2197 2327 7561 7561 2188 2318 7562 7562 2188 2318 7563 7563 2190 2320 7564 7564 2228 2358 7565 7565 2226 2356 7566 7566 2229 2359 7567 7567 2227 2357 7568 7568 2229 2359 7569 7569 2226 2356 7570 7570 2228 2358 7571 7571 2228 2358 7572 7572 2190 2320 7573 7573 2229 2359 7574 7574 2230 2360 7575 7575 2227 2357 7576 7576 2229 2359 7577 7577 2231 2361 7578 7578 2229 2359 7579 7579 2190 2320 7580 7580 2229 2359 7581 7581 2231 2361 7582 7582 2230 2360 7583 7583 2232 2362 7584 7584 2230 2360 7585 7585 2231 2361 7586 7586 2233 2363 7587 7587 2234 2364 7588 7588 2235 2365 7589 7589 2236 2366 7590 7590 2234 2364 7591 7591 2233 2363 7592 7592 2236 2366 7593 7593 2237 2367 7594 7594 2234 2364 7595 7595 2238 2368 7596 7596 2237 2367 7597 7597 2236 2366 7598 7598 2238 2368 7599 7599 2239 2369 7600 7600 2237 2367 7601 7601 2233 2370 7602 7602 2240 2371 7603 7603 2241 2372 7604 7604 2241 2372 7605 7605 2240 2371 7606 7606 2242 2373 7607 7607 2242 2373 7608 7608 2243 2374 7609 7609 2241 2372 7610 7610 2241 2372 7611 7611 2243 2374 7612 7612 2238 2368 7613 7613 2244 2375 7614 7614 2239 2369 7615 7615 2238 2368 7616 7616 2238 2368 7617 7617 2243 2374 7618 7618 2244 2375 7619 7619 2244 2375 7620 7620 2243 2374 7621 7621 2245 2376 7622 7622 2244 2375 7623 7623 2246 2377 7624 7624 2239 2369 7625 7625 2245 2376 7626 7626 2247 2378 7627 7627 2244 2375 7628 7628 2248 2379 7629 7629 2246 2377 7630 7630 2244 2375 7631 7631 2244 2375 7632 7632 2247 2378 7633 7633 2249 2380 7634 7634 2248 2379 7635 7635 2250 2381 7636 7636 2246 2377 7637 7637 2249 2380 7638 7638 2247 2378 7639 7639 2251 2382 7640 7640 2251 2383 7641 7641 2250 2381 7642 7642 2248 2379 7643 7643 2251 2382 7644 7644 2247 2378 7645 7645 2252 2384 7646 7646 2251 2383 7647 7647 2253 2385 7648 7648 2250 2381 7649 7649 2252 2384 7650 7650 2254 2386 7651 7651 2251 2382 7652 7652 2255 2387 7653 7653 2253 2385 7654 7654 2251 2383 7655 7655 2251 2382 7656 7656 2254 2386 7657 7657 2256 2388 7658 7658 2255 2387 7659 7659 2257 2389 7660 7660 2253 2385 7661 7661 2256 2388 7662 7662 2254 2386 7663 7663 2258 2390 7664 7664 2259 2391 7665 7665 2257 2389 7666 7666 2255 2387 7667 7667 2258 2390 7668 7668 2254 2386 7669 7669 2260 2392 7670 7670 2259 2391 7671 7671 2261 2393 7672 7672 2257 2389 7673 7673 2262 2394 7674 7674 2261 2393 7675 7675 2259 2391 7676 7676 2260 2392 7677 7677 2263 2395 7678 7678 2258 2390 7679 7679 2258 2390 7680 7680 2263 2395 7681 7681 2262 2396 7682 7682 2264 2397 7683 7683 2265 2398 7684 7684 2266 2399 7685 7685 2266 2399 7686 7686 2265 2398 7687 7687 2267 2400 7688 7688 2266 2399 7689 7689 2267 2400 7690 7690 2268 2401 7691 7691 2265 2398 7692 7692 2269 2402 7693 7693 2267 2400 7694 7694 2268 2401 7695 7695 2267 2400 7696 7696 2270 2403 7697 7697 2268 2401 7698 7698 2270 2403 7699 7699 2271 2404 7700 7700 2267 2400 7701 7701 2269 2402 7702 7702 2272 2405 7703 7703 2267 2400 7704 7704 2272 2405 7705 7705 2270 2403 7706 7706 2269 2402 7707 7707 2273 2406 7708 7708 2272 2405 7709 7709 2271 2404 7710 7710 2270 2403 7711 7711 2274 2407 7712 7712 2271 2404 7713 7713 2274 2407 7714 7714 2275 2408 7715 7715 2270 2403 7716 7716 2272 2405 7717 7717 2276 2409 7718 7718 2270 2403 7719 7719 2276 2409 7720 7720 2274 2407 7721 7721 2272 2405 7722 7722 2273 2406 7723 7723 2277 2410 7724 7724 2272 2405 7725 7725 2277 2410 7726 7726 2276 2409 7727 7727 2278 2411 7728 7728 2277 2410 7729 7729 2273 2406 7730 7730 2279 2412 7731 7731 2277 2410 7732 7732 2278 2411 7733 7733 2279 2412 7734 7734 2280 2413 7735 7735 2277 2410 7736 7736 2276 2409 7737 7737 2277 2410 7738 7738 2280 2413 7739 7739 2281 2414 7740 7740 2280 2413 7741 7741 2279 2412 7742 7742 2276 2409 7743 7743 2280 2413 7744 7744 2282 2415 7745 7745 2274 2407 7746 7746 2276 2409 7747 7747 2282 2415 7748 7748 2281 2414 7749 7749 2283 2416 7750 7750 2280 2413 7751 7751 2282 2415 7752 7752 2280 2413 7753 7753 2283 2416 7754 7754 2284 2417 7755 7755 2283 2416 7756 7756 2281 2414 7757 7757 2274 2407 7758 7758 2282 2415 7759 7759 2285 2418 7760 7760 2275 2408 7761 7761 2274 2407 7762 7762 2285 2418 7763 7763 2275 2408 7764 7764 2285 2418 7765 7765 2286 2419 7766 7766 2282 2415 7767 7767 2283 2416 7768 7768 2287 2420 7769 7769 2285 2418 7770 7770 2282 2415 7771 7771 2287 2420 7772 7772 2284 2417 7773 7773 2288 2421 7774 7774 2283 2416 7775 7775 2287 2420 7776 7776 2283 2416 7777 7777 2288 2421 7778 7778 2289 2422 7779 7779 2288 2421 7780 7780 2284 2417 7781 7781 2286 2419 7782 7782 2285 2418 7783 7783 2290 2423 7784 7784 2285 2418 7785 7785 2287 2420 7786 7786 2290 2423 7787 7787 2286 2419 7788 7788 2290 2423 7789 7789 2291 2424 7790 7790 2287 2420 7791 7791 2288 2421 7792 7792 2292 2425 7793 7793 2290 2423 7794 7794 2287 2420 7795 7795 2292 2425 7796 7796 2289 2422 7797 7797 2293 2426 7798 7798 2288 2421 7799 7799 2292 2425 7800 7800 2288 2421 7801 7801 2293 2426 7802 7802 2294 2427 7803 7803 2293 2426 7804 7804 2289 2422 7805 7805 2291 2424 7806 7806 2290 2423 7807 7807 2295 2428 7808 7808 2290 2423 7809 7809 2292 2425 7810 7810 2295 2428 7811 7811 2291 2424 7812 7812 2295 2428 7813 7813 2296 2429 7814 7814 2292 2425 7815 7815 2293 2426 7816 7816 2297 2430 7817 7817 2295 2428 7818 7818 2292 2425 7819 7819 2297 2430 7820 7820 2294 2427 7821 7821 2298 2431 7822 7822 2293 2426 7823 7823 2297 2430 7824 7824 2293 2426 7825 7825 2298 2431 7826 7826 2299 2432 7827 7827 2298 2431 7828 7828 2294 2427 7829 7829 2296 2429 7830 7830 2295 2428 7831 7831 2300 2433 7832 7832 2295 2428 7833 7833 2297 2430 7834 7834 2300 2433 7835 7835 2296 2429 7836 7836 2300 2433 7837 7837 2301 2434 7838 7838 2301 2434 7839 7839 2300 2433 7840 7840 2302 2435 7841 7841 2300 2433 7842 7842 2297 2430 7843 7843 2303 2436 7844 7844 2300 2433 7845 7845 2303 2436 7846 7846 2302 2435 7847 7847 2297 2430 7848 7848 2298 2431 7849 7849 2303 2436 7850 7850 2302 2435 7851 7851 2303 2436 7852 7852 2304 2437 7853 7853 2303 2436 7854 7854 2298 2431 7855 7855 2305 2438 7856 7856 2303 2436 7857 7857 2305 2438 7858 7858 2304 2437 7859 7859 2299 2432 7860 7860 2305 2438 7861 7861 2298 2431 7862 7862 2304 2437 7863 7863 2305 2438 7864 7864 2306 2439 7865 7865 2307 2440 7866 7866 2305 2438 7867 7867 2299 2432 7868 7868 2307 2440 7869 7869 2306 2439 7870 7870 2305 2438 7871 7871 2308 2441 7872 7872 2306 2439 7873 7873 2307 2440 7874 7874 2309 2442 7875 7875 2310 2443 7876 7876 2311 2444 7877 7877 2311 2444 7878 7878 2310 2443 7879 7879 2312 2445 7880 7880 2311 2444 7881 7881 2312 2445 7882 7882 2313 2446 7883 7883 2310 2443 7884 7884 2314 2447 7885 7885 2312 2445 7886 7886 2313 2446 7887 7887 2312 2445 7888 7888 2315 2448 7889 7889 2313 2446 7890 7890 2315 2448 7891 7891 2316 2449 7892 7892 2312 2445 7893 7893 2314 2447 7894 7894 2317 2450 7895 7895 2312 2445 7896 7896 2317 2450 7897 7897 2315 2448 7898 7898 2318 2451 7899 7899 2317 2450 7900 7900 2314 2447 7901 7901 2316 2449 7902 7902 2315 2448 7903 7903 2319 2452 7904 7904 2316 2449 7905 7905 2319 2452 7906 7906 2320 2453 7907 7907 2315 2448 7908 7908 2317 2450 7909 7909 2321 2454 7910 7910 2315 2448 7911 7911 2321 2454 7912 7912 2319 2452 7913 7913 2322 2455 7914 7914 2317 2450 7915 7915 2318 2451 7916 7916 2322 2455 7917 7917 2321 2454 7918 7918 2317 2450 7919 7919 2323 2456 7920 7920 2322 2455 7921 7921 2318 2451 7922 7922 2324 2457 7923 7923 2322 2455 7924 7924 2323 2456 7925 7925 2324 2457 7926 7926 2325 2458 7927 7927 2322 2455 7928 7928 2325 2458 7929 7929 2321 2454 7930 7930 2322 2455 7931 7931 2326 2459 7932 7932 2325 2458 7933 7933 2324 2457 7934 7934 2325 2458 7935 7935 2327 2460 7936 7936 2321 2454 7937 7937 2319 2452 7938 7938 2321 2454 7939 7939 2327 2460 7940 7940 2326 2459 7941 7941 2328 2461 7942 7942 2325 2458 7943 7943 2328 2461 7944 7944 2327 2460 7945 7945 2325 2458 7946 7946 2329 2462 7947 7947 2328 2461 7948 7948 2326 2459 7949 7949 2319 2452 7950 7950 2327 2460 7951 7951 2330 2463 7952 7952 2320 2453 7953 7953 2319 2452 7954 7954 2330 2463 7955 7955 2320 2453 7956 7956 2330 2463 7957 7957 2331 2464 7958 7958 2328 2461 7959 7959 2332 2465 7960 7960 2327 2460 7961 7961 2330 2463 7962 7962 2327 2460 7963 7963 2332 2465 7964 7964 2329 2462 7965 7965 2333 2466 7966 7966 2328 2461 7967 7967 2333 2466 7968 7968 2332 2465 7969 7969 2328 2461 7970 7970 2334 2467 7971 7971 2333 2466 7972 7972 2329 2462 7973 7973 2331 2464 7974 7974 2330 2463 7975 7975 2335 2468 7976 7976 2330 2463 7977 7977 2332 2465 7978 7978 2335 2468 7979 7979 2331 2464 7980 7980 2335 2468 7981 7981 2336 2469 7982 7982 2333 2466 7983 7983 2337 2470 7984 7984 2332 2465 7985 7985 2335 2468 7986 7986 2332 2465 7987 7987 2337 2470 7988 7988 2334 2467 7989 7989 2338 2471 7990 7990 2333 2466 7991 7991 2338 2471 7992 7992 2337 2470 7993 7993 2333 2466 7994 7994 2339 2472 7995 7995 2338 2471 7996 7996 2334 2467 7997 7997 2336 2469 7998 7998 2335 2468 7999 7999 2340 2473 8000 8000 2335 2468 8001 8001 2337 2470 8002 8002 2340 2473 8003 8003 2336 2469 8004 8004 2340 2473 8005 8005 2341 2474 8006 8006 2338 2471 8007 8007 2342 2475 8008 8008 2337 2470 8009 8009 2340 2473 8010 8010 2337 2470 8011 8011 2342 2475 8012 8012 2339 2472 8013 8013 2343 2476 8014 8014 2338 2471 8015 8015 2343 2476 8016 8016 2342 2475 8017 8017 2338 2471 8018 8018 2344 2477 8019 8019 2343 2476 8020 8020 2339 2472 8021 8021 2341 2474 8022 8022 2340 2473 8023 8023 2345 2478 8024 8024 2340 2473 8025 8025 2342 2475 8026 8026 2345 2478 8027 8027 2341 2474 8028 8028 2345 2478 8029 8029 2346 2479 8030 8030 2346 2479 8031 8031 2345 2478 8032 8032 2347 2480 8033 8033 2345 2478 8034 8034 2342 2475 8035 8035 2348 2481 8036 8036 2345 2478 8037 8037 2348 2481 8038 8038 2347 2480 8039 8039 2343 2476 8040 8040 2348 2481 8041 8041 2342 2475 8042 8042 2347 2480 8043 8043 2348 2481 8044 8044 2349 2482 8045 8045 2350 2483 8046 8046 2348 2481 8047 8047 2343 2476 8048 8048 2350 2483 8049 8049 2349 2482 8050 8050 2348 2481 8051 8051 2344 2477 8052 8052 2350 2483 8053 8053 2343 2476 8054 8054 2351 2484 8055 8055 2349 2482 8056 8056 2350 2483 8057 8057 2352 2485 8058 8058 2350 2483 8059 8059 2344 2477 8060 8060 2352 2485 8061 8061 2351 2484 8062 8062 2350 2483 8063 8063 2353 2486 8064 8064 2351 2484 8065 8065 2352 2485 8066 8066 2354 2487 8067 8067 2355 2488 8068 8068 2356 2489 8069 8069 2357 2490 8070 8070 2356 2489 8071 8071 2355 2488 8072 8072 2355 2488 8073 8073 2358 2491 8074 8074 2357 2490 8075 8075 2359 2492 8076 8076 2357 2490 8077 8077 2358 2491 8078 8078 2359 2492 8079 8079 2360 2493 8080 8080 2357 2490 8081 8081 2361 2494 8082 8082 2356 2489 8083 8083 2357 2490 8084 8084 2357 2490 8085 8085 2360 2493 8086 8086 2361 2494 8087 8087 2362 2495 8088 8088 2356 2489 8089 8089 2361 2494 8090 8090 2360 2493 8091 8091 2363 2496 8092 8092 2361 2494 8093 8093 2361 2494 8094 8094 2364 2497 8095 8095 2362 2495 8096 8096 2361 2494 8097 8097 2363 2496 8098 8098 2364 2497 8099 8099 2362 2495 8100 8100 2364 2497 8101 8101 2365 2498 8102 8102 2366 2499 8103 8103 2364 2497 8104 8104 2363 2496 8105 8105 2366 2499 8106 8106 2365 2498 8107 8107 2364 2497 8108 8108 2367 2500 8109 8109 2368 2501 8110 8110 2369 2502 8111 8111 2370 2503 8112 8112 2368 2501 8113 8113 2367 2500 8114 8114 2371 2504 8115 8115 2370 2503 8116 8116 2367 2500 8117 8117 2372 2505 8118 8118 2370 2503 8119 8119 2371 2504 8120 8120 2372 2505 8121 8121 2368 2501 8122 8122 2370 2503 8123 8123 2373 2506 8124 8124 2368 2501 8125 8125 2372 2505 8126 8126 2374 2507 8127 8127 2375 2508 8128 8128 2376 2509 8129 8129 2377 2510 8130 8130 2375 2508 8131 8131 2374 2507 8132 8132 2374 2507 8133 8133 2378 2511 8134 8134 2377 2510 8135 8135 2377 2510 8136 8136 2379 2512 8137 8137 2375 2508 8138 8138 2380 2513 8139 8139 2375 2508 8140 8140 2379 2512 8141 8141 2380 2513 8142 8142 2379 2512 8143 8143 2381 2514 8144 8144 2382 2515 8145 8145 2381 2514 8146 8146 2379 2512 8147 8147 2377 2510 8148 8148 2378 2511 8149 8149 2383 2516 8150 8150 2377 2510 8151 8151 2383 2516 8152 8152 2379 2512 8153 8153 2384 2517 8154 8154 2383 2516 8155 8155 2378 2511 8156 8156 2379 2512 8157 8157 2385 2518 8158 8158 2382 2515 8159 8159 2379 2512 8160 8160 2383 2516 8161 8161 2385 2518 8162 8162 2384 2517 8163 8163 2385 2518 8164 8164 2383 2516 8165 8165 2382 2515 8166 8166 2385 2518 8167 8167 2386 2519 8168 8168 2384 2517 8169 8169 2386 2519 8170 8170 2385 2518 8171 8171 2387 2520 8172 8172 2388 2521 8173 8173 2389 2522 8174 8174 2389 2522 8175 8175 2388 2521 8176 8176 2390 2523 8177 8177 2390 2523 8178 8178 2388 2521 8179 8179 2391 2524 8180 8180 2390 2523 8181 8181 2391 2524 8182 8182 2392 2525 8183 8183 2390 2523 8184 8184 2393 2526 8185 8185 2389 2522 8186 8186 2390 2523 8187 8187 2392 2525 8188 8188 2393 2526 8189 8189 2389 2522 8190 8190 2393 2526 8191 8191 2394 2527 8192 8192 2395 2528 8193 8193 2393 2526 8194 8194 2392 2525 8195 8195 2396 2529 8196 8196 2394 2527 8197 8197 2393 2526 8198 8198 2396 2529 8199 8199 2393 2526 8200 8200 2395 2528 8201 8201 2397 2530 8202 8202 2398 2531 8203 8203 2399 2532 8204 8204 2400 2533 8205 8205 2399 2532 8206 8206 2398 2531 8207 8207 2399 2532 8208 8208 2400 2533 8209 8209 2401 2534 8210 8210 2400 2533 8211 8211 2398 2531 8212 8212 2402 2535 8213 8213 2403 2536 8214 8214 2402 2535 8215 8215 2398 2531 8216 8216 2403 2536 8217 8217 2404 2537 8218 8218 2402 2535 8219 8219 2405 2538 8220 8220 2401 2534 8221 8221 2400 2533 8222 8222 2401 2534 8223 8223 2405 2538 8224 8224 2406 2539 8225 8225 2407 2540 8226 8226 2402 2535 8227 8227 2404 2537 8228 8228 2407 2540 8229 8229 2404 2537 8230 8230 2408 2541 8231 8231 2400 2533 8232 8232 2402 2535 8233 8233 2409 2542 8234 8234 2409 2542 8235 8235 2405 2538 8236 8236 2400 2533 8237 8237 2407 2540 8238 8238 2410 2543 8239 8239 2402 2535 8240 8240 2410 2543 8241 8241 2407 2540 8242 8242 2408 2541 8243 8243 2409 2542 8244 8244 2402 2535 8245 8245 2410 2543 8246 8246 2410 2543 8247 8247 2408 2541 8248 8248 2411 2544 8249 8249 2412 2545 8250 8250 2405 2538 8251 8251 2409 2542 8252 8252 2409 2542 8253 8253 2410 2543 8254 8254 2412 2545 8255 8255 2410 2543 8256 8256 2411 2544 8257 8257 2413 2546 8258 8258 2414 2547 8259 8259 2413 2546 8260 8260 2411 2544 8261 8261 2415 2548 8262 8262 2412 2545 8263 8263 2410 2543 8264 8264 2414 2547 8265 8265 2416 2549 8266 8266 2413 2546 8267 8267 2415 2548 8268 8268 2417 2550 8269 8269 2412 2545 8270 8270 2417 2550 8271 8271 2413 2546 8272 8272 2416 2549 8273 8273 2416 2549 8274 8274 2418 2551 8275 8275 2417 2550 8276 8276 2412 2545 8277 8277 2419 2552 8278 8278 2405 2538 8279 8279 2419 2552 8280 8280 2406 2539 8281 8281 2405 2538 8282 8282 2420 2553 8283 8283 2412 2545 8284 8284 2417 2550 8285 8285 2420 2553 8286 8286 2419 2552 8287 8287 2412 2545 8288 8288 2419 2552 8289 8289 2421 2554 8290 8290 2406 2539 8291 8291 2420 2553 8292 8292 2421 2554 8293 8293 2419 2552 8294 8294 2422 2555 8295 8295 2406 2539 8296 8296 2421 2554 8297 8297 2422 2555 8298 8298 2421 2554 8299 8299 2423 2556 8300 8300 2417 2550 8301 8301 2424 2557 8302 8302 2420 2553 8303 8303 2424 2557 8304 8304 2417 2550 8305 8305 2418 2551 8306 8306 2425 2558 8307 8307 2421 2554 8308 8308 2420 2553 8309 8309 2425 2558 8310 8310 2420 2553 8311 8311 2424 2557 8312 8312 2426 2559 8313 8313 2423 2556 8314 8314 2421 2554 8315 8315 2425 2558 8316 8316 2426 2559 8317 8317 2421 2554 8318 8318 2424 2557 8319 8319 2418 2551 8320 8320 2427 2560 8321 8321 2428 2561 8322 8322 2427 2560 8323 8323 2418 2551 8324 8324 2425 2558 8325 8325 2424 2557 8326 8326 2429 2562 8327 8327 2427 2560 8328 8328 2429 2562 8329 8329 2424 2557 8330 8330 2429 2562 8331 8331 2426 2559 8332 8332 2425 2558 8333 8333 2428 2561 8334 8334 2430 2563 8335 8335 2427 2560 8336 8336 2427 2560 8337 8337 2431 2564 8338 8338 2429 2562 8339 8339 2427 2560 8340 8340 2430 2563 8341 8341 2431 2564 8342 8342 2432 2565 8343 8343 2426 2559 8344 8344 2429 2562 8345 8345 2429 2562 8346 8346 2431 2564 8347 8347 2432 2565 8348 8348 2433 2566 8349 8349 2423 2556 8350 8350 2426 2559 8351 8351 2433 2566 8352 8352 2426 2559 8353 8353 2432 2565 8354 8354 2423 2556 8355 8355 2433 2566 8356 8356 2434 2567 8357 8357 2433 2566 8358 8358 2435 2568 8359 8359 2434 2567 8360 8360 2436 2569 8361 8361 2435 2568 8362 8362 2433 2566 8363 8363 2432 2565 8364 8364 2436 2569 8365 8365 2433 2566 8366 8366 2435 2568 8367 8367 2436 2569 8368 8368 2437 2570 8369 8369 2438 2571 8370 8370 2437 2570 8371 8371 2436 2569 8372 8372 2436 2569 8373 8373 2439 2572 8374 8374 2438 2571 8375 8375 2439 2572 8376 8376 2436 2569 8377 8377 2432 2565 8378 8378 2440 2573 8379 8379 2438 2571 8380 8380 2439 2572 8381 8381 2439 2572 8382 8382 2441 2574 8383 8383 2440 2573 8384 8384 2432 2565 8385 8385 2442 2575 8386 8386 2439 2572 8387 8387 2442 2575 8388 8388 2441 2574 8389 8389 2439 2572 8390 8390 2431 2564 8391 8391 2442 2575 8392 8392 2432 2565 8393 8393 2430 2563 8394 8394 2442 2575 8395 8395 2431 2564 8396 8396 2442 2575 8397 8397 2443 2576 8398 8398 2441 2574 8399 8399 2442 2575 8400 8400 2430 2563 8401 8401 2444 2577 8402 8402 2444 2577 8403 8403 2443 2576 8404 8404 2442 2575 8405 8405 2445 2578 8406 8406 2446 2579 8407 8407 2447 2580 8408 8408 2448 2581 8409 8409 2447 2580 8410 8410 2446 2579 8411 8411 2446 2579 8412 8412 2449 2582 8413 8413 2448 2581 8414 8414 2450 2583 8415 8415 2447 2580 8416 8416 2448 2581 8417 8417 2450 2583 8418 8418 2448 2581 8419 8419 2449 2582 8420 8420 2449 2582 8421 8421 2451 2584 8422 8422 2450 2583 8423 8423 2452 2585 8424 8424 2450 2583 8425 8425 2451 2584 8426 8426 2453 2586 8427 8427 2447 2580 8428 8428 2450 2583 8429 8429 2452 2585 8430 8430 2454 2587 8431 8431 2450 2583 8432 8432 2450 2583 8433 8433 2455 2588 8434 8434 2453 2586 8435 8435 2450 2583 8436 8436 2454 2587 8437 8437 2455 2588 8438 8438 2453 2586 8439 8439 2455 2588 8440 8440 2456 2589 8441 8441 2457 2590 8442 8442 2455 2588 8443 8443 2454 2587 8444 8444 2458 2591 8445 8445 2456 2589 8446 8446 2455 2588 8447 8447 2458 2591 8448 8448 2455 2588 8449 8449 2457 2590 8450 8450 2459 2592 8451 8451 2456 2589 8452 8452 2458 2591 8453 8453 2457 2590 8454 8454 2460 2593 8455 8455 2458 2591 8456 8456 2458 2591 8457 8457 2460 2593 8458 8458 2459 2592 8459 8459 2461 2594 8460 8460 2462 2595 8461 8461 2463 2596 8462 8462 2464 2597 8463 8463 2461 2594 8464 8464 2463 2596 8465 8465 2465 2598 8466 8466 2464 2597 8467 8467 2463 2596 8468 8468 2466 2599 8469 8469 2465 2598 8470 8470 2463 2596 8471 8471 2467 2600 8472 8472 2466 2599 8473 8473 2463 2596 8474 8474 2468 2601 8475 8475 2467 2600 8476 8476 2463 2596 8477 8477 2469 2602 8478 8478 2468 2601 8479 8479 2463 2596 8480 8480 2470 2603 8481 8481 2469 2602 8482 8482 2463 2596 8483 8483 2471 2604 8484 8484 2472 2605 8485 8485 2473 2606 8486 8486 2474 2607 8487 8487 2471 2604 8488 8488 2473 2606 8489 8489 2475 2608 8490 8490 2474 2607 8491 8491 2473 2606 8492 8492 2476 2609 8493 8493 2475 2608 8494 8494 2473 2606 8495 8495 2477 2610 8496 8496 2476 2609 8497 8497 2473 2606 8498 8498 2478 2611 8499 8499 2477 2610 8500 8500 2473 2606 8501 8501 2479 2612 8502 8502 2478 2611 8503 8503 2473 2606 8504 8504 2480 2613 8505 8505 2479 2612 8506 8506 2473 2606 8507 8507 2481 2614 8508 8508 2482 2615 8509 8509 2483 2616 8510 8510 2484 2617 8511 8511 2482 2615 8512 8512 2481 2614 8513 8513 2485 2618 8514 8514 2482 2615 8515 8515 2484 2617 8516 8516 2486 2619 8517 8517 2482 2615 8518 8518 2485 2618 8519 8519 2487 2620 8520 8520 2482 2615 8521 8521 2486 2619 8522 8522 2488 2621 8523 8523 2482 2615 8524 8524 2487 2620 8525 8525 2489 2622 8526 8526 2482 2623 8527 8527 2490 2624 8528 8528 2490 2624 8529 8529 2482 2623 8530 8530 2491 2625 8531 8531 2492 2626 8532 8532 2493 2627 8533 8533 2494 2628 8534 8534 2495 2629 8535 8535 2493 2627 8536 8536 2492 2626 8537 8537 2496 2630 8538 8538 2493 2627 8539 8539 2495 2629 8540 8540 2497 2631 8541 8541 2493 2627 8542 8542 2496 2630 8543 8543 2497 2631 8544 8544 2498 2632 8545 8545 2493 2627 8546 8546 2499 2633 8547 8547 2493 2627 8548 8548 2498 2632 8549 8549 2500 2634 8550 8550 2493 2627 8551 8551 2499 2633 8552 8552 2501 2635 8553 8553 2493 2627 8554 8554 2500 2634 8555 8555 2502 2636 8556 8556 2503 2637 8557 8557 2504 2638 8558 8558 2505 2639 8559 8559 2506 2640 8560 8560 2502 2636 8561 8561 2507 2641 8562 8562 2503 2637 8563 8563 2502 2636 8564 8564 2506 2640 8565 8565 2507 2641 8566 8566 2502 2636 8567 8567 2503 2637 8568 8568 2507 2641 8569 8569 2508 2642 8570 8570 2508 2642 8571 8571 2509 2643 8572 8572 2503 2637 8573 8573 2506 2640 8574 8574 2510 2644 8575 8575 2507 2641 8576 8576 2510 2644 8577 8577 2506 2640 8578 8578 2511 2645 8579 8579 2510 2644 8580 8580 2511 2645 8581 8581 2512 2646 8582 8582 2513 2647 8583 8583 2508 2642 8584 8584 2507 2641 8585 8585 2507 2641 8586 8586 2510 2644 8587 8587 2513 2647 8588 8588 2514 2648 8589 8589 2509 2643 8590 8590 2508 2642 8591 8591 2515 2649 8592 8592 2509 2643 8593 8593 2514 2648 8594 8594 2514 2648 8595 8595 2516 2650 8596 8596 2515 2649 8597 8597 2517 2651 8598 8598 2508 2642 8599 8599 2513 2647 8600 8600 2514 2648 8601 8601 2508 2642 8602 8602 2517 2651 8603 8603 2513 2647 8604 8604 2510 2644 8605 8605 2517 2651 8606 8606 2514 2648 8607 8607 2517 2651 8608 8608 2516 2650 8609 8609 2517 2651 8610 8610 2510 2644 8611 8611 2518 2652 8612 8612 2518 2652 8613 8613 2516 2650 8614 8614 2517 2651 8615 8615 2510 2644 8616 8616 2512 2646 8617 8617 2518 2652 8618 8618 2519 2653 8619 8619 2516 2650 8620 8620 2518 2652 8621 8621 2518 2652 8622 8622 2512 2646 8623 8623 2519 2653 8624 8624 2520 2654 8625 8625 2521 2655 8626 8626 2522 2656 8627 8627 2523 2657 8628 8628 2522 2656 8629 8629 2524 2658 8630 8630 2525 2659 8631 8631 2522 2656 8632 8632 2521 2655 8633 8633 2524 2658 8634 8634 2522 2656 8635 8635 2525 2659 8636 8636 2525 2659 8637 8637 2521 2655 8638 8638 2526 2660 8639 8639 2526 2660 8640 8640 2524 2658 8641 8641 2525 2659 8642 8642 2526 2660 8643 8643 2521 2655 8644 8644 2527 2661 8645 8645 2528 2662 8646 8646 2524 2658 8647 8647 2526 2660 8648 8648 2527 2661 8649 8649 2529 2663 8650 8650 2526 2660 8651 8651 2529 2663 8652 8652 2528 2662 8653 8653 2526 2660 8654 8654 2530 2664 8655 8655 2529 2663 8656 8656 2527 2661 8657 8657 2531 2665 8658 8658 2528 2662 8659 8659 2529 2663 8660 8660 2529 2663 8661 8661 2530 2664 8662 8662 2532 2666 8663 8663 2532 2666 8664 8664 2531 2665 8665 8665 2529 2663 8666 8666 2530 2664 8667 8667 2533 2667 8668 8668 2532 2666 8669 8669 2534 2668 8670 8670 2531 2665 8671 8671 2532 2666 8672 8672 2532 2666 8673 8673 2533 2667 8674 8674 2535 2669 8675 8675 2532 2666 8676 8676 2535 2669 8677 8677 2534 2668 8678 8678 2536 2670 8679 8679 2535 2669 8680 8680 2533 2667 8681 8681 2534 2668 8682 8682 2535 2669 8683 8683 2537 2671 8684 8684 2538 2672 8685 8685 2535 2669 8686 8686 2536 2670 8687 8687 2537 2671 8688 8688 2535 2669 8689 8689 2539 2673 8690 8690 2539 2673 8691 8691 2535 2669 8692 8692 2538 2672 8693 8693 2540 2674 8694 8694 2541 2675 8695 8695 2542 2676 8696 8696 2540 2674 8697 8697 2543 2677 8698 8698 2544 2678 8699 8699 2542 2676 8700 8700 2545 2679 8701 8701 2540 2674 8702 8702 2545 2679 8703 8703 2543 2677 8704 8704 2540 2674 8705 8705 2545 2679 8706 8706 2542 2676 8707 8707 2546 2680 8708 8708 2545 2679 8709 8709 2546 2680 8710 8710 2543 2677 8711 8711 2547 2681 8712 8712 2546 2680 8713 8713 2542 2676 8714 8714 2547 2681 8715 8715 2542 2676 8716 8716 2548 2682 8717 8717 2549 2683 8718 8718 2543 2677 8719 8719 2546 2680 8720 8720 2549 2683 8721 8721 2550 2684 8722 8722 2543 2677 8723 8723 2546 2680 8724 8724 2547 2681 8725 8725 2551 2685 8726 8726 2551 2685 8727 8727 2549 2683 8728 8728 2546 2680 8729 8729 2547 2681 8730 8730 2548 2682 8731 8731 2552 2686 8732 8732 2551 2685 8733 8733 2547 2681 8734 8734 2552 2686 8735 8735 2552 2686 8736 8736 2548 2682 8737 8737 2553 2687 8738 8738 2554 2688 8739 8739 2550 2684 8740 8740 2549 2683 8741 8741 2554 2688 8742 8742 2549 2683 8743 8743 2551 2685 8744 8744 2555 2689 8745 8745 2550 2684 8746 8746 2554 2688 8747 8747 2553 2687 8748 8748 2556 2690 8749 8749 2552 2686 8750 8750 2553 2687 8751 8751 2557 2691 8752 8752 2556 2690 8753 8753 2552 2686 8754 8754 2558 2692 8755 8755 2551 2685 8756 8756 2558 2692 8757 8757 2552 2686 8758 8758 2556 2690 8759 8759 2554 2688 8760 8760 2551 2685 8761 8761 2558 2692 8762 8762 2559 2693 8763 8763 2556 2690 8764 8764 2557 2691 8765 8765 2556 2690 8766 8766 2559 2693 8767 8767 2558 2692 8768 8768 2554 2688 8769 8769 2560 2694 8770 8770 2555 2689 8771 8771 2558 2692 8772 8772 2560 2694 8773 8773 2554 2688 8774 8774 2555 2689 8775 8775 2560 2694 8776 8776 2561 2695 8777 8777 2558 2692 8778 8778 2561 2695 8779 8779 2560 2694 8780 8780 2555 2689 8781 8781 2561 2695 8782 8782 2562 2696 8783 8783 2558 2692 8784 8784 2559 2693 8785 8785 2563 2697 8786 8786 2563 2697 8787 8787 2561 2695 8788 8788 2558 2692 8789 8789 2564 2698 8790 8790 2559 2693 8791 8791 2557 2691 8792 8792 2559 2693 8793 8793 2564 2698 8794 8794 2563 2697 8795 8795 2557 2691 8796 8796 2565 2699 8797 8797 2564 2698 8798 8798 2566 2700 8799 8799 2564 2698 8800 8800 2565 2699 8801 8801 2564 2698 8802 8802 2567 2701 8803 8803 2563 2697 8804 8804 2567 2701 8805 8805 2564 2698 8806 8806 2566 2700 8807 8807 2568 2702 8808 8808 2561 2695 8809 8809 2563 2697 8810 8810 2567 2701 8811 8811 2568 2702 8812 8812 2563 2697 8813 8813 2566 2700 8814 8814 2568 2702 8815 8815 2567 2701 8816 8816 2562 2696 8817 8817 2561 2695 8818 8818 2568 2702 8819 8819 2569 2703 8820 8820 2568 2702 8821 8821 2566 2700 8822 8822 2569 2703 8823 8823 2562 2696 8824 8824 2568 2702 8825 8825 2570 2704 8826 8826 2571 2705 8827 8827 2572 2706 8828 8828 2570 2704 8829 8829 2572 2706 8830 8830 2573 2707 8831 8831 2571 2705 8832 8832 2574 2708 8833 8833 2572 2706 8834 8834 2572 2706 8835 8835 2575 2709 8836 8836 2573 2707 8837 8837 2572 2706 8838 8838 2574 2708 8839 8839 2575 2709 8840 8840 2573 2707 8841 8841 2575 2709 8842 8842 2576 2710 8843 8843 2574 2708 8844 8844 2577 2711 8845 8845 2575 2709 8846 8846 2576 2710 8847 8847 2575 2709 8848 8848 2578 2712 8849 8849 2575 2709 8850 8850 2577 2711 8851 8851 2579 2713 8852 8852 2578 2712 8853 8853 2575 2709 8854 8854 2579 2713 8855 8855 2580 2714 8856 8856 2581 2715 8857 8857 2582 2716 8858 8858 2580 2714 8859 8859 2583 2717 8860 8860 2581 2715 8861 8861 2582 2716 8862 8862 2581 2715 8863 8863 2584 2718 8864 8864 2581 2715 8865 8865 2583 2717 8866 8866 2585 2719 8867 8867 2584 2718 8868 8868 2581 2715 8869 8869 2585 2719 8870 8870 2585 2719 8871 8871 2583 2717 8872 8872 2586 2720 8873 8873 2584 2718 8874 8874 2585 2719 8875 8875 2587 2721 8876 8876 2585 2719 8877 8877 2586 2720 8878 8878 2588 2722 8879 8879 2588 2722 8880 8880 2587 2721 8881 8881 2585 2719 8882 8882 2589 2723 8883 8883 2588 2722 8884 8884 2586 2720 8885 8885 2588 2722 8886 8886 2590 2724 8887 8887 2587 2721 8888 8888 2589 2723 8889 8889 2590 2724 8890 8890 2588 2722 8891 8891 2587 2721 8892 8892 2590 2724 8893 8893 2591 2725 8894 8894 2592 2726 8895 8895 2590 2724 8896 8896 2589 2723 8897 8897 2593 2727 8898 8898 2591 2725 8899 8899 2590 2724 8900 8900 2593 2727 8901 8901 2590 2724 8902 8902 2592 2726 8903 8903 2594 2728 8904 8904 2595 2729 8905 8905 2596 2730 8906 8906 2594 2728 8907 8907 2597 2731 8908 8908 2595 2729 8909 8909 2595 2729 8910 8910 2598 2732 8911 8911 2596 2730 8912 8912 2599 2733 8913 8913 2595 2729 8914 8914 2597 2731 8915 8915 2595 2729 8916 8916 2599 2733 8917 8917 2598 2732 8918 8918 2600 2734 8919 8919 2599 2733 8920 8920 2597 2731 8921 8921 2601 2735 8922 8922 2598 2732 8923 8923 2599 2733 8924 8924 2602 2736 8925 8925 2601 2735 8926 8926 2599 2733 8927 8927 2602 2736 8928 8928 2599 2733 8929 8929 2600 2734 8930 8930 2603 2737 8931 8931 2601 2735 8932 8932 2602 2736 8933 8933 2602 2736 8934 8934 2600 2734 8935 8935 2604 2738 8936 8936 2602 2736 8937 8937 2604 2738 8938 8938 2603 2737 8939 8939 2605 2739 8940 8940 2604 2738 8941 8941 2600 2734 8942 8942 2606 2740 8943 8943 2603 2737 8944 8944 2604 2738 8945 8945 2604 2738 8946 8946 2605 2739 8947 8947 2607 2741 8948 8948 2606 2740 8949 8949 2604 2738 8950 8950 2607 2741 8951 8951 2608 2742 8952 8952 2609 2743 8953 8953 2610 2744 8954 8954 2608 2742 8955 8955 2611 2745 8956 8956 2609 2743 8957 8957 2610 2744 8958 8958 2609 2743 8959 8959 2612 2746 8960 8960 2613 2747 8961 8961 2609 2743 8962 8962 2611 2745 8963 8963 2614 2748 8964 8964 2612 2746 8965 8965 2609 2743 8966 8966 2614 2748 8967 8967 2609 2743 8968 8968 2613 2747 8969 8969 2612 2746 8970 8970 2614 2748 8971 8971 2615 2749 8972 8972 2614 2748 8973 8973 2613 2747 8974 8974 2616 2750 8975 8975 2617 2751 8976 8976 2615 2749 8977 8977 2614 2748 8978 8978 2617 2751 8979 8979 2614 2748 8980 8980 2616 2750 8981 8981 2618 2752 8982 8982 2619 2753 8983 8983 2620 2754 8984 8984 2620 2754 8985 8985 2621 2755 8986 8986 2618 2752 8987 8987 2620 2754 8988 8988 2619 2753 8989 8989 2622 2756 8990 8990 2620 2754 8991 8991 2623 2757 8992 8992 2621 2755 8993 8993 2620 2754 8994 8994 2622 2756 8995 8995 2624 2758 8996 8996 2624 2758 8997 8997 2623 2757 8998 8998 2620 2754 8999 8999 2625 2759 9000 9000 2624 2758 9001 9001 2622 2756 9002 9002 2626 2760 9003 9003 2623 2757 9004 9004 2624 2758 9005 9005 2625 2759 9006 9006 2627 2761 9007 9007 2624 2758 9008 9008 2626 2760 9009 9009 2624 2758 9010 9010 2627 2761 9011 9011 2628 2762 9012 9012 2629 2763 9013 9013 2630 2764 9014 9014 2628 2762 9015 9015 2631 2765 9016 9016 2629 2763 9017 9017 2630 2764 9018 9018 2629 2763 9019 9019 2632 2766 9020 9020 2633 2767 9021 9021 2629 2763 9022 9022 2631 2765 9023 9023 2634 2768 9024 9024 2632 2766 9025 9025 2629 2763 9026 9026 2634 2768 9027 9027 2629 2763 9028 9028 2633 2767 9029 9029 2635 2769 9030 9030 2636 2770 9031 9031 2637 2771 9032 9032 2638 2772 9033 9033 2636 2770 9034 9034 2635 2769 9035 9035 2639 2773 9036 9036 2635 2769 9037 9037 2637 2771 9038 9038 2638 2772 9039 9039 2635 2769 9040 9040 2640 2774 9041 9041 2641 2775 9042 9042 2635 2769 9043 9043 2639 2773 9044 9044 2642 2776 9045 9045 2641 2775 9046 9046 2639 2773 9047 9047 2640 2774 9048 9048 2635 2769 9049 9049 2643 2777 9050 9050 2640 2774 9051 9051 2643 2777 9052 9052 2644 2778 9053 9053 2641 2775 9054 9054 2645 2779 9055 9055 2635 2769 9056 9056 2643 2777 9057 9057 2635 2769 9058 9058 2645 2779 9059 9059 2646 2780 9060 9060 2641 2775 9061 9061 2642 2776 9062 9062 2645 2779 9063 9063 2641 2775 9064 9064 2646 2780 9065 9065 2646 2780 9066 9066 2642 2776 9067 9067 2647 2781 9068 9068 2647 2781 9069 9069 2645 2779 9070 9070 2646 2780 9071 9071 2648 2782 9072 9072 2647 2781 9073 9073 2642 2776 9074 9074 2649 2783 9075 9075 2645 2779 9076 9076 2647 2781 9077 9077 2647 2781 9078 9078 2648 2782 9079 9079 2649 2783 9080 9080 2645 2779 9081 9081 2649 2783 9082 9082 2643 2777 9083 9083 2650 2784 9084 9084 2649 2783 9085 9085 2648 2782 9086 9086 2650 2784 9087 9087 2651 2785 9088 9088 2649 2783 9089 9089 2652 2786 9090 9090 2643 2777 9091 9091 2649 2783 9092 9092 2649 2783 9093 9093 2651 2785 9094 9094 2652 2786 9095 9095 2644 2778 9096 9096 2643 2777 9097 9097 2652 2786 9098 9098 2653 2787 9099 9099 2652 2786 9100 9100 2651 2785 9101 9101 2644 2778 9102 9102 2652 2786 9103 9103 2653 2787 9104 9104 2654 2788 9105 9105 2655 2789 9106 9106 2656 2790 9107 9107 2656 2790 9108 9108 2655 2789 9109 9109 2657 2791 9110 9110 2654 2788 9111 9111 2656 2790 9112 9112 2658 2792 9113 9113 2657 2791 9114 9114 2659 2793 9115 9115 2656 2790 9116 9116 2660 2794 9117 9117 2658 2792 9118 9118 2656 2790 9119 9119 2658 2792 9120 9120 2660 2794 9121 9121 2661 2795 9122 9122 2662 2796 9123 9123 2656 2790 9124 9124 2659 2793 9125 9125 2659 2793 9126 9126 2663 2797 9127 9127 2662 2796 9128 9128 2656 2790 9129 9129 2664 2798 9130 9130 2660 2794 9131 9131 2662 2796 9132 9132 2664 2798 9133 9133 2656 2790 9134 9134 2665 2799 9135 9135 2661 2795 9136 9136 2660 2794 9137 9137 2665 2799 9138 9138 2660 2794 9139 9139 2664 2798 9140 9140 2665 2799 9141 9141 2666 2800 9142 9142 2661 2795 9143 9143 2665 2799 9144 9144 2664 2798 9145 9145 2666 2800 9146 9146 2661 2795 9147 9147 2666 2800 9148 9148 2667 2801 9149 9149 2666 2800 9150 9150 2664 2798 9151 9151 2668 2802 9152 9152 2668 2802 9153 9153 2667 2801 9154 9154 2666 2800 9155 9155 2662 2796 9156 9156 2668 2802 9157 9157 2664 2798 9158 9158 2669 2803 9159 9159 2667 2801 9160 9160 2668 2802 9161 9161 2669 2803 9162 9162 2668 2802 9163 9163 2670 2804 9164 9164 2671 2805 9165 9165 2668 2802 9166 9166 2662 2796 9167 9167 2671 2805 9168 9168 2670 2804 9169 9169 2668 2802 9170 9170 2671 2805 9171 9171 2662 2796 9172 9172 2663 2797 9173 9173 2670 2804 9174 9174 2671 2805 9175 9175 2672 2806 9176 9176 2663 2797 9177 9177 2672 2806 9178 9178 2671 2805 9179 9179 2673 2807 9180 9180 2674 2808 9181 9181 2675 2809 9182 9182 2673 2807 9183 9183 2675 2809 9184 9184 2676 2810 9185 9185 2673 2807 9186 9186 2677 2811 9187 9187 2674 2808 9188 9188 2673 2807 9189 9189 2676 2810 9190 9190 2678 2812 9191 9191 2673 2807 9192 9192 2679 2813 9193 9193 2677 2811 9194 9194 2673 2807 9195 9195 2678 2812 9196 9196 2680 2814 9197 9197 2673 2807 9198 9198 2681 2815 9199 9199 2679 2813 9200 9200 2673 2807 9201 9201 2680 2814 9202 9202 2681 2815 9203 9203 2682 2816 9204 9204 2683 2817 9205 9205 2684 2818 9206 9206 2685 2819 9207 9207 2684 2818 9208 9208 2683 2817 9209 9209 2686 2820 9210 9210 2683 2817 9211 9211 2682 2816 9212 9212 2687 2821 9213 9213 2686 2820 9214 9214 2682 2816 9215 9215 2683 2817 9216 9216 2688 2822 9217 9217 2685 2819 9218 9218 2689 2823 9219 9219 2686 2820 9220 9220 2687 2821 9221 9221 2688 2822 9222 9222 2690 2824 9223 9223 2685 2819 9224 9224 2685 2819 9225 9225 2690 2824 9226 9226 2691 2825 9227 9227 2687 2821 9228 9228 2692 2826 9229 9229 2689 2823 9230 9230 2692 2826 9231 9231 2687 2821 9232 9232 2693 2827 9233 9233 2692 2826 9234 9234 2693 2827 9235 9235 2694 2828 9236 9236 2692 2826 9237 9237 2694 2828 9238 9238 2689 2823 9239 9239 2695 2829 9240 9240 2694 2828 9241 9241 2693 2827 9242 9242 2696 2830 9243 9243 2694 2828 9244 9244 2695 2829 9245 9245 2695 2829 9246 9246 2697 2831 9247 9247 2696 2830 9248 9248 2696 2830 9249 9249 2698 2832 9250 9250 2694 2828 9251 9251 2698 2832 9252 9252 2696 2830 9253 9253 2697 2831 9254 9254 2694 2828 9255 9255 2698 2832 9256 9256 2689 2823 9257 9257 2698 2832 9258 9258 2697 2831 9259 9259 2699 2833 9260 9260 2700 2834 9261 9261 2689 2823 9262 9262 2698 2832 9263 9263 2700 2834 9264 9264 2686 2820 9265 9265 2689 2823 9266 9266 2698 2832 9267 9267 2699 2833 9268 9268 2701 2835 9269 9269 2698 2832 9270 9270 2701 2835 9271 9271 2700 2834 9272 9272 2701 2835 9273 9273 2699 2833 9274 9274 2702 2836 9275 9275 2702 2836 9276 9276 2699 2833 9277 9277 2703 2837 9278 9278 2704 2838 9279 9279 2700 2834 9280 9280 2701 2835 9281 9281 2702 2836 9282 9282 2703 2837 9283 9283 2705 2839 9284 9284 2705 2839 9285 9285 2703 2837 9286 9286 2706 2840 9287 9287 2702 2836 9288 9288 2707 2841 9289 9289 2701 2835 9290 9290 2701 2835 9291 9291 2707 2841 9292 9292 2704 2838 9293 9293 2708 2842 9294 9294 2702 2836 9295 9295 2705 2839 9296 9296 2707 2841 9297 9297 2702 2836 9298 9298 2708 2842 9299 9299 2705 2839 9300 9300 2706 2840 9301 9301 2709 2843 9302 9302 2709 2843 9303 9303 2708 2842 9304 9304 2705 2839 9305 9305 2709 2843 9306 9306 2706 2840 9307 9307 2710 2844 9308 9308 2710 2844 9309 9309 2711 2845 9310 9310 2709 2843 9311 9311 2712 2846 9312 9312 2709 2843 9313 9313 2711 2845 9314 9314 2711 2845 9315 9315 2713 2847 9316 9316 2712 2846 9317 9317 2714 2848 9318 9318 2708 2842 9319 9319 2709 2843 9320 9320 2715 2849 9321 9321 2712 2846 9322 9322 2713 2847 9323 9323 2713 2847 9324 9324 2716 2850 9325 9325 2715 2849 9326 9326 2712 2846 9327 9327 2717 2851 9328 9328 2709 2843 9329 9329 2714 2848 9330 9330 2709 2843 9331 9331 2717 2851 9332 9332 2712 2846 9333 9333 2715 2849 9334 9334 2717 2851 9335 9335 2714 2848 9336 9336 2718 2852 9337 9337 2708 2842 9338 9338 2714 2848 9339 9339 2717 2851 9340 9340 2718 2852 9341 9341 2719 2853 9342 9342 2715 2849 9343 9343 2716 2850 9344 9344 2720 2854 9345 9345 2717 2851 9346 9346 2715 2849 9347 9347 2715 2849 9348 9348 2719 2853 9349 9349 2720 2854 9350 9350 2719 2853 9351 9351 2716 2850 9352 9352 2721 2855 9353 9353 2716 2850 9354 9354 2722 2856 9355 9355 2721 2855 9356 9356 2723 2857 9357 9357 2720 2854 9358 9358 2719 2853 9359 9359 2722 2856 9360 9360 2724 2858 9361 9361 2721 2855 9362 9362 2724 2858 9363 9363 2722 2856 9364 9364 2725 2859 9365 9365 2725 2859 9366 9366 2726 2860 9367 9367 2724 2858 9368 9368 2724 2858 9369 9369 2726 2860 9370 9370 2721 2855 9371 9371 2727 2861 9372 9372 2726 2860 9373 9373 2725 2859 9374 9374 2728 2862 9375 9375 2719 2853 9376 9376 2721 2855 9377 9377 2719 2853 9378 9378 2728 2862 9379 9379 2723 2857 9380 9380 2729 2863 9381 9381 2726 2860 9382 9382 2727 2861 9383 9383 2727 2861 9384 9384 2730 2864 9385 9385 2729 2863 9386 9386 2726 2860 9387 9387 2731 2865 9388 9388 2721 2855 9389 9389 2731 2865 9390 9390 2726 2860 9391 9391 2729 2863 9392 9392 2731 2865 9393 9393 2729 2863 9394 9394 2730 2864 9395 9395 2721 2855 9396 9396 2731 2865 9397 9397 2728 2862 9398 9398 2731 2865 9399 9399 2730 2864 9400 9400 2732 2866 9401 9401 2731 2865 9402 9402 2732 2866 9403 9403 2728 2862 9404 9404 2733 2867 9405 9405 2732 2866 9406 9406 2730 2864 9407 9407 2734 2868 9408 9408 2723 2857 9409 9409 2728 2862 9410 9410 2734 2868 9411 9411 2728 2862 9412 9412 2732 2866 9413 9413 2723 2857 9414 9414 2734 2868 9415 9415 2735 2869 9416 9416 2723 2857 9417 9417 2735 2869 9418 9418 2720 2854 9419 9419 2734 2868 9420 9420 2732 2866 9421 9421 2736 2870 9422 9422 2734 2868 9423 9423 2736 2870 9424 9424 2735 2869 9425 9425 2732 2866 9426 9426 2733 2867 9427 9427 2737 2871 9428 9428 2737 2871 9429 9429 2736 2870 9430 9430 2732 2866 9431 9431 2738 2872 9432 9432 2737 2871 9433 9433 2733 2867 9434 9434 2737 2871 9435 9435 2738 2872 9436 9436 2739 2873 9437 9437 2739 2873 9438 9438 2740 2874 9439 9439 2737 2871 9440 9440 2740 2874 9441 9441 2736 2870 9442 9442 2737 2871 9443 9443 2740 2874 9444 9444 2739 2873 9445 9445 2741 2875 9446 9446 2742 2876 9447 9447 2741 2875 9448 9448 2739 2873 9449 9449 2743 2877 9450 9450 2736 2870 9451 9451 2740 2874 9452 9452 2741 2875 9453 9453 2742 2876 9454 9454 2744 2878 9455 9455 2745 2879 9456 9456 2744 2878 9457 9457 2742 2876 9458 9458 2741 2875 9459 9459 2746 2880 9460 9460 2740 2874 9461 9461 2743 2877 9462 9462 2740 2874 9463 9463 2746 2880 9464 9464 2741 2875 9465 9465 2744 2878 9466 9466 2746 2880 9467 9467 2745 2879 9468 9468 2747 2881 9469 9469 2744 2878 9470 9470 2746 2880 9471 9471 2748 2882 9472 9472 2743 2877 9473 9473 2749 2883 9474 9474 2744 2878 9475 9475 2747 2881 9476 9476 2750 2884 9477 9477 2746 2880 9478 9478 2744 2878 9479 9479 2746 2880 9480 9480 2750 2884 9481 9481 2748 2882 9482 9482 2749 2883 9483 9483 2751 2885 9484 9484 2744 2878 9485 9485 2750 2884 9486 9486 2744 2878 9487 9487 2751 2885 9488 9488 2749 2883 9489 9489 2747 2881 9490 9490 2752 2886 9491 9491 2753 2887 9492 9492 2752 2886 9493 9493 2747 2881 9494 9494 2753 2887 9495 9495 2754 2888 9496 9496 2752 2886 9497 9497 2751 2885 9498 9498 2749 2883 9499 9499 2755 2889 9500 9500 2752 2886 9501 9501 2755 2889 9502 9502 2749 2883 9503 9503 2751 2885 9504 9504 2756 2890 9505 9505 2750 2884 9506 9506 2751 2885 9507 9507 2755 2889 9508 9508 2756 2890 9509 9509 2757 2891 9510 9510 2752 2886 9511 9511 2754 2888 9512 9512 2752 2886 9513 9513 2757 2891 9514 9514 2755 2889 9515 9515 2754 2888 9516 9516 2758 2892 9517 9517 2757 2891 9518 9518 2759 2893 9519 9519 2758 2892 9520 9520 2754 2888 9521 9521 2760 2894 9522 9522 2758 2892 9523 9523 2759 2893 9524 9524 2761 2895 9525 9525 2755 2889 9526 9526 2757 2891 9527 9527 2762 2896 9528 9528 2758 2892 9529 9529 2760 2894 9530 9530 2763 2897 9531 9531 2757 2891 9532 9532 2758 2892 9533 9533 2758 2892 9534 9534 2762 2896 9535 9535 2763 2897 9536 9536 2761 2895 9537 9537 2757 2891 9538 9538 2763 2897 9539 9539 2760 2894 9540 9540 2764 2898 9541 9541 2762 2896 9542 9542 2765 2899 9543 9543 2764 2898 9544 9544 2760 2894 9545 9545 2765 2899 9546 9546 2691 2825 9547 9547 2764 2898 9548 9548 2764 2898 9549 9549 2691 2825 9550 9550 2690 2824 9551 9551 2763 2897 9552 9552 2762 2896 9553 9553 2766 2900 9554 9554 2762 2896 9555 9555 2764 2898 9556 9556 2766 2900 9557 9557 2767 2901 9558 9558 2764 2898 9559 9559 2690 2824 9560 9560 2690 2824 9561 9561 2688 2822 9562 9562 2767 2901 9563 9563 2766 2900 9564 9564 2764 2898 9565 9565 2768 2902 9566 9566 2768 2902 9567 9567 2764 2898 9568 9568 2767 2901 9569 9569 2766 2900 9570 9570 2769 2903 9571 9571 2763 2897 9572 9572 2768 2902 9573 9573 2769 2903 9574 9574 2766 2900 9575 9575 2763 2897 9576 9576 2769 2903 9577 9577 2770 2904 9578 9578 2763 2897 9579 9579 2770 2904 9580 9580 2761 2895 9581 9581 2771 2905 9582 9582 2769 2903 9583 9583 2768 2902 9584 9584 2761 2895 9585 9585 2770 2904 9586 9586 2772 2906 9587 9587 2770 2904 9588 9588 2769 2903 9589 9589 2773 2907 9590 9590 2770 2904 9591 9591 2773 2907 9592 9592 2772 2906 9593 9593 2771 2905 9594 9594 2774 2908 9595 9595 2769 2903 9596 9596 2769 2903 9597 9597 2774 2908 9598 9598 2773 2907 9599 9599 2768 2902 9600 9600 2775 2909 9601 9601 2771 2905 9602 9602 2767 2901 9603 9603 2775 2909 9604 9604 2768 2902 9605 9605 2771 2905 9606 9606 2776 2910 9607 9607 2774 2908 9608 9608 2775 2909 9609 9609 2776 2910 9610 9610 2771 2905 9611 9611 2767 2901 9612 9612 2777 2911 9613 9613 2775 2909 9614 9614 2767 2901 9615 9615 2688 2822 9616 9616 2777 2911 9617 9617 2775 2909 9618 9618 2778 2912 9619 9619 2776 2910 9620 9620 2777 2911 9621 9621 2688 2822 9622 9622 2779 2913 9623 9623 2683 2817 9624 9624 2779 2913 9625 9625 2688 2822 9626 9626 2775 2909 9627 9627 2777 2911 9628 9628 2780 2914 9629 9629 2779 2913 9630 9630 2780 2914 9631 9631 2777 2911 9632 9632 2780 2914 9633 9633 2778 2912 9634 9634 2775 2909 9635 9635 2683 2817 9636 9636 2686 2820 9637 9637 2779 2913 9638 9638 2780 2914 9639 9639 2781 2915 9640 9640 2778 2912 9641 9641 2779 2913 9642 9642 2686 2820 9643 9643 2782 2916 9644 9644 2782 2916 9645 9645 2686 2820 9646 9646 2700 2834 9647 9647 2700 2834 9648 9648 2704 2838 9649 9649 2782 2916 9650 9650 2783 2917 9651 9651 2780 2914 9652 9652 2779 2913 9653 9653 2783 2917 9654 9654 2781 2915 9655 9655 2780 2914 9656 9656 2782 2916 9657 9657 2784 2918 9658 9658 2779 2913 9659 9659 2784 2918 9660 9660 2782 2916 9661 9661 2704 2838 9662 9662 2779 2913 9663 9663 2784 2918 9664 9664 2783 2917 9665 9665 2704 2838 9666 9666 2707 2841 9667 9667 2784 2918 9668 9668 2784 2918 9669 9669 2785 2919 9670 9670 2783 2917 9671 9671 2784 2918 9672 9672 2707 2841 9673 9673 2785 2919 9674 9674 2783 2917 9675 9675 2785 2919 9676 9676 2781 2915 9677 9677 2708 2842 9678 9678 2785 2919 9679 9679 2707 2841 9680 9680 2786 2920 9681 9681 2785 2919 9682 9682 2708 2842 9683 9683 2708 2842 9684 9684 2718 2852 9685 9685 2786 2920 9686 9686 2781 2915 9687 9687 2785 2919 9688 9688 2787 2921 9689 9689 2787 2921 9690 9690 2785 2919 9691 9691 2786 2920 9692 9692 2787 2921 9693 9693 2778 2912 9694 9694 2781 2915 9695 9695 2786 2920 9696 9696 2718 2852 9697 9697 2787 2921 9698 9698 2788 2922 9699 9699 2778 2912 9700 9700 2787 2921 9701 9701 2788 2922 9702 9702 2776 2910 9703 9703 2778 2912 9704 9704 2787 2921 9705 9705 2718 2852 9706 9706 2789 2923 9707 9707 2790 2924 9708 9708 2776 2910 9709 9709 2788 2922 9710 9710 2776 2910 9711 9711 2790 2924 9712 9712 2774 2908 9713 9713 2787 2921 9714 9714 2791 2925 9715 9715 2788 2922 9716 9716 2789 2923 9717 9717 2791 2925 9718 9718 2787 2921 9719 9719 2788 2922 9720 9720 2791 2925 9721 9721 2792 2926 9722 9722 2792 2926 9723 9723 2791 2925 9724 9724 2793 2927 9725 9725 2794 2928 9726 9726 2793 2927 9727 9727 2789 2923 9728 9728 2793 2927 9729 9729 2794 2928 9730 9730 2792 2926 9731 9731 2795 2929 9732 9732 2794 2928 9733 9733 2789 2923 9734 9734 2789 2923 9735 9735 2718 2852 9736 9736 2795 2929 9737 9737 2796 2930 9738 9738 2792 2926 9739 9739 2794 2928 9740 9740 2796 2930 9741 9741 2794 2928 9742 9742 2795 2929 9743 9743 2792 2926 9744 9744 2797 2931 9745 9745 2788 2922 9746 9746 2796 2930 9747 9747 2797 2931 9748 9748 2792 2926 9749 9749 2788 2922 9750 9750 2797 2931 9751 9751 2790 2924 9752 9752 2774 2908 9753 9753 2790 2924 9754 9754 2798 2932 9755 9755 2790 2924 9756 9756 2797 2931 9757 9757 2798 2932 9758 9758 2798 2932 9759 9759 2773 2907 9760 9760 2774 2908 9761 9761 2798 2932 9762 9762 2799 2933 9763 9763 2773 2907 9764 9764 2772 2906 9765 9765 2773 2907 9766 9766 2799 2933 9767 9767 2800 2934 9768 9768 2798 2932 9769 9769 2797 2931 9770 9770 2800 2934 9771 9771 2799 2933 9772 9772 2798 2932 9773 9773 2797 2931 9774 9774 2801 2935 9775 9775 2800 2934 9776 9776 2800 2934 9777 9777 2801 2935 9778 9778 2799 2933 9779 9779 2802 2936 9780 9780 2797 2931 9781 9781 2796 2930 9782 9782 2801 2935 9783 9783 2797 2931 9784 9784 2802 2936 9785 9785 2799 2933 9786 9786 2803 2937 9787 9787 2772 2906 9788 9788 2803 2937 9789 9789 2799 2933 9790 9790 2801 2935 9791 9791 2804 2938 9792 9792 2802 2936 9793 9793 2796 2930 9794 9794 2796 2930 9795 9795 2795 2929 9796 9796 2804 2938 9797 9797 2805 2939 9798 9798 2801 2935 9799 9799 2802 2936 9800 9800 2805 2939 9801 9801 2802 2936 9802 9802 2804 2938 9803 9803 2806 2940 9804 9804 2803 2937 9805 9805 2801 2935 9806 9806 2806 2940 9807 9807 2801 2935 9808 9808 2805 2939 9809 9809 2807 2941 9810 9810 2772 2906 9811 9811 2803 2937 9812 9812 2772 2906 9813 9813 2807 2941 9814 9814 2761 2895 9815 9815 2755 2889 9816 9816 2761 2895 9817 9817 2807 2941 9818 9818 2807 2941 9819 9819 2756 2890 9820 9820 2755 2889 9821 9821 2803 2937 9822 9822 2756 2890 9823 9823 2807 2941 9824 9824 2803 2937 9825 9825 2806 2940 9826 9826 2756 2890 9827 9827 2756 2890 9828 9828 2806 2940 9829 9829 2808 2942 9830 9830 2806 2940 9831 9831 2805 2939 9832 9832 2808 2942 9833 9833 2808 2942 9834 9834 2750 2884 9835 9835 2756 2890 9836 9836 2808 2942 9837 9837 2748 2882 9838 9838 2750 2884 9839 9839 2748 2882 9840 9840 2808 2942 9841 9841 2805 2939 9842 9842 2805 2939 9843 9843 2804 2938 9844 9844 2748 2882 9845 9845 2809 2943 9846 9846 2748 2882 9847 9847 2804 2938 9848 9848 2809 2943 9849 9849 2743 2877 9850 9850 2748 2882 9851 9851 2743 2877 9852 9852 2809 2943 9853 9853 2736 2870 9854 9854 2804 2938 9855 9855 2810 2944 9856 9856 2809 2943 9857 9857 2810 2944 9858 9858 2804 2938 9859 9859 2795 2929 9860 9860 2811 2945 9861 9861 2736 2870 9862 9862 2809 2943 9863 9863 2811 2945 9864 9864 2809 2943 9865 9865 2810 2944 9866 9866 2811 2945 9867 9867 2735 2869 9868 9868 2736 2870 9869 9869 2810 2944 9870 9870 2812 2946 9871 9871 2811 2945 9872 9872 2735 2869 9873 9873 2811 2945 9874 9874 2812 2946 9875 9875 2810 2944 9876 9876 2795 2929 9877 9877 2812 2946 9878 9878 2812 2946 9879 9879 2720 2854 9880 9880 2735 2869 9881 9881 2720 2854 9882 9882 2812 2946 9883 9883 2717 2851 9884 9884 2813 2947 9885 9885 2812 2946 9886 9886 2795 2929 9887 9887 2813 2947 9888 9888 2717 2851 9889 9889 2812 2946 9890 9890 2813 2947 9891 9891 2795 2929 9892 9892 2718 2852 9893 9893 2813 2947 9894 9894 2718 2852 9895 9895 2717 2851 9896 9896</p>
        </triangles>
      </mesh>
    </geometry>
  </library_geometries>
  <library_controllers>
    <controller id="Armature_SGN_avt-skin" name="Armature">
      <skin source="#Untitled-mesh">
        <bind_shape_matrix>0.0254 0 0 0 0 0.0254 -4.13818e-9 2.31012e-14 0 4.13818e-9 0.0254 -7.23716e-14 0 0 0 1</bind_shape_matrix>
        <source id="Armature_SGN_avt-skin-joints">
          <Name_array id="Armature_SGN_avt-skin-joints-array" count="25">G_root G_base G_pelvis G_thigh_L G_calf_L G_foot_L G_thigh_R G_calf_R G_foot_R G_waist G_chest G_neck G_head G_head_scl G_back_parts1_ G_clavicle_L G_uparm_L G_lowarm_L G_hand_L G_clavicle_R G_uparm_R G_lowarm_R G_hand_R G_tail G_waist_parts_F</Name_array>
          <technique_common>
            <accessor source="#Armature_SGN_avt-skin-joints-array" count="25" stride="1">
              <param name="JOINT" type="name"/>
            </accessor>
          </technique_common>
        </source>
        <source id="Armature_SGN_avt-skin-bind_poses">
          <float_array id="Armature_SGN_avt-skin-bind_poses-array" count="400">39.37008 0 0 0 0 7.66564e-6 39.37008 0 0 -39.37008 7.66564e-6 0 0 0 0 1 39.37008 0 0 0 0 7.66564e-6 39.37008 -1 0 -39.37008 7.66564e-6 -1.78814e-7 0 0 0 1 39.37008 0 0 0 0 7.66564e-6 39.37008 -25 0 -39.37008 7.66564e-6 -4.47035e-6 0 0 0 1 39.37008 0 4.76837e-7 -5 1.19209e-5 7.66564e-6 39.37008 -25 0 -39.37008 7.66564e-6 -4.47035e-6 0 0 0 1 39.37008 0 -9.53674e-7 -5 0 7.66564e-6 39.37008 -13.5 0 -39.37008 7.66564e-6 -2.41399e-6 0 0 0 1 39.37008 0 -1.75998e-6 -4.999999 1.90735e-6 7.66564e-6 39.37008 -2.269991 0 -39.37008 7.66564e-6 -4.05906e-7 0 0 0 1 39.37008 0 -4.76837e-7 5 -1.19209e-5 7.66564e-6 39.37008 -25 0 -39.37008 7.66564e-6 -4.47035e-6 0 0 0 1 39.37008 0 9.53674e-7 5 0 7.66564e-6 39.37008 -13.5 0 -39.37008 7.66564e-6 -2.41399e-6 0 0 0 1 39.37008 0 1.75998e-6 4.999999 -1.90735e-6 7.66564e-6 39.37008 -2.269991 0 -39.37008 7.66564e-6 -4.05906e-7 0 0 0 1 39.37008 0 0 0 0 7.66564e-6 39.37008 -32.5 0 -39.37008 7.66564e-6 -5.81146e-6 0 0 0 1 39.37008 0 0 0 0 7.66564e-6 39.37008 -40 0 -39.37008 7.66564e-6 -7.15256e-6 0 0 0 1 39.37008 0 0 0 0 7.66564e-6 39.37008 -47 0 -39.37008 7.66564e-6 -8.40426e-6 0 0 0 1 39.37008 0 0 0 0 7.66564e-6 39.37009 -55.00002 0 -39.37008 7.66564e-6 -9.83476e-6 0 0 0 1 39.37008 0 0 0 0 2.00272e-4 39.37008 -52.50001 0 -39.37008 7.62939e-6 0.9999906 0 0 0 1 39.37008 0 0 0 0 27.83885 27.83885 -40.65863 0 -27.83885 27.83885 -26.51651 0 0 0 1 39.37008 0 0 -4 -4.24385e-5 7.66564e-6 39.37008 -44.5 0 -39.37008 7.66564e-6 -7.95722e-6 0 0 0 1 39.37008 0 -9.53674e-7 -10.5 1.06096e-5 7.66564e-6 39.37008 -44.50001 0 -39.37008 7.66564e-6 -7.95722e-6 0 0 0 1 39.37008 0 0 -17 0 7.66564e-6 39.37008 -44.5 0 -39.37008 7.66564e-6 -7.95722e-6 0 0 0 1 39.37007 0 0 -26.5 -5.30481e-6 7.66564e-6 39.37008 -44.50001 0 -39.37008 7.66564e-6 -7.95722e-6 0 0 0 1 39.37008 0 0 4 4.24385e-5 7.66564e-6 39.37008 -44.5 0 -39.37008 7.66564e-6 -7.95722e-6 0 0 0 1 39.37008 0 9.53674e-7 10.5 -1.06096e-5 7.66564e-6 39.37008 -44.50001 0 -39.37008 7.66564e-6 -7.95722e-6 0 0 0 1 39.37008 0 0 17 0 7.66564e-6 39.37008 -44.5 0 -39.37008 7.66564e-6 -7.95722e-6 0 0 0 1 39.37007 0 0 26.5 5.30481e-6 7.66564e-6 39.37008 -44.50001 0 -39.37008 7.66564e-6 -7.95722e-6 0 0 0 1 39.37008 0 0 0 0 0 39.37008 -27 0 -39.37008 4.76837e-6 6.999998 0 0 0 1 39.37008 0 0 0 0 2.86102e-5 39.37008 -30 0 -39.37007 9.53674e-6 -9.000005 0 0 0 1</float_array>
          <technique_common>
            <accessor source="#Armature_SGN_avt-skin-bind_poses-array" count="25" stride="16">
              <param name="TRANSFORM" type="float4x4"/>
            </accessor>
          </technique_common>
        </source>
        <source id="Armature_SGN_avt-skin-weights">
          <float_array id="Armature_SGN_avt-skin-weights-array" count="4003">1 1 1 1 1 1 1 1 1 0.0980392 0.654902 0.2470588 0.0980392 0.654902 0.2470588 0.0980392 0.654902 0.2470588 1 1 1 1 1 1 1 1 1 1 1 1 1 1 1 1 1 1 1 1 1 1 1 1 1 1 1 1 1 1 1 1 1 1 1 1 1 1 1 1 1 1 1 1 1 1 1 1 1 1 1 1 1 1 1 1 1 1 1 1 1 1 1 1 1 1 1 1 1 1 1 1 1 1 1 1 1 1 1 1 1 1 1 1 1 1 1 1 1 1 1 1 1 1 1 1 1 1 1 1 1 1 1 1 1 1 1 1 1 1 1 1 1 1 1 1 1 1 1 1 1 1 1 1 1 1 1 1 1 1 1 1 0.0980392 0.654902 0.2470588 0.0980392 0.654902 0.2470588 0.0980392 0.654902 0.2470588 0.2823529 0.5764706 0.1411765 0.0980392 0.654902 0.2470588 0.0980392 0.654902 0.2470588 0.5529412 0.4470589 0.5529412 0.4470589 0.0980392 0.654902 0.2470588 0.5529412 0.4470589 0.0980392 0.654902 0.2470588 0.5529412 0.4470589 0.0980392 0.654902 0.2470588 0.5529412 0.4470589 0.0980392 0.654902 0.2470588 0.5529412 0.4470589 0.0980392 0.654902 0.2470588 0.5529412 0.4470589 0.0980392 0.654902 0.2470588 0.5529412 0.4470589 1 1 1 1 1 1 1 1 1 1 1 1 1 1 1 1 1 1 1 1 1 1 1 1 1 1 1 1 1 1 1 1 1 1 1 1 1 1 1 1 1 1 1 1 1 1 1 1 1 1 1 1 1 1 1 1 1 1 1 1 1 1 1 1 1 1 1 1 1 1 1 1 1 1 1 1 1 1 1 1 1 1 1 1 1 1 1 1 1 1 1 1 1 1 1 1 1 1 1 1 1 1 1 1 1 1 1 1 1 1 1 1 1 1 1 1 1 1 1 1 1 1 1 1 1 1 1 1 1 1 1 1 1 1 1 1 1 1 1 1 1 1 1 1 1 1 1 1 1 1 1 1 1 1 1 1 1 1 1 1 1 1 1 1 1 1 1 1 1 1 1 1 1 1 1 1 1 1 1 1 1 1 1 1 1 1 1 1 1 1 1 1 1 1 1 1 1 1 1 1 1 1 1 1 1 1 1 1 1 1 1 1 1 1 1 1 1 1 1 1 1 1 1 1 1 1 1 1 1 1 1 1 1 1 1 1 1 1 1 1 1 1 1 0.2823529 0.5764706 0.1411765 0.2509804 0.5921569 0.1568627 0.3254902 0.5568628 0.1176471 0.0980392 0.654902 0.2470588 0.4156863 0.5333334 0.05098038 0.509804 0.4901961 0.5529412 0.4470589 0.0980392 0.654902 0.2470588 1 1 1 1 1 1 0.7137255 0.2862745 1 1 1 1 1 1 1 1 1 1 1 1 1 1 1 1 1 1 1 1 1 1 1 1 1 1 1 1 1 1 1 1 1 1 1 1 1 1 1 1 1 1 1 1 1 1 1 1 1 1 1 1 1 1 1 1 1 1 1 1 1 1 1 1 1 1 1 1 1 1 1 1 1 1 1 1 1 1 1 1 1 1 1 1 1 1 1 1 1 1 1 1 1 1 1 1 1 1 1 1 1 1 1 1 1 1 1 1 1 1 1 1 1 1 1 1 1 1 1 1 1 1 1 1 1 1 1 1 1 1 1 1 1 1 1 1 1 1 1 1 1 1 1 1 1 1 1 1 1 1 1 1 1 1 1 1 1 1 1 1 1 1 1 1 1 1 1 1 1 1 1 1 1 1 1 1 1 1 1 1 1 1 1 1 1 1 1 1 1 1 1 1 1 1 1 1 1 1 1 1 1 1 1 1 1 1 1 1 1 1 1 1 1 1 0.5529412 0.4470589 0.4 0.5450981 0.05490195 0.3333333 0.3921569 0.02745097 0.2470588 0.3019608 0.4 0.03529411 0.2627451 0.07058823 0.09411764 0.8352941 0.06274509 0.09019607 0.8470588 0.01960784 0.02745097 0.9529412 0.01568627 0.02352941 0.9607843 1 1 0.2823529 0.5764706 0.1411765 0.3960784 0.5254902 0.07843136 0.5529412 0.4470589 0.317647 0.3764706 0.04313725 0.2627451 0.3372549 0.3882353 0.03921568 0.2352941 0.1019608 0.1254902 0.0117647 0.7607843 0.0862745 0.1098039 0.0117647 0.7921569 1 1 1 0.07450979 0.1019608 0.8235294 0.2823529 0.3568627 0.02745097 0.3333333 0.0862745 0.1176471 0.7960785 0.01960784 0.02352941 0.9568628 0.01960784 0.02745097 0.9529412 1 1 1 1 0.02352941 0.03137254 0.9450981 0.01960784 0.02745097 0.9529412 0.08235293 0.1098039 0.8078432 0.0862745 0.1176471 0.7960785 0.3372549 0.3843137 0.02352941 0.254902 0.2823529 0.3568627 0.02745097 0.3333333 0.4156863 0.5333334 0.05098038 0.5529412 0.4470589 1 1 0.07843136 0.0980392 0.0117647 0.8117647 0.0862745 0.1098039 0.0117647 0.7921569 0.2470588 0.3411765 0.05490195 0.3568627 0.317647 0.3764706 0.04313725 0.2627451 0.3254902 0.5568628 0.1176471 0.3960784 0.5254902 0.07843136 0.2823529 0.5764706 0.1411765 1 1 1 1 1 1 1 1 1 1 1 1 1 1 1 1 1 1 1 1 1 1 1 1 1 0.8 0.2 1 0.8 0.2 1 0.8 0.2 1 0.8 0.2 1 0.8 0.2 1 0.8 0.2 0.8 0.2 1 0.8 0.2 1 0.8 0.2 1 0.8 0.2 1 0.8 0.2 0.8 0.2 1 0.8 0.2 1 0.8 0.2 1 0.8 0.2 1 0.8 0.2 1 0.8 0.2 0.8 0.2 1 0.8 0.2 1 0.8 0.2 1 0.8 0.2 1 0.8 0.2 0.7529412 0.2470588 0.2980392 0.02745097 0.5882353 0.0862745 0.2470588 0.7529412 0.0980392 0.854902 0.04705882 0.7529412 0.2470588 0.6509804 0.3490196 1 0.9333333 0.06666666 0.9921569 0.007843136 1 1 0.07450979 0.9254902 0.2470588 0.7529412 0.0980392 0.654902 0.2470588 0.7098039 0.2901961 0.0980392 0.654902 0.2470588 0.6588236 0.3411765 0.0980392 0.654902 0.2470588 0.6 0.4 0.5294118 0.4705883 0.4196079 0.5803922 0.6 0.4 0.0980392 0.654902 0.2470588 0.4705883 0.5294118 0.3372549 0.6627451 0.6 0.4 0.0980392 0.654902 0.2470588 0.2627451 0.7372549 0.6 0.4 0.0980392 0.654902 0.2470588 0.2470588 0.7529412 0.07058823 0.9098039 0.01960784 0.4470589 0.5529412 0.6 0.4 0.0980392 0.654902 0.2470588 0.6 0.4 0.4470589 0.5529412 0.4470589 0.5529412 0.2470588 0.7529412 0.2470588 0.7529412 0.9019608 0.0980392 0.7529412 0.2470588 0.7294118 0.2705882 0.2470588 0.7529412 0.3568627 0.6431373 0.7529412 0.2470588 0.7529412 0.2470588 0.5019608 0.4980393 0.5019608 0.4980393 0.1137255 0.7215687 0.1647059 0.5019608 0.4980393 0.7529412 0.2470588 0.2980392 0.0117647 0.5686275 0.1215686 0.5019608 0.4980393 1 1 1 1 1 1 1 1 1 1 1 1 1 1 1 1 1 1 1 1 1 1 1 1 1 1 1 1 1 1 1 1 1 1 1 1 1 1 1 1 1 1 1 1 1 1 1 1 1 1 1 1 1 1 1 1 1 1 1 1 1 1 1 1 1 1 1 1 1 1 1 1 1 1 1 1 1 1 1 1 1 1 1 1 1 1 1 1 1 1 1 1 1 1 1 1 1 1 1 1 1 1 1 1 1 1 1 1 1 1 1 1 1 1 1 1 1 1 1 1 1 1 1 1 1 1 1 1 1 1 1 1 1 1 0.5529412 0.4470589 0.5529412 0.4470589 0.0980392 0.654902 0.2470588 0.0980392 0.654902 0.2470588 0.5529412 0.4470589 0.0980392 0.654902 0.2470588 0.5529412 0.4470589 0.0980392 0.654902 0.2470588 0.5529412 0.4470589 0.0980392 0.654902 0.2470588 0.5529412 0.4470589 0.0980392 0.654902 0.2470588 0.5529412 0.4470589 0.0980392 0.654902 0.2470588 0.5529412 0.4470589 0.509804 0.4901961 0.5529412 0.4470589 0.0980392 0.654902 0.2470588 0.0980392 0.654902 0.2470588 0.5529412 0.4470589 0.3372549 0.3882353 0.03921568 0.2352941 0.4078431 0.5254902 0.06666666 0.2862745 0.3882353 0.05490195 0.2705882 0.1019608 0.1254902 0.0117647 0.7607843 0.09411764 0.1176471 0.0117647 0.7764706 1 1 0.3333333 0.3921569 0.02745097 0.2470588 0.3372549 0.3843137 0.02352941 0.254902 0.5529412 0.4470589 0.08235293 0.1098039 0.8078432 0.07058823 0.09411764 0.8352941 0.02352941 0.03137254 0.9450981 0.01960784 0.02745097 0.9529412 1 1 0.2470588 0.7529412 0.2470588 0.7529412 0.2470588 0.7529412 0.2470588 0.7529412 0.2470588 0.7529412 0.2470588 0.7529412 0.2980392 0.02745097 0.5882353 0.0862745 1 1 0.2980392 0.0117647 0.5686275 0.1215686 1 0.2980392 0.01568627 0.5843138 0.1019608 1 0.1137255 0.7215687 0.1647059 1 0.1098039 0.7803922 0.1098039 0.2980392 0.02352941 0.5921569 0.0862745 1 1 0.2980392 0.02745097 0.5882353 0.0862745 0.0980392 0.854902 0.04705882 0.1058824 0.8235294 0.07058823 0.6509804 0.3490196 0.5607843 0.4392157 0.9333333 0.06666666 0.4666667 0.5333334 0.3568627 0.6431373 0.8745098 0.1254902 0.9921569 0.007843136 0.8196079 0.1803922 0.7294118 0.2705882 0.07058823 0.9098039 0.01960784 0.0117647 0.972549 0.01568627 0.07450979 0.9254902 0.02745097 0.9568628 0.01568627 0.2627451 0.7372549 0.1098039 0.8901961 0.1686275 0.8313726 0.2078431 0.7921569 0.2470588 0.7529412 0.2431373 0.7568628 0.3372549 0.6627451 0.2784314 0.7215687 0.427451 0.5725491 0.3411765 0.6588236 0.4196079 0.5803922 0.4470589 0.5529412 0.5529412 0.4470589 0.4784314 0.5215687 0.5294118 0.4705883 0.5686275 0.4313726 0.6 0.4 0.6117647 0.3882353 0.6588236 0.3411765 0.6156863 0.3843138 0.6509804 0.3490196 0.6627451 0.3372549 0.7098039 0.2901961 0.0980392 0.654902 0.2470588 0.6588236 0.3411765 0.6941177 0.3058823 0.7098039 0.2901961 0.0980392 0.654902 0.2470588 0.6784314 0.3215686 0.6627451 0.3372549 0.7137255 0.2862745 0.7137255 0.2862745 1 1 1 0.7137255 0.2862745 1 0.7490196 0.2509804 1 0.7137255 0.2862745 1 1 1 1 1 1 1 1 1 1 1 1 1 1 1 1 1 1 1 1 1 1 1 1 1 1 1 1 1 1 1 1 1 1 1 1 1 1 1 1 1 1 1 1 1 1 1 1 1 1 1 1 1 1 1 1 1 1 1 1 1 1 1 1 1 1 1 1 1 1 1 1 1 1 1 1 1 1 1 1 1 1 1 1 1 1 1 0.2470588 0.7529412 0.2470588 0.7529412 0.2470588 0.7529412 0.2470588 0.7529412 0.2470588 0.7529412 0.2470588 0.7529412 0.0980392 0.654902 0.2470588 0.7137255 0.2862745 0.0980392 0.654902 0.2470588 0.0980392 0.654902 0.2470588 0.6 0.4 0.6 0.4 0.0980392 0.654902 0.2470588 0.3490196 0.6509804 0.6 0.4 0.0980392 0.654902 0.2470588 0.2470588 0.7529412 0.5019608 0.4980393 0.6 0.4 0.0980392 0.654902 0.2470588 0.2470588 0.7529412 0.6 0.4 0.0980392 0.654902 0.2470588 0.2470588 0.7529412 0.0980392 0.654902 0.2470588 0.6 0.4 0.6 0.4 0.3490196 0.6509804 0.2470588 0.7529412 0.2470588 0.7529412 0.5019608 0.4980393 1 1 1 1 1 1 0.8784314 0.1215686 0.5019608 0.4980393 0.2980392 0.02745097 0.5882353 0.0862745 0.7529412 0.2470588 0.9019608 0.0980392 0.9019608 0.0980392 1 0.9019608 0.0980392 1 0.8784314 0.1215686 0.7529412 0.2470588 0.5019608 0.4980393 0.5019608 0.4980393 0.6 0.4 0.0980392 0.654902 0.2470588 0.6 0.4 0.0980392 0.654902 0.2470588 0.0980392 0.654902 0.2470588 0.6 0.4 0.5019608 0.4980393 0.7529412 0.2470588 0.7529412 0.2470588 0.5019608 0.4980393 0.7529412 0.2470588 0.2470588 0.7529412 0.5019608 0.4980393 0.7529412 0.2470588 0.2470588 0.7529412 0.5019608 0.4980393 0.7529412 0.2470588 0.5019608 0.4980393 0.2470588 0.7529412 0.2470588 0.7529412 0.2470588 0.7529412 1 1 1 1 1 1 1 1 1 1 0.7529412 0.2470588 0.7529412 0.2470588 1 1 1 0.5019608 0.4980393 1 1 0.7529412 0.2470588 0.7529412 0.2470588 0.7529412 0.2470588 0.7529412 0.2470588 0.5019608 0.4980393 0.5019608 0.4980393 0.7529412 0.2470588 0.2470588 0.7529412 0.5019608 0.4980393 0.7529412 0.2470588 0.2470588 0.7529412 0.5019608 0.4980393 0.7529412 0.2470588 0.5019608 0.4980393 0.2470588 0.7529412 0.2470588 0.7529412 0.2470588 0.7529412 1 1 1 1 1 1 1 1 1 1 0.7529412 0.2470588 0.7529412 0.2470588 1 1 1 0.5019608 0.4980393 1 1 0.7529412 0.2470588 0.7529412 0.2470588 0.7529412 0.2470588 0.7529412 0.2470588 0.5019608 0.4980393 0.5019608 0.4980393 0.7529412 0.2470588 0.2470588 0.7529412 0.5019608 0.4980393 0.7529412 0.2470588 0.2470588 0.7529412 0.5019608 0.4980393 0.7529412 0.2470588 0.5019608 0.4980393 0.2470588 0.7529412 0.2470588 0.7529412 0.2470588 0.7529412 1 0.7529412 0.2470588 1 0.7529412 0.2470588 0.2470588 0.7529412 1 0.7529412 0.2470588 1 0.2470588 0.7529412 1 0.7529412 0.2470588 0.7529412 0.2470588 0.2470588 0.7529412 1 1 0.7529412 0.2470588 1 1 0.7529412 0.2470588 0.7529412 0.2470588 0.5019608 0.4980393 0.7529412 0.2470588 0.7529412 0.2470588 0.5019608 0.4980393 0.7529412 0.2470588 0.2470588 0.7529412 0.5019608 0.4980393 0.7529412 0.2470588 0.2470588 0.7529412 0.5019608 0.4980393 0.7529412 0.2470588 0.5019608 0.4980393 0.2470588 0.7529412 0.2470588 0.7529412 0.2470588 0.7529412 1 0.7529412 0.2470588 1 0.7529412 0.2470588 0.2470588 0.7529412 1 0.7529412 0.2470588 1 0.2470588 0.7529412 1 0.7529412 0.2470588 0.7529412 0.2470588 0.2470588 0.7529412 1 1 0.7529412 0.2470588 1 1 0.7529412 0.2470588 0.7529412 0.2470588 0.7529412 0.2470588 1 0.7529412 0.2470588 1 0.5019608 0.4980393 1 1 0.7529412 0.2470588 1 1 0.7529412 0.2470588 1 1 1 1 1 1 1 1 0.7529412 0.2470588 0.7529412 0.2470588 1 1 0.5019608 0.4980393 1 1 0.7529412 0.2470588 1 1 0.7529412 0.2470588 1 1 1 1 1 1 1 1 1 1 1 1 1 1 1 1 1 1 1 1 1 1 1 1 1 1 1 1 1 1 1 1 1 1 1 1 1 1 1 1 1 1 1 1 1 1 1 1 1 1 1 1 1 1 1 1 1 1 1 1 1 1 1 1 1 1 1 1 1 1 1 1 1 1 1 1 1 1 1 1 1 1 1 1 1 1 1 1 1 1 1 1 1 1 1 1 1 1 1 1 1 1 1 1 1 1 1 1 1 1 1 1 1 1 1 0.0980392 0.654902 0.2470588 0.2392157 0.5960785 0.1647059 0.2509804 0.5921569 0.1568627 0.2941176 0.5725491 0.1333333 0.3098039 0.5686275 0.1215686 0.3254902 0.5568628 0.1176471 0.3411765 0.5529412 0.1058824 0.4078431 0.5254902 0.06666666 0.2470588 0.3411765 0.05490195 0.3568627 0.2862745 0.3882353 0.05490195 0.2705882 0.2431373 0.3411765 0.05490195 0.3607843 0.07843136 0.0980392 0.0117647 0.8117647 0.09411764 0.1176471 0.0117647 0.7764706 0.08235293 0.1058824 0.0117647 0.8 1 1 1 1 1 0.01960784 0.02352941 0.9568628 0.01568627 0.02352941 0.9607843 1 0.07450979 0.1019608 0.8235294 0.01568627 0.02352941 0.9607843 0.06274509 0.09411764 0.8431373 0.2823529 0.3568627 0.02745097 0.3333333 0.06274509 0.09019607 0.8470588 0.2666667 0.3686274 0.03137254 0.3333333 0.4156863 0.5333334 0.05098038 0.3019608 0.4 0.03529411 0.2627451 0.0980392 0.654902 0.2470588 0.2509804 0.6 0.1490196 0.372549 0.5607843 0.06666666 0.4 0.5450981 0.05490195 1 1 1 1 1 1 1 1 1 1 1 1 1 1 1 1 1 1 1 1 1 1 1 1 1 1 1 1 1 1 1 1 1 1 1 1 1 1 1 1 1 1 1 0.2470588 0.7529412 0.2470588 0.7529412 0.2470588 0.7529412 0.2470588 0.7529412 0.2470588 0.7529412 0.2470588 0.7529412 0.2470588 0.7529412 0.2470588 0.7529412 0.2470588 0.7529412 0.2470588 0.7529412 0.2470588 0.7529412 0.2470588 0.7529412 0.2470588 0.7529412 0.2470588 0.7529412 0.2470588 0.7529412 0.2470588 0.7529412 0.2470588 0.7529412 0.2470588 0.7529412 0.2470588 0.7529412 0.2470588 0.7529412 1 1 1 1 1 1 1 1 1 1 1 1 1 1 1 1 1 1 1 1 1 1 1 1 1 1 1 1 1 1 1 1 1 1 1 1 1 1 1 1 1 1 1 1 1 1 1 1 1 1 1 1 1 1 1 1 1 1 1 1 1 1 1 1 1 1 1 1 1 1 1 1 1 1 1 1 1 1 1 1 1 1 1 1 1 1 1 1 1 1 1 1 1 1 1 1 1 1 1 1 1 1 1 1 1 1 1 1 1 1 1 1 1 1 1 1 1 1 1 1 1 1 1 1 1 1 1 1 1 1 1 1 1 1 1 1 1 1 1 1 1 1 1 1 1 1 1 1 0.5529412 0.4470589 0.9333333 0.06666666 0.5529412 0.4470589 1 0.5529412 0.4470589 0.2941176 0.7058824 0.9529412 0.04705882 0.5529412 0.4470589 0.6313726 0.1764706 0.1921569 0.254902 0.7450981 0.6313726 0.1764706 0.1921569 0.9529412 0.04705882 1 0.9529412 0.04705882 1 0.5529412 0.4470589 1 1 1 0.5529412 0.4470589 1 0.9333333 0.06666666 0.5529412 0.4470589 0.7254902 0.1764706 0.0980392 1 0.7568628 0.2431373 0.5529412 0.4470589 0.2941176 0.7058824 0.7411765 0.2588235 0.5529412 0.4470589 0.5529412 0.4470589 0.7607843 0.2392157 0.1098039 0.8901961 0.1019608 0.8980392 0.1058824 0.8941177 0.09411764 0.9058824 0.1098039 0.8901961 0.7411765 0.2588235 0.7568628 0.2431373 0.0980392 0.9019608 0.9333333 0.06666666 0.254902 0.7450981 0.9568628 0.04313725 1 0.7254902 0.1764706 0.0980392 0.5843138 0.4156863 1 0.5843138 0.4156863 1 0.5843138 0.4156863 1 1 1 0.9568628 0.04313725 0.254902 0.7450981 0.9333333 0.06666666 0.7529412 0.2470588 0.2470588 0.7529412 0.5019608 0.4980393 0.2470588 0.7529412 0.7529412 0.2470588 0.5019608 0.4980393 0.7529412 0.2470588 0.5019608 0.4980393 0.5019608 0.4980393 0.2470588 0.7529412 0.5019608 0.4980393 0.7529412 0.2470588 0.5019608 0.4980393 0.2470588 0.7529412 0.3490196 0.6509804 0.7529412 0.2470588 0.5019608 0.4980393 0.2470588 0.7529412 0.7529412 0.2470588 0.5019608 0.4980393 0.2470588 0.7529412 0.7529412 0.2470588 0.5019608 0.4980393 0.2470588 0.7529412 0.7529412 0.2470588 0.5019608 0.4980393 0.2470588 0.7529412 0.7529412 0.2470588 0.5019608 0.4980393 0.5019608 0.4980393 0.7529412 0.2470588 0.2470588 0.7529412 0.2470588 0.7529412 0.7529412 0.2470588 0.7098039 0.2901961 1 1 1 0.0862745 0.9137255 0.9333333 0.06666666 0.7529412 0.2470588 0.2470588 0.7529412 0.2470588 0.7529412 0.2470588 0.7529412 0.2470588 0.7529412 0.2470588 0.7529412 0.427451 0.5725491 0.4470589 0.5529412 0.5529412 0.4470589 0.4470589 0.5529412 0.6 0.4 0.4470589 0.5529412 0.6 0.4 0.6509804 0.3490196 0.4470589 0.5529412 0.6627451 0.3372549 0.6 0.4 0.6 0.4 0.7137255 0.2862745 0.2470588 0.7529412 0.7529412 0.2470588 0.7529412 0.2470588 0.8509804 0.1490196 0.9019608 0.0980392 0.5019608 0.4980393 0.5019608 0.4980393 0.9019608 0.0980392 0.5019608 0.4980393 0.7529412 0.2470588 0.7529412 0.2470588 0.7529412 0.2470588 1 1 1 1 0.2470588 0.7529412 0.0862745 0.9137255 0.08235293 0.9176471 0.01960784 0.9803922 1 0.0117647 0.9882353 1 1 1 1 1 0.7529412 0.2470588 1 0.9019608 0.0980392 0.9019608 0.0980392 0.2470588 0.7529412 0.7529412 0.2470588 0.9019608 0.0980392 0.5019608 0.4980393 0.5019608 0.4980393 0.5019608 0.4980393 0.5019608 0.4980393 0.7529412 0.2470588 0.7529412 0.2470588 0.7529412 0.2470588 1 1 1 1 0.5019608 0.4980393 0.5019608 0.4980393 0.7529412 0.2470588 0.7529412 0.2470588 0.2470588 0.7529412 0.5019608 0.4980393 0.2470588 0.7529412 0.7529412 0.2470588 0.2470588 0.7529412 0.7529412 0.2470588 0.5019608 0.4980393 0.2470588 0.7529412 0.4470589 0.5529412 0.2470588 0.7529412 0.7529412 0.2470588 0.5019608 0.4980393 0.2470588 0.7529412 0.7529412 0.2470588 0.5019608 0.4980393 0.7529412 0.2470588 0.2470588 0.7529412 0.2980392 0.0117647 0.5686275 0.1215686 0.5019608 0.4980393 0.2980392 0.02745097 0.5882353 0.0862745 0.5019608 0.4980393 0.3490196 0.6509804 0.6 0.4 0.6 0.4 0.4470589 0.5529412 0.6 0.4 0.08235293 0.9176471 1 0.2470588 0.7529412 1 1 0.0117647 0.9882353 1 1 1 1 1 0.7529412 0.2470588 1 0.9019608 0.0980392 0.9019608 0.0980392 0.7529412 0.2470588 0.2470588 0.7529412 0.9019608 0.0980392 0.5019608 0.4980393 0.5019608 0.4980393 0.5019608 0.4980393 0.5019608 0.4980393 0.7529412 0.2470588 0.7529412 0.2470588 0.7529412 0.2470588 1 1 1 1 1 0.7529412 0.2470588 1 0.7529412 0.2470588 1 0.7529412 0.2470588 0.7529412 0.2470588 1 0.7529412 0.2470588 0.2470588 0.7529412 0.7529412 0.2470588 1 1 1 0.7529412 0.2470588 0.2470588 0.7529412 1 1 0.2470588 0.7529412 1 0.2470588 0.7529412 1 1 1 1 0.7529412 0.2470588 0.2470588 0.7529412 0.2470588 0.7529412 1 1 0.7529412 0.2470588 1 0.7529412 0.2470588 0.2470588 0.7529412 1 0.7529412 0.2470588 1 0.7529412 0.2470588 0.2470588 0.7529412 1 0.7529412 0.2470588 1 0.7529412 0.2470588 0.2470588 0.7529412 1 0.7529412 0.2470588 1 0.7529412 0.2470588 0.7529412 0.2470588 0.7529412 0.2470588 0.2470588 0.7529412 0.2470588 0.7529412 1 1 0.7529412 0.2470588 1 0.7529412 0.2470588 1 0.7529412 0.2470588 0.7529412 0.2470588 1 0.7529412 0.2470588 0.7529412 0.2470588 1 0.7529412 0.2470588 0.2470588 0.7529412 0.2470588 0.7529412 1 1 0.2470588 0.7529412 1 0.2470588 0.7529412 1 0.7529412 0.2470588 0.2470588 0.7529412 1 0.7529412 0.2470588 1 0.7529412 0.2470588 0.2470588 0.7529412 1 1 0.7529412 0.2470588 1 0.7529412 0.2470588 0.7529412 0.2470588 1 0.2470588 0.7529412 0.7529412 0.2470588 1 0.7529412 0.2470588 0.7529412 0.2470588 0.7529412 0.2470588 0.7529412 0.2470588 0.2470588 0.7529412 0.2470588 0.7529412 1 1 1 1 0.2470588 0.7529412 1 1 0.2470588 0.7529412 1 1 1 0.02352941 0.9764706 1 0.02352941 0.9764706 1 0.0980392 0.9019608 0.02352941 0.9764706 1 0.0980392 0.9019608 0.02352941 0.9764706 1 0.0980392 0.9019608 0.2 0.8 0.2470588 0.7529412 0.7529412 0.2470588 0.02352941 0.9764706 1 0.0980392 0.9019608 0.02352941 0.9764706 1 0.0980392 0.9019608 0.02352941 0.9764706 1 0.0980392 0.9019608 0.02352941 0.9764706 1 0.02352941 0.9764706 0.0980392 0.9019608 0.0980392 0.9019608 0.0980392 0.9019608 0.2470588 0.7529412 0.2470588 0.7529412 0.5019608 0.4980393 0.7529412 0.2470588 0.2470588 0.7529412 0.2470588 0.7529412 0.2470588 0.7529412 0.5019608 0.4980393 0.5019608 0.4980393 0.2 0.8 0.7529412 0.2470588 0.7529412 0.2470588 0.7529412 0.2470588 0.7529412 0.2470588 0.9019608 0.0980392 0.9019608 0.0980392 0.9019608 0.0980392 0.9019608 0.0980392 0.8509804 0.1490196 0.8509804 0.1490196 0.9058824 0.04705882 0.04705882 0.9058824 0.04705882 0.04705882 0.4 0.6 0.8784314 0.1215686 0.9058824 0.04705882 0.04705882 0.9294118 0.03529411 0.03529411 0.9176471 0.08235293 1 1 0.5843138 0.4156863 0.7529412 0.2470588 0.1254902 0.8745098 0.345098 0.654902 0.7411765 0.2588235 0.0980392 0.9019608 0.227451 0.772549 0.0980392 0.9019608 0.2235294 0.7764706 0.7568628 0.2431373 0.9333333 0.06666666 0.9019608 0.0980392 0.2470588 0.7529412 0.4470589 0.5529412 0.8 0.2 0.9019608 0.0980392 0.8 0.2 0.2 0.8 0.8 0.2 0.9019608 0.0980392 0.9019608 0.0980392 0.9019608 0.0980392 0.8509804 0.1490196 0.482353 0.5176471 0.7529412 0.2470588 0.9058824 0.04705882 0.04705882 0.9058824 0.04705882 0.04705882 0.7607843 0.2392157 0.9254902 0.07450979 0.9215686 0.03921568 0.03921568 1 0.9843137 0.01568627 1 1 1 1 1 0.9294118 0.03529411 0.03529411 0.9176471 0.08235293 0.9058824 0.04705882 0.04705882 0.7764706 0.2235294 0.8784314 0.1215686 0.9058824 0.04705882 0.04705882 0.5843138 0.4156863 0.8509804 0.1490196 0.9058824 0.04705882 0.04705882 0.345098 0.654902 0.8509804 0.1490196 0.9529412 0.04705882 0.7411765 0.2588235 0.9019608 0.0980392 0.7529412 0.2470588 0.3960785 0.6039216 0.2235294 0.7764706 0.7568628 0.2431373 0.1254902 0.8745098 0.9019608 0.0980392 0.0980392 0.9019608 0.2235294 0.7764706 0.9333333 0.06666666 0.0980392 0.9019608 0.4470589 0.5529412 0.9019608 0.0980392 0.9843137 0.01568627 1 1 0.2470588 0.7529412 1 1 1 0.9215686 0.03921568 0.03921568 0.7607843 0.2392157 0.9254902 0.07450979 0.9058824 0.04705882 0.04705882 0.482353 0.5176471 0.7529412 0.2470588 0.9058824 0.04705882 0.04705882 0.8509804 0.1490196 0.9019608 0.0980392 0.9529412 0.04705882 0.9019608 0.0980392 0.8 0.2 0.7529412 0.2470588 0.9019608 0.0980392 0.8 0.2 0.2 0.8 0.2470588 0.7529412 0.0980392 0.9019608 0.9019608 0.0980392 0.8 0.2 0.7529412 0.2470588 0.2 0.8 0.2 0.8 0.7529412 0.2470588 0.0980392 0.9019608 0.7529412 0.2470588 0.5019608 0.4980393 0.2470588 0.7529412 0.7529412 0.2470588 0.5019608 0.4980393 0.5019608 0.4980393 0.2470588 0.7529412 0.2470588 0.7529412 0.2470588 0.7529412 0.0980392 0.9019608 0.0980392 0.9019608 0.02352941 0.9764706 0.0980392 0.9019608 0.2470588 0.7529412 0.02352941 0.9764706 1 1 0.02352941 0.9764706 1 0.0980392 0.9019608 0.02352941 0.9764706 1 0.0980392 0.9019608 0.02352941 0.9764706 1 0.0980392 0.9019608 0.02352941 0.9764706 1 0.02352941 0.9764706 1 0.0980392 0.9019608 0.02352941 0.9764706 1 0.02352941 0.9764706 1 1 1 1 1 1 1 1 1 1 1 1 1 1 1 1 1 1 1 1 1 1 1 1 1 1 1 1 1 1 1 1 1 1 1 1 1 1 1 1 1 1 1 1 1 1 1 1 1 1 1 1 1 1 1 1 1 1 1 1 1 1 1 1 1 1 1 1 1 1 1 1 1 1 1 1 1 1 1 1 1 1 1 1 1 1 1 1 1 1 1 1 1 1 1 1 1 1 1 1 1 1 1 1 1 1 1 1 1 1 1 1 1 1 1 1 1 1 1 1 1 1 1 1 1 1 1 1 1 1 1 1 1 1 1 1 1 1 1 1 1 1 1 1 1 1 1 1 1 1 1 1 1 1 1 1 1 1 1 1 1 1 1 1 1 0.5529412 0.4470589 0.7607843 0.2392157 0.5529412 0.4470589 0.7764706 0.2235294 0.5529412 0.4470589 0.1215686 0.8784314 0.1098039 0.8901961 0.1098039 0.8901961 1 0.5529412 0.4470589 0.1215686 0.8784314 0.7411765 0.2588235 0.1607843 0.8392157 0.1607843 0.8392157 0.7764706 0.2235294 0.8 0.2 0.8 0.2 1 0.8 0.2 1 0.9058824 0.04705882 0.04705882 1 1 0.9058824 0.04705882 0.04705882 1 0.5529412 0.4470589 0.5529412 0.4470589 0.8039216 0.1960784 0.8039216 0.1960784 0.7529412 0.2470588 0.1411765 0.8588235 0.7529412 0.2470588 0.1411765 0.8588235 0.7411765 0.2588235 0.09411764 0.9058824 0.1019608 0.8980392 0.7411765 0.2588235 0.5529412 0.4470589 0.5529412 0.4470589 0.7647059 0.2352941 0.5529412 0.4470589 0.9333333 0.06666666 0.1058824 0.8941177 0.2941176 0.7058824 0.254902 0.7450981 0.0980392 0.9019608 0.9333333 0.06666666 0.7568628 0.2431373 0.2470588 0.7529412 0.7529412 0.2470588 0.7529412 0.2470588 0.8509804 0.1490196 0.9019608 0.0980392 0.5019608 0.4980393 0.9019608 0.0980392 0.5019608 0.4980393 0.5019608 0.4980393 0.7529412 0.2470588 0.7529412 0.2470588 0.7529412 0.2470588 1 1 1 1 0.5019608 0.4980393 0.5019608 0.4980393 0.2470588 0.7529412 0.5019608 0.4980393 0.5019608 0.4980393 0.5019608 0.4980393 0.5019608 0.4980393 0.5019608 0.4980393 0.5019608 0.4980393 0.5019608 0.4980393 0.5019608 0.4980393 0.5019608 0.4980393 0.2470588 0.7529412 0.5019608 0.4980393 0.5019608 0.4980393 0.5019608 0.4980393 0.5019608 0.4980393 0.5019608 0.4980393 0.5019608 0.4980393 0.5019608 0.4980393 1 1 1 1 1 1 1 1 1 1 1 1 1 1 1 1 1 1 1 1 1 0.5529412 0.4470589 0.4 0.5450981 0.05490195 0.5529412 0.4470589 0.5529412 0.4470589 0.4078431 0.5254902 0.06666666 0.3647059 0.5529412 0.08235293 0.2862745 0.5882353 0.1254902 0.2509804 0.6 0.1490196 0.2941176 0.5725491 0.1333333 0.3098039 0.5686275 0.1215686 0.2392157 0.5960785 0.1647059 0.2784314 0.5843138 0.1372549 0.1843137 0.6156863 0.2 0.0980392 0.654902 0.2470588 0.0980392 0.654902 0.2470588 0.1843137 0.6078432 0.2078431 0.1843137 0.6117647 0.2039216 0.0980392 0.654902 0.2470588 0.2470588 0.7529412 0.2470588 0.7529412 0.2470588 0.7529412 0.2470588 0.7529412 0.2470588 0.7529412 0.2470588 0.7529412 0.2470588 0.7529412 0.2470588 0.7529412 0.2470588 0.7529412 0.2470588 0.7529412 0.2470588 0.7529412 0.2470588 0.7529412 0.2470588 0.7529412 0.2470588 0.7529412 0.2470588 0.7529412 0.2470588 0.7529412 0.2470588 0.7529412 0.2470588 0.7529412 0.2470588 0.7529412 0.2470588 0.7529412 0.2470588 0.7529412 0.2470588 0.7529412 0.2470588 0.7529412 0.2470588 0.7529412 0.2470588 0.7529412 0.2470588 0.7529412 0.2470588 0.7529412 0.2470588 0.7529412 0.2470588 0.7529412 0.2470588 0.7529412 0.2470588 0.7529412 0.2470588 0.7529412 0.2470588 0.7529412 0.2470588 0.7529412 0.2470588 0.7529412 0.2470588 0.7529412 0.2470588 0.7529412 0.2470588 0.7529412 0.2470588 0.7529412 0.2470588 0.7529412 0.2470588 0.7529412 0.2470588 0.7529412 0.2470588 0.7529412 0.2470588 0.7529412 0.2470588 0.7529412 0.2470588 0.7529412 0.2470588 0.7529412 0.2470588 0.7529412 0.2470588 0.7529412 0.2470588 0.7529412 1 1 1 1 1 1 1 1 1 1 1 1 1 1 1 1 1 1 1 1 1 1 1 1 1 1 1 1 1 1 1 1 1 1 1 1 1 1 1 1 1 1 1 1 1 1 1 1 1 1 1 1 1 1 1 1 1 1 1 1 1 1 1 1 1 1 0.7529412 0.2470588 1 0.7529412 0.2470588 1 0.7529412 0.2470588 1 1 1 0.7529412 0.2470588 1 1 1 1 1 1 1 1 0.7529412 0.2470588 1 0.7529412 0.2470588 1 0.7529412 0.2470588 1 0.7529412 0.2470588 1 1 1 0.7529412 0.2470588 1 1 1 1 1 1 1 1 0.7529412 0.2470588 1 1 1 1 1 1 1 1 1 1 1 1 1 1 1 1 1 1 1 1 1 1 1 1 1 1 1 1 1 1 1 1 1 1 1 1 1 1 1 1 1 1 1 1 1 1 1 1 1 1 1 1 1 1 1 1 1 1 1 1 1 1 1 1 1 1 1 1 1 1 1 1 1 1 1 1 1 1 1 1 1 1 1 1 1 1 1 1 1 1 1 1 1 1 1 1 1 1 1 1 1 1 1 1 1 1 1 1 1 1 1 1 1 1 1 1 1 1 1 1 1 1 1 1 1 1 1 1 1 1 1 1 1 1 1 1 1 1 1 1 1</float_array>
          <technique_common>
            <accessor source="#Armature_SGN_avt-skin-weights-array" count="4003" stride="1">
              <param name="WEIGHT" type="float"/>
            </accessor>
          </technique_common>
        </source>
        <joints>
          <input semantic="JOINT" source="#Armature_SGN_avt-skin-joints"/>
          <input semantic="INV_BIND_MATRIX" source="#Armature_SGN_avt-skin-bind_poses"/>
        </joints>
        <vertex_weights count="2814">
          <input semantic="JOINT" source="#Armature_SGN_avt-skin-joints" offset="0"/>
          <input semantic="WEIGHT" source="#Armature_SGN_avt-skin-weights" offset="1"/>
          <vcount>1 1 1 1 1 1 1 1 1 3 3 3 1 1 1 1 1 1 1 1 1 1 1 1 1 1 1 1 1 1 1 1 1 1 1 1 1 1 1 1 1 1 1 1 1 1 1 1 1 1 1 1 1 1 1 1 1 1 1 1 1 1 1 1 1 1 1 1 1 1 1 1 1 1 1 1 1 1 1 1 1 1 1 1 1 1 1 1 1 1 1 1 1 1 1 1 1 1 1 1 1 1 1 1 1 1 1 1 1 1 1 1 1 1 1 1 1 1 1 1 1 1 1 1 1 1 1 1 1 1 1 1 1 1 1 1 1 1 1 1 1 1 1 1 3 3 3 3 3 3 2 2 3 2 3 2 3 2 3 2 3 2 3 2 1 1 1 1 1 1 1 1 1 1 1 1 1 1 1 1 1 1 1 1 1 1 1 1 1 1 1 1 1 1 1 1 1 1 1 1 1 1 1 1 1 1 1 1 1 1 1 1 1 1 1 1 1 1 1 1 1 1 1 1 1 1 1 1 1 1 1 1 1 1 1 1 1 1 1 1 1 1 1 1 1 1 1 1 1 1 1 1 1 1 1 1 1 1 1 1 1 1 1 1 1 1 1 1 1 1 1 1 1 1 1 1 1 1 1 1 1 1 1 1 1 1 1 1 1 1 1 1 1 1 1 1 1 1 1 1 1 1 1 1 1 1 1 1 1 1 1 1 1 1 1 1 1 1 1 1 1 1 1 1 1 1 1 1 1 1 1 1 1 1 1 1 1 1 1 1 1 1 1 1 1 1 1 1 1 1 1 1 1 1 1 1 1 1 1 1 1 1 1 1 1 1 1 1 1 1 1 1 1 1 1 1 1 1 1 1 1 1 1 1 1 1 1 1 1 1 1 1 1 1 1 1 1 1 1 1 1 1 1 1 1 1 1 3 3 3 3 3 2 2 3 1 1 1 1 1 1 2 1 1 1 1 1 1 1 1 1 1 1 1 1 1 1 1 1 1 1 1 1 1 1 1 1 1 1 1 1 1 1 1 1 1 1 1 1 1 1 1 1 1 1 1 1 1 1 1 1 1 1 1 1 1 1 1 1 1 1 1 1 1 1 1 1 1 1 1 1 1 1 1 1 1 1 1 1 1 1 1 1 1 1 1 1 1 1 1 1 1 1 1 1 1 1 1 1 1 1 1 1 1 1 1 1 1 1 1 1 1 1 1 1 1 1 1 1 1 1 1 1 1 1 1 1 1 1 1 1 1 1 1 1 1 1 1 1 1 1 1 1 1 1 1 1 1 1 1 1 1 1 1 1 1 1 1 1 1 1 1 1 1 1 1 1 1 1 1 1 1 1 1 1 1 1 1 1 1 1 1 1 1 1 1 1 1 1 1 1 1 1 1 1 1 1 1 1 1 1 1 1 1 1 1 1 1 1 1 1 1 1 1 1 1 2 3 4 4 3 3 3 3 1 1 3 3 2 4 4 4 4 1 1 1 3 4 3 3 3 1 1 1 1 3 3 3 3 4 4 3 2 1 1 4 4 4 4 3 3 3 1 1 1 1 1 1 1 1 1 1 1 1 1 1 1 1 1 1 1 1 1 1 1 1 1 2 1 2 1 2 1 2 1 2 1 2 2 1 2 1 2 1 2 1 2 2 1 2 1 2 1 2 1 2 1 2 2 1 2 1 2 1 2 1 2 2 4 2 3 2 2 1 2 2 1 1 2 2 3 2 3 2 3 2 2 2 2 3 2 2 2 3 2 2 3 2 3 2 2 3 2 2 2 2 2 2 2 2 2 2 2 2 2 2 3 2 2 4 2 1 1 1 1 1 1 1 1 1 1 1 1 1 1 1 1 1 1 1 1 1 1 1 1 1 1 1 1 1 1 1 1 1 1 1 1 1 1 1 1 1 1 1 1 1 1 1 1 1 1 1 1 1 1 1 1 1 1 1 1 1 1 1 1 1 1 1 1 1 1 1 1 1 1 1 1 1 1 1 1 1 1 1 1 1 1 1 1 1 1 1 1 1 1 1 1 1 1 1 1 1 1 1 1 1 1 1 1 1 1 1 1 1 1 1 1 1 1 1 1 1 1 1 1 1 1 1 1 1 1 1 1 1 1 2 2 3 3 2 3 2 3 2 3 2 3 2 3 2 2 2 3 3 2 4 3 4 4 4 1 1 4 4 2 3 3 3 3 1 1 2 2 2 2 2 2 4 1 1 4 1 4 1 3 1 3 4 1 1 4 3 3 2 2 2 2 2 2 2 2 2 3 3 2 3 2 2 2 2 2 2 2 2 2 2 2 2 2 2 2 2 2 2 2 2 2 2 2 3 2 2 2 3 2 2 2 2 1 1 1 2 1 2 1 2 1 1 1 1 1 1 1 1 1 1 1 1 1 1 1 1 1 1 1 1 1 1 1 1 1 1 1 1 1 1 1 1 1 1 1 1 1 1 1 1 1 1 1 1 1 1 1 1 1 1 1 1 1 1 1 1 1 1 1 1 1 1 1 1 1 1 1 1 1 1 1 1 1 1 1 1 1 1 1 1 1 1 1 1 1 1 1 2 2 2 2 2 2 3 2 3 3 2 2 3 2 2 3 2 2 2 3 2 2 3 2 3 2 2 2 2 2 2 1 1 1 1 1 1 2 2 4 2 2 2 1 2 1 2 2 2 2 2 3 2 3 3 2 2 2 2 2 2 2 2 2 2 2 2 2 2 2 2 1 1 1 1 1 1 1 1 1 1 2 2 1 1 1 2 1 1 2 2 2 2 2 2 2 2 2 2 2 2 2 2 2 2 2 1 1 1 1 1 1 1 1 1 1 2 2 1 1 1 2 1 1 2 2 2 2 2 2 2 2 2 2 2 2 2 2 2 2 2 1 2 1 2 2 1 2 1 2 1 2 2 2 1 1 2 1 1 2 2 2 2 2 2 2 2 2 2 2 2 2 2 2 2 2 1 2 1 2 2 1 2 1 2 1 2 2 2 1 1 2 1 1 2 2 2 1 2 1 2 1 1 2 1 1 2 1 1 1 1 1 1 1 1 2 2 1 1 2 1 1 2 1 1 2 1 1 1 1 1 1 1 1 1 1 1 1 1 1 1 1 1 1 1 1 1 1 1 1 1 1 1 1 1 1 1 1 1 1 1 1 1 1 1 1 1 1 1 1 1 1 1 1 1 1 1 1 1 1 1 1 1 1 1 1 1 1 1 1 1 1 1 1 1 1 1 1 1 1 1 1 1 1 1 1 1 1 1 1 1 1 1 1 1 1 1 1 1 1 1 1 1 1 1 1 1 1 1 1 1 1 1 1 1 1 1 1 1 1 1 3 3 3 3 3 3 3 3 4 4 4 4 4 4 1 1 1 1 1 3 3 1 3 3 3 4 3 4 3 4 3 3 3 3 1 1 1 1 1 1 1 1 1 1 1 1 1 1 1 1 1 1 1 1 1 1 1 1 1 1 1 1 1 1 1 1 1 1 1 1 1 1 1 1 1 1 1 2 2 2 2 2 2 2 2 2 2 2 2 2 2 2 2 2 2 2 2 1 1 1 1 1 1 1 1 1 1 1 1 1 1 1 1 1 1 1 1 1 1 1 1 1 1 1 1 1 1 1 1 1 1 1 1 1 1 1 1 1 1 1 1 1 1 1 1 1 1 1 1 1 1 1 1 1 1 1 1 1 1 1 1 1 1 1 1 1 1 1 1 1 1 1 1 1 1 1 1 1 1 1 1 1 1 1 1 1 1 1 1 1 1 1 1 1 1 1 1 1 1 1 1 1 1 1 1 1 1 1 1 1 1 1 1 1 1 1 1 1 1 1 1 1 1 1 1 1 1 1 1 1 1 1 1 1 1 1 1 1 1 1 1 1 1 1 1 2 2 2 1 2 2 2 2 3 2 3 2 1 2 1 2 1 1 1 2 1 2 2 3 1 2 2 2 2 2 2 2 2 2 2 2 2 2 2 2 2 2 2 1 3 2 1 2 1 2 1 1 1 2 2 2 2 2 2 2 2 2 2 2 2 2 2 2 2 2 2 2 2 2 2 2 2 2 2 2 2 2 2 2 2 2 2 2 2 2 2 1 1 1 2 2 2 2 2 2 2 2 2 2 2 2 2 2 2 2 2 2 2 2 2 2 2 2 2 2 2 2 2 2 2 2 2 1 1 1 1 2 2 2 2 1 2 1 1 1 1 1 2 1 2 2 2 2 2 2 2 2 2 2 2 2 1 1 1 1 2 2 2 2 2 2 2 2 2 2 2 2 2 2 2 2 2 2 2 2 2 4 2 4 2 2 2 2 2 2 2 1 2 1 1 2 1 1 1 1 1 2 1 2 2 2 2 2 2 2 2 2 2 2 2 1 1 1 1 1 2 1 2 1 2 2 1 2 2 2 1 1 1 2 2 1 1 2 1 2 1 1 1 1 2 2 2 1 1 2 1 2 2 1 2 1 2 2 1 2 1 2 2 1 2 1 2 2 2 2 2 1 1 2 1 2 1 2 2 1 2 2 1 2 2 2 1 1 2 1 2 1 2 2 1 2 1 2 2 1 1 2 1 2 2 1 2 2 1 2 2 2 2 2 2 1 1 1 1 2 1 1 2 1 1 1 2 1 2 1 2 2 1 2 2 1 2 2 2 2 2 1 2 2 1 2 2 1 2 2 1 2 2 2 2 2 2 2 2 2 2 2 2 2 2 2 2 2 2 2 2 2 2 2 2 3 3 2 2 3 3 2 1 1 2 2 2 2 2 2 2 2 2 2 2 2 2 2 2 2 2 2 2 2 2 2 2 2 2 3 3 2 2 3 1 2 1 1 1 1 1 3 2 3 2 2 3 2 2 3 2 2 2 2 2 2 2 2 2 2 2 2 2 2 2 2 2 2 1 1 2 1 1 1 3 2 2 3 2 2 3 2 2 2 2 2 2 2 2 2 2 2 2 2 2 2 2 2 2 2 2 2 2 2 2 2 2 2 2 2 2 2 2 2 1 1 2 1 2 2 1 2 2 1 2 2 1 2 1 2 2 1 2 1 1 1 1 1 1 1 1 1 1 1 1 1 1 1 1 1 1 1 1 1 1 1 1 1 1 1 1 1 1 1 1 1 1 1 1 1 1 1 1 1 1 1 1 1 1 1 1 1 1 1 1 1 1 1 1 1 1 1 1 1 1 1 1 1 1 1 1 1 1 1 1 1 1 1 1 1 1 1 1 1 1 1 1 1 1 1 1 1 1 1 1 1 1 1 1 1 1 1 1 1 1 1 1 1 1 1 1 1 1 1 1 1 1 1 1 1 1 1 1 1 1 1 1 1 1 1 1 1 1 1 1 1 1 1 1 1 1 1 1 1 1 1 1 1 1 1 1 1 1 1 1 1 1 1 1 1 1 1 1 1 1 1 1 1 2 2 2 2 2 2 2 2 1 2 2 2 2 2 2 2 2 1 2 1 3 1 1 3 1 2 2 2 2 2 2 2 2 2 2 2 2 2 2 2 2 2 2 2 2 2 2 2 2 2 2 2 2 2 2 2 2 2 2 2 1 1 1 1 2 2 2 2 2 2 2 2 2 2 2 2 2 2 2 2 2 2 2 2 1 1 1 1 1 1 1 1 1 1 1 1 1 1 1 1 1 1 1 1 1 2 3 2 2 3 3 3 3 3 3 3 3 3 3 3 3 3 3 2 2 2 2 2 2 2 2 2 2 2 2 2 2 2 2 2 2 2 2 2 2 2 2 2 2 2 2 2 2 2 2 2 2 2 2 2 2 2 2 2 2 2 2 2 2 2 2 2 2 1 1 1 1 1 1 1 1 1 1 1 1 1 1 1 1 1 1 1 1 1 1 1 1 1 1 1 1 1 1 1 1 1 1 1 1 1 1 1 1 1 1 1 1 1 1 1 1 1 1 1 1 1 1 1 1 1 1 1 1 1 1 1 1 1 1 2 1 2 1 2 1 1 1 2 1 1 1 1 1 1 1 1 2 1 2 1 2 1 2 1 1 1 2 1 1 1 1 1 1 1 1 2 1 1 1 1 1 1 1 1 1 1 1 1 1 1 1 1 1 1 1 1 1 1 1 1 1 1 1 1 1 1 1 1 1 1 1 1 1 1 1 1 1 1 1 1 1 1 1 1 1 1 1 1 1 1 1 1 1 1 1 1 1 1 1 1 1 1 1 1 1 1 1 1 1 1 1 1 1 1 1 1 1 1 1 1 1 1 1 1 1 1 1 1 1 1 1 1 1 1 1 1 1 1 1 1 1 1 1 1 1 1 1 1 1 1 1 1 1 1 1 1 1 1 1 1 1 1 1 1 1 1 1 1 1 1 1 1 1 1 1 1 1 </vcount>
          <v>12 0 12 1 12 2 12 3 12 4 12 5 12 6 12 7 12 8 2 9 9 10 10 11 2 12 9 13 10 14 2 15 9 16 10 17 12 18 12 19 12 20 12 21 12 22 12 23 12 24 12 25 12 26 12 27 12 28 12 29 12 30 12 31 12 32 12 33 12 34 12 35 12 36 12 37 12 38 12 39 12 40 12 41 12 42 12 43 12 44 12 45 12 46 12 47 12 48 12 49 12 50 12 51 12 52 12 53 12 54 12 55 12 56 12 57 12 58 12 59 12 60 12 61 12 62 12 63 12 64 12 65 12 66 12 67 12 68 12 69 12 70 12 71 12 72 12 73 12 74 12 75 12 76 12 77 12 78 12 79 12 80 12 81 12 82 12 83 12 84 12 85 12 86 12 87 12 88 12 89 12 90 12 91 12 92 12 93 12 94 12 95 12 96 12 97 12 98 12 99 12 100 12 101 12 102 12 103 12 104 12 105 12 106 12 107 12 108 12 109 12 110 12 111 12 112 12 113 12 114 12 115 12 116 12 117 12 118 12 119 12 120 12 121 12 122 12 123 12 124 12 125 12 126 12 127 12 128 12 129 12 130 12 131 12 132 12 133 12 134 12 135 12 136 12 137 12 138 12 139 12 140 12 141 12 142 12 143 12 144 12 145 12 146 12 147 12 148 12 149 2 150 9 151 10 152 2 153 9 154 10 155 2 156 9 157 10 158 2 159 9 160 10 161 2 162 9 163 10 164 2 165 9 166 10 167 2 168 9 169 2 170 9 171 2 172 9 173 10 174 2 175 9 176 2 177 9 178 10 179 2 180 9 181 2 182 9 183 10 184 2 185 9 186 2 187 9 188 10 189 2 190 9 191 2 192 9 193 10 194 2 195 9 196 2 197 9 198 10 199 2 200 9 201 12 202 12 203 12 204 12 205 12 206 12 207 12 208 12 209 12 210 12 211 12 212 12 213 12 214 12 215 12 216 12 217 12 218 12 219 12 220 12 221 12 222 12 223 12 224 12 225 12 226 12 227 12 228 12 229 12 230 12 231 12 232 12 233 12 234 12 235 12 236 12 237 12 238 12 239 12 240 12 241 12 242 12 243 12 244 12 245 12 246 12 247 12 248 12 249 12 250 12 251 12 252 12 253 12 254 12 255 12 256 12 257 12 258 12 259 12 260 12 261 12 262 12 263 12 264 12 265 12 266 12 267 12 268 12 269 12 270 12 271 12 272 12 273 12 274 12 275 12 276 12 277 12 278 12 279 12 280 12 281 12 282 12 283 12 284 12 285 12 286 12 287 12 288 12 289 12 290 12 291 12 292 12 293 12 294 12 295 12 296 12 297 12 298 12 299 12 300 12 301 12 302 12 303 12 304 12 305 12 306 12 307 12 308 12 309 12 310 12 311 12 312 12 313 12 314 12 315 12 316 12 317 12 318 12 319 12 320 12 321 12 322 12 323 12 324 12 325 12 326 12 327 12 328 12 329 12 330 12 331 12 332 12 333 12 334 12 335 12 336 12 337 12 338 12 339 12 340 12 341 12 342 12 343 12 344 12 345 12 346 12 347 12 348 12 349 12 350 12 351 12 352 12 353 12 354 12 355 12 356 12 357 12 358 12 359 12 360 12 361 12 362 12 363 12 364 12 365 12 366 12 367 12 368 12 369 12 370 12 371 12 372 12 373 12 374 12 375 12 376 12 377 12 378 12 379 12 380 12 381 12 382 12 383 12 384 12 385 12 386 12 387 12 388 12 389 12 390 12 391 12 392 12 393 12 394 12 395 12 396 12 397 12 398 12 399 12 400 12 401 12 402 12 403 12 404 12 405 12 406 12 407 12 408 12 409 12 410 12 411 12 412 12 413 12 414 12 415 12 416 12 417 12 418 12 419 12 420 12 421 12 422 12 423 12 424 12 425 12 426 12 427 12 428 12 429 12 430 12 431 12 432 12 433 12 434 12 435 12 436 12 437 12 438 12 439 12 440 12 441 12 442 12 443 12 444 2 445 9 446 10 447 2 448 9 449 10 450 2 451 9 452 10 453 2 454 9 455 10 456 2 457 9 458 10 459 2 460 9 461 2 462 9 463 2 464 9 465 10 466 12 467 12 468 12 469 12 470 10 471 10 472 9 473 10 474 10 475 12 476 12 477 12 478 12 479 12 480 12 481 12 482 12 483 12 484 12 485 12 486 12 487 12 488 12 489 12 490 12 491 12 492 12 493 12 494 12 495 12 496 12 497 12 498 12 499 12 500 12 501 12 502 12 503 12 504 12 505 12 506 12 507 12 508 12 509 12 510 12 511 12 512 12 513 12 514 12 515 12 516 12 517 12 518 12 519 12 520 12 521 12 522 12 523 12 524 12 525 12 526 12 527 12 528 12 529 12 530 12 531 12 532 12 533 12 534 12 535 12 536 12 537 12 538 12 539 12 540 12 541 12 542 12 543 12 544 12 545 12 546 12 547 12 548 12 549 12 550 12 551 12 552 12 553 12 554 12 555 12 556 12 557 12 558 12 559 12 560 12 561 12 562 12 563 12 564 12 565 12 566 12 567 12 568 12 569 12 570 12 571 12 572 12 573 12 574 12 575 12 576 12 577 12 578 12 579 12 580 12 581 12 582 12 583 12 584 12 585 12 586 12 587 12 588 12 589 12 590 12 591 12 592 12 593 12 594 12 595 12 596 12 597 12 598 12 599 12 600 12 601 12 602 12 603 12 604 12 605 12 606 12 607 12 608 12 609 12 610 12 611 12 612 12 613 12 614 12 615 12 616 12 617 12 618 12 619 12 620 12 621 12 622 12 623 12 624 12 625 12 626 12 627 12 628 12 629 12 630 12 631 12 632 12 633 12 634 12 635 12 636 12 637 12 638 12 639 12 640 12 641 12 642 12 643 12 644 12 645 12 646 12 647 12 648 12 649 12 650 12 651 12 652 12 653 12 654 12 655 12 656 12 657 12 658 12 659 12 660 12 661 12 662 12 663 12 664 12 665 12 666 12 667 12 668 12 669 12 670 12 671 12 672 12 673 12 674 12 675 12 676 12 677 12 678 12 679 12 680 12 681 12 682 12 683 12 684 12 685 12 686 12 687 12 688 2 689 9 690 2 691 9 692 10 693 2 694 9 695 10 696 24 697 2 698 9 699 10 700 24 701 2 702 9 703 24 704 2 705 9 706 24 707 2 708 9 709 24 710 2 711 9 712 24 713 24 714 24 715 2 716 9 717 10 718 2 719 9 720 10 721 2 722 9 723 2 724 9 725 10 726 24 727 2 728 9 729 10 730 24 731 2 732 9 733 10 734 24 735 2 736 9 737 10 738 24 739 24 740 24 741 24 742 2 743 9 744 24 745 2 746 9 747 10 748 24 749 2 750 9 751 24 752 2 753 9 754 24 755 2 756 9 757 24 758 24 759 24 760 24 761 24 762 2 763 9 764 24 765 2 766 9 767 24 768 2 769 9 770 24 771 2 772 9 773 24 774 2 775 9 776 10 777 24 778 2 779 9 780 10 781 24 782 2 783 9 784 10 785 2 786 9 787 24 788 24 789 2 790 9 791 10 792 24 793 2 794 9 795 10 796 24 797 2 798 9 799 10 800 24 801 2 802 9 803 10 804 24 805 2 806 9 807 10 808 2 809 9 810 10 811 2 812 9 813 10 814 12 815 12 816 12 817 12 818 12 819 12 820 12 821 12 822 12 823 12 824 12 825 12 826 12 827 12 828 12 829 12 830 12 831 12 832 12 833 12 834 12 835 12 836 12 837 12 838 12 839 2 840 23 841 2 842 2 843 23 844 2 845 2 846 23 847 2 848 2 849 23 850 2 851 2 852 23 853 2 854 2 855 23 856 2 857 23 858 2 859 2 860 23 861 2 862 2 863 23 864 2 865 2 866 23 867 2 868 2 869 23 870 2 871 23 872 2 873 2 874 23 875 2 876 2 877 23 878 2 879 2 880 23 881 2 882 2 883 23 884 2 885 2 886 23 887 2 888 23 889 2 890 2 891 23 892 2 893 2 894 23 895 2 896 2 897 23 898 2 899 2 900 23 901 10 902 19 903 10 904 14 905 19 906 20 907 10 908 19 909 10 910 19 911 20 912 10 913 19 914 10 915 19 916 10 917 10 918 19 919 10 920 19 921 10 922 10 923 9 924 10 925 9 926 10 927 2 928 9 929 10 930 9 931 10 932 2 933 9 934 10 935 9 936 10 937 2 938 9 939 10 940 9 941 10 942 9 943 10 944 9 945 10 946 9 947 10 948 2 949 9 950 10 951 9 952 10 953 9 954 10 955 9 956 10 957 2 958 9 959 10 960 9 961 10 962 9 963 10 964 2 965 9 966 10 967 9 968 10 969 9 970 10 971 19 972 9 973 10 974 9 975 10 976 2 977 9 978 10 979 9 980 10 981 9 982 10 983 9 984 10 985 9 986 10 987 9 988 10 989 10 990 19 991 10 992 19 993 10 994 19 995 10 996 19 997 10 998 19 999 19 1000 20 1001 19 1002 20 1003 19 1004 20 1005 19 1006 20 1007 10 1008 19 1009 20 1010 19 1011 20 1012 19 1013 20 1014 10 1015 14 1016 19 1017 20 1018 19 1019 20 1020 10 1021 10 1022 10 1023 10 1024 10 1025 10 1026 10 1027 10 1028 10 1029 10 1030 10 1031 10 1032 10 1033 10 1034 10 1035 10 1036 10 1037 10 1038 10 1039 10 1040 10 1041 10 1042 10 1043 10 1044 10 1045 10 1046 10 1047 10 1048 10 1049 10 1050 10 1051 10 1052 10 1053 10 1054 10 1055 10 1056 10 1057 10 1058 10 1059 10 1060 10 1061 10 1062 10 1063 10 1064 10 1065 10 1066 10 1067 10 1068 10 1069 10 1070 10 1071 10 1072 10 1073 10 1074 12 1075 12 1076 12 1077 12 1078 12 1079 12 1080 12 1081 12 1082 12 1083 12 1084 12 1085 12 1086 12 1087 12 1088 12 1089 12 1090 12 1091 12 1092 12 1093 12 1094 12 1095 12 1096 12 1097 12 1098 12 1099 12 1100 12 1101 12 1102 12 1103 12 1104 12 1105 12 1106 12 1107 12 1108 12 1109 12 1110 12 1111 12 1112 12 1113 12 1114 12 1115 12 1116 12 1117 12 1118 12 1119 12 1120 12 1121 12 1122 12 1123 12 1124 12 1125 12 1126 12 1127 12 1128 12 1129 12 1130 12 1131 12 1132 12 1133 12 1134 12 1135 12 1136 12 1137 12 1138 12 1139 12 1140 12 1141 12 1142 12 1143 12 1144 12 1145 12 1146 12 1147 12 1148 12 1149 12 1150 12 1151 12 1152 12 1153 12 1154 2 1155 9 1156 2 1157 9 1158 2 1159 9 1160 10 1161 2 1162 9 1163 10 1164 2 1165 9 1166 2 1167 9 1168 10 1169 2 1170 9 1171 2 1172 9 1173 10 1174 2 1175 9 1176 2 1177 9 1178 10 1179 2 1180 9 1181 2 1182 9 1183 10 1184 2 1185 9 1186 2 1187 9 1188 10 1189 2 1190 9 1191 2 1192 9 1193 2 1194 9 1195 2 1196 9 1197 10 1198 2 1199 9 1200 10 1201 2 1202 9 1203 2 1204 9 1205 10 1206 24 1207 2 1208 9 1209 10 1210 2 1211 9 1212 10 1213 24 1214 2 1215 9 1216 10 1217 24 1218 2 1219 9 1220 10 1221 24 1222 24 1223 24 1224 2 1225 9 1226 10 1227 24 1228 2 1229 9 1230 10 1231 24 1232 2 1233 9 1234 2 1235 9 1236 24 1237 2 1238 9 1239 24 1240 2 1241 9 1242 24 1243 2 1244 9 1245 24 1246 24 1247 24 1248 9 1249 10 1250 9 1251 10 1252 9 1253 10 1254 9 1255 10 1256 9 1257 10 1258 9 1259 10 1260 10 1261 14 1262 19 1263 20 1264 10 1265 10 1266 10 1267 14 1268 19 1269 20 1270 10 1271 10 1272 14 1273 19 1274 20 1275 10 1276 10 1277 19 1278 20 1279 10 1280 10 1281 19 1282 20 1283 10 1284 14 1285 19 1286 20 1287 10 1288 10 1289 10 1290 14 1291 19 1292 20 1293 10 1294 19 1295 20 1296 10 1297 19 1298 20 1299 10 1300 19 1301 10 1302 19 1303 10 1304 19 1305 10 1306 19 1307 10 1308 19 1309 10 1310 19 1311 10 1312 19 1313 10 1314 19 1315 10 1316 19 1317 9 1318 10 1319 19 1320 9 1321 10 1322 19 1323 9 1324 10 1325 9 1326 10 1327 19 1328 9 1329 10 1330 9 1331 10 1332 9 1333 10 1334 9 1335 10 1336 9 1337 10 1338 9 1339 10 1340 9 1341 10 1342 9 1343 10 1344 9 1345 10 1346 9 1347 10 1348 9 1349 10 1350 9 1351 10 1352 9 1353 10 1354 9 1355 10 1356 9 1357 10 1358 9 1359 10 1360 9 1361 10 1362 9 1363 10 1364 9 1365 10 1366 9 1367 10 1368 9 1369 10 1370 9 1371 10 1372 9 1373 10 1374 2 1375 9 1376 10 1377 9 1378 10 1379 9 1380 10 1381 9 1382 10 1383 2 1384 9 1385 10 1386 9 1387 10 1388 9 1389 10 1390 9 1391 10 1392 9 1393 10 1394 10 1395 10 1396 10 1397 9 1398 10 1399 10 1400 9 1401 10 1402 10 1403 9 1404 10 1405 12 1406 12 1407 12 1408 12 1409 12 1410 12 1411 12 1412 12 1413 12 1414 12 1415 12 1416 12 1417 12 1418 12 1419 12 1420 12 1421 12 1422 12 1423 12 1424 12 1425 12 1426 12 1427 12 1428 12 1429 12 1430 12 1431 12 1432 12 1433 12 1434 12 1435 12 1436 24 1437 24 1438 24 1439 24 1440 24 1441 24 1442 24 1443 24 1444 24 1445 24 1446 24 1447 24 1448 12 1449 12 1450 12 1451 12 1452 12 1453 12 1454 12 1455 12 1456 12 1457 12 1458 12 1459 12 1460 12 1461 12 1462 12 1463 12 1464 12 1465 12 1466 12 1467 12 1468 12 1469 12 1470 12 1471 12 1472 12 1473 12 1474 12 1475 12 1476 12 1477 12 1478 12 1479 12 1480 12 1481 12 1482 12 1483 12 1484 12 1485 12 1486 12 1487 12 1488 12 1489 12 1490 12 1491 12 1492 9 1493 10 1494 9 1495 10 1496 9 1497 10 1498 9 1499 10 1500 9 1501 10 1502 9 1503 10 1504 2 1505 9 1506 10 1507 9 1508 10 1509 2 1510 9 1511 10 1512 2 1513 9 1514 10 1515 9 1516 10 1517 9 1518 10 1519 2 1520 9 1521 10 1522 9 1523 10 1524 9 1525 10 1526 2 1527 9 1528 10 1529 9 1530 10 1531 10 1532 15 1533 9 1534 10 1535 2 1536 9 1537 10 1538 9 1539 10 1540 9 1541 10 1542 2 1543 9 1544 10 1545 9 1546 10 1547 2 1548 9 1549 10 1550 9 1551 10 1552 9 1553 10 1554 9 1555 10 1556 9 1557 10 1558 9 1559 10 1560 10 1561 19 1562 10 1563 10 1564 10 1565 10 1566 10 1567 10 1568 10 1569 19 1570 10 1571 19 1572 10 1573 14 1574 19 1575 20 1576 10 1577 19 1578 10 1579 11 1580 10 1581 11 1582 10 1583 10 1584 11 1585 10 1586 10 1587 15 1588 10 1589 15 1590 10 1591 15 1592 10 1593 15 1594 9 1595 10 1596 2 1597 9 1598 10 1599 9 1600 10 1601 2 1602 9 1603 10 1604 2 1605 9 1606 10 1607 9 1608 10 1609 15 1610 16 1611 15 1612 16 1613 15 1614 16 1615 15 1616 16 1617 15 1618 16 1619 15 1620 16 1621 15 1622 16 1623 15 1624 16 1625 15 1626 16 1627 15 1628 16 1629 15 1630 16 1631 15 1632 16 1633 15 1634 16 1635 15 1636 16 1637 15 1638 16 1639 16 1640 16 1641 17 1642 16 1643 17 1644 17 1645 16 1646 16 1647 17 1648 17 1649 17 1650 18 1651 17 1652 18 1653 17 1654 17 1655 17 1656 17 1657 18 1658 17 1659 17 1660 17 1661 18 1662 17 1663 18 1664 19 1665 20 1666 19 1667 20 1668 19 1669 20 1670 19 1671 20 1672 19 1673 20 1674 19 1675 20 1676 19 1677 20 1678 19 1679 20 1680 19 1681 20 1682 19 1683 20 1684 19 1685 20 1686 19 1687 20 1688 19 1689 20 1690 19 1691 20 1692 19 1693 20 1694 20 1695 20 1696 21 1697 20 1698 21 1699 21 1700 20 1701 20 1702 21 1703 21 1704 21 1705 22 1706 21 1707 22 1708 21 1709 21 1710 21 1711 21 1712 22 1713 21 1714 21 1715 21 1716 22 1717 21 1718 22 1719 19 1720 20 1721 19 1722 20 1723 19 1724 20 1725 19 1726 20 1727 19 1728 20 1729 19 1730 20 1731 19 1732 20 1733 19 1734 20 1735 19 1736 20 1737 19 1738 20 1739 19 1740 20 1741 19 1742 20 1743 19 1744 20 1745 19 1746 20 1747 19 1748 20 1749 20 1750 20 1751 21 1752 21 1753 20 1754 21 1755 20 1756 21 1757 21 1758 20 1759 21 1760 20 1761 20 1762 21 1763 21 1764 21 1765 22 1766 21 1767 22 1768 20 1769 21 1770 21 1771 21 1772 21 1773 22 1774 21 1775 21 1776 21 1777 22 1778 21 1779 22 1780 15 1781 16 1782 15 1783 16 1784 15 1785 16 1786 15 1787 16 1788 15 1789 16 1790 15 1791 16 1792 15 1793 16 1794 15 1795 16 1796 15 1797 16 1798 15 1799 16 1800 15 1801 16 1802 15 1803 16 1804 15 1805 16 1806 15 1807 16 1808 15 1809 16 1810 16 1811 16 1812 17 1813 17 1814 16 1815 17 1816 16 1817 17 1818 17 1819 16 1820 17 1821 16 1822 16 1823 17 1824 17 1825 17 1826 18 1827 17 1828 18 1829 16 1830 17 1831 17 1832 17 1833 17 1834 18 1835 17 1836 17 1837 17 1838 18 1839 17 1840 18 1841 21 1842 22 1843 22 1844 21 1845 22 1846 22 1847 21 1848 22 1849 22 1850 22 1851 21 1852 22 1853 22 1854 22 1855 21 1856 22 1857 22 1858 22 1859 22 1860 22 1861 22 1862 22 1863 22 1864 22 1865 17 1866 18 1867 17 1868 18 1869 18 1870 18 1871 17 1872 18 1873 18 1874 18 1875 17 1876 18 1877 18 1878 18 1879 17 1880 18 1881 18 1882 18 1883 18 1884 18 1885 18 1886 18 1887 18 1888 18 1889 12 1890 12 1891 12 1892 12 1893 12 1894 12 1895 12 1896 12 1897 12 1898 12 1899 12 1900 12 1901 12 1902 12 1903 12 1904 12 1905 12 1906 12 1907 12 1908 12 1909 12 1910 12 1911 12 1912 12 1913 12 1914 12 1915 12 1916 12 1917 12 1918 12 1919 12 1920 12 1921 12 1922 12 1923 12 1924 12 1925 12 1926 12 1927 12 1928 12 1929 12 1930 12 1931 12 1932 12 1933 12 1934 12 1935 12 1936 12 1937 12 1938 12 1939 12 1940 12 1941 12 1942 12 1943 12 1944 12 1945 12 1946 12 1947 12 1948 12 1949 12 1950 12 1951 12 1952 12 1953 12 1954 12 1955 12 1956 12 1957 12 1958 12 1959 12 1960 12 1961 12 1962 12 1963 12 1964 12 1965 12 1966 12 1967 12 1968 12 1969 12 1970 12 1971 12 1972 12 1973 12 1974 12 1975 12 1976 12 1977 12 1978 12 1979 12 1980 12 1981 12 1982 12 1983 12 1984 12 1985 12 1986 12 1987 12 1988 12 1989 12 1990 12 1991 12 1992 12 1993 12 1994 12 1995 12 1996 2 1997 9 1998 10 1999 2 2000 9 2001 10 2002 2 2003 9 2004 10 2005 2 2006 9 2007 10 2008 2 2009 9 2010 10 2011 2 2012 9 2013 10 2014 2 2015 9 2016 10 2017 2 2018 9 2019 10 2020 2 2021 9 2022 10 2023 24 2024 2 2025 9 2026 10 2027 24 2028 2 2029 9 2030 10 2031 24 2032 2 2033 9 2034 10 2035 24 2036 2 2037 9 2038 10 2039 24 2040 2 2041 9 2042 10 2043 24 2044 24 2045 24 2046 24 2047 24 2048 24 2049 2 2050 9 2051 24 2052 2 2053 9 2054 24 2055 24 2056 2 2057 9 2058 24 2059 2 2060 9 2061 24 2062 2 2063 9 2064 24 2065 2 2066 9 2067 10 2068 24 2069 2 2070 9 2071 24 2072 2 2073 9 2074 10 2075 24 2076 2 2077 9 2078 10 2079 2 2080 9 2081 10 2082 24 2083 2 2084 9 2085 10 2086 2 2087 9 2088 10 2089 2 2090 9 2091 10 2092 2 2093 9 2094 10 2095 12 2096 12 2097 12 2098 12 2099 12 2100 12 2101 12 2102 12 2103 12 2104 12 2105 12 2106 12 2107 12 2108 12 2109 12 2110 12 2111 12 2112 12 2113 12 2114 12 2115 12 2116 12 2117 12 2118 12 2119 12 2120 12 2121 12 2122 12 2123 12 2124 12 2125 12 2126 12 2127 12 2128 12 2129 12 2130 12 2131 12 2132 12 2133 12 2134 12 2135 12 2136 12 2137 12 2138 9 2139 10 2140 9 2141 10 2142 9 2143 10 2144 9 2145 10 2146 9 2147 10 2148 9 2149 10 2150 9 2151 10 2152 9 2153 10 2154 9 2155 10 2156 9 2157 10 2158 9 2159 10 2160 9 2161 10 2162 9 2163 10 2164 9 2165 10 2166 9 2167 10 2168 9 2169 10 2170 9 2171 10 2172 9 2173 10 2174 9 2175 10 2176 9 2177 10 2178 23 2179 23 2180 23 2181 23 2182 23 2183 23 2184 23 2185 23 2186 23 2187 23 2188 23 2189 23 2190 23 2191 23 2192 23 2193 23 2194 23 2195 23 2196 23 2197 23 2198 23 2199 23 2200 23 2201 23 2202 23 2203 23 2204 23 2205 23 2206 23 2207 23 2208 23 2209 23 2210 23 2211 23 2212 23 2213 23 2214 23 2215 23 2216 23 2217 23 2218 23 2219 23 2220 23 2221 23 2222 23 2223 23 2224 23 2225 23 2226 23 2227 23 2228 23 2229 23 2230 23 2231 23 2232 23 2233 23 2234 23 2235 23 2236 23 2237 23 2238 23 2239 23 2240 23 2241 23 2242 23 2243 23 2244 23 2245 23 2246 23 2247 23 2248 23 2249 23 2250 23 2251 23 2252 23 2253 23 2254 23 2255 23 2256 23 2257 23 2258 23 2259 23 2260 23 2261 23 2262 23 2263 23 2264 23 2265 23 2266 23 2267 23 2268 23 2269 23 2270 23 2271 23 2272 23 2273 23 2274 23 2275 23 2276 23 2277 23 2278 23 2279 23 2280 23 2281 23 2282 23 2283 23 2284 23 2285 23 2286 23 2287 23 2288 23 2289 23 2290 2 2291 2 2292 2 2293 2 2294 23 2295 2 2296 23 2297 23 2298 23 2299 23 2300 23 2301 23 2302 23 2303 23 2304 2 2305 2 2306 23 2307 23 2308 2 2309 2 2310 23 2311 23 2312 23 2313 23 2314 23 2315 23 2316 23 2317 23 2318 23 2319 23 2320 23 2321 23 2322 23 2323 23 2324 23 2325 23 2326 2 2327 9 2328 2 2329 3 2330 2 2331 9 2332 2 2333 2 2334 9 2335 2 2336 3 2337 2 2338 23 2339 2 2340 9 2341 2 2342 3 2343 23 2344 2 2345 3 2346 2 2347 3 2348 23 2349 2 2350 23 2351 23 2352 2 2353 23 2354 23 2355 2 2356 9 2357 23 2358 23 2359 2 2360 2 2361 9 2362 23 2363 2 2364 6 2365 2 2366 9 2367 2 2368 6 2369 23 2370 23 2371 2 2372 6 2373 2 2374 9 2375 2 2376 6 2377 2 2378 6 2379 2 2380 9 2381 2 2382 9 2383 2 2384 6 2385 2 2386 6 2387 2 2388 6 2389 2 2390 6 2391 2 2392 6 2393 2 2394 6 2395 2 2396 6 2397 2 2398 6 2399 2 2400 6 2401 2 2402 6 2403 2 2404 6 2405 2 2406 6 2407 2 2408 2 2409 6 2410 23 2411 2 2412 23 2413 2 2414 2 2415 23 2416 2 2417 2 2418 23 2419 23 2420 2 2421 2 2422 2 2423 3 2424 2 2425 3 2426 2 2427 3 2428 10 2429 15 2430 10 2431 15 2432 10 2433 15 2434 10 2435 15 2436 15 2437 16 2438 10 2439 15 2440 15 2441 16 2442 15 2443 16 2444 15 2445 16 2446 10 2447 15 2448 10 2449 15 2450 15 2451 16 2452 15 2453 16 2454 10 2455 15 2456 9 2457 10 2458 15 2459 16 2460 15 2461 16 2462 10 2463 15 2464 15 2465 16 2466 15 2467 16 2468 9 2469 10 2470 15 2471 16 2472 15 2473 16 2474 10 2475 15 2476 15 2477 16 2478 15 2479 16 2480 10 2481 15 2482 15 2483 16 2484 15 2485 16 2486 15 2487 16 2488 15 2489 16 2490 10 2491 15 2492 10 2493 15 2494 10 2495 15 2496 10 2497 15 2498 10 2499 10 2500 10 2501 9 2502 10 2503 10 2504 15 2505 10 2506 15 2507 9 2508 10 2509 9 2510 10 2511 9 2512 10 2513 9 2514 10 2515 9 2516 10 2517 9 2518 10 2519 9 2520 10 2521 9 2522 10 2523 9 2524 10 2525 9 2526 10 2527 9 2528 10 2529 9 2530 10 2531 9 2532 10 2533 9 2534 10 2535 9 2536 10 2537 9 2538 10 2539 9 2540 10 2541 9 2542 10 2543 10 2544 19 2545 10 2546 19 2547 10 2548 19 2549 10 2550 11 2551 10 2552 11 2553 10 2554 11 2555 10 2556 11 2557 10 2558 11 2559 10 2560 11 2561 11 2562 12 2563 11 2564 12 2565 11 2566 12 2567 12 2568 12 2569 12 2570 12 2571 9 2572 10 2573 9 2574 10 2575 9 2576 10 2577 9 2578 10 2579 10 2580 9 2581 10 2582 10 2583 10 2584 10 2585 10 2586 10 2587 10 2588 15 2589 10 2590 10 2591 11 2592 10 2593 11 2594 10 2595 15 2596 10 2597 15 2598 10 2599 11 2600 10 2601 11 2602 10 2603 11 2604 10 2605 11 2606 10 2607 11 2608 11 2609 12 2610 11 2611 12 2612 11 2613 12 2614 12 2615 12 2616 12 2617 12 2618 19 2619 20 2620 19 2621 20 2622 19 2623 20 2624 19 2625 20 2626 10 2627 19 2628 19 2629 20 2630 10 2631 19 2632 10 2633 19 2634 9 2635 10 2636 19 2637 20 2638 19 2639 20 2640 9 2641 10 2642 9 2643 10 2644 10 2645 19 2646 19 2647 20 2648 19 2649 20 2650 10 2651 19 2652 19 2653 20 2654 19 2655 20 2656 19 2657 20 2658 10 2659 19 2660 10 2661 14 2662 19 2663 20 2664 10 2665 19 2666 10 2667 14 2668 19 2669 20 2670 10 2671 19 2672 9 2673 10 2674 9 2675 10 2676 9 2677 10 2678 9 2679 10 2680 9 2681 10 2682 9 2683 10 2684 10 2685 9 2686 10 2687 10 2688 10 2689 9 2690 10 2691 10 2692 10 2693 10 2694 10 2695 10 2696 10 2697 19 2698 10 2699 10 2700 11 2701 10 2702 11 2703 10 2704 19 2705 10 2706 19 2707 10 2708 11 2709 10 2710 11 2711 10 2712 11 2713 10 2714 11 2715 10 2716 11 2717 11 2718 12 2719 11 2720 12 2721 11 2722 12 2723 12 2724 12 2725 12 2726 12 2727 4 2728 4 2729 5 2730 4 2731 4 2732 5 2733 4 2734 4 2735 5 2736 4 2737 5 2738 4 2739 4 2740 5 2741 4 2742 5 2743 4 2744 5 2745 4 2746 5 2747 5 2748 4 2749 5 2750 4 2751 5 2752 5 2753 5 2754 4 2755 5 2756 5 2757 4 2758 5 2759 5 2760 5 2761 5 2762 5 2763 4 2764 5 2765 4 2766 5 2767 4 2768 5 2769 5 2770 5 2771 4 2772 5 2773 4 2774 4 2775 5 2776 4 2777 5 2778 5 2779 4 2780 5 2781 4 2782 4 2783 5 2784 4 2785 5 2786 5 2787 4 2788 5 2789 4 2790 4 2791 5 2792 4 2793 5 2794 5 2795 4 2796 5 2797 4 2798 4 2799 5 2800 4 2801 5 2802 4 2803 5 2804 4 2805 5 2806 4 2807 5 2808 5 2809 7 2810 7 2811 8 2812 7 2813 7 2814 8 2815 7 2816 7 2817 8 2818 7 2819 8 2820 7 2821 7 2822 8 2823 7 2824 8 2825 7 2826 7 2827 8 2828 7 2829 8 2830 7 2831 8 2832 8 2833 8 2834 7 2835 8 2836 8 2837 7 2838 8 2839 8 2840 7 2841 8 2842 7 2843 8 2844 8 2845 7 2846 8 2847 7 2848 7 2849 8 2850 7 2851 8 2852 8 2853 8 2854 7 2855 8 2856 7 2857 7 2858 8 2859 7 2860 8 2861 7 2862 7 2863 8 2864 7 2865 8 2866 7 2867 7 2868 8 2869 7 2870 8 2871 7 2872 8 2873 7 2874 8 2875 7 2876 8 2877 7 2878 8 2879 8 2880 8 2881 8 2882 8 2883 7 2884 8 2885 8 2886 8 2887 7 2888 8 2889 8 2890 8 2891 4 2892 3 2893 4 2894 4 2895 3 2896 4 2897 4 2898 3 2899 4 2900 3 2901 4 2902 4 2903 3 2904 4 2905 3 2906 4 2907 4 2908 3 2909 4 2910 3 2911 4 2912 3 2913 4 2914 3 2915 4 2916 3 2917 4 2918 4 2919 3 2920 4 2921 3 2922 4 2923 4 2924 3 2925 4 2926 3 2927 4 2928 4 2929 3 2930 4 2931 3 2932 4 2933 4 2934 3 2935 4 2936 3 2937 4 2938 3 2939 4 2940 3 2941 4 2942 3 2943 4 2944 3 2945 4 2946 3 2947 4 2948 3 2949 4 2950 3 2951 4 2952 3 2953 4 2954 3 2955 4 2956 3 2957 4 2958 3 2959 4 2960 3 2961 4 2962 3 2963 4 2964 3 2965 4 2966 3 2967 4 2968 3 2969 4 2970 3 2971 4 2972 3 2973 4 2974 3 2975 4 2976 3 2977 4 2978 2 2979 3 2980 2 2981 3 2982 2 2983 3 2984 6 2985 2 2986 3 2987 6 2988 2 2989 3 2990 2 2991 3 2992 2 2993 3 2994 6 2995 2 2996 3 2997 6 2998 2 2999 3 3000 2 3001 2 3002 2 3003 3 3004 2 3005 3 3006 2 3007 3 3008 2 3009 3 3010 2 3011 3 3012 2 3013 3 3014 2 3015 3 3016 2 3017 3 3018 2 3019 3 3020 2 3021 3 3022 2 3023 3 3024 3 3025 4 3026 2 3027 3 3028 2 3029 3 3030 3 3031 4 3032 3 3033 4 3034 3 3035 4 3036 3 3037 4 3038 3 3039 4 3040 3 3041 4 3042 3 3043 4 3044 3 3045 4 3046 2 3047 3 3048 2 3049 3 3050 2 3051 3 3052 2 3053 3 3054 6 3055 2 3056 3 3057 6 3058 2 3059 3 3060 2 3061 3 3062 2 3063 3 3064 6 3065 2 3066 2 3067 3 3068 2 3069 2 3070 2 3071 2 3072 2 3073 2 3074 3 3075 6 3076 2 3077 6 3078 2 3079 3 3080 6 3081 2 3082 6 3083 2 3084 6 3085 2 3086 3 3087 6 3088 2 3089 6 3090 2 3091 6 3092 2 3093 3 3094 6 3095 2 3096 6 3097 2 3098 6 3099 6 3100 7 3101 2 3102 6 3103 6 3104 7 3105 6 3106 7 3107 2 3108 6 3109 2 3110 6 3111 2 3112 6 3113 2 3114 6 3115 6 3116 7 3117 2 3118 6 3119 2 3120 6 3121 2 3122 6 3123 2 3124 6 3125 2 3126 6 3127 6 3128 7 3129 2 3130 6 3131 2 3132 2 3133 2 3134 6 3135 2 3136 2 3137 2 3138 2 3139 3 3140 6 3141 2 3142 6 3143 2 3144 6 3145 2 3146 3 3147 6 3148 2 3149 6 3150 2 3151 6 3152 2 3153 3 3154 6 3155 2 3156 6 3157 6 3158 7 3159 6 3160 7 3161 6 3162 7 3163 6 3164 7 3165 6 3166 7 3167 6 3168 7 3169 6 3170 7 3171 6 3172 7 3173 6 3174 7 3175 6 3176 7 3177 6 3178 7 3179 6 3180 7 3181 6 3182 7 3183 6 3184 7 3185 6 3186 7 3187 6 3188 7 3189 6 3190 7 3191 6 3192 7 3193 6 3194 7 3195 6 3196 7 3197 6 3198 7 3199 6 3200 7 3201 6 3202 7 3203 6 3204 7 3205 6 3206 7 3207 6 3208 7 3209 6 3210 7 3211 6 3212 7 3213 6 3214 7 3215 6 3216 7 3217 6 3218 7 3219 6 3220 7 3221 7 3222 7 3223 6 3224 7 3225 7 3226 6 3227 7 3228 6 3229 7 3230 7 3231 6 3232 7 3233 6 3234 7 3235 7 3236 6 3237 7 3238 6 3239 7 3240 7 3241 6 3242 7 3243 7 3244 6 3245 7 3246 6 3247 7 3248 7 3249 6 3250 7 3251 7 3252 10 3253 10 3254 10 3255 10 3256 10 3257 10 3258 10 3259 10 3260 10 3261 10 3262 10 3263 10 3264 10 3265 10 3266 10 3267 10 3268 10 3269 10 3270 10 3271 10 3272 10 3273 10 3274 10 3275 10 3276 10 3277 10 3278 10 3279 10 3280 10 3281 10 3282 10 3283 10 3284 10 3285 10 3286 10 3287 10 3288 10 3289 10 3290 10 3291 10 3292 10 3293 10 3294 10 3295 10 3296 10 3297 10 3298 10 3299 10 3300 10 3301 10 3302 10 3303 10 3304 10 3305 10 3306 10 3307 10 3308 10 3309 10 3310 10 3311 10 3312 10 3313 10 3314 10 3315 10 3316 10 3317 10 3318 10 3319 10 3320 10 3321 10 3322 10 3323 10 3324 10 3325 10 3326 10 3327 10 3328 10 3329 10 3330 10 3331 10 3332 10 3333 10 3334 10 3335 10 3336 10 3337 10 3338 10 3339 10 3340 10 3341 10 3342 10 3343 10 3344 10 3345 10 3346 10 3347 10 3348 10 3349 10 3350 10 3351 10 3352 10 3353 10 3354 10 3355 10 3356 10 3357 10 3358 10 3359 10 3360 10 3361 10 3362 10 3363 10 3364 10 3365 10 3366 10 3367 10 3368 10 3369 10 3370 10 3371 10 3372 10 3373 12 3374 12 3375 12 3376 12 3377 12 3378 12 3379 12 3380 12 3381 12 3382 12 3383 12 3384 12 3385 12 3386 12 3387 12 3388 12 3389 12 3390 12 3391 12 3392 12 3393 12 3394 12 3395 12 3396 12 3397 12 3398 12 3399 12 3400 12 3401 12 3402 12 3403 12 3404 12 3405 12 3406 12 3407 12 3408 12 3409 12 3410 12 3411 12 3412 12 3413 12 3414 12 3415 12 3416 2 3417 9 3418 2 3419 6 3420 2 3421 9 3422 2 3423 6 3424 2 3425 9 3426 2 3427 6 3428 2 3429 6 3430 2 3431 6 3432 2 3433 2 3434 9 3435 2 3436 6 3437 2 3438 6 3439 2 3440 6 3441 2 3442 6 3443 2 3444 6 3445 2 3446 6 3447 2 3448 6 3449 2 3450 2 3451 6 3452 2 3453 2 3454 3 3455 6 3456 2 3457 2 3458 2 3459 3 3460 6 3461 2 3462 2 3463 9 3464 2 3465 9 3466 2 3467 3 3468 2 3469 3 3470 2 3471 3 3472 2 3473 3 3474 2 3475 3 3476 2 3477 3 3478 2 3479 3 3480 2 3481 3 3482 2 3483 3 3484 2 3485 3 3486 2 3487 9 3488 2 3489 9 3490 2 3491 3 3492 2 3493 9 3494 2 3495 3 3496 2 3497 3 3498 2 3499 3 3500 2 3501 3 3502 2 3503 3 3504 2 3505 3 3506 2 3507 3 3508 10 3509 15 3510 10 3511 15 3512 10 3513 15 3514 10 3515 11 3516 10 3517 11 3518 10 3519 11 3520 10 3521 11 3522 10 3523 11 3524 10 3525 11 3526 11 3527 12 3528 11 3529 12 3530 11 3531 12 3532 12 3533 12 3534 12 3535 12 3536 19 3537 20 3538 19 3539 20 3540 19 3541 20 3542 19 3543 20 3544 19 3545 20 3546 19 3547 20 3548 19 3549 20 3550 19 3551 20 3552 19 3553 20 3554 19 3555 20 3556 15 3557 16 3558 15 3559 16 3560 15 3561 16 3562 15 3563 16 3564 15 3565 16 3566 15 3567 16 3568 15 3569 16 3570 15 3571 16 3572 15 3573 16 3574 15 3575 16 3576 10 3577 10 3578 10 3579 10 3580 10 3581 10 3582 10 3583 10 3584 10 3585 10 3586 10 3587 10 3588 10 3589 10 3590 10 3591 10 3592 10 3593 10 3594 10 3595 10 3596 10 3597 2 3598 9 3599 2 3600 9 3601 10 3602 2 3603 9 3604 2 3605 9 3606 2 3607 9 3608 10 3609 2 3610 9 3611 10 3612 2 3613 9 3614 10 3615 2 3616 9 3617 10 3618 2 3619 9 3620 10 3621 2 3622 9 3623 10 3624 2 3625 9 3626 10 3627 2 3628 9 3629 10 3630 2 3631 9 3632 10 3633 2 3634 9 3635 10 3636 2 3637 9 3638 10 3639 2 3640 9 3641 10 3642 2 3643 9 3644 10 3645 2 3646 9 3647 10 3648 9 3649 10 3650 9 3651 10 3652 9 3653 10 3654 9 3655 10 3656 9 3657 10 3658 9 3659 10 3660 9 3661 10 3662 9 3663 10 3664 9 3665 10 3666 9 3667 10 3668 9 3669 10 3670 9 3671 10 3672 9 3673 10 3674 9 3675 10 3676 9 3677 10 3678 9 3679 10 3680 9 3681 10 3682 9 3683 10 3684 9 3685 10 3686 9 3687 10 3688 9 3689 10 3690 9 3691 10 3692 9 3693 10 3694 9 3695 10 3696 9 3697 10 3698 9 3699 10 3700 9 3701 10 3702 9 3703 10 3704 9 3705 10 3706 9 3707 10 3708 9 3709 10 3710 9 3711 10 3712 9 3713 10 3714 9 3715 10 3716 9 3717 10 3718 9 3719 10 3720 9 3721 10 3722 9 3723 10 3724 9 3725 10 3726 9 3727 10 3728 9 3729 10 3730 9 3731 10 3732 9 3733 10 3734 9 3735 10 3736 9 3737 10 3738 9 3739 10 3740 9 3741 10 3742 9 3743 10 3744 9 3745 10 3746 9 3747 10 3748 12 3749 12 3750 12 3751 12 3752 12 3753 12 3754 12 3755 12 3756 12 3757 12 3758 5 3759 5 3760 5 3761 5 3762 5 3763 5 3764 5 3765 5 3766 5 3767 5 3768 5 3769 5 3770 5 3771 5 3772 8 3773 8 3774 8 3775 8 3776 8 3777 8 3778 8 3779 8 3780 8 3781 8 3782 8 3783 8 3784 8 3785 8 3786 12 3787 12 3788 12 3789 12 3790 12 3791 12 3792 12 3793 12 3794 12 3795 12 3796 12 3797 12 3798 12 3799 12 3800 12 3801 12 3802 12 3803 12 3804 12 3805 12 3806 12 3807 12 3808 12 3809 12 3810 12 3811 12 3812 12 3813 22 3814 21 3815 22 3816 22 3817 21 3818 22 3819 22 3820 21 3821 22 3822 22 3823 22 3824 22 3825 21 3826 22 3827 22 3828 22 3829 22 3830 22 3831 22 3832 22 3833 22 3834 22 3835 21 3836 22 3837 18 3838 17 3839 18 3840 18 3841 17 3842 18 3843 18 3844 17 3845 18 3846 18 3847 18 3848 18 3849 17 3850 18 3851 18 3852 18 3853 18 3854 18 3855 18 3856 18 3857 18 3858 18 3859 17 3860 18 3861 23 3862 23 3863 23 3864 23 3865 23 3866 23 3867 23 3868 23 3869 23 3870 12 3871 12 3872 12 3873 12 3874 12 3875 12 3876 12 3877 12 3878 12 3879 12 3880 12 3881 12 3882 12 3883 12 3884 12 3885 12 3886 12 3887 12 3888 12 3889 12 3890 12 3891 12 3892 12 3893 12 3894 12 3895 12 3896 12 3897 12 3898 12 3899 12 3900 12 3901 12 3902 12 3903 12 3904 12 3905 12 3906 12 3907 12 3908 12 3909 12 3910 12 3911 12 3912 12 3913 12 3914 12 3915 12 3916 12 3917 12 3918 12 3919 12 3920 12 3921 12 3922 12 3923 12 3924 12 3925 12 3926 12 3927 12 3928 12 3929 12 3930 12 3931 12 3932 12 3933 12 3934 12 3935 12 3936 12 3937 12 3938 12 3939 12 3940 12 3941 12 3942 12 3943 12 3944 12 3945 12 3946 12 3947 12 3948 12 3949 12 3950 12 3951 12 3952 12 3953 12 3954 12 3955 12 3956 12 3957 12 3958 12 3959 12 3960 12 3961 12 3962 12 3963 12 3964 12 3965 12 3966 12 3967 12 3968 12 3969 12 3970 12 3971 12 3972 12 3973 12 3974 12 3975 12 3976 12 3977 12 3978 12 3979 12 3980 12 3981 12 3982 12 3983 12 3984 12 3985 12 3986 12 3987 12 3988 12 3989 12 3990 12 3991 12 3992 12 3993 12 3994 12 3995 12 3996 12 3997 12 3998 12 3999 12 4000 12 4001 12 4002</v>
        </vertex_weights>
      </skin>
    </controller>
  </library_controllers>
  <library_visual_scenes>
    <visual_scene id="Scene" name="Scene">
      <node id="Armature" name="Armature" type="NODE">
        <matrix sid="transform">0.0254 0 0 0 0 -4.13819e-9 -0.0254 0 0 0.0254 -4.13819e-9 0 0 0 0 1</matrix>
        <node id="Armature_G_root" name="G_root" sid="G_root" type="JOINT">
          <matrix sid="transform">1 0 0 0 0 1 3.57628e-7 0 0 -3.57628e-7 1 0 0 0 0 1</matrix>
          <node id="Armature_G_base" name="G_base" sid="G_base" type="JOINT">
            <matrix sid="transform">1 0 0 0 0 1 0 1 0 0 1 1.78814e-7 0 0 0 1</matrix>
            <node id="Armature_G_pelvis" name="G_pelvis" sid="G_pelvis" type="JOINT">
              <matrix sid="transform">1 0 0 -7.10543e-14 0 1 5.68434e-14 24 0 -5.68434e-14 1 4.29153e-6 0 0 0 1</matrix>
              <node id="Armature_G_thigh_L" name="G_thigh_L" sid="G_thigh_L" type="JOINT">
                <matrix sid="transform">1 0 0 5 0 1 -2.84217e-14 -1.90735e-6 0 0 1 -4.54747e-13 0 0 0 1</matrix>
                <node id="Armature_G_calf_L" name="G_calf_L" sid="G_calf_L" type="JOINT">
                  <matrix sid="transform">1 2.98023e-8 -1.77635e-15 -4.76837e-7 -1.49012e-8 1 0 -11.5 0 -2.84217e-14 1 -2.05636e-6 0 0 0 1</matrix>
                  <node id="Armature_G_foot_L" name="G_foot_L" sid="G_foot_L" type="JOINT">
                    <matrix sid="transform">1 7.45058e-8 1.06581e-14 -9.53674e-7 -4.47035e-8 1 5.68434e-14 -11.23001 0 0 1 -2.00808e-6 0 0 0 1</matrix>
                    <extra>
                      <technique profile="blender">
                        <layer sid="layer" type="string">0</layer>
                        <tip_x sid="tip_x" type="float">0</tip_x>
                        <tip_y sid="tip_y" type="float">11.23001</tip_y>
                        <tip_z sid="tip_z" type="float">-4.01617e-6</tip_z>
                      </technique>
                    </extra>
                  </node>
                  <extra>
                    <technique profile="blender">
                      <layer sid="layer" type="string">0</layer>
                      <tip_x sid="tip_x" type="float">0</tip_x>
                      <tip_y sid="tip_y" type="float">11.23001</tip_y>
                      <tip_z sid="tip_z" type="float">-4.01616e-6</tip_z>
                    </technique>
                  </extra>
                </node>
                <extra>
                  <technique profile="blender">
                    <layer sid="layer" type="string">0</layer>
                    <tip_x sid="tip_x" type="float">0</tip_x>
                    <tip_y sid="tip_y" type="float">11.5</tip_y>
                    <tip_z sid="tip_z" type="float">-4.11272e-6</tip_z>
                  </technique>
                </extra>
              </node>
              <node id="Armature_G_thigh_R" name="G_thigh_R" sid="G_thigh_R" type="JOINT">
                <matrix sid="transform">1 0 0 -5 0 1 -2.84217e-14 -1.90735e-6 0 0 1 -4.54747e-13 0 0 0 1</matrix>
                <node id="Armature_G_calf_R" name="G_calf_R" sid="G_calf_R" type="JOINT">
                  <matrix sid="transform">1 -2.98023e-8 1.77635e-15 4.76837e-7 1.49012e-8 1 0 -11.5 0 -2.84217e-14 1 -2.05636e-6 0 0 0 1</matrix>
                  <node id="Armature_G_foot_R" name="G_foot_R" sid="G_foot_R" type="JOINT">
                    <matrix sid="transform">1 -7.45058e-8 -1.06581e-14 9.53674e-7 4.47035e-8 1 5.68434e-14 -11.23001 0 0 1 -2.00808e-6 0 0 0 1</matrix>
                    <extra>
                      <technique profile="blender">
                        <layer sid="layer" type="string">0</layer>
                        <tip_x sid="tip_x" type="float">0</tip_x>
                        <tip_y sid="tip_y" type="float">11.23001</tip_y>
                        <tip_z sid="tip_z" type="float">-4.01617e-6</tip_z>
                      </technique>
                    </extra>
                  </node>
                  <extra>
                    <technique profile="blender">
                      <layer sid="layer" type="string">0</layer>
                      <tip_x sid="tip_x" type="float">0</tip_x>
                      <tip_y sid="tip_y" type="float">11.23001</tip_y>
                      <tip_z sid="tip_z" type="float">-4.01616e-6</tip_z>
                    </technique>
                  </extra>
                </node>
                <extra>
                  <technique profile="blender">
                    <layer sid="layer" type="string">0</layer>
                    <tip_x sid="tip_x" type="float">0</tip_x>
                    <tip_y sid="tip_y" type="float">11.5</tip_y>
                    <tip_z sid="tip_z" type="float">-4.11272e-6</tip_z>
                  </technique>
                </extra>
              </node>
              <node id="Armature_G_waist" name="G_waist" sid="G_waist" type="JOINT">
                <matrix sid="transform">1 0 0 0 0 1 5.68434e-14 7.499996 0 -8.52651e-14 1 1.3411e-6 0 0 0 1</matrix>
                <node id="Armature_G_chest" name="G_chest" sid="G_chest" type="JOINT">
                  <matrix sid="transform">1 0 0 0 0 0.9999999 -8.52651e-14 7.500004 0 8.52651e-14 1 1.34111e-6 0 0 0 1</matrix>
                  <node id="Armature_G_neck" name="G_neck" sid="G_neck" type="JOINT">
                    <matrix sid="transform">1 0 0 0 0 0.9999999 0 7 0 0 1 1.2517e-6 0 0 0 1</matrix>
                    <node id="Armature_G_head" name="G_head" sid="G_head" type="JOINT">
                      <matrix sid="transform">1 0 0 0 0 1 -1.13687e-13 8.000008 0 1.13687e-13 1 1.43051e-6 0 0 0 1</matrix>
                      <node id="Armature_G_head_scl" name="G_head_scl" sid="G_head_scl" type="JOINT">
                        <matrix sid="transform">1 0 0 0 0 1 2.84217e-14 -2.500008 0 0 1 -1 0 0 0 1</matrix>
                        <node id="Armature_G_hair" name="G_hair" sid="G_hair" type="JOINT">
                          <matrix sid="transform">1 0 0 0 0 1 2.84217e-14 18.21421 0 0 1 -3.674032 0 0 0 1</matrix>
                          <extra>
                            <technique profile="blender">
                              <layer sid="layer" type="string">0</layer>
                              <tip_x sid="tip_x" type="float">0</tip_x>
                              <tip_y sid="tip_y" type="float">18.58106</tip_y>
                              <tip_z sid="tip_z" type="float">-6.67572e-6</tip_z>
                            </technique>
                          </extra>
                        </node>
                        <extra>
                          <technique profile="blender">
                            <layer sid="layer" type="string">0</layer>
                            <tip_x sid="tip_x" type="float">0</tip_x>
                            <tip_y sid="tip_y" type="float">18.58107</tip_y>
                            <tip_z sid="tip_z" type="float">-6.67572e-6</tip_z>
                          </technique>
                        </extra>
                      </node>
                      <extra>
                        <technique profile="blender">
                          <layer sid="layer" type="string">0</layer>
                          <tip_x sid="tip_x" type="float">0</tip_x>
                          <tip_y sid="tip_y" type="float">2.692589</tip_y>
                          <tip_z sid="tip_z" type="float">-9.62945e-7</tip_z>
                        </technique>
                      </extra>
                    </node>
                    <extra>
                      <technique profile="blender">
                        <layer sid="layer" type="string">0</layer>
                        <tip_x sid="tip_x" type="float">0</tip_x>
                        <tip_y sid="tip_y" type="float">8.000008</tip_y>
                        <tip_z sid="tip_z" type="float">-2.86103e-6</tip_z>
                      </technique>
                    </extra>
                  </node>
                  <node id="Armature_G_back_parts1_" name="G_back_parts1_" sid="G_back_parts1_" type="JOINT">
                    <matrix sid="transform">1 0 0 0 0 0.7071068 0.7071067 7.5 0 -0.7071068 0.7071068 -10 0 0 0 1</matrix>
                    <node id="Armature_G_back_parts2_" name="G_back_parts2_" sid="G_back_parts2_" type="JOINT">
                      <matrix sid="transform">1 0 0 0 0 1 -1.49012e-7 0 0 1.19209e-7 1 -20 0 0 0 1</matrix>
                      <extra>
                        <technique profile="blender">
                          <layer sid="layer" type="string">0</layer>
                          <tip_x sid="tip_x" type="float">0</tip_x>
                          <tip_y sid="tip_y" type="float">14.14213</tip_y>
                          <tip_z sid="tip_z" type="float">-14.14214</tip_z>
                        </technique>
                      </extra>
                    </node>
                    <extra>
                      <technique profile="blender">
                        <layer sid="layer" type="string">0</layer>
                        <tip_x sid="tip_x" type="float">0</tip_x>
                        <tip_y sid="tip_y" type="float">14.14213</tip_y>
                        <tip_z sid="tip_z" type="float">-14.14214</tip_z>
                      </technique>
                    </extra>
                  </node>
                  <node id="Armature_G_clavicle_L" name="G_clavicle_L" sid="G_clavicle_L" type="JOINT">
                    <matrix sid="transform">1 0 0 4 0 0.9999999 0 4.5 0 0 1 8.04665e-7 0 0 0 1</matrix>
                    <node id="Armature_G_uparm_L" name="G_uparm_L" sid="G_uparm_L" type="JOINT">
                      <matrix sid="transform">1 0 0 6.5 0 1 5.68434e-14 0 0 -2.84217e-14 1 9.09495e-13 0 0 0 1</matrix>
                      <node id="Armature_G_lowarm_L" name="G_lowarm_L" sid="G_lowarm_L" type="JOINT">
                        <matrix sid="transform">1 1.49012e-8 -1.77635e-15 6.5 0 1 2.84217e-14 0 0 0 1 -9.09495e-13 0 0 0 1</matrix>
                        <node id="Armature_G_hand_L" name="G_hand_L" sid="G_hand_L" type="JOINT">
                          <matrix sid="transform">1 2.98023e-8 1.06581e-14 9.500008 1.65775e-7 1 2.84217e-14 7.62939e-6 2.9643e-14 0 1 9.09495e-13 0 0 0 1</matrix>
                          <extra>
                            <technique profile="blender">
                              <layer sid="layer" type="string">0</layer>
                              <tip_x sid="tip_x" type="float">0</tip_x>
                              <tip_y sid="tip_y" type="float">9.500004</tip_y>
                              <tip_z sid="tip_z" type="float">-3.39747e-6</tip_z>
                            </technique>
                          </extra>
                        </node>
                        <extra>
                          <technique profile="blender">
                            <layer sid="layer" type="string">0</layer>
                            <tip_x sid="tip_x" type="float">0</tip_x>
                            <tip_y sid="tip_y" type="float">9.500004</tip_y>
                            <tip_z sid="tip_z" type="float">-3.39747e-6</tip_z>
                          </technique>
                        </extra>
                      </node>
                      <extra>
                        <technique profile="blender">
                          <layer sid="layer" type="string">0</layer>
                          <tip_x sid="tip_x" type="float">0</tip_x>
                          <tip_y sid="tip_y" type="float">6.5</tip_y>
                          <tip_z sid="tip_z" type="float">-2.32458e-6</tip_z>
                        </technique>
                      </extra>
                    </node>
                    <node id="Armature_G_shoulder_parts_L" name="G_shoulder_parts_L" sid="G_shoulder_parts_L" type="JOINT">
                      <matrix sid="transform">0.9396927 -0.34202 4.81218e-8 3 0.34202 0.9396928 -2.84612e-7 2 5.21232e-8 2.83906e-7 1 3.57629e-7 0 0 0 1</matrix>
                      <extra>
                        <technique profile="blender">
                          <layer sid="layer" type="string">0</layer>
                          <roll sid="roll" type="float">0</roll>
                          <tip_x sid="tip_x" type="float">-1.728151</tip_x>
                          <tip_y sid="tip_y" type="float">4.748058</tip_y>
                          <tip_z sid="tip_z" type="float">-2.63523e-7</tip_z>
                        </technique>
                      </extra>
                    </node>
                    <extra>
                      <technique profile="blender">
                        <layer sid="layer" type="string">0</layer>
                        <tip_x sid="tip_x" type="float">0</tip_x>
                        <tip_y sid="tip_y" type="float">5.052776</tip_y>
                        <tip_z sid="tip_z" type="float">-1.80701e-6</tip_z>
                      </technique>
                    </extra>
                  </node>
                  <node id="Armature_G_clavicle_R" name="G_clavicle_R" sid="G_clavicle_R" type="JOINT">
                    <matrix sid="transform">1 0 0 -4 0 0.9999999 0 4.5 0 0 1 8.04665e-7 0 0 0 1</matrix>
                    <node id="Armature_G_uparm_R" name="G_uparm_R" sid="G_uparm_R" type="JOINT">
                      <matrix sid="transform">1 0 0 -6.5 0 1 5.68434e-14 0 0 -2.84217e-14 1 9.09495e-13 0 0 0 1</matrix>
                      <node id="Armature_G_lowarm_R" name="G_lowarm_R" sid="G_lowarm_R" type="JOINT">
                        <matrix sid="transform">1 -1.49012e-8 1.77635e-15 -6.5 0 1 2.84217e-14 0 0 0 1 -9.09495e-13 0 0 0 1</matrix>
                        <node id="Armature_G_hand_R" name="G_hand_R" sid="G_hand_R" type="JOINT">
                          <matrix sid="transform">1 -2.98023e-8 -1.06581e-14 -9.500008 -1.65775e-7 1 2.84217e-14 7.62939e-6 -2.9643e-14 0 1 9.09495e-13 0 0 0 1</matrix>
                          <extra>
                            <technique profile="blender">
                              <layer sid="layer" type="string">0</layer>
                              <tip_x sid="tip_x" type="float">0</tip_x>
                              <tip_y sid="tip_y" type="float">9.500004</tip_y>
                              <tip_z sid="tip_z" type="float">-3.39747e-6</tip_z>
                            </technique>
                          </extra>
                        </node>
                        <extra>
                          <technique profile="blender">
                            <layer sid="layer" type="string">0</layer>
                            <tip_x sid="tip_x" type="float">0</tip_x>
                            <tip_y sid="tip_y" type="float">9.500004</tip_y>
                            <tip_z sid="tip_z" type="float">-3.39747e-6</tip_z>
                          </technique>
                        </extra>
                      </node>
                      <extra>
                        <technique profile="blender">
                          <layer sid="layer" type="string">0</layer>
                          <tip_x sid="tip_x" type="float">0</tip_x>
                          <tip_y sid="tip_y" type="float">6.5</tip_y>
                          <tip_z sid="tip_z" type="float">-2.32458e-6</tip_z>
                        </technique>
                      </extra>
                    </node>
                    <node id="Armature_G_shoulder_parts_R" name="G_shoulder_parts_R" sid="G_shoulder_parts_R" type="JOINT">
                      <matrix sid="transform">0.9396927 0.3420198 2.54895e-8 -3 -0.3420198 0.9396928 -3.7087e-7 2 -1.50797e-7 3.39786e-7 1 3.57629e-7 0 0 0 1</matrix>
                      <extra>
                        <technique profile="blender">
                          <layer sid="layer" type="string">0</layer>
                          <roll sid="roll" type="float">0</roll>
                          <tip_x sid="tip_x" type="float">1.72815</tip_x>
                          <tip_y sid="tip_y" type="float">4.748058</tip_y>
                          <tip_z sid="tip_z" type="float">0</tip_z>
                        </technique>
                      </extra>
                    </node>
                    <extra>
                      <technique profile="blender">
                        <layer sid="layer" type="string">0</layer>
                        <tip_x sid="tip_x" type="float">0</tip_x>
                        <tip_y sid="tip_y" type="float">5.052776</tip_y>
                        <tip_z sid="tip_z" type="float">-1.80701e-6</tip_z>
                      </technique>
                    </extra>
                  </node>
                  <extra>
                    <technique profile="blender">
                      <layer sid="layer" type="string">0</layer>
                      <tip_x sid="tip_x" type="float">0</tip_x>
                      <tip_y sid="tip_y" type="float">7.885399</tip_y>
                      <tip_z sid="tip_z" type="float">-2.82004e-6</tip_z>
                    </technique>
                  </extra>
                </node>
                <extra>
                  <technique profile="blender">
                    <layer sid="layer" type="string">0</layer>
                    <tip_x sid="tip_x" type="float">0</tip_x>
                    <tip_y sid="tip_y" type="float">7.500004</tip_y>
                    <tip_z sid="tip_z" type="float">-2.68221e-6</tip_z>
                  </technique>
                </extra>
              </node>
              <node id="Armature_G_tail" name="G_tail" sid="G_tail" type="JOINT">
                <matrix sid="transform">1 0 0 0 0 1 -5.66649e-8 1.999998 0 5.66649e-8 1 -7 0 0 0 1</matrix>
                <extra>
                  <technique profile="blender">
                    <layer sid="layer" type="string">0</layer>
                    <tip_x sid="tip_x" type="float">0</tip_x>
                    <tip_y sid="tip_y" type="float">8.41504</tip_y>
                    <tip_z sid="tip_z" type="float">-2.86102e-6</tip_z>
                  </technique>
                </extra>
              </node>
              <node id="Armature_G_waist_parts_F" name="G_waist_parts_F" sid="G_waist_parts_F" type="JOINT">
                <matrix sid="transform">1 0 0 0 0 1 -2.84217e-14 4.999996 0 0 1 8.999999 0 0 0 1</matrix>
                <extra>
                  <technique profile="blender">
                    <layer sid="layer" type="string">0</layer>
                    <tip_x sid="tip_x" type="float">0</tip_x>
                    <tip_y sid="tip_y" type="float">8.41504</tip_y>
                    <tip_z sid="tip_z" type="float">-2.86102e-6</tip_z>
                  </technique>
                </extra>
              </node>
              <node id="Armature_G_waist_parts_L" name="G_waist_parts_L" sid="G_waist_parts_L" type="JOINT">
                <matrix sid="transform">1 0 0 10 0 1 -2.84217e-14 4.999998 0 0 1 0.500001 0 0 0 1</matrix>
                <extra>
                  <technique profile="blender">
                    <layer sid="layer" type="string">0</layer>
                    <tip_x sid="tip_x" type="float">0</tip_x>
                    <tip_y sid="tip_y" type="float">8.415038</tip_y>
                    <tip_z sid="tip_z" type="float">-3.01003e-6</tip_z>
                  </technique>
                </extra>
              </node>
              <node id="Armature_G_waist_parts_R" name="G_waist_parts_R" sid="G_waist_parts_R" type="JOINT">
                <matrix sid="transform">1 0 0 -10 0 1 -2.84217e-14 4.999998 0 0 1 0.500001 0 0 0 1</matrix>
                <extra>
                  <technique profile="blender">
                    <layer sid="layer" type="string">0</layer>
                    <tip_x sid="tip_x" type="float">0</tip_x>
                    <tip_y sid="tip_y" type="float">8.415038</tip_y>
                    <tip_z sid="tip_z" type="float">-3.01003e-6</tip_z>
                  </technique>
                </extra>
              </node>
              <node id="Armature_G_waist_parts_B" name="G_waist_parts_B" sid="G_waist_parts_B" type="JOINT">
                <matrix sid="transform">1 0 0 0 0 1 -2.84217e-14 5 0 0 1 -8.500001 0 0 0 1</matrix>
                <extra>
                  <technique profile="blender">
                    <layer sid="layer" type="string">0</layer>
                    <tip_x sid="tip_x" type="float">0</tip_x>
                    <tip_y sid="tip_y" type="float">8.41504</tip_y>
                    <tip_z sid="tip_z" type="float">-2.86102e-6</tip_z>
                  </technique>
                </extra>
              </node>
              <extra>
                <technique profile="blender">
                  <layer sid="layer" type="string">0</layer>
                  <tip_x sid="tip_x" type="float">0</tip_x>
                  <tip_y sid="tip_y" type="float">8.415038</tip_y>
                  <tip_z sid="tip_z" type="float">-3.00945e-6</tip_z>
                </technique>
              </extra>
            </node>
            <extra>
              <technique profile="blender">
                <layer sid="layer" type="string">0</layer>
                <tip_x sid="tip_x" type="float">0</tip_x>
                <tip_y sid="tip_y" type="float">24</tip_y>
                <tip_z sid="tip_z" type="float">-8.58307e-6</tip_z>
              </technique>
            </extra>
          </node>
          <extra>
            <technique profile="blender">
              <layer sid="layer" type="string">0</layer>
              <tip_x sid="tip_x" type="float">0</tip_x>
              <tip_y sid="tip_y" type="float">1</tip_y>
              <tip_z sid="tip_z" type="float">-3.57628e-7</tip_z>
            </technique>
          </extra>
        </node>
      </node>
      <node id="SGN_avt" name="SGN_avt" type="NODE">
        <translate sid="location">0 0 0</translate>
        <rotate sid="rotationZ">0 0 1 0</rotate>
        <rotate sid="rotationY">0 1 0 0</rotate>
        <rotate sid="rotationX">1 0 0 0</rotate>
        <scale sid="scale">1 1 1</scale>
        <instance_controller url="#Armature_SGN_avt-skin">
          <skeleton>#Armature_G_root</skeleton>
          <bind_material>
            <technique_common>
              <instance_material symbol="SGN_avt_base_png-material" target="#SGN_avt_base_png-material">
                <bind_vertex_input semantic="UVChannel_1" input_semantic="TEXCOORD" input_set="0"/>
              </instance_material>
            </technique_common>
          </bind_material>
        </instance_controller>
      </node>
    </visual_scene>
  </library_visual_scenes>
  <scene>
    <instance_visual_scene url="#Scene"/>
  </scene>
</COLLADA>